Battery,FromToID,cycle_number,cycle_start,duration_months,short_cycle,model,qi,Di,b,r_squared,low_confidence,low_confidence_reason
Mahihkan Battery 02-21,ABWI100010306604W402,1,2024-04-01,5,True,exponential,4.459999976533997,1.810948599772554e-13,0.0,-4.551914400963142e-14,True,short cycle (<6mo); low R2 (-0.00)
Mahihkan Battery 02-21,ABWI100010306604W402,2,2024-09-01,4,True,exponential,52.72500000000001,1.482307095729197e-16,0.0,-2.220446049250313e-16,True,short cycle (<6mo); low R2 (-0.00)
Mahihkan Battery 02-21,ABWI100010306604W402,3,2025-01-01,15,False,hyperbolic,204.90848069266173,0.3615597407204488,1.999999999999996,0.8382990381418406,True,b pinned at bound (2.000)
Mahihkan Battery 02-21,ABWI100010306604W402,4,2026-04-01,3,True,,,,,,True,too few data points to fit
Mahihkan Battery 02-21,ABWI100010806604W400,1,2022-11-01,6,False,harmonic,981.4513685790577,0.1638857706358578,1.0,0.6434158504283536,False,
Mahihkan Battery 02-21,ABWI100010806604W400,2,2023-05-01,8,False,harmonic,794.6077193436472,0.5986209511289127,1.0,0.0022227504145270194,True,low R2 (0.00)
Mahihkan Battery 02-21,ABWI100010806604W400,3,2024-01-01,9,False,exponential,403.9888893359089,3.9600881986820276e-17,0.0,1.1102230246251565e-16,True,low R2 (0.00)
Mahihkan Battery 02-21,ABWI100010806604W400,4,2024-10-01,4,True,harmonic,1065.2780062532065,0.20808935299381595,1.0,0.3157335119069947,True,short cycle (<6mo); low R2 (0.32)
Mahihkan Battery 02-21,ABWI100010806604W400,5,2025-02-01,8,False,exponential,896.5374999999999,1.1152431906279764e-23,0.0,0.0,True,low R2 (0.00)
Mahihkan Battery 02-21,ABWI100010806604W400,6,2025-10-01,9,False,exponential,1600.8193568060203,0.11522476614016247,0.0,0.6676072446108434,False,
Mahihkan Battery 02-21,ABWI100010906604W400,1,2022-06-01,8,False,harmonic,1054.0199285868907,0.11954892747392219,1.0,0.11686514013477967,True,low R2 (0.12)
Mahihkan Battery 02-21,ABWI100010906604W400,2,2023-02-01,15,False,harmonic,1493.3385264271171,0.53762781203167,1.0,0.539542473622993,False,
Mahihkan Battery 02-21,ABWI100010906604W400,3,2024-05-01,8,False,harmonic,790.6617269189529,0.3398052303116479,1.0,0.7199495644000591,False,
Mahihkan Battery 02-21,ABWI100010906604W400,4,2025-01-01,14,False,harmonic,576.4702849553902,0.16224677085559122,1.0,0.4545684555584457,True,low R2 (0.45)
Mahihkan Battery 02-21,ABWI100010906604W400,5,2026-03-01,4,True,harmonic,835.8999618469651,1.5716446585663193,1.0,0.9793188987353983,True,short cycle (<6mo)
Mahihkan Battery 02-21,ABWI100012106604W400,1,2023-10-01,7,False,harmonic,115.02486385320003,0.046143225225006704,1.0,0.02858894803661527,True,low R2 (0.03)
Mahihkan Battery 02-21,ABWI100012106604W400,2,2024-05-01,5,True,harmonic,197.4678681919054,0.8642238271114145,1.0,0.16027848979048887,True,short cycle (<6mo); low R2 (0.16)
Mahihkan Battery 02-21,ABWI100012106604W400,3,2024-10-01,5,True,exponential,206.52380654366206,0.1943460259364786,0.0,0.9116013677284659,True,short cycle (<6mo)
Mahihkan Battery 02-21,ABWI100012106604W400,4,2025-03-01,5,True,exponential,139.95146745269065,0.36724900114770437,0.0,0.8062400594802345,True,short cycle (<6mo)
Mahihkan Battery 02-21,ABWI100012106604W400,5,2025-08-01,9,False,exponential,80.25183405442435,0.06439501067404384,0.0,0.22592439574376422,True,low R2 (0.23)
Mahihkan Battery 02-21,ABWI100012106604W400,6,2026-05-01,2,True,,,,,,True,too few data points to fit
Mahihkan Battery 02-21,ABWI100012206504W400,1,2024-01-01,14,False,harmonic,411.03185729070884,0.07688164424279988,1.0,0.6075618714737976,False,
Mahihkan Battery 02-21,ABWI100012206504W400,2,2025-03-01,16,False,harmonic,353.0936508088522,0.034072258381808114,1.0,0.7890322514434907,False,
Mahihkan Battery 02-21,ABWI100013406504W400,1,2022-05-01,6,False,exponential,214.11666666666667,2.8773701517936406e-27,0.0,0.0,True,low R2 (0.00)
Mahihkan Battery 02-21,ABWI100013406504W400,2,2022-11-01,11,False,harmonic,459.4719017226576,0.1417295858203604,1.0,0.549353903126315,False,
Mahihkan Battery 02-21,ABWI100013406504W400,3,2023-10-01,33,False,harmonic,282.63925548806856,0.0029799972410262483,1.0,0.00955065786726339,True,low R2 (0.01)
Mahihkan Battery 02-21,ABWI100020306604W400,1,2023-07-01,6,False,exponential,123.87499984549703,4.639404528280231e-17,0.0,-4.440892098500626e-16,True,low R2 (-0.00)
Mahihkan Battery 02-21,ABWI100020306604W400,2,2024-01-01,5,True,exponential,231.28260475789395,0.58692937342508,0.0,0.8726739759584609,True,short cycle (<6mo)
Mahihkan Battery 02-21,ABWI100020306604W400,3,2024-06-01,4,True,harmonic,41.34490954451181,0.2941596322091298,1.0,0.5202542083263866,True,short cycle (<6mo)
Mahihkan Battery 02-21,ABWI100020306604W400,4,2024-10-01,6,False,exponential,35.58333333333335,1.446788405611231e-16,0.0,0.0,True,low R2 (0.00)
Mahihkan Battery 02-21,ABWI100020306604W400,5,2025-04-01,6,False,exponential,102.47776335189916,0.2544369402140309,0.0,0.8333955182246857,False,
Mahihkan Battery 02-21,ABWI100020306604W400,6,2025-10-01,5,True,harmonic,41.82730824177265,2.2152771918531036,1.0,0.34618474208013794,True,short cycle (<6mo); low R2 (0.35); very high Di (2.22/month)
Mahihkan Battery 02-21,ABWI100020306604W400,7,2026-03-01,4,True,,,,,,True,too few data points to fit
Mahihkan Battery 02-21,ABWI100020906604W400,1,2022-10-01,11,False,harmonic,383.9056344985427,0.19192712979035648,1.0,0.6306671942289996,False,
Mahihkan Battery 02-21,ABWI100020906604W400,2,2023-09-01,5,True,harmonic,440.3929974825532,0.18397339680474675,1.0,0.38219566718030606,True,short cycle (<6mo); low R2 (0.38)
Mahihkan Battery 02-21,ABWI100020906604W400,3,2024-02-01,24,False,hyperbolic,1206.0997971507556,7.3144666722823946,1.9999999999999793,0.8505557692289393,True,very high Di (7.31/month); b pinned at bound (2.000)
Mahihkan Battery 02-21,ABWI100020906604W400,4,2026-02-01,5,True,harmonic,456.0824532061732,0.51193436466607,1.0,0.9133187037208422,True,short cycle (<6mo)
Mahihkan Battery 02-21,ABWI100021506504W400,1,2022-12-01,8,False,exponential,190.81763369700735,0.10664533121776835,0.0,0.5022478458115038,False,
Mahihkan Battery 02-21,ABWI100021506504W400,2,2023-08-01,9,False,harmonic,138.48811155142545,0.07233833697479908,1.0,0.2725403855515198,True,low R2 (0.27)
Mahihkan Battery 02-21,ABWI100021506504W400,3,2024-05-01,26,False,harmonic,123.70354879824012,0.06808516857114834,1.0,0.4779504242937942,True,low R2 (0.48)
Mahihkan Battery 02-21,ABWI100021506604W400,1,2024-01-01,7,False,harmonic,825.2067168800013,0.030724900472704167,1.0,0.031182026358098303,True,low R2 (0.03)
Mahihkan Battery 02-21,ABWI100021506604W400,2,2024-08-01,23,False,exponential,1604.1990333283488,0.0451377101414637,0.0,0.7523894269192752,False,
Mahihkan Battery 02-21,ABWI100022006604W400,1,2022-09-01,13,False,exponential,462.0666666666667,1.08158178062721e-18,0.0,0.0,True,low R2 (0.00)
Mahihkan Battery 02-21,ABWI100022006604W400,2,2023-10-01,10,False,harmonic,883.6491639908415,0.2629272099606715,1.0,0.8068242644697434,False,
Mahihkan Battery 02-21,ABWI100022006604W400,3,2024-08-01,5,True,harmonic,540.328526302413,0.21209735649335926,1.0,0.2416426255171943,True,short cycle (<6mo); low R2 (0.24)
Mahihkan Battery 02-21,ABWI100022006604W400,4,2025-01-01,9,False,harmonic,516.8489712504634,0.1308424278428339,1.0,0.37413652910445716,True,low R2 (0.37)
Mahihkan Battery 02-21,ABWI100022006604W400,5,2025-10-01,9,False,exponential,683.1528167223927,0.17626079169816655,0.0,0.8946501288103811,False,
Mahihkan Battery 02-21,ABWI100022206504W400,1,2022-10-01,16,False,harmonic,126.41966483235392,0.000946745626551463,1.0,0.00010287897559724257,True,low R2 (0.00)
Mahihkan Battery 02-21,ABWI100022206504W400,2,2024-02-01,29,False,harmonic,152.44254533430046,0.01293114363917259,1.0,0.1154046089962214,True,low R2 (0.12)
Mahihkan Battery 02-21,ABWI100022906604W400,1,2024-11-01,4,True,harmonic,239.10274225402839,0.3868715595911324,1.0,0.16635274648380505,True,short cycle (<6mo); low R2 (0.17)
Mahihkan Battery 02-21,ABWI100022906604W400,2,2025-03-01,6,False,exponential,451.2888705306749,0.43295764698779543,0.0,0.8875682221854092,False,
Mahihkan Battery 02-21,ABWI100022906604W400,3,2025-09-01,7,False,exponential,344.0714285714286,2.3288456609956158e-23,0.0,2.220446049250313e-16,True,low R2 (0.00)
Mahihkan Battery 02-21,ABWI100022906604W400,4,2026-04-01,3,True,,,,,,True,too few data points to fit
Mahihkan Battery 02-21,ABWI100023206504W400,1,2023-05-01,38,False,exponential,196.94473684210527,2.1378234266698456e-22,0.0,3.3306690738754696e-16,True,low R2 (0.00)
Mahihkan Battery 02-21,ABWI100023406504W400,1,2022-06-01,6,False,exponential,151.86666666666667,7.218251029386633e-24,0.0,-2.220446049250313e-16,True,low R2 (-0.00)
Mahihkan Battery 02-21,ABWI100023406504W400,2,2022-12-01,27,False,exponential,132.03333333333333,2.966953696012808e-20,0.0,0.0,True,low R2 (0.00)
Mahihkan Battery 02-21,ABWI100023406504W400,3,2025-03-01,9,False,harmonic,205.78917063012614,0.1314228736280643,1.0,0.5457193802182443,False,
Mahihkan Battery 02-21,ABWI100023406504W400,4,2025-12-01,7,False,harmonic,191.5060143841125,0.014562768302110033,1.0,0.011444218740971013,True,low R2 (0.01)
Mahihkan Battery 02-21,ABWI100023506504W400,1,2022-12-01,15,False,harmonic,153.67074192077786,0.005196686154744702,1.0,0.0018404157972148338,True,low R2 (0.00)
Mahihkan Battery 02-21,ABWI100023506504W400,2,2024-03-01,13,False,exponential,231.74287372998904,0.1528719263656416,0.0,0.8056075788935005,False,
Mahihkan Battery 02-21,ABWI100023506504W400,3,2025-04-01,7,False,harmonic,156.44930324336482,1.8822581756031918,1.0,0.9810238096776356,False,
Mahihkan Battery 02-21,ABWI100023506504W400,4,2025-11-01,8,False,exponential,162.9,2.192078645074363e-18,0.0,0.0,True,low R2 (0.00)
Mahihkan Battery 02-21,ABWI100031506504W400,1,2022-05-01,8,False,harmonic,28.712499908816255,6.743534603180832e-15,1.0,-3.597122599785507e-14,True,low R2 (-0.00)
Mahihkan Battery 02-21,ABWI100031506504W400,2,2023-01-01,6,False,harmonic,103.40753651086852,0.42885357541664515,1.0,0.7062683887032853,False,
Mahihkan Battery 02-21,ABWI100031506504W400,3,2023-07-01,8,False,harmonic,100.53379435809941,0.027038530063956092,1.0,0.11877175161820008,True,low R2 (0.12)
Mahihkan Battery 02-21,ABWI100031506504W400,4,2024-03-01,9,False,exponential,137.6059002980466,0.3748992293999339,0.0,0.870065122010315,False,
Mahihkan Battery 02-21,ABWI100031506504W400,5,2024-12-01,4,True,exponential,27.79221419901063,0.17641566345802986,0.0,0.6142747214957962,True,short cycle (<6mo)
Mahihkan Battery 02-21,ABWI100031506504W400,6,2025-04-01,10,False,hyperbolic,39.29949518454792,96.43676498399148,1.9999999999999998,0.9879371883297053,True,very high Di (96.44/month); b pinned at bound (2.000)
Mahihkan Battery 02-21,ABWI100032206504W400,1,2022-08-01,14,False,exponential,67.90479580307431,0.06230293776216089,0.0,0.7806946842065936,False,
Mahihkan Battery 02-21,ABWI100032206504W400,2,2023-10-01,10,False,exponential,33.870000000052244,3.736614927232468e-18,0.0,0.0,True,low R2 (0.00)
Mahihkan Battery 02-21,ABWI100032206504W400,3,2024-08-01,7,False,harmonic,51.143501785524954,0.8301157695869846,1.0,0.3561695067437841,True,low R2 (0.36)
Mahihkan Battery 02-21,ABWI100032206504W400,4,2025-03-01,8,False,harmonic,39.42369387461954,0.1352086982763782,1.0,0.47283471366879637,True,low R2 (0.47)
Mahihkan Battery 02-21,ABWI100032206504W400,5,2025-11-01,8,False,harmonic,36.86250000135555,2.514411981017149e-16,1.0,-2.220446049250313e-16,True,low R2 (-0.00)
Mahihkan Battery 02-21,ABWI100032306504W400,1,2022-10-01,8,False,exponential,253.18750003651587,1.0693177123151744e-15,0.0,-1.2656542480726785e-14,True,low R2 (-0.00)
Mahihkan Battery 02-21,ABWI100032306504W400,2,2023-06-01,5,True,exponential,351.889626501574,0.4757671625749495,0.0,0.6737524946269655,True,short cycle (<6mo)
Mahihkan Battery 02-21,ABWI100032306504W400,3,2023-11-01,7,False,harmonic,222.58937802612306,0.044636805879282065,1.0,0.26253177294383423,True,low R2 (0.26)
Mahihkan Battery 02-21,ABWI100032306504W400,4,2024-06-01,12,False,exponential,206.93333359837942,1.0592100464893537e-20,0.0,1.1102230246251565e-16,True,low R2 (0.00)
Mahihkan Battery 02-21,ABWI100032306504W400,5,2025-06-01,13,False,harmonic,564.5230412723653,0.022624056600244975,1.0,0.1909245669437799,True,low R2 (0.19)
Mahihkan Battery 02-21,ABWI100032806504W400,1,2023-04-01,4,True,harmonic,35.862295228781974,0.030293947754337795,1.0,0.00325147865521469,True,short cycle (<6mo); low R2 (0.00)
Mahihkan Battery 02-21,ABWI100032806504W400,2,2023-08-01,16,False,harmonic,48.586690983364335,0.1299469397179166,1.0,0.3677081680132339,True,low R2 (0.37)
Mahihkan Battery 02-21,ABWI100032806504W400,3,2024-12-01,6,False,exponential,45.88333333333333,1.9090933203552215e-19,0.0,0.0,True,low R2 (0.00)
Mahihkan Battery 02-21,ABWI100032806504W400,4,2025-06-01,8,False,exponential,144.82628102454294,0.474856245023145,0.0,0.8999358246948631,False,
Mahihkan Battery 02-21,ABWI100032806504W400,5,2026-02-01,5,True,exponential,40.90000000030862,8.962359558549119e-18,0.0,0.0,True,short cycle (<6mo); low R2 (0.00)
Mahihkan Battery 02-21,ABWI100032806604W400,1,2022-08-01,11,False,exponential,69.76363636363637,7.303212098296796e-22,0.0,0.0,True,low R2 (0.00)
Mahihkan Battery 02-21,ABWI100032806604W400,2,2023-07-01,6,False,exponential,162.64999991429752,3.184675945400257e-16,0.0,-1.3322676295501878e-15,True,low R2 (-0.00)
Mahihkan Battery 02-21,ABWI100032806604W400,3,2024-01-01,15,False,exponential,307.4524804908428,0.1131963714285129,0.0,0.5298023238394782,False,
Mahihkan Battery 02-21,ABWI100032806604W400,4,2025-04-01,7,False,harmonic,122.24594309271241,1.6678132256832627,1.0,0.6261819863357325,False,
Mahihkan Battery 02-21,ABWI100032806604W400,5,2025-11-01,6,False,harmonic,58.747215075411354,0.3376611117502351,1.0,0.7048558897784772,False,
Mahihkan Battery 02-21,ABWI100033206604W400,1,2022-05-01,21,False,exponential,2327.052667103773,0.14449777740971567,0.0,0.926754077689363,False,
Mahihkan Battery 02-21,ABWI100033206604W400,2,2024-02-01,9,False,harmonic,120.79015231754964,0.34153258046902324,1.0,0.017227346675145805,True,low R2 (0.02)
Mahihkan Battery 02-21,ABWI100033206604W400,3,2024-11-01,8,False,harmonic,155.1169006902972,0.1724724747530782,1.0,0.11270130089370223,True,low R2 (0.11)
Mahihkan Battery 02-21,ABWI100033206604W400,4,2025-07-01,4,True,,,,,,True,too few data points to fit
Mahihkan Battery 02-21,ABWI100033206604W400,5,2025-11-01,8,False,exponential,386.4125005737263,1.5555932557958604e-15,0.0,-4.6629367034256575e-15,True,low R2 (-0.00)
Mahihkan Battery 02-21,ABWI100033406504W400,1,2024-04-01,27,False,exponential,348.4851851851852,6.32027063242626e-20,0.0,0.0,True,low R2 (0.00)
Mahihkan Battery 02-21,ABWI100033406604W400,1,2022-09-01,14,False,harmonic,803.6956964655619,0.5824657075379325,1.0,0.9317952398888041,False,
Mahihkan Battery 02-21,ABWI100033406604W400,2,2023-11-01,6,False,harmonic,180.46999984122232,1.9236095723831474,1.0,0.9291860553121182,False,
Mahihkan Battery 02-21,ABWI100033406604W400,3,2024-05-01,6,False,harmonic,59.288551272943955,0.005664416707207395,1.0,0.0016003353160514155,True,low R2 (0.00)
Mahihkan Battery 02-21,ABWI100033406604W400,4,2024-11-01,8,False,exponential,138.975,3.400718462345899e-23,0.0,0.0,True,low R2 (0.00)
Mahihkan Battery 02-21,ABWI100033406604W400,5,2025-07-01,9,False,exponential,216.0222222222222,3.3233469024678524e-19,0.0,-2.220446049250313e-16,True,low R2 (-0.00)
Mahihkan Battery 02-21,ABWI100033406604W400,6,2026-04-01,3,True,,,,,,True,too few data points to fit
Mahihkan Battery 02-21,ABWI100033506504W400,1,2022-08-01,28,False,exponential,217.4821428160425,9.755615633024969e-19,0.0,-2.220446049250313e-16,True,low R2 (-0.00)
Mahihkan Battery 02-21,ABWI100033506504W400,2,2024-12-01,8,False,harmonic,244.048289066988,0.05728774344565558,1.0,0.19810214884199862,True,low R2 (0.20)
Mahihkan Battery 02-21,ABWI100033506504W400,3,2025-08-01,11,False,harmonic,272.20407038518493,0.03745709306490939,1.0,0.23851358488399,True,low R2 (0.24)
Mahihkan Battery 02-21,ABWI100040306604W400,1,2023-05-01,10,False,exponential,743.3680384639545,0.12222593285193295,0.0,0.7371511693934663,False,
Mahihkan Battery 02-21,ABWI100040306604W400,2,2024-03-01,12,False,exponential,373.0666663766758,1.3238057282209061e-17,0.0,0.0,True,low R2 (0.00)
Mahihkan Battery 02-21,ABWI100040306604W400,3,2025-03-01,7,False,harmonic,602.11368439832,0.03762159283076237,1.0,0.018471962640360218,True,low R2 (0.02)
Mahihkan Battery 02-21,ABWI100040306604W400,4,2025-10-01,9,False,harmonic,852.3648631923231,0.589084295377135,1.0,0.8149827028232095,False,
Mahihkan Battery 02-21,ABWI100040906604W400,1,2022-05-01,10,False,exponential,166.5800001526062,1.1049314312223117e-21,0.0,0.0,True,low R2 (0.00)
Mahihkan Battery 02-21,ABWI100040906604W400,2,2023-03-01,12,False,exponential,125.08333336559245,5.743412164311573e-15,0.0,-3.774758283725532e-15,True,low R2 (-0.00)
Mahihkan Battery 02-21,ABWI100040906604W400,3,2024-03-01,16,False,exponential,190.9562500000025,3.1143652985209097e-22,0.0,2.220446049250313e-16,True,low R2 (0.00)
Mahihkan Battery 02-21,ABWI100040906604W400,4,2025-07-01,6,False,exponential,341.27305666218825,0.5461885804965141,0.0,0.7617453413294765,False,
Mahihkan Battery 02-21,ABWI100040906604W400,5,2026-01-01,6,False,exponential,369.02421757698875,0.31131389964815276,0.0,0.861646438744796,False,
Mahihkan Battery 02-21,ABWI100041006604W400,1,2023-02-01,7,False,exponential,652.8319767956024,0.1614811816423681,0.0,0.6488661876211401,False,
Mahihkan Battery 02-21,ABWI100041006604W400,2,2023-09-01,7,False,exponential,332.32857142857347,6.671713481993634e-23,0.0,0.0,True,low R2 (0.00)
Mahihkan Battery 02-21,ABWI100041006604W400,3,2024-04-01,11,False,exponential,746.83859963792,0.13962701309899891,0.0,0.7053996472223045,False,
Mahihkan Battery 02-21,ABWI100041006604W400,4,2025-03-01,16,False,exponential,167.10625,3.042161703947199e-22,0.0,0.0,True,low R2 (0.00)
Mahihkan Battery 02-21,ABWI100041606604W400,1,2022-11-01,13,False,exponential,586.4923076923077,3.1179429026329446e-21,0.0,0.0,True,low R2 (0.00)
Mahihkan Battery 02-21,ABWI100041606604W400,2,2023-12-01,6,False,exponential,945.600000001827,1.8523902172990176e-18,0.0,0.0,True,low R2 (0.00)
Mahihkan Battery 02-21,ABWI100041606604W400,3,2024-06-01,5,True,harmonic,1554.0131345185841,0.2007431582945414,1.0,0.9477995918606061,True,short cycle (<6mo)
Mahihkan Battery 02-21,ABWI100041606604W400,4,2024-11-01,6,False,harmonic,1501.2055729466463,0.06393700930868167,1.0,0.15251600325382864,True,low R2 (0.15)
Mahihkan Battery 02-21,ABWI100041606604W400,5,2025-05-01,14,False,exponential,1503.0357142857142,2.3368155424425863e-28,0.0,0.0,True,low R2 (0.00)
Mahihkan Battery 02-21,ABWI100042206504W400,1,2023-05-01,8,False,exponential,79.15000001052002,1.0987537514944513e-15,0.0,-1.3766765505351941e-14,True,low R2 (-0.00)
Mahihkan Battery 02-21,ABWI100042206504W400,2,2024-01-01,14,False,exponential,171.39752192596862,0.09082767157538577,0.0,0.6844683063594984,False,
Mahihkan Battery 02-21,ABWI100042206504W400,3,2025-03-01,4,True,exponential,70.90000000150764,1.9242448500293304e-16,0.0,-2.220446049250313e-16,True,short cycle (<6mo); low R2 (-0.00)
Mahihkan Battery 02-21,ABWI100042206504W400,4,2025-07-01,12,False,harmonic,122.84290467193838,0.12334116686099533,1.0,0.5370952455676911,False,
Mahihkan Battery 02-21,ABWI100042306504W400,1,2023-01-01,42,False,exponential,334.0591802004152,0.012877008100682936,0.0,0.4503506469422005,True,low R2 (0.45)
Mahihkan Battery 02-21,ABWI100042806504W400,1,2023-02-01,16,False,harmonic,216.45217920112322,0.3227330299932556,1.0,0.81013245068341,False,
Mahihkan Battery 02-21,ABWI100042806504W400,2,2024-06-01,5,True,harmonic,167.91723103066633,0.6401014935324083,1.0,0.8209351155062121,True,short cycle (<6mo)
Mahihkan Battery 02-21,ABWI100042806504W400,3,2024-11-01,5,True,exponential,119.2,2.4004902746483436e-24,0.0,0.0,True,short cycle (<6mo); low R2 (0.00)
Mahihkan Battery 02-21,ABWI100042806504W400,4,2025-04-01,11,False,harmonic,184.8736790549594,0.3423826082195195,1.0,0.8572768352954678,False,
Mahihkan Battery 02-21,ABWI100042806504W400,5,2026-03-01,4,True,harmonic,183.32075495512763,0.6639936381687574,1.0,0.7741435562972683,True,short cycle (<6mo)
Mahihkan Battery 02-21,ABWI100043406504W400,1,2023-12-01,8,False,harmonic,957.8242351916348,0.061969113056726546,1.0,0.17797953247758214,True,low R2 (0.18)
Mahihkan Battery 02-21,ABWI100043406504W400,2,2024-08-01,9,False,harmonic,960.3555555911372,1.7025899737572947e-16,1.0,-4.440892098500626e-16,True,low R2 (-0.00)
Mahihkan Battery 02-21,ABWI100043406504W400,3,2025-05-01,5,True,exponential,1679.6399999999999,1.6065089965510586e-24,0.0,0.0,True,short cycle (<6mo); low R2 (0.00)
Mahihkan Battery 02-21,ABWI100043406504W400,4,2025-10-01,9,False,exponential,3436.7243840479773,0.20044089773232515,0.0,0.9050163093893743,False,
Mahihkan Battery 02-21,ABWI100043506504W400,1,2022-06-01,4,True,exponential,32.975,5.822983303909629e-19,0.0,0.0,True,short cycle (<6mo); low R2 (0.00)
Mahihkan Battery 02-21,ABWI100043506504W400,2,2022-10-01,26,False,harmonic,160.8423076923077,5.2323462643143345e-18,1.0,-2.220446049250313e-16,True,low R2 (-0.00)
Mahihkan Battery 02-21,ABWI100043506504W400,3,2024-12-01,11,False,exponential,228.9793687913314,0.19658122967794567,0.0,0.9473190821167651,False,
Mahihkan Battery 02-21,ABWI100043506504W400,4,2025-11-01,8,False,exponential,79.68324119540512,0.235089232952306,0.0,0.7338189615365677,False,
Mahihkan Battery 02-21,ABWI100050306604W400,1,2024-11-01,4,True,harmonic,242.59948929474695,0.15258805059113947,1.0,0.13222059251946716,True,short cycle (<6mo); low R2 (0.13)
Mahihkan Battery 02-21,ABWI100050306604W400,2,2025-03-01,6,False,exponential,334.68528735681423,0.16337979693358254,0.0,0.9671135081922706,False,
Mahihkan Battery 02-21,ABWI100050306604W400,3,2025-09-01,10,False,harmonic,178.9985402743209,0.01440053303244381,1.0,0.020110823777641396,True,low R2 (0.02)
Mahihkan Battery 02-21,ABWI100050406604W400,1,2022-07-01,9,False,exponential,200.88888838364406,6.749444300561832e-15,0.0,-3.752553823233029e-14,True,low R2 (-0.00)
Mahihkan Battery 02-21,ABWI100050406604W400,2,2023-04-01,7,False,exponential,501.8970878447768,0.6998461070746878,0.0,0.7779275281908746,False,
Mahihkan Battery 02-21,ABWI100050406604W400,3,2023-11-01,10,False,harmonic,186.32413450330404,0.1449213135800277,1.0,0.7115464847769142,False,
Mahihkan Battery 02-21,ABWI100050406604W400,4,2024-09-01,11,False,exponential,132.08181818181816,4.422666494542437e-18,0.0,-2.220446049250313e-16,True,low R2 (-0.00)
Mahihkan Battery 02-21,ABWI100050406604W400,5,2025-08-01,5,True,exponential,365.89875959579905,0.5365500224412204,0.0,0.9501477800481135,True,short cycle (<6mo)
Mahihkan Battery 02-21,ABWI100050406604W400,6,2026-01-01,6,False,harmonic,201.7310737490763,0.40921026432913515,1.0,0.9882049420102851,False,
Mahihkan Battery 02-21,ABWI100050906604W400,1,2022-07-01,4,True,exponential,272.62500000001074,2.117803703573094e-20,0.0,0.0,True,short cycle (<6mo); low R2 (0.00)
Mahihkan Battery 02-21,ABWI100050906604W400,2,2022-11-01,10,False,exponential,399.4514258160846,0.07751786332801934,0.0,0.7878784221306049,False,
Mahihkan Battery 02-21,ABWI100050906604W400,3,2023-09-01,12,False,harmonic,182.18248156958424,0.005455909409467697,1.0,0.003992163729465981,True,low R2 (0.00)
Mahihkan Battery 02-21,ABWI100050906604W400,4,2024-09-01,22,False,exponential,368.95196570368415,0.09396336871046464,0.0,0.9435994342377183,False,
Mahihkan Battery 02-21,ABWI100051006604W400,1,2022-10-01,7,False,exponential,638.0820656283618,0.13802592475146497,0.0,0.32836314730039173,True,low R2 (0.33)
Mahihkan Battery 02-21,ABWI100051006604W400,2,2023-05-01,10,False,harmonic,463.0853575604579,7.174311787722238,1.0,0.5942645957405961,True,very high Di (7.17/month)
Mahihkan Battery 02-21,ABWI100051006604W400,3,2024-03-01,10,False,harmonic,952.0609406445352,0.3567333199771022,1.0,0.8938482101237739,False,
Mahihkan Battery 02-21,ABWI100051006604W400,4,2025-01-01,11,False,exponential,359.7929372661412,0.333998815204564,0.0,0.9399632296511157,False,
Mahihkan Battery 02-21,ABWI100051506604W400,1,2022-11-01,8,False,exponential,65.8875,1.0105308195881161e-27,0.0,-4.440892098500626e-16,True,low R2 (-0.00)
Mahihkan Battery 02-21,ABWI100051506604W400,2,2023-07-01,9,False,exponential,91.55555555604171,1.9921955649997897e-18,0.0,0.0,True,low R2 (0.00)
Mahihkan Battery 02-21,ABWI100051506604W400,3,2024-04-01,9,False,harmonic,193.28142847782533,0.06808442321098017,1.0,0.37686960962543115,True,low R2 (0.38)
Mahihkan Battery 02-21,ABWI100051506604W400,4,2025-01-01,14,False,hyperbolic,181.9867332397933,0.21382139246639115,1.999999999999998,0.761872630422685,True,b pinned at bound (2.000)
Mahihkan Battery 02-21,ABWI100051506604W400,5,2026-03-01,4,True,harmonic,151.43987865199202,0.17686121992354176,1.0,0.2808817099224564,True,short cycle (<6mo); low R2 (0.28)
Mahihkan Battery 02-21,ABWI100052206504W400,1,2022-09-01,13,False,exponential,931.3281817010067,0.202724783505266,0.0,0.967807123454331,False,
Mahihkan Battery 02-21,ABWI100052206504W400,2,2023-10-01,5,True,exponential,119.9,3.2811499274730317e-23,0.0,0.0,True,short cycle (<6mo); low R2 (0.00)
Mahihkan Battery 02-21,ABWI100052206504W400,3,2024-03-01,5,True,exponential,129.4,2.2107826868818856e-28,0.0,0.0,True,short cycle (<6mo); low R2 (0.00)
Mahihkan Battery 02-21,ABWI100052206504W400,4,2024-08-01,12,False,exponential,219.33377599810444,0.07866766110918616,0.0,0.6282868982508916,False,
Mahihkan Battery 02-21,ABWI100052206504W400,5,2025-08-01,6,False,harmonic,175.94184795228256,0.9621279937401161,1.0,0.4185825199175721,True,low R2 (0.42)
Mahihkan Battery 02-21,ABWI100052206504W400,6,2026-02-01,5,True,exponential,136.38000000000034,1.194847321844329e-15,0.0,-5.551115123125783e-15,True,short cycle (<6mo); low R2 (-0.00)
Mahihkan Battery 02-21,ABWI100052606504W400,1,2022-08-01,11,False,exponential,105.80929002306439,0.12070215742564147,0.0,0.8278452814727064,False,
Mahihkan Battery 02-21,ABWI100052606504W400,2,2023-07-01,5,True,harmonic,64.9533888438621,1.072514873877038,1.0,0.889957456391497,True,short cycle (<6mo)
Mahihkan Battery 02-21,ABWI100052606504W400,3,2023-12-01,5,True,harmonic,32.71267217244609,0.06642654966231358,1.0,0.041062330832508764,True,short cycle (<6mo); low R2 (0.04)
Mahihkan Battery 02-21,ABWI100052606504W400,4,2024-05-01,6,False,harmonic,65.80136536143664,0.04954054921866767,1.0,0.03689669582400634,True,low R2 (0.04)
Mahihkan Battery 02-21,ABWI100052606504W400,5,2024-11-01,6,False,exponential,97.02837861084099,0.3177937680892367,0.0,0.8155979888727821,False,
Mahihkan Battery 02-21,ABWI100052706504W400,1,2023-03-01,13,False,harmonic,301.02307693381823,1.476342881865283e-16,1.0,-1.1102230246251565e-15,True,low R2 (-0.00)
Mahihkan Battery 02-21,ABWI100052706504W400,2,2024-04-01,6,False,exponential,532.094233739825,0.13318929679523409,0.0,0.4753950087274884,True,low R2 (0.48)
Mahihkan Battery 02-21,ABWI100052706504W400,3,2024-10-01,18,False,exponential,484.5715222987424,0.08496976488294711,0.0,0.771991246895973,False,
Mahihkan Battery 02-21,ABWI100052806504W400,1,2022-05-01,8,False,exponential,367.8875,2.589958677421756e-21,0.0,0.0,True,low R2 (0.00)
Mahihkan Battery 02-21,ABWI100052806504W400,2,2023-01-01,14,False,harmonic,464.6279740443984,0.11799328482770849,1.0,0.7907534256807893,False,
Mahihkan Battery 02-21,ABWI100052806504W400,3,2024-03-01,28,False,exponential,281.33214285714286,1.7716490455616537e-21,0.0,3.3306690738754696e-16,True,low R2 (0.00)
Mahihkan Battery 02-21,ABWI100052806604W400,1,2023-04-01,28,False,exponential,500.92282214149543,0.07329455200861527,0.0,0.8438624935267761,False,
Mahihkan Battery 02-21,ABWI100052806604W400,2,2025-08-01,7,False,harmonic,143.84931830118848,1.349865306045316,1.0,0.6072438408565718,False,
Mahihkan Battery 02-21,ABWI100052806604W400,3,2026-03-01,4,True,harmonic,152.41786954824678,0.7575791900836778,1.0,0.6620145530169765,True,short cycle (<6mo)
Mahihkan Battery 02-21,ABWI100053306604W400,1,2022-07-01,7,False,exponential,278.0146761182597,0.10068740081223676,0.0,0.5232327994915729,False,
Mahihkan Battery 02-21,ABWI100053306604W400,2,2023-02-01,8,False,harmonic,235.52342553482595,0.1263748205040006,1.0,0.8636062603418714,False,
Mahihkan Battery 02-21,ABWI100053306604W400,3,2023-10-01,11,False,exponential,281.0956273576006,0.3295729663949482,0.0,0.9227848594170629,False,
Mahihkan Battery 02-21,ABWI100053306604W400,4,2024-09-01,14,False,exponential,58.372727272727275,9.998472704322512e-23,0.0,0.0,True,low R2 (0.00)
Mahihkan Battery 02-21,ABWI100053306604W400,5,2025-11-01,5,True,harmonic,364.2384175375064,0.4167153078931168,1.0,0.2966738421947329,True,short cycle (<6mo); low R2 (0.30)
Mahihkan Battery 02-21,ABWI100053306604W400,6,2026-04-01,3,True,,,,,,True,too few data points to fit
Mahihkan Battery 02-21,ABWI100053506504W400,1,2024-03-01,5,True,exponential,538.1643971204793,0.16303761614398923,0.0,0.8432778811579135,True,short cycle (<6mo)
Mahihkan Battery 02-21,ABWI100053506504W400,2,2024-08-01,23,False,exponential,406.33913054128936,6.949439782064248e-16,0.0,-2.4646951146678475e-14,True,low R2 (-0.00)
Mahihkan Battery 02-21,ABWI100060306604W400,1,2022-05-01,8,False,exponential,264.8500000086007,5.530323710954594e-17,0.0,-2.220446049250313e-16,True,low R2 (-0.00)
Mahihkan Battery 02-21,ABWI100060306604W400,2,2023-01-01,14,False,harmonic,681.9431729721358,0.25187260061082517,1.0,0.7798080092513644,False,
Mahihkan Battery 02-21,ABWI100060306604W400,3,2024-03-01,4,True,exponential,160.125,1.061252357390744e-19,0.0,0.0,True,short cycle (<6mo); low R2 (0.00)
Mahihkan Battery 02-21,ABWI100060306604W400,4,2024-07-01,13,False,harmonic,488.82128651134536,0.03175856579856523,1.0,0.2757504327121607,True,low R2 (0.28)
Mahihkan Battery 02-21,ABWI100060306604W400,5,2025-08-01,8,False,harmonic,559.7378863409921,0.13475304155683307,1.0,0.6498831353847646,False,
Mahihkan Battery 02-21,ABWI100060306604W400,6,2026-04-01,3,True,,,,,,True,too few data points to fit
Mahihkan Battery 02-21,ABWI100061006604W400,1,2022-10-01,6,False,exponential,1019.4022214010103,0.2818051724622548,0.0,0.8054413247437331,False,
Mahihkan Battery 02-21,ABWI100061006604W400,2,2023-04-01,11,False,harmonic,242.54928394924238,0.4248526326974338,1.0,0.05294165128401673,True,low R2 (0.05)
Mahihkan Battery 02-21,ABWI100061006604W400,3,2024-03-01,28,False,harmonic,244.89126743049974,0.29934209588070376,1.0,0.8310307474979081,False,
Mahihkan Battery 02-21,ABWI100062106604W400,1,2022-08-01,10,False,exponential,322.7400000000002,2.067522391050129e-23,0.0,-2.220446049250313e-16,True,low R2 (-0.00)
Mahihkan Battery 02-21,ABWI100062106604W400,2,2023-06-01,5,True,exponential,751.0026206675129,0.425735181854297,0.0,0.8543047549905749,True,short cycle (<6mo)
Mahihkan Battery 02-21,ABWI100062106604W400,3,2023-11-01,12,False,harmonic,203.54531693939836,0.307458306537362,1.0,0.5631537783653343,False,
Mahihkan Battery 02-21,ABWI100062106604W400,4,2024-11-01,8,False,harmonic,705.2912181082057,1.5428015384977316,1.0,0.8767266376781803,False,
Mahihkan Battery 02-21,ABWI100062106604W400,5,2025-07-01,5,True,harmonic,123.34062556095702,0.12306338088179807,1.0,0.42349759631144246,True,short cycle (<6mo); low R2 (0.42)
Mahihkan Battery 02-21,ABWI100062106604W400,6,2025-12-01,7,False,harmonic,115.10376230139354,0.270384189863818,1.0,0.2597998409865947,True,low R2 (0.26)
Mahihkan Battery 02-21,ABWI100062206504W400,1,2022-07-01,6,False,exponential,187.05,4.0960366617308934e-20,0.0,1.1102230246251565e-16,True,low R2 (0.00)
Mahihkan Battery 02-21,ABWI100062206504W400,2,2023-01-01,11,False,harmonic,400.29813436468453,0.4743904014205601,1.0,0.8542362573906989,False,
Mahihkan Battery 02-21,ABWI100062206504W400,3,2023-12-01,20,False,exponential,157.32651985278096,0.05511885957425714,0.0,0.4478483814815404,True,low R2 (0.45)
Mahihkan Battery 02-21,ABWI100062206504W400,4,2025-08-01,4,True,harmonic,173.9907170265602,0.3914096361854509,1.0,0.6023157641306459,True,short cycle (<6mo)
Mahihkan Battery 02-21,ABWI100062206504W400,5,2025-12-01,7,False,exponential,152.5857142923351,2.946826592430002e-16,0.0,-1.1102230246251565e-15,True,low R2 (-0.00)
Mahihkan Battery 02-21,ABWI100062606504W400,1,2022-12-01,11,False,exponential,172.71818181818182,2.5315577849465965e-20,0.0,0.0,True,low R2 (0.00)
Mahihkan Battery 02-21,ABWI100062606504W400,2,2023-11-01,5,True,harmonic,252.1690405070116,5.822978515778398,1.0,0.8147069021346551,True,short cycle (<6mo); very high Di (5.82/month)
Mahihkan Battery 02-21,ABWI100062606504W400,3,2024-04-01,8,False,harmonic,127.94149653541166,0.929240256430704,1.0,0.37386513771101715,True,low R2 (0.37)
Mahihkan Battery 02-21,ABWI100062706504W400,1,2022-05-01,5,True,harmonic,62.166866713402996,0.06008719403515651,1.0,0.054989439268718354,True,short cycle (<6mo); low R2 (0.05)
Mahihkan Battery 02-21,ABWI100062706504W400,2,2022-10-01,5,True,harmonic,54.52000006248519,6.823412065156358e-23,1.0,3.3306690738754696e-16,True,short cycle (<6mo); low R2 (0.00)
Mahihkan Battery 02-21,ABWI100062706504W400,3,2023-03-01,4,True,exponential,95.22950449296424,0.2800288451922036,0.0,0.8229148244932158,True,short cycle (<6mo)
Mahihkan Battery 02-21,ABWI100062706504W400,4,2023-07-01,9,False,exponential,71.46666666666668,2.5487236013638982e-17,0.0,3.3306690738754696e-16,True,low R2 (0.00)
Mahihkan Battery 02-21,ABWI100062706504W400,5,2024-04-01,11,False,harmonic,88.01679371336544,0.023478411391092212,1.0,0.09957284470873606,True,low R2 (0.10)
Mahihkan Battery 02-21,ABWI100062706504W400,6,2025-03-01,9,False,harmonic,93.11483105713711,0.21554689873965197,1.0,0.34499479161961555,True,low R2 (0.34)
Mahihkan Battery 02-21,ABWI100062706504W400,7,2025-12-01,7,False,harmonic,79.97131929671991,0.07166048364316917,1.0,0.06724328473262242,True,low R2 (0.07)
Mahihkan Battery 02-21,ABWI100062706604W400,1,2022-09-01,4,True,harmonic,247.82147592734415,0.32108555882481243,1.0,0.37933805283881117,True,short cycle (<6mo); low R2 (0.38)
Mahihkan Battery 02-21,ABWI100062706604W400,2,2023-01-01,17,False,,,,,,True,too few data points to fit
Mahihkan Battery 02-21,ABWI100062706604W400,3,2024-06-01,9,False,harmonic,1145.0006967443917,0.5301880754595388,1.0,0.371771690468492,True,low R2 (0.37)
Mahihkan Battery 02-21,ABWI100062706604W400,4,2025-03-01,6,False,exponential,1135.5741202210195,0.5097810446249113,0.0,0.8577267362094123,False,
Mahihkan Battery 02-21,ABWI100062706604W400,5,2025-09-01,5,True,harmonic,99.8249045536581,0.5376010248015078,1.0,0.015655911871057637,True,short cycle (<6mo); low R2 (0.02)
Mahihkan Battery 02-21,ABWI100062706604W400,6,2026-02-01,5,True,exponential,171.7005925947464,0.35558440961413046,0.0,0.8363570850574289,True,short cycle (<6mo)
Mahihkan Battery 02-21,ABWI100062806504W400,1,2023-07-01,16,False,harmonic,431.21658814089113,0.2798268717111157,1.0,0.9403707448440537,False,
Mahihkan Battery 02-21,ABWI100062806504W400,2,2024-11-01,4,True,,,,,,True,too few data points to fit
Mahihkan Battery 02-21,ABWI100062806504W400,3,2025-03-01,5,True,,,,,,True,too few data points to fit
Mahihkan Battery 02-21,ABWI100062806504W400,4,2025-08-01,11,False,exponential,204.62727225363827,5.59117047574902e-17,0.0,-8.881784197001252e-16,True,low R2 (-0.00)
Mahihkan Battery 02-21,ABWI100062806604W400,1,2022-09-01,2,True,,,,,,True,too few data points to fit
Mahihkan Battery 02-21,ABWI100062906604W400,1,2022-08-01,6,False,exponential,662.1171516821286,0.357162868789205,0.0,0.9201568897888097,False,
Mahihkan Battery 02-21,ABWI100062906604W400,2,2023-02-01,18,False,hyperbolic,474.01821082010645,1.1085516578356223,1.9999999999999793,0.7957995702951128,True,b pinned at bound (2.000)
Mahihkan Battery 02-21,ABWI100062906604W400,3,2024-08-01,9,False,exponential,325.74,2.100561690452393e-17,0.0,-2.220446049250313e-16,True,low R2 (-0.00)
Mahihkan Battery 02-21,ABWI100062906604W400,4,2025-05-01,10,False,exponential,701.3904507245754,0.3670836495291872,0.0,0.7967747740827613,False,
Mahihkan Battery 02-21,ABWI100062906604W400,5,2026-03-01,4,True,exponential,706.9554588748127,0.3828017272507614,0.0,0.9022823510256507,True,short cycle (<6mo)
Mahihkan Battery 02-21,ABWI100063206604W400,1,2022-09-01,19,False,harmonic,1415.1478798734895,0.7533735989082733,1.0,0.9572256566434293,False,
Mahihkan Battery 02-21,ABWI100063206604W400,2,2024-04-01,6,False,exponential,268.95659761997564,0.4770124511367764,0.0,0.8213083111760544,False,
Mahihkan Battery 02-21,ABWI100063206604W400,3,2024-10-01,9,False,harmonic,60.89695505787723,0.05128131771457254,1.0,0.04678397638637055,True,low R2 (0.05)
Mahihkan Battery 02-21,ABWI100063206604W400,4,2025-07-01,4,True,exponential,547.8274319865162,0.5453253834828946,0.0,0.8997681544031003,True,short cycle (<6mo)
Mahihkan Battery 02-21,ABWI100063206604W400,5,2025-11-01,8,False,exponential,264.29999970900843,2.063109029961046e-17,0.0,2.220446049250313e-16,True,low R2 (0.00)
Mahihkan Battery 02-21,ABWI100063406504W400,1,2022-09-01,6,False,exponential,172.46666666666667,1.70311362737595e-21,0.0,0.0,True,low R2 (0.00)
Mahihkan Battery 02-21,ABWI100063406504W400,2,2023-03-01,12,False,exponential,168.29166666666666,1.0230354791505745e-20,0.0,0.0,True,low R2 (0.00)
Mahihkan Battery 02-21,ABWI100063406504W400,3,2024-03-01,8,False,harmonic,250.59815641188283,0.024361908391576384,1.0,0.034190531501563814,True,low R2 (0.03)
Mahihkan Battery 02-21,ABWI100063406504W400,4,2024-11-01,20,False,harmonic,351.1670720197538,0.004637111855812097,1.0,0.029068992059646637,True,low R2 (0.03)
Mahihkan Battery 02-21,ABWI100063506504W400,1,2024-05-01,12,False,exponential,112.17500000019496,1.4395467058555829e-16,0.0,-8.881784197001252e-16,True,low R2 (-0.00)
Mahihkan Battery 02-21,ABWI100063506504W400,2,2025-05-01,9,False,harmonic,474.89438382565817,0.8310679403975765,1.0,0.9628074935070077,False,
Mahihkan Battery 02-21,ABWI100063506504W400,3,2026-02-01,5,True,exponential,184.40571351740806,0.29826664367668804,0.0,0.8557473028779068,True,short cycle (<6mo)
Mahihkan Battery 02-21,ABWI100070306604W400,1,2022-08-01,4,True,exponential,35.26969582022258,0.08116113082957431,0.0,0.04559168000346614,True,short cycle (<6mo); low R2 (0.05)
Mahihkan Battery 02-21,ABWI100070306604W400,2,2022-12-01,7,False,exponential,71.90662508114558,0.49392628313402587,0.0,0.8449130603960109,False,
Mahihkan Battery 02-21,ABWI100070306604W400,3,2023-07-01,12,False,exponential,11.449999954953023,1.3133894935804597e-16,0.0,-6.661338147750939e-16,True,low R2 (-0.00)
Mahihkan Battery 02-21,ABWI100070306604W400,4,2024-07-01,9,False,exponential,43.14444450386723,2.684975183824522e-15,0.0,-1.2434497875801753e-14,True,low R2 (-0.00)
Mahihkan Battery 02-21,ABWI100070306604W400,5,2025-04-01,15,False,exponential,198.85169914982214,0.2819732901013186,0.0,0.9385513783822464,False,
Mahihkan Battery 02-21,ABWI100070906604W400,1,2022-08-01,7,False,exponential,171.1857142857143,1.658163323254498e-21,0.0,0.0,True,low R2 (0.00)
Mahihkan Battery 02-21,ABWI100070906604W400,2,2023-03-01,8,False,harmonic,285.0521668341041,0.10539331500804187,1.0,0.09689072511029484,True,low R2 (0.10)
Mahihkan Battery 02-21,ABWI100070906604W400,3,2023-11-01,6,False,harmonic,282.8689746602396,0.40754177958159654,1.0,0.5245541203390276,False,
Mahihkan Battery 02-21,ABWI100070906604W400,4,2024-05-01,5,True,harmonic,267.46324442686597,0.044440790871766965,1.0,0.048086222571476545,True,short cycle (<6mo); low R2 (0.05)
Mahihkan Battery 02-21,ABWI100070906604W400,5,2024-10-01,18,False,exponential,327.00071672226943,0.0808559081699519,0.0,0.9116179708818813,False,
Mahihkan Battery 02-21,ABWI100070906604W400,6,2026-04-01,3,True,,,,,,True,too few data points to fit
Mahihkan Battery 02-21,ABWI100071006604W400,1,2023-10-01,12,False,exponential,122.09166652128914,2.2169017035754346e-15,0.0,-2.353672812205332e-14,True,low R2 (-0.00)
Mahihkan Battery 02-21,ABWI100071006604W400,2,2024-10-01,5,True,exponential,264.99706981845895,0.3850902252577878,0.0,0.7840659070870825,True,short cycle (<6mo)
Mahihkan Battery 02-21,ABWI100071006604W400,3,2025-03-01,16,False,harmonic,171.59407238345713,0.06566030198140739,1.0,0.46888319939536427,True,low R2 (0.47)
Mahihkan Battery 02-21,ABWI100071506504W400,1,2022-05-01,13,False,harmonic,146.02420037619382,0.18599163389136605,1.0,0.6898250964023668,False,
Mahihkan Battery 02-21,ABWI100071506504W400,2,2023-06-01,10,False,harmonic,144.37637119664623,0.5504472850405974,1.0,0.421776328914681,True,low R2 (0.42)
Mahihkan Battery 02-21,ABWI100071506504W400,3,2024-04-01,8,False,exponential,102.9125000101128,7.394331980169359e-16,0.0,-5.551115123125783e-15,True,low R2 (-0.00)
Mahihkan Battery 02-21,ABWI100071506504W400,4,2024-12-01,12,False,harmonic,130.41478584586062,0.11880063749830332,1.0,0.26077278535196624,True,low R2 (0.26)
Mahihkan Battery 02-21,ABWI100071506504W400,5,2025-12-01,7,False,harmonic,104.48211004486227,0.2906820967836578,1.0,0.8060543950973574,False,
Mahihkan Battery 02-21,ABWI100071506604W400,1,2024-05-01,5,True,exponential,1805.8310385331863,0.1822459300244942,0.0,0.8914048070534014,True,short cycle (<6mo)
Mahihkan Battery 02-21,ABWI100071506604W400,2,2024-10-01,7,False,harmonic,1349.610951251472,0.10716666517704444,1.0,0.1452267166403408,True,low R2 (0.15)
Mahihkan Battery 02-21,ABWI100071506604W400,3,2025-05-01,8,False,harmonic,1751.4735474669858,0.03270398346392629,1.0,0.07960918133129125,True,low R2 (0.08)
Mahihkan Battery 02-21,ABWI100071506604W400,4,2026-01-01,6,False,exponential,1847.607555936151,0.19323695024733994,0.0,0.6323344445348473,False,
Mahihkan Battery 02-21,ABWI100071606604W400,1,2023-08-01,5,True,harmonic,77.33999996318433,6.744322774162492e-19,1.0,0.0,True,short cycle (<6mo); low R2 (0.00)
Mahihkan Battery 02-21,ABWI100071606604W400,2,2024-01-01,12,False,harmonic,79.9989681793248,0.12567286112199527,1.0,0.15549922662356652,True,low R2 (0.16)
Mahihkan Battery 02-21,ABWI100071606604W400,3,2025-01-01,18,False,harmonic,88.86643705421524,0.0034470562056726248,1.0,0.0034465686510019022,True,low R2 (0.00)
Mahihkan Battery 02-21,ABWI100072106504W400,1,2023-01-01,6,False,exponential,30.440607281866555,0.5885377515166844,0.0,0.7006724306711172,False,
Mahihkan Battery 02-21,ABWI100072106504W400,2,2023-07-01,6,False,harmonic,26.48773946196617,0.053334138835953684,1.0,0.02821714331724734,True,low R2 (0.03)
Mahihkan Battery 02-21,ABWI100072106504W400,3,2024-01-01,18,False,exponential,24.946666666666694,1.1854383416236683e-16,0.0,-2.220446049250313e-16,True,low R2 (-0.00)
Mahihkan Battery 02-21,ABWI100072106504W400,4,2025-07-01,12,False,exponential,38.18333333362299,1.0718744154732911e-18,0.0,0.0,True,low R2 (0.00)
Mahihkan Battery 02-21,ABWI100072106604W400,1,2022-06-01,13,False,exponential,150.00833333333333,1.0238159061860856e-21,0.0,0.0,True,low R2 (0.00)
Mahihkan Battery 02-21,ABWI100072106604W400,2,2023-07-01,4,True,harmonic,388.6665564728065,0.9507240596606026,1.0,0.9069547173851179,True,short cycle (<6mo)
Mahihkan Battery 02-21,ABWI100072106604W400,3,2023-11-01,12,False,harmonic,194.09499165661435,0.4115179310734401,1.0,0.7988917510466416,False,
Mahihkan Battery 02-21,ABWI100072106604W400,4,2024-11-01,13,False,harmonic,160.14093015651022,0.10441615427248853,1.0,0.5292300272663525,False,
Mahihkan Battery 02-21,ABWI100072106604W400,5,2025-12-01,7,False,harmonic,90.3764136484552,0.14363258174569546,1.0,0.3808435003983932,True,low R2 (0.38)
Mahihkan Battery 02-21,ABWI100072206504W400,1,2022-10-01,33,False,harmonic,400.201009934983,0.09353857457404277,1.0,0.9236626777518586,False,
Mahihkan Battery 02-21,ABWI100072206504W400,2,2025-07-01,12,False,exponential,116.35833331316658,6.986421506153589e-15,0.0,-1.5987211554602254e-14,True,low R2 (-0.00)
Mahihkan Battery 02-21,ABWI100072806604W400,1,2024-01-01,14,False,exponential,49.26515971541535,0.05899368220384224,0.0,0.6323777338755616,False,
Mahihkan Battery 02-21,ABWI100072806604W400,2,2025-03-01,4,True,exponential,60.9971598582936,0.48337844125432244,0.0,0.8410011741116327,True,short cycle (<6mo)
Mahihkan Battery 02-21,ABWI100072806604W400,3,2025-07-01,12,False,exponential,64.925,3.2335857713963143e-21,0.0,0.0,True,low R2 (0.00)
Mahihkan Battery 02-21,ABWI100072906504W400,1,2022-12-01,4,True,harmonic,148.1895696435863,0.132716223037995,1.0,0.09558019946847884,True,short cycle (<6mo); low R2 (0.10)
Mahihkan Battery 02-21,ABWI100072906504W400,2,2023-04-01,14,False,exponential,132.185714315231,1.1753985106031169e-15,0.0,-2.3314683517128287e-14,True,low R2 (-0.00)
Mahihkan Battery 02-21,ABWI100072906504W400,3,2024-06-01,13,False,harmonic,171.36347598701144,0.019567721858857846,1.0,0.08392936561658226,True,low R2 (0.08)
Mahihkan Battery 02-21,ABWI100072906504W400,4,2025-07-01,12,False,exponential,231.79513419497312,0.017933161060631468,0.0,0.15559970790168098,True,low R2 (0.16)
Mahihkan Battery 02-21,ABWI100072906604W400,1,2024-06-01,7,False,harmonic,663.0434387407784,0.33101627785443805,1.0,0.7390176095685242,False,
Mahihkan Battery 02-21,ABWI100072906604W400,2,2025-01-01,4,True,harmonic,566.4330726922202,0.43100040558078734,1.0,0.7770719199548919,True,short cycle (<6mo)
Mahihkan Battery 02-21,ABWI100072906604W400,3,2025-05-01,7,False,harmonic,351.74557224827845,0.6714923127509934,1.0,0.25452912853155085,True,low R2 (0.25)
Mahihkan Battery 02-21,ABWI100072906604W400,4,2025-12-01,7,False,harmonic,319.7788269265099,0.03339910875329235,1.0,0.02607904522665394,True,low R2 (0.03)
Mahihkan Battery 02-21,ABWI100073306604W400,1,2022-05-01,6,False,harmonic,219.39433544648546,0.08881399114507392,1.0,0.19448591352581812,True,low R2 (0.19)
Mahihkan Battery 02-21,ABWI100073306604W400,2,2022-11-01,11,False,harmonic,240.29131177561888,0.14439592387669234,1.0,0.5984124633843859,False,
Mahihkan Battery 02-21,ABWI100073306604W400,3,2023-10-01,11,False,exponential,236.98370278306157,0.3010972048924157,0.0,0.9152962935899392,False,
Mahihkan Battery 02-21,ABWI100073306604W400,4,2024-09-01,9,False,exponential,52.348228834855796,0.35981991879575614,0.0,0.7466354439693181,False,
Mahihkan Battery 02-21,ABWI100073306604W400,5,2025-06-01,4,True,harmonic,91.05901741545654,0.48760407472903217,1.0,0.7195677512561385,True,short cycle (<6mo)
Mahihkan Battery 02-21,ABWI100073306604W400,6,2025-10-01,6,False,exponential,55.50000000000016,1.0936747819204245e-15,0.0,-5.329070518200751e-15,True,low R2 (-0.00)
Mahihkan Battery 02-21,ABWI100073306604W400,7,2026-04-01,3,True,,,,,,True,too few data points to fit
Mahihkan Battery 02-21,ABWI100073406504W400,1,2023-08-01,24,False,exponential,542.1208333337327,1.006195618706256e-22,0.0,0.0,True,low R2 (0.00)
Mahihkan Battery 02-21,ABWI100073406504W400,2,2025-08-01,11,False,harmonic,814.7232861833293,0.09715030070237064,1.0,0.3228520023095801,True,low R2 (0.32)
Mahihkan Battery 02-21,ABWI100073506504W400,1,2022-06-01,17,False,harmonic,140.18339563416993,0.11984024654088662,1.0,0.18239515145490115,True,low R2 (0.18)
Mahihkan Battery 02-21,ABWI100073506504W400,2,2023-11-01,12,False,exponential,94.73333333333478,1.558838373637205e-23,0.0,3.3306690738754696e-16,True,low R2 (0.00)
Mahihkan Battery 02-21,ABWI100073506504W400,3,2024-11-01,12,False,exponential,100.78679092480094,0.06700174447823658,0.0,0.3870174521255728,True,low R2 (0.39)
Mahihkan Battery 02-21,ABWI100073506504W400,4,2025-11-01,8,False,exponential,59.879823656737614,0.22311826376590826,0.0,0.759258840689385,False,
Mahihkan Battery 02-21,ABWI100080306604W400,1,2022-08-01,11,False,exponential,99.82848633676805,0.20470318767733284,0.0,0.8264049746988491,False,
Mahihkan Battery 02-21,ABWI100080306604W400,2,2023-07-01,4,True,harmonic,66.06397281165223,1.8269143467099338,1.0,0.439830689514333,True,short cycle (<6mo); low R2 (0.44)
Mahihkan Battery 02-21,ABWI100080306604W400,3,2023-11-01,4,True,,,,,,True,too few data points to fit
Mahihkan Battery 02-21,ABWI100080306604W400,4,2024-03-01,10,False,exponential,63.5499999807114,6.942952473399577e-14,0.0,-2.859934511434403e-13,True,low R2 (-0.00)
Mahihkan Battery 02-21,ABWI100080306604W400,5,2025-01-01,15,False,exponential,289.9776920202625,0.04243520322224278,0.0,0.6065354598170838,False,
Mahihkan Battery 02-21,ABWI100080306604W400,6,2026-04-01,3,True,,,,,,True,too few data points to fit
Mahihkan Battery 02-21,ABWI100081606504W400,1,2022-10-01,4,True,,,,,,True,too few data points to fit
Mahihkan Battery 02-21,ABWI100081606504W400,2,2023-02-01,5,True,,,,,,True,too few data points to fit
Mahihkan Battery 02-21,ABWI100081606504W400,3,2023-07-01,4,True,,,,,,True,too few data points to fit
Mahihkan Battery 02-21,ABWI100081606504W400,4,2023-11-01,4,True,exponential,22.65000000017368,4.774913064094968e-17,0.0,-2.220446049250313e-16,True,short cycle (<6mo); low R2 (-0.00)
Mahihkan Battery 02-21,ABWI100081606504W400,5,2024-03-01,7,False,harmonic,32.03180023059502,0.41038303429822814,1.0,0.48180753405743104,True,low R2 (0.48)
Mahihkan Battery 02-21,ABWI100081606504W400,6,2024-10-01,6,False,exponential,31.02499996133623,2.206496470317935e-23,0.0,1.1102230246251565e-16,True,low R2 (0.00)
Mahihkan Battery 02-21,ABWI100081606504W400,7,2025-04-01,9,False,,,,,,True,too few data points to fit
Mahihkan Battery 02-21,ABWI100081606504W400,8,2026-01-01,4,True,exponential,6.624999945538217,4.169424040100967e-18,0.0,0.0,True,short cycle (<6mo); low R2 (0.00)
Mahihkan Battery 02-21,ABWI100081606504W400,9,2026-05-01,2,True,,,,,,True,too few data points to fit
Mahihkan Battery 02-21,ABWI100081606604W400,1,2022-11-01,14,False,exponential,79.28571428571429,1.3725476086918148e-23,0.0,0.0,True,low R2 (0.00)
Mahihkan Battery 02-21,ABWI100081606604W400,2,2024-01-01,7,False,harmonic,101.73798276846613,0.37466638614048053,1.0,0.7909493821904565,False,
Mahihkan Battery 02-21,ABWI100081606604W400,3,2024-08-01,19,False,exponential,55.95263157894737,3.68838357440623e-18,0.0,0.0,True,low R2 (0.00)
Mahihkan Battery 02-21,ABWI100081606604W400,4,2026-03-01,4,True,harmonic,117.87982301945894,0.06623232044376148,1.0,0.06933073264842249,True,short cycle (<6mo); low R2 (0.07)
Mahihkan Battery 02-21,ABWI100082806504W400,1,2023-05-01,6,False,harmonic,319.664799244931,0.06714907969901675,1.0,0.1577221372167401,True,low R2 (0.16)
Mahihkan Battery 02-21,ABWI100082806504W400,2,2023-11-01,6,False,harmonic,317.85857186985356,0.4944381701072202,1.0,0.2962540959937616,True,low R2 (0.30)
Mahihkan Battery 02-21,ABWI100082806504W400,3,2024-05-01,8,False,harmonic,340.7844944343888,1.034636420360966,1.0,0.5206662284148507,False,
Mahihkan Battery 02-21,ABWI100082806504W400,4,2025-01-01,4,True,exponential,252.6,1.2705468089629933e-23,0.0,0.0,True,short cycle (<6mo); low R2 (0.00)
Mahihkan Battery 02-21,ABWI100082806504W400,5,2025-05-01,14,False,harmonic,308.71178330762314,0.049852352405749735,1.0,0.4768792793607469,True,low R2 (0.48)
Mahihkan Battery 02-21,ABWI100083406504W400,1,2022-08-01,26,False,harmonic,303.7250453983072,0.03430896080781275,1.0,0.29029158050641746,True,low R2 (0.29)
Mahihkan Battery 02-21,ABWI100083406504W400,2,2024-10-01,12,False,harmonic,236.490941808754,0.08405781522571139,1.0,0.5302839787753204,False,
Mahihkan Battery 02-21,ABWI100083406504W400,3,2025-10-01,9,False,harmonic,190.0158875073029,0.017275186482779394,1.0,0.01767178781941381,True,low R2 (0.02)
Mahihkan Battery 02-21,ABWI100090306604W400,1,2023-03-01,2,True,,,,,,True,too few data points to fit
Mahihkan Battery 02-21,ABWI100090406604W400,1,2023-01-01,20,False,harmonic,619.97894079764,0.09976909583580079,1.0,0.2717939921435535,True,low R2 (0.27)
Mahihkan Battery 02-21,ABWI100090406604W400,2,2024-09-01,22,False,harmonic,548.3469237601453,0.03742613971728827,1.0,0.5201451368033232,False,
Mahihkan Battery 02-21,ABWI100090506604W400,1,2022-11-01,4,True,harmonic,118.49999972405492,5.414264590234742e-13,1.0,-3.752553823233029e-14,True,short cycle (<6mo); low R2 (-0.00)
Mahihkan Battery 02-21,ABWI100090506604W400,2,2023-03-01,18,False,harmonic,224.81459259984726,0.03593991275204354,1.0,0.05147034387989946,True,low R2 (0.05)
Mahihkan Battery 02-21,ABWI100090506604W400,3,2024-09-01,11,False,harmonic,198.50692870391111,0.0528735736815159,1.0,0.016657459960478738,True,low R2 (0.02)
Mahihkan Battery 02-21,ABWI100090506604W400,4,2025-08-01,5,True,harmonic,318.49559738725327,0.9777758219363576,1.0,0.97414551932179,True,short cycle (<6mo)
Mahihkan Battery 02-21,ABWI100090506604W400,5,2026-01-01,6,False,harmonic,235.82430687306524,0.4639586096731417,1.0,0.9850773330982557,False,
Mahihkan Battery 02-21,ABWI100090806604W400,1,2022-07-01,4,True,,,,,,True,too few data points to fit
Mahihkan Battery 02-21,ABWI100090806604W400,2,2022-11-01,7,False,harmonic,664.4571428571429,1.925916247426893e-19,1.0,0.0,True,low R2 (0.00)
Mahihkan Battery 02-21,ABWI100090806604W400,3,2023-06-01,6,False,harmonic,1277.5216648696955,0.3314790723627371,1.0,0.9353404659072854,False,
Mahihkan Battery 02-21,ABWI100090806604W400,4,2023-12-01,13,False,exponential,556.3461538461539,9.914945394051892e-22,0.0,-2.220446049250313e-16,True,low R2 (-0.00)
Mahihkan Battery 02-21,ABWI100090806604W400,5,2025-01-01,16,False,harmonic,1041.2240436408904,0.1349627870027621,1.0,0.9131722098039573,False,
Mahihkan Battery 02-21,ABWI100090806604W400,6,2026-05-01,2,True,,,,,,True,too few data points to fit
Mahihkan Battery 02-21,ABWI100090906604W400,1,2022-08-01,9,False,exponential,488.4628621077532,0.12907452594188673,0.0,0.7879466045843686,False,
Mahihkan Battery 02-21,ABWI100090906604W400,2,2023-05-01,6,False,exponential,189.3833333333348,9.656509449682823e-25,0.0,0.0,True,low R2 (0.00)
Mahihkan Battery 02-21,ABWI100090906604W400,3,2023-11-01,6,False,harmonic,323.38828277117267,0.8065185338804648,1.0,0.1993827031435299,True,low R2 (0.20)
Mahihkan Battery 02-21,ABWI100090906604W400,4,2024-05-01,17,False,harmonic,923.9911133725573,0.8461643545137587,1.0,0.9725501259989756,False,
Mahihkan Battery 02-21,ABWI100090906604W400,5,2025-10-01,7,False,,,,,,True,too few data points to fit
Mahihkan Battery 02-21,ABWI100090906604W400,6,2026-05-01,2,True,,,,,,True,too few data points to fit
Mahihkan Battery 02-21,ABWI100091606504W400,1,2022-05-01,27,False,exponential,300.4068774077671,0.020410014296620104,0.0,0.394108722175616,True,low R2 (0.39)
Mahihkan Battery 02-21,ABWI100091606504W400,2,2024-08-01,23,False,exponential,116.61304357845123,2.6100585124988762e-21,0.0,0.0,True,low R2 (0.00)
Mahihkan Battery 02-21,ABWI100091606604W400,1,2023-07-01,6,False,exponential,70.13333330470469,1.0839129694638406e-18,0.0,0.0,True,low R2 (0.00)
Mahihkan Battery 02-21,ABWI100091606604W400,2,2024-01-01,7,False,harmonic,93.54104474189164,0.05338985940800774,1.0,0.1774583535490818,True,low R2 (0.18)
Mahihkan Battery 02-21,ABWI100091606604W400,3,2024-08-01,23,False,harmonic,143.40435934195204,0.07719324107737476,1.0,0.5780281296582626,False,
Mahihkan Battery 02-21,ABWI100092206504W400,1,2022-05-01,5,True,harmonic,419.84801736780435,0.5487847624890073,1.0,0.9122083958037385,True,short cycle (<6mo)
Mahihkan Battery 02-21,ABWI100092206504W400,2,2022-10-01,7,False,harmonic,219.88181265395232,1.0182292001869666,1.0,0.774610095376724,False,
Mahihkan Battery 02-21,ABWI100092206504W400,3,2023-05-01,9,False,harmonic,138.19547927142068,1.3970994652441908,1.0,0.9464622717825181,False,
Mahihkan Battery 02-21,ABWI100092206504W400,4,2024-02-01,12,False,exponential,17.154545454545474,1.8759056276591225e-16,0.0,-1.5543122344752192e-15,True,low R2 (-0.00)
Mahihkan Battery 02-21,ABWI100092206504W400,5,2025-02-01,8,False,exponential,109.10000007397318,2.5716623084893196e-17,0.0,-2.220446049250313e-16,True,low R2 (-0.00)
Mahihkan Battery 02-21,ABWI100092206504W400,6,2025-10-01,4,True,,,,,,True,too few data points to fit
Mahihkan Battery 02-21,ABWI100092206504W400,7,2026-02-01,5,True,harmonic,212.0382212173547,3.4089672665593165,1.0,0.9603689742758171,True,short cycle (<6mo); very high Di (3.41/month)
Mahihkan Battery 02-21,ABWI100092706504W400,1,2022-05-01,31,False,exponential,245.5893218584817,0.021145916902636296,0.0,0.4033610089755938,True,low R2 (0.40)
Mahihkan Battery 02-21,ABWI100092706504W400,2,2024-12-01,9,False,exponential,101.56666675030401,2.1436767055612563e-23,0.0,-2.220446049250313e-16,True,low R2 (-0.00)
Mahihkan Battery 02-21,ABWI100092706504W400,3,2025-09-01,10,False,harmonic,195.98670039768106,0.142713574818032,1.0,0.5158350915684098,False,
Mahihkan Battery 02-21,ABWI100092806504W400,1,2022-05-01,8,False,harmonic,680.1458317878211,0.19099292469006798,1.0,0.23415518199288943,True,low R2 (0.23)
Mahihkan Battery 02-21,ABWI100092806504W400,2,2023-01-01,7,False,harmonic,1031.2460017378826,1.2446788951625485,1.0,0.8179875380350081,False,
Mahihkan Battery 02-21,ABWI100092806504W400,3,2023-08-01,12,False,exponential,283.4583333333333,2.9489764130013088e-21,0.0,0.0,True,low R2 (0.00)
Mahihkan Battery 02-21,ABWI100092806504W400,4,2024-08-01,8,False,harmonic,782.8126393995708,0.06301931257593149,1.0,0.6078096687374788,False,
Mahihkan Battery 02-21,ABWI100092806504W400,5,2025-04-01,15,False,exponential,986.4416777452706,0.04401416119649774,0.0,0.4678217913522479,True,low R2 (0.47)
Mahihkan Battery 02-21,ABWI100093306504W400,1,2023-06-01,4,True,harmonic,641.6091143586424,3.0059167820065618,1.0,0.9944006279621999,True,short cycle (<6mo); very high Di (3.01/month)
Mahihkan Battery 02-21,ABWI100093306504W400,2,2023-10-01,7,False,exponential,226.19999863242975,2.027883192540703e-15,0.0,-7.105427357601002e-15,True,low R2 (-0.00)
Mahihkan Battery 02-21,ABWI100093306504W400,3,2024-05-01,11,False,exponential,538.645454200223,4.5354386915549754e-18,0.0,0.0,True,low R2 (0.00)
Mahihkan Battery 02-21,ABWI100093306504W400,4,2025-04-01,6,False,harmonic,926.490128521406,0.3040055960089047,1.0,0.8801740345258816,False,
Mahihkan Battery 02-21,ABWI100093306504W400,5,2025-10-01,9,False,harmonic,672.0386782706628,0.11574613317030945,1.0,0.7688991653375136,False,
Mahihkan Battery 02-21,ABWI100093406504W400,1,2022-07-01,8,False,exponential,10.250000000148068,3.7437157007017344e-17,0.0,3.3306690738754696e-16,True,low R2 (0.00)
Mahihkan Battery 02-21,ABWI100093406504W400,2,2023-03-01,8,False,harmonic,41.07057891546376,0.12752939828364984,1.0,0.04653814149893809,True,low R2 (0.05)
Mahihkan Battery 02-21,ABWI100093406504W400,3,2023-11-01,5,True,exponential,68.00284193799911,0.23753077393886873,0.0,0.7826670697354012,True,short cycle (<6mo)
Mahihkan Battery 02-21,ABWI100093406504W400,4,2024-04-01,27,False,exponential,102.01923076020637,1.6821891407743387e-21,0.0,2.220446049250313e-16,True,low R2 (0.00)
Mahihkan Battery 02-21,ABWI100100406604W400,1,2023-10-01,14,False,harmonic,3665.498140931525,0.25649091328251594,1.0,0.6791001795532682,False,
Mahihkan Battery 02-21,ABWI100100406604W400,2,2024-12-01,4,True,exponential,1046.6259410950804,0.3235023716882733,0.0,0.8859844192959508,True,short cycle (<6mo)
Mahihkan Battery 02-21,ABWI100100406604W400,3,2025-04-01,8,False,exponential,307.3200000003872,1.6576178610270708e-19,0.0,0.0,True,low R2 (0.00)
Mahihkan Battery 02-21,ABWI100100406604W400,4,2025-12-01,7,False,harmonic,1246.0647091295073,1.2802791735834531,1.0,0.284481922065714,True,low R2 (0.28)
Mahihkan Battery 02-21,ABWI100100906604W400,1,2022-08-01,5,True,harmonic,363.26376128748126,0.48551613059575394,1.0,0.780059417741872,True,short cycle (<6mo)
Mahihkan Battery 02-21,ABWI100100906604W400,2,2023-01-01,10,False,harmonic,150.01986037926073,0.03725300554803788,1.0,0.043669536844679,True,low R2 (0.04)
Mahihkan Battery 02-21,ABWI100100906604W400,3,2023-11-01,6,False,harmonic,236.5590266314337,0.8486098413788892,1.0,0.4090658279710062,True,low R2 (0.41)
Mahihkan Battery 02-21,ABWI100100906604W400,4,2024-05-01,12,False,harmonic,334.13046299667377,0.2637935614522481,1.0,0.7705089819312116,False,
Mahihkan Battery 02-21,ABWI100100906604W400,5,2025-05-01,12,False,harmonic,90.32674140111268,0.006410744208635064,1.0,0.002027061612923098,True,low R2 (0.00)
Mahihkan Battery 02-21,ABWI100100906604W400,6,2026-05-01,2,True,,,,,,True,too few data points to fit
Mahihkan Battery 02-21,ABWI100101506504W400,1,2022-09-01,12,False,exponential,43.891666666666666,2.9677210043703516e-23,0.0,0.0,True,low R2 (0.00)
Mahihkan Battery 02-21,ABWI100101506504W400,2,2023-09-01,14,False,exponential,64.68571435844902,7.158381212966922e-18,0.0,-2.220446049250313e-16,True,low R2 (-0.00)
Mahihkan Battery 02-21,ABWI100101506504W400,3,2024-11-01,20,False,hyperbolic,420.7675265108174,0.25809653157949825,1.9999999999999998,0.9589025159400683,True,b pinned at bound (2.000)
Mahihkan Battery 02-21,ABWI100101606504W400,1,2022-05-01,4,True,harmonic,51.183705384680906,2.117416744458334,1.0,0.7995569945317438,True,short cycle (<6mo); very high Di (2.12/month)
Mahihkan Battery 02-21,ABWI100101606504W400,2,2022-09-01,10,False,exponential,68.35900864026164,0.7749546027279718,0.0,0.8633727503738415,False,
Mahihkan Battery 02-21,ABWI100101606504W400,3,2023-07-01,17,False,exponential,38.49999968045723,7.972447600690958e-18,0.0,0.0,True,low R2 (0.00)
Mahihkan Battery 02-21,ABWI100101606504W400,4,2024-12-01,3,True,,,,,,True,too few data points to fit
Mahihkan Battery 02-21,ABWI100101606604W400,1,2024-07-01,12,False,harmonic,311.53463375174385,0.04494698231332009,1.0,0.12926221881437572,True,low R2 (0.13)
Mahihkan Battery 02-21,ABWI100101606604W400,2,2025-07-01,12,False,exponential,262.6333333333334,3.568165785734365e-27,0.0,1.1102230246251565e-16,True,low R2 (0.00)
Mahihkan Battery 02-21,ABWI100102006604W400,1,2023-02-01,10,False,exponential,721.222365331162,0.07434568160853114,0.0,0.41252845672275096,True,low R2 (0.41)
Mahihkan Battery 02-21,ABWI100102006604W400,2,2023-12-01,12,False,exponential,477.41250000003475,4.6613525832245433e-23,0.0,0.0,True,low R2 (0.00)
Mahihkan Battery 02-21,ABWI100102006604W400,3,2024-12-01,19,False,exponential,1295.1312641408315,0.04128197286743148,0.0,0.6339658938979909,False,
Mahihkan Battery 02-21,ABWI100102106604W400,1,2022-09-01,27,False,harmonic,295.3901502682684,1.828291041012523,1.0,0.9196507975521756,False,
Mahihkan Battery 02-21,ABWI100102106604W400,2,2024-12-01,19,False,harmonic,444.7082452178232,0.24810361685922133,1.0,0.9150934886497873,False,
Mahihkan Battery 02-21,ABWI100102206504W400,1,2022-10-01,4,True,,,,,,True,too few data points to fit
Mahihkan Battery 02-21,ABWI100102206504W400,2,2023-02-01,4,True,exponential,12.5,7.013864771885273e-21,0.0,0.0,True,short cycle (<6mo); low R2 (0.00)
Mahihkan Battery 02-21,ABWI100102206504W400,3,2023-06-01,2,True,,,,,,True,too few data points to fit
Mahihkan Battery 02-21,ABWI100102706504W400,1,2023-09-01,8,False,harmonic,46.0683207546135,0.06794482460053618,1.0,0.016233942641301513,True,low R2 (0.02)
Mahihkan Battery 02-21,ABWI100102706504W400,2,2024-05-01,10,False,harmonic,117.65014066641658,0.11473785985633272,1.0,0.7204732086710732,False,
Mahihkan Battery 02-21,ABWI100102706504W400,3,2025-03-01,6,False,harmonic,67.97452251464105,0.0006363089339546627,1.0,2.576492518557849e-06,True,low R2 (0.00)
Mahihkan Battery 02-21,ABWI100102706504W400,4,2025-09-01,5,True,harmonic,101.16804855753831,1.2061324582171917,1.0,0.7364151849047986,True,short cycle (<6mo)
Mahihkan Battery 02-21,ABWI100102806504W400,1,2023-03-01,8,False,exponential,188.0124998730308,2.1016218768575096e-17,0.0,-2.220446049250313e-16,True,low R2 (-0.00)
Mahihkan Battery 02-21,ABWI100102806504W400,2,2023-11-01,20,False,exponential,261.1067498562073,0.20417038635927945,0.0,0.8730256826180814,False,
Mahihkan Battery 02-21,ABWI100102806504W400,3,2025-07-01,5,True,exponential,122.95578586400111,0.3846185288664616,0.0,0.8949254512665606,True,short cycle (<6mo)
Mahihkan Battery 02-21,ABWI100102806504W400,4,2025-12-01,5,True,harmonic,42.25537744332475,0.9186735812898491,1.0,0.6588815359083287,True,short cycle (<6mo)
Mahihkan Battery 02-21,ABWI100102806504W400,5,2026-05-01,2,True,,,,,,True,too few data points to fit
Mahihkan Battery 02-21,ABWI100102806604W400,1,2022-09-01,15,False,harmonic,309.42844774544,0.49077639093930536,1.0,0.7857750390619164,False,
Mahihkan Battery 02-21,ABWI100102806604W400,2,2023-12-01,8,False,exponential,113.2662291342435,0.2115280492025682,0.0,0.7794004578792457,False,
Mahihkan Battery 02-21,ABWI100102806604W400,3,2024-08-01,7,False,exponential,132.31428571428572,6.254761421619238e-18,0.0,0.0,True,low R2 (0.00)
Mahihkan Battery 02-21,ABWI100102806604W400,4,2025-03-01,4,True,exponential,335.54023740535604,0.5171858675894103,0.0,0.8554951723862055,True,short cycle (<6mo)
Mahihkan Battery 02-21,ABWI100102806604W400,5,2025-07-01,8,False,exponential,72.1,4.449807193704971e-22,0.0,0.0,True,low R2 (0.00)
Mahihkan Battery 02-21,ABWI100102806604W400,6,2026-03-01,4,True,harmonic,166.14279661156363,0.19513346800257206,1.0,0.38502799487922656,True,short cycle (<6mo); low R2 (0.39)
Mahihkan Battery 02-21,ABWI100102906504W400,1,2022-08-01,10,False,harmonic,84.1098794520088,0.42712573956174343,1.0,0.828678135160818,False,
Mahihkan Battery 02-21,ABWI100103406504W400,1,2022-10-01,5,True,harmonic,34.82006193023031,0.26831447812453263,1.0,0.4524917330558387,True,short cycle (<6mo); low R2 (0.45)
Mahihkan Battery 02-21,ABWI100103406504W400,2,2023-03-01,7,False,harmonic,30.627260971463844,1.664121456877031,1.0,0.18007410024704507,True,low R2 (0.18)
Mahihkan Battery 02-21,ABWI100103406504W400,3,2023-10-01,4,True,exponential,52.75000000000001,1.6003833453708029e-16,0.0,-2.220446049250313e-16,True,short cycle (<6mo); low R2 (-0.00)
Mahihkan Battery 02-21,ABWI100103406504W400,4,2024-02-01,11,False,hyperbolic,250.54811183725042,2.9209182264809908,1.9999999999998905,0.5908155836649488,True,very high Di (2.92/month); b pinned at bound (2.000)
Mahihkan Battery 02-21,ABWI100103406504W400,5,2025-01-01,5,True,exponential,105.42185181783609,0.2925554724858204,0.0,0.86964338352602,True,short cycle (<6mo)
Mahihkan Battery 02-21,ABWI100103406504W400,6,2025-06-01,5,True,exponential,84.86854935440012,0.4385144826620722,0.0,0.6891435449112857,True,short cycle (<6mo)
Mahihkan Battery 02-21,ABWI100103406504W400,7,2025-11-01,8,False,,,,,,True,too few data points to fit
Mahihkan Battery 02-21,ABWI100110306604W400,1,2022-09-01,23,False,exponential,177.80434779491674,3.011707245330093e-17,0.0,0.0,True,low R2 (0.00)
Mahihkan Battery 02-21,ABWI100110306604W400,2,2024-08-01,12,False,harmonic,385.25724622717314,0.09519827092486635,1.0,0.21729146407858002,True,low R2 (0.22)
Mahihkan Battery 02-21,ABWI100110306604W400,3,2025-08-01,11,False,exponential,272.4000000000177,6.670383967772841e-20,0.0,0.0,True,low R2 (0.00)
Mahihkan Battery 02-21,ABWI100110406604W400,1,2023-03-01,4,True,exponential,1085.6598144601326,0.7179442115503569,0.0,0.7944753723483323,True,short cycle (<6mo)
Mahihkan Battery 02-21,ABWI100110406604W400,2,2023-07-01,8,False,exponential,86.25,2.8057883175061303e-20,0.0,0.0,True,low R2 (0.00)
Mahihkan Battery 02-21,ABWI100110406604W400,3,2024-03-01,7,False,harmonic,245.4281628866957,0.038362277322484845,1.0,0.1058723322189119,True,low R2 (0.11)
Mahihkan Battery 02-21,ABWI100110406604W400,4,2024-10-01,16,False,harmonic,258.7985690396237,0.02585163049613766,1.0,0.04578087101373307,True,low R2 (0.05)
Mahihkan Battery 02-21,ABWI100110406604W400,5,2026-02-01,5,True,exponential,365.3341479360611,0.6273841173008179,0.0,0.9869198260813332,True,short cycle (<6mo)
Mahihkan Battery 02-21,ABWI100111006604W400,1,2023-05-01,10,False,harmonic,244.5800000300762,3.3050465698822145e-16,1.0,-4.440892098500626e-16,True,low R2 (-0.00)
Mahihkan Battery 02-21,ABWI100111006604W400,2,2024-03-01,10,False,exponential,895.861341230634,0.14348326768015335,0.0,0.8837465968222394,False,
Mahihkan Battery 02-21,ABWI100111006604W400,3,2025-01-01,16,False,harmonic,338.46083269941636,0.16330198372075438,1.0,0.8564965647539182,False,
Mahihkan Battery 02-21,ABWI100111006604W400,4,2026-05-01,2,True,,,,,,True,too few data points to fit
Mahihkan Battery 02-21,ABWI100111506504W400,1,2022-05-01,15,False,harmonic,77.24865612036996,0.2890651969166935,1.0,0.4352644244221966,True,low R2 (0.44)
Mahihkan Battery 02-21,ABWI100111506504W400,2,2023-08-01,12,False,exponential,61.29999999771996,3.188047190297069e-18,0.0,0.0,True,low R2 (0.00)
Mahihkan Battery 02-21,ABWI100111506504W400,3,2024-08-01,5,True,exponential,156.81674094889954,0.15618550678692214,0.0,0.4490998745214987,True,short cycle (<6mo); low R2 (0.45)
Mahihkan Battery 02-21,ABWI100111506504W400,4,2025-01-01,9,False,exponential,161.44444444444446,1.3851537889729766e-21,0.0,0.0,True,low R2 (0.00)
Mahihkan Battery 02-21,ABWI100111506504W400,5,2025-10-01,9,False,hyperbolic,459.3682244047544,8.031985326509382,1.6942060056254657,0.9980935786006558,True,very high Di (8.03/month)
Mahihkan Battery 02-21,ABWI100111506604W400,1,2024-06-01,13,False,harmonic,976.1497630337104,0.19817805943595188,1.0,0.5348002826226356,False,
Mahihkan Battery 02-21,ABWI100111506604W400,2,2025-07-01,12,False,harmonic,1346.8722649663873,0.6678587603130017,1.0,0.8728520783475682,False,
Mahihkan Battery 02-21,ABWI100112106504W400,1,2023-07-01,13,False,harmonic,44.80093331455233,0.3110570652238224,1.0,0.3675024594971915,True,low R2 (0.37)
Mahihkan Battery 02-21,ABWI100112106504W400,2,2024-08-01,8,False,exponential,44.10282961288085,0.168071639622136,0.0,0.7383297315245897,False,
Mahihkan Battery 02-21,ABWI100112106504W400,3,2025-04-01,4,True,exponential,15.700000000000001,2.7688164479910116e-17,0.0,-2.220446049250313e-16,True,short cycle (<6mo); low R2 (-0.00)
Mahihkan Battery 02-21,ABWI100112106504W400,4,2025-08-01,4,True,exponential,31.946979597102978,0.7655720828992187,0.0,0.9190852056053844,True,short cycle (<6mo)
Mahihkan Battery 02-21,ABWI100112106504W400,5,2025-12-01,7,False,exponential,15.085714285717113,3.2304824897828384e-20,0.0,0.0,True,low R2 (0.00)
Mahihkan Battery 02-21,ABWI100112706504W400,1,2023-07-01,17,False,exponential,603.9823529411766,4.4217483894937824e-24,0.0,2.220446049250313e-16,True,low R2 (0.00)
Mahihkan Battery 02-21,ABWI100112706504W400,2,2024-12-01,19,False,exponential,759.3219279453721,0.034101454350805235,0.0,0.7746315532700747,False,
Mahihkan Battery 02-21,ABWI100112706604W400,1,2023-02-01,22,False,exponential,225.1318183082965,3.333763615225155e-17,0.0,4.440892098500626e-16,True,low R2 (0.00)
Mahihkan Battery 02-21,ABWI100112706604W400,2,2024-12-01,8,False,harmonic,820.3928792472379,0.907919470834269,1.0,0.8550725986502475,False,
Mahihkan Battery 02-21,ABWI100112706604W400,3,2025-08-01,5,True,harmonic,189.82184363503683,0.5602944830148551,1.0,0.03937567163126088,True,short cycle (<6mo); low R2 (0.04)
Mahihkan Battery 02-21,ABWI100112706604W400,4,2026-01-01,6,False,harmonic,349.2808467051271,0.1360182652104614,1.0,0.6338138398023996,False,
Mahihkan Battery 02-21,ABWI100112806604W400,1,2023-07-01,13,False,harmonic,522.5109576920634,0.6861025695136305,1.0,0.9082590502896386,False,
Mahihkan Battery 02-21,ABWI100112806604W400,2,2024-08-01,8,False,harmonic,209.4801929109413,0.07195791785921576,1.0,0.16424702324300655,True,low R2 (0.16)
Mahihkan Battery 02-21,ABWI100112806604W400,3,2025-04-01,4,True,exponential,366.99947662541524,0.44409116413160926,0.0,0.8584448631758629,True,short cycle (<6mo)
Mahihkan Battery 02-21,ABWI100112806604W400,4,2025-08-01,11,False,harmonic,82.13044140810426,0.08277743448219954,1.0,0.08685846865057611,True,low R2 (0.09)
Mahihkan Battery 02-21,ABWI100112906604W400,1,2022-08-01,10,False,exponential,1330.979604470211,0.1115697434782862,0.0,0.5465076258859777,False,
Mahihkan Battery 02-21,ABWI100112906604W400,2,2023-06-01,9,False,exponential,587.1100610198422,0.11897519737966826,0.0,0.5183275884501626,False,
Mahihkan Battery 02-21,ABWI100112906604W400,3,2024-03-01,12,False,harmonic,708.0437408960032,0.26519464225235007,1.0,0.8861442596825548,False,
Mahihkan Battery 02-21,ABWI100112906604W400,4,2025-03-01,4,True,harmonic,478.82127674639435,2.5521081198090316,1.0,0.9160676555625944,True,short cycle (<6mo); very high Di (2.55/month)
Mahihkan Battery 02-21,ABWI100112906604W400,5,2025-07-01,8,False,harmonic,339.3316766726635,0.333582313574028,1.0,0.16361060778298364,True,low R2 (0.16)
Mahihkan Battery 02-21,ABWI100112906604W400,6,2026-03-01,4,True,harmonic,611.2051577886227,0.22727911448002847,1.0,0.6189463834412424,True,short cycle (<6mo)
Mahihkan Battery 02-21,ABWI100113406504W400,1,2023-05-01,6,False,,,,,,True,too few data points to fit
Mahihkan Battery 02-21,ABWI100113406504W400,2,2023-11-01,21,False,,,,,,True,too few data points to fit
Mahihkan Battery 02-21,ABWI100113406504W400,3,2025-08-01,4,True,harmonic,80.29380257919979,0.2523426639527518,1.0,0.2854662818145596,True,short cycle (<6mo); low R2 (0.29)
Mahihkan Battery 02-21,ABWI100113406504W400,4,2025-12-01,5,True,harmonic,88.75348633817482,0.4220163810206462,1.0,0.9480764696116382,True,short cycle (<6mo)
Mahihkan Battery 02-21,ABWI100113406504W400,5,2026-05-01,2,True,,,,,,True,too few data points to fit
Mahihkan Battery 02-21,ABWI100113506504W400,1,2023-12-01,17,False,exponential,689.2854023795404,0.0761749775476785,0.0,0.7925755350775019,False,
Mahihkan Battery 02-21,ABWI100113506504W400,2,2025-05-01,6,False,exponential,355.56666666666666,6.195197634573812e-23,0.0,0.0,True,low R2 (0.00)
Mahihkan Battery 02-21,ABWI100113506504W400,3,2025-11-01,8,False,exponential,644.8340642422863,0.20380669551590386,0.0,0.8128509273326286,False,
Mahihkan Battery 02-21,ABWI100120406604W400,1,2023-03-01,6,False,exponential,378.966764896624,0.3803739936100818,0.0,0.820533905617609,False,
Mahihkan Battery 02-21,ABWI100120406604W400,2,2023-09-01,12,False,exponential,109.64999989758763,2.6443276147200867e-21,0.0,0.0,True,low R2 (0.00)
Mahihkan Battery 02-21,ABWI100120406604W400,3,2024-09-01,10,False,harmonic,416.27165010255214,0.7227640976681307,1.0,0.8321388048652346,False,
Mahihkan Battery 02-21,ABWI100120406604W400,4,2025-07-01,7,False,exponential,243.90793638855212,0.5652116325304234,0.0,0.8219390153837971,False,
Mahihkan Battery 02-21,ABWI100120406604W400,5,2026-02-01,5,True,exponential,116.24117970124547,0.4192407181815272,0.0,0.8983451451263741,True,short cycle (<6mo)
Mahihkan Battery 02-21,ABWI100120906604W400,1,2022-09-01,5,True,exponential,2864.876545421772,0.614877812267114,0.0,0.8783795203735075,True,short cycle (<6mo)
Mahihkan Battery 02-21,ABWI100120906604W400,2,2023-02-01,9,False,harmonic,792.9224475641705,0.5235252035996628,1.0,0.5879665571045333,False,
Mahihkan Battery 02-21,ABWI100120906604W400,3,2023-11-01,7,False,harmonic,1427.2312675635374,0.9344599578088156,1.0,0.9399831373251673,False,
Mahihkan Battery 02-21,ABWI100120906604W400,4,2024-06-01,13,False,harmonic,459.1944899534353,0.030266060631410095,1.0,0.07807937504894213,True,low R2 (0.08)
Mahihkan Battery 02-21,ABWI100120906604W400,5,2025-07-01,12,False,exponential,1106.118347973525,0.16693475929291274,0.0,0.778042237195625,False,
Mahihkan Battery 02-21,ABWI100121006604W400,1,2022-08-01,14,False,exponential,624.6213117176275,0.11482992353336018,0.0,0.8335373148698856,False,
Mahihkan Battery 02-21,ABWI100121006604W400,2,2023-10-01,8,False,exponential,162.6375,3.8239845452108446e-21,0.0,0.0,True,low R2 (0.00)
Mahihkan Battery 02-21,ABWI100121006604W400,3,2024-06-01,23,False,hyperbolic,513.5544681132362,0.28979230688630214,0.5544144862568133,0.9356580947120892,False,
Mahihkan Battery 02-21,ABWI100121006604W400,4,2026-05-01,2,True,,,,,,True,too few data points to fit
Mahihkan Battery 02-21,ABWI100121506504W400,1,2023-07-01,8,False,harmonic,392.5856637028234,0.75558375741978,1.0,0.5500512608014315,False,
Mahihkan Battery 02-21,ABWI100121506504W400,2,2024-03-01,15,False,exponential,137.04666666666668,6.281928363041266e-22,0.0,-4.440892098500626e-16,True,low R2 (-0.00)
Mahihkan Battery 02-21,ABWI100121506504W400,3,2025-06-01,13,False,exponential,281.4814515542063,0.03039609976141316,0.0,0.6490311130499987,False,
Mahihkan Battery 02-21,ABWI100121506604W400,1,2022-11-01,19,False,exponential,108.58421052631579,1.2190147782691737e-19,0.0,0.0,True,low R2 (0.00)
Mahihkan Battery 02-21,ABWI100121506604W400,2,2024-06-01,7,False,exponential,256.9867691896858,0.11203335022563461,0.0,0.8892819573860833,False,
Mahihkan Battery 02-21,ABWI100121506604W400,3,2025-01-01,18,False,harmonic,195.4373118672442,0.05549560604330832,1.0,0.6164920998029781,False,
Mahihkan Battery 02-21,ABWI100121606604W400,1,2024-01-01,6,False,harmonic,361.3000005097072,4.1205732139859075e-17,1.0,0.0,True,low R2 (0.00)
Mahihkan Battery 02-21,ABWI100121606604W400,2,2024-07-01,17,False,harmonic,488.6719635119997,0.031856093460917716,1.0,0.2229420118841714,True,low R2 (0.22)
Mahihkan Battery 02-21,ABWI100121606604W400,3,2025-12-01,7,False,harmonic,488.3157273802442,0.2241899103702085,1.0,0.41349157671046355,True,low R2 (0.41)
Mahihkan Battery 02-21,ABWI100122206504W400,1,2024-01-01,5,True,exponential,224.31064805288688,0.4073678118173801,0.0,0.8317696493047951,True,short cycle (<6mo)
Mahihkan Battery 02-21,ABWI100122206504W400,2,2024-06-01,11,False,harmonic,53.54949432005977,1.963922697059505,1.0,0.934796892298014,False,
Mahihkan Battery 02-21,ABWI100122206504W400,3,2025-05-01,4,True,exponential,16.425,2.8451093924009206e-18,0.0,0.0,True,short cycle (<6mo); low R2 (0.00)
Mahihkan Battery 02-21,ABWI100122206504W400,4,2025-09-01,10,False,exponential,42.72,2.109855917331218e-22,0.0,0.0,True,low R2 (0.00)
Mahihkan Battery 02-21,ABWI100122706504W400,1,2023-10-01,19,False,hyperbolic,415.04033806251414,0.519253404747578,1.999999999999973,0.4628154615532126,True,low R2 (0.46); b pinned at bound (2.000)
Mahihkan Battery 02-21,ABWI100122706504W400,2,2025-05-01,7,False,exponential,193.34285714287546,5.459821183182423e-23,0.0,1.1102230246251565e-16,True,low R2 (0.00)
Mahihkan Battery 02-21,ABWI100122706504W400,3,2025-12-01,4,True,harmonic,368.57500000029626,3.9956851593397007e-19,1.0,0.0,True,short cycle (<6mo); low R2 (0.00)
Mahihkan Battery 02-21,ABWI100122706504W400,4,2026-04-01,3,True,,,,,,True,too few data points to fit
Mahihkan Battery 02-21,ABWI100122806504W400,1,2024-06-01,19,False,exponential,245.43988897490448,0.0402009377690448,0.0,0.5476403767511054,False,
Mahihkan Battery 02-21,ABWI100122806504W400,2,2026-01-01,6,False,exponential,205.23438793241706,0.07873951966943664,0.0,0.6480857420588916,False,
Mahihkan Battery 02-21,ABWI100122806604W400,1,2022-12-01,7,False,exponential,175.08333302096958,1.7224730345024733e-17,0.0,-6.661338147750939e-16,True,low R2 (-0.00)
Mahihkan Battery 02-21,ABWI100122806604W400,2,2023-07-01,8,False,exponential,387.1900772040371,0.22395222232430784,0.0,0.8468583200785371,False,
Mahihkan Battery 02-21,ABWI100122806604W400,3,2024-03-01,5,True,harmonic,173.27519592431392,0.5127853313413391,1.0,0.9423362771012753,True,short cycle (<6mo)
Mahihkan Battery 02-21,ABWI100122806604W400,4,2024-08-01,9,False,harmonic,183.94092158380178,0.049543275107826384,1.0,0.3530161938906017,True,low R2 (0.35)
Mahihkan Battery 02-21,ABWI100122806604W400,5,2025-05-01,10,False,exponential,257.53555126592954,0.33642951276456545,0.0,0.8614258366601953,False,
Mahihkan Battery 02-21,ABWI100122806604W400,6,2026-03-01,4,True,harmonic,73.23025168862067,0.33447638781977446,1.0,0.4306984697613754,True,short cycle (<6mo); low R2 (0.43)
Mahihkan Battery 02-21,ABWI100123406504W400,1,2024-11-01,6,False,exponential,135.4434278441033,0.0850083258976082,0.0,0.7276933250775117,False,
Mahihkan Battery 02-21,ABWI100123406504W400,2,2025-05-01,6,False,exponential,138.63333333428736,2.913851655272654e-17,0.0,-6.661338147750939e-16,True,low R2 (-0.00)
Mahihkan Battery 02-21,ABWI100123406504W400,3,2025-11-01,8,False,harmonic,191.2575701038578,0.08485922114862224,1.0,0.5184879449680806,False,
Mahihkan Battery 02-21,ABWI100123506504W400,1,2023-03-01,12,False,exponential,186.08333333333334,1.0210035148225994e-20,0.0,-2.220446049250313e-16,True,low R2 (-0.00)
Mahihkan Battery 02-21,ABWI100123506504W400,2,2024-03-01,28,False,exponential,228.76785714285714,1.8504809318732353e-21,0.0,0.0,True,low R2 (0.00)
Mahihkan Battery 02-21,ABWI100130306604W400,1,2022-06-01,9,False,exponential,493.94444436827877,5.916931075456898e-18,0.0,1.1102230246251565e-16,True,low R2 (0.00)
Mahihkan Battery 02-21,ABWI100130306604W400,2,2023-03-01,10,False,harmonic,591.6097391303966,0.28211658670376893,1.0,0.7506782735319075,False,
Mahihkan Battery 02-21,ABWI100130306604W400,3,2024-01-01,6,False,exponential,610.4833333333338,3.1537545459905596e-16,0.0,-1.3322676295501878e-15,True,low R2 (-0.00)
Mahihkan Battery 02-21,ABWI100130306604W400,4,2024-07-01,24,False,exponential,1119.1961946049312,0.05619308279875447,0.0,0.7833842547043512,False,
Mahihkan Battery 02-21,ABWI100130406604W400,1,2022-12-01,11,False,harmonic,278.7841858323393,0.3425812271370847,1.0,0.7804501266862678,False,
Mahihkan Battery 02-21,ABWI100130406604W400,2,2023-11-01,20,False,harmonic,195.44777975220853,0.10836564617764334,1.0,0.7948893874822516,False,
Mahihkan Battery 02-21,ABWI100130406604W400,3,2025-07-01,12,False,exponential,135.7333333365121,2.047235014276616e-18,0.0,1.1102230246251565e-16,True,low R2 (0.00)
Mahihkan Battery 02-21,ABWI100130906604W400,1,2023-01-01,16,False,exponential,658.3000000014664,5.110005169274362e-22,0.0,0.0,True,low R2 (0.00)
Mahihkan Battery 02-21,ABWI100130906604W400,2,2024-05-01,8,False,exponential,1463.7340930051544,0.14863254181591004,0.0,0.852000481003927,False,
Mahihkan Battery 02-21,ABWI100130906604W400,3,2025-01-01,4,True,exponential,787.177838036399,0.2572208462243873,0.0,0.6834356447643258,True,short cycle (<6mo)
Mahihkan Battery 02-21,ABWI100130906604W400,4,2025-05-01,14,False,exponential,826.4373522519479,0.1313723536750699,0.0,0.7656365277347437,False,
Mahihkan Battery 02-21,ABWI100131006504W400,1,2022-07-01,44,False,exponential,323.43792403742896,0.009619922906662434,0.0,0.29434844179018327,True,low R2 (0.29)
Mahihkan Battery 02-21,ABWI100131006504W400,2,2026-03-01,4,True,exponential,354.4585670582044,0.39453094346401923,0.0,0.6761056640812437,True,short cycle (<6mo)
Mahihkan Battery 02-21,ABWI100131006604W400,1,2022-07-01,4,True,harmonic,51.54257221888628,0.2745312489929435,1.0,0.029480998251327772,True,short cycle (<6mo); low R2 (0.03)
Mahihkan Battery 02-21,ABWI100131006604W400,2,2022-11-01,8,False,exponential,92.8875,9.334270649869645e-21,0.0,0.0,True,low R2 (0.00)
Mahihkan Battery 02-21,ABWI100131006604W400,3,2023-07-01,6,False,harmonic,184.4957204623352,0.2244723273895206,1.0,0.2797794472509765,True,low R2 (0.28)
Mahihkan Battery 02-21,ABWI100131006604W400,4,2024-01-01,4,True,exponential,293.60059427217914,0.23591727092622128,0.0,0.5323792561832956,True,short cycle (<6mo)
Mahihkan Battery 02-21,ABWI100131006604W400,5,2024-05-01,6,False,harmonic,186.4927166078507,0.40738025278215695,1.0,0.3673588737483412,True,low R2 (0.37)
Mahihkan Battery 02-21,ABWI100131006604W400,6,2024-11-01,9,False,harmonic,111.58445379874375,0.07443614199535974,1.0,0.24208794286216917,True,low R2 (0.24)
Mahihkan Battery 02-21,ABWI100131006604W400,7,2025-08-01,11,False,harmonic,87.97484230852669,0.0600796426586516,1.0,0.42868959525996153,True,low R2 (0.43)
Mahihkan Battery 02-21,ABWI100131506504W400,1,2022-09-01,5,True,exponential,147.94,1.2721396885337808e-17,0.0,0.0,True,short cycle (<6mo); low R2 (0.00)
Mahihkan Battery 02-21,ABWI100131506504W400,2,2023-02-01,5,True,harmonic,242.97817369643673,0.14347872987830426,1.0,0.14988607340065174,True,short cycle (<6mo); low R2 (0.15)
Mahihkan Battery 02-21,ABWI100131506504W400,3,2023-07-01,16,False,exponential,212.11360217822192,0.1189801536613118,0.0,0.8732660480167266,False,
Mahihkan Battery 02-21,ABWI100131506504W400,4,2024-11-01,7,False,harmonic,246.8862020816566,0.6954747794505135,1.0,0.36296593500330265,True,low R2 (0.36)
Mahihkan Battery 02-21,ABWI100131506504W400,5,2025-06-01,10,False,exponential,175.06650356827203,0.1683881933708627,0.0,0.816216303472661,False,
Mahihkan Battery 02-21,ABWI100131506504W400,6,2026-04-01,3,True,,,,,,True,too few data points to fit
Mahihkan Battery 02-21,ABWI100132206504W400,1,2022-06-01,8,False,exponential,110.83806487993141,0.22016314551530589,0.0,0.9365468847819086,False,
Mahihkan Battery 02-21,ABWI100132206504W400,2,2023-02-01,5,True,exponential,77.8644385342966,0.274578216997651,0.0,0.8892959409867328,True,short cycle (<6mo)
Mahihkan Battery 02-21,ABWI100132206504W400,3,2023-07-01,17,False,harmonic,36.07508185486181,0.6265785588374795,1.0,0.6462533317448542,False,
Mahihkan Battery 02-21,ABWI100132206504W400,4,2024-12-01,8,False,harmonic,11.085714263856323,4.3751259211343154e-23,1.0,0.0,True,low R2 (0.00)
Mahihkan Battery 02-21,ABWI100132206504W400,5,2025-08-01,11,False,exponential,37.26000000002288,3.6210254598337866e-20,0.0,1.1102230246251565e-16,True,low R2 (0.00)
Mahihkan Battery 02-21,ABWI100132606504W400,1,2022-06-01,4,True,harmonic,22.042773091783342,0.13626382106346216,1.0,0.17511363945903402,True,short cycle (<6mo); low R2 (0.18)
Mahihkan Battery 02-21,ABWI100132606504W400,2,2022-10-01,4,True,exponential,36.68407333908688,0.549958835036818,0.0,0.8350237149472792,True,short cycle (<6mo)
Mahihkan Battery 02-21,ABWI100132606504W400,3,2023-02-01,4,True,,,,,,True,too few data points to fit
Mahihkan Battery 02-21,ABWI100132606504W400,4,2023-06-01,4,True,,,,,,True,too few data points to fit
Mahihkan Battery 02-21,ABWI100132606504W400,5,2023-10-01,14,False,exponential,15.174999976187594,2.5991785704398286e-17,0.0,-2.220446049250313e-16,True,low R2 (-0.00)
Mahihkan Battery 02-21,ABWI100132606504W400,6,2024-12-01,6,False,harmonic,55.84482304159774,5.0588825740359376,1.0,0.9379985296715723,True,very high Di (5.06/month)
Mahihkan Battery 02-21,ABWI100132606504W400,7,2025-06-01,10,False,harmonic,14.00048540257034,1.293294841627098,1.0,0.6387880239864079,False,
Mahihkan Battery 02-21,ABWI100132606504W400,8,2026-04-01,3,True,,,,,,True,too few data points to fit
Mahihkan Battery 02-21,ABWI100132806604W400,1,2022-11-01,13,False,harmonic,260.17974013943353,0.012879470118724685,1.0,0.010723310968693944,True,low R2 (0.01)
Mahihkan Battery 02-21,ABWI100132806604W400,2,2023-12-01,19,False,exponential,395.7562249974813,0.13520474944493835,0.0,0.8707129176875639,False,
Mahihkan Battery 02-21,ABWI100132806604W400,3,2025-07-01,12,False,exponential,216.83333334665033,1.2808198729522467e-16,0.0,-8.881784197001252e-16,True,low R2 (-0.00)
Mahihkan Battery 02-21,ABWI100133406504W400,1,2024-02-01,14,False,exponential,222.48571448843575,3.396012545508147e-18,0.0,0.0,True,low R2 (0.00)
Mahihkan Battery 02-21,ABWI100133406504W400,2,2025-04-01,15,False,harmonic,332.759414419908,0.13990043945502734,1.0,0.8043891999157053,False,
Mahihkan Battery 02-21,ABWI100133506504W400,1,2022-05-01,4,True,harmonic,121.85457707801346,0.33483224150984925,1.0,0.4780639056661816,True,short cycle (<6mo); low R2 (0.48)
Mahihkan Battery 02-21,ABWI100133506504W400,2,2022-09-01,10,False,exponential,96.32523271556217,0.10803652958723016,0.0,0.7125409750048847,False,
Mahihkan Battery 02-21,ABWI100133506504W400,3,2023-07-01,6,False,harmonic,42.42681790200352,0.11792387533753083,1.0,0.014357817398029882,True,low R2 (0.01)
Mahihkan Battery 02-21,ABWI100133506504W400,4,2024-01-01,8,False,harmonic,60.62704496067535,0.1558534520370644,1.0,0.41496205811397446,True,low R2 (0.41)
Mahihkan Battery 02-21,ABWI100133506504W400,5,2024-09-01,7,False,exponential,58.68571428571429,1.9333004564181676e-21,0.0,0.0,True,low R2 (0.00)
Mahihkan Battery 02-21,ABWI100133506504W400,6,2025-04-01,8,False,exponential,251.70143243412267,0.2591948974260934,0.0,0.9103173539611865,False,
Mahihkan Battery 02-21,ABWI100133506504W400,7,2025-12-01,7,False,harmonic,65.46137032053025,0.1902158190756521,1.0,0.6017839693449636,False,
Mahihkan Battery 02-21,ABWI100141006504W400,1,2022-12-01,9,False,exponential,45.52222222235094,2.2972926068710813e-21,0.0,0.0,True,low R2 (0.00)
Mahihkan Battery 02-21,ABWI100141006504W400,2,2023-09-01,8,False,exponential,183.1,2.9796238800501986e-22,0.0,0.0,True,low R2 (0.00)
Mahihkan Battery 02-21,ABWI100141006504W400,3,2024-05-01,5,True,exponential,224.143130636242,0.17616981055826453,0.0,0.8005117110147373,True,short cycle (<6mo)
Mahihkan Battery 02-21,ABWI100141006504W400,4,2024-10-01,19,False,hyperbolic,161.44750434285805,0.740781722380196,1.9999999999999998,0.7395020545912679,True,b pinned at bound (2.000)
Mahihkan Battery 02-21,ABWI100141006504W400,5,2026-05-01,2,True,,,,,,True,too few data points to fit
Mahihkan Battery 02-21,ABWI100141506504W400,1,2022-06-01,6,False,harmonic,127.20089133560971,0.033195566758158594,1.0,0.02818391864421166,True,low R2 (0.03)
Mahihkan Battery 02-21,ABWI100141506504W400,2,2022-12-01,8,False,harmonic,128.70013866291495,0.07300604095798187,1.0,0.20791823126198605,True,low R2 (0.21)
Mahihkan Battery 02-21,ABWI100141506504W400,3,2023-08-01,6,False,harmonic,137.33254774368413,0.2153455533510292,1.0,0.12331273094396011,True,low R2 (0.12)
Mahihkan Battery 02-21,ABWI100141506504W400,4,2024-02-01,10,False,harmonic,148.46178142984718,0.03143769826273608,1.0,0.1500139626450283,True,low R2 (0.15)
Mahihkan Battery 02-21,ABWI100141506504W400,5,2024-12-01,19,False,harmonic,163.7822355284321,0.09659483887460006,1.0,0.4076368661821449,True,low R2 (0.41)
Mahihkan Battery 02-21,ABWI100141606604W400,1,2023-05-01,7,False,exponential,105.8714286625839,1.6997336947067834e-17,0.0,0.0,True,low R2 (0.00)
Mahihkan Battery 02-21,ABWI100141606604W400,2,2023-12-01,14,False,exponential,95.01538480759712,1.310075460873053e-19,0.0,-2.220446049250313e-16,True,low R2 (-0.00)
Mahihkan Battery 02-21,ABWI100141606604W400,3,2025-02-01,5,True,exponential,379.699383059103,0.25683412098226566,0.0,0.786579269493859,True,short cycle (<6mo)
Mahihkan Battery 02-21,ABWI100141606604W400,4,2025-07-01,6,False,harmonic,85.88333333333333,1.0780782917264038e-20,1.0,0.0,True,low R2 (0.00)
Mahihkan Battery 02-21,ABWI100141606604W400,5,2026-01-01,6,False,exponential,182.78134889219933,0.3714346828154298,0.0,0.7556333454591083,False,
Mahihkan Battery 02-21,ABWI100142106504W400,1,2023-01-01,12,False,harmonic,14.324193082352771,0.5368252682793785,1.0,0.2953238951580661,True,low R2 (0.30)
Mahihkan Battery 02-21,ABWI100142106504W400,2,2024-01-01,4,True,,,,,,True,too few data points to fit
Mahihkan Battery 02-21,ABWI100142106504W400,3,2024-05-01,14,False,exponential,460.40000000000003,1.6482049283484196e-19,0.0,2.220446049250313e-16,True,low R2 (0.00)
Mahihkan Battery 02-21,ABWI100142106504W400,4,2025-07-01,4,True,exponential,732.0828383438962,0.4890028804001598,0.0,0.956376805039088,True,short cycle (<6mo)
Mahihkan Battery 02-21,ABWI100142106604W400,1,2022-09-01,10,False,harmonic,87.31784105050893,0.45502098275883085,1.0,0.42211829372836585,True,low R2 (0.42)
Mahihkan Battery 02-21,ABWI100142106604W400,2,2023-07-01,5,True,exponential,71.26000009865992,7.677992944768832e-16,0.0,-3.1086244689504383e-15,True,short cycle (<6mo); low R2 (-0.00)
Mahihkan Battery 02-21,ABWI100142106604W400,3,2023-12-01,11,False,harmonic,159.96816587542733,0.2184096037610859,1.0,0.6925441576562827,False,
Mahihkan Battery 02-21,ABWI100142106604W400,4,2024-11-01,8,False,harmonic,584.9942497573016,0.46510040120938584,1.0,0.7184162506428291,False,
Mahihkan Battery 02-21,ABWI100142106604W400,5,2025-07-01,8,False,exponential,242.7948107656149,0.10636594253115211,0.0,0.4765015310793995,True,low R2 (0.48)
Mahihkan Battery 02-21,ABWI100142106604W400,6,2026-03-01,4,True,exponential,176.79399079670011,0.18852124084440813,0.0,0.8043858301050285,True,short cycle (<6mo)
Mahihkan Battery 02-21,ABWI100142206604W400,1,2023-04-01,15,False,exponential,108.50666716333836,1.3972549114725346e-20,0.0,1.1102230246251565e-16,True,low R2 (0.00)
Mahihkan Battery 02-21,ABWI100142206604W400,2,2024-07-01,14,False,harmonic,1781.8524547806796,0.6776911161189194,1.0,0.9115510869136506,False,
Mahihkan Battery 02-21,ABWI100142206604W400,3,2025-09-01,7,False,exponential,39.828571424399,2.4577207361880433e-13,0.0,-8.43769498715119e-14,True,low R2 (-0.00)
Mahihkan Battery 02-21,ABWI100142206604W400,4,2026-04-01,3,True,,,,,,True,too few data points to fit
Mahihkan Battery 02-21,ABWI100142606504W400,1,2022-11-01,9,False,exponential,210.84949590237946,0.15774583803671402,0.0,0.9166710456604269,False,
Mahihkan Battery 02-21,ABWI100142606504W400,2,2023-08-01,4,True,exponential,51.90000003675926,1.1112576438877336e-13,0.0,-2.9531932455029164e-14,True,short cycle (<6mo); low R2 (-0.00)
Mahihkan Battery 02-21,ABWI100142606504W400,3,2023-12-01,17,False,exponential,75.4470588235328,4.380603121238784e-21,0.0,-2.220446049250313e-16,True,low R2 (-0.00)
Mahihkan Battery 02-21,ABWI100142606504W400,4,2025-05-01,6,False,harmonic,118.65137147257929,0.22311107897629015,1.0,0.22376850133528448,True,low R2 (0.22)
Mahihkan Battery 02-21,ABWI100142606504W400,5,2025-11-01,8,False,exponential,143.4857142857143,8.669122083000987e-18,0.0,0.0,True,low R2 (0.00)
Mahihkan Battery 02-21,ABWI100142706504W400,1,2022-12-01,6,False,harmonic,166.51456960527878,0.032863809635006125,1.0,0.023095293098023273,True,low R2 (0.02)
Mahihkan Battery 02-21,ABWI100142706504W400,2,2023-06-01,5,True,harmonic,444.8409972861451,0.3462670553178067,1.0,0.6458364417361206,True,short cycle (<6mo)
Mahihkan Battery 02-21,ABWI100142706504W400,3,2023-11-01,4,True,harmonic,390.4706296690692,1.0480139092608252,1.0,0.877672548346265,True,short cycle (<6mo)
Mahihkan Battery 02-21,ABWI100142706504W400,4,2024-03-01,4,True,exponential,324.25000000048607,2.800526248631001e-18,0.0,2.220446049250313e-16,True,short cycle (<6mo); low R2 (0.00)
Mahihkan Battery 02-21,ABWI100142706504W400,5,2024-07-01,10,False,exponential,323.9300000024669,4.8682004701365925e-18,0.0,-2.220446049250313e-16,True,low R2 (-0.00)
Mahihkan Battery 02-21,ABWI100142706504W400,6,2025-05-01,14,False,harmonic,613.297276646726,0.05784698653668628,1.0,0.7726247951010291,False,
Mahihkan Battery 02-21,ABWI100142706604W400,1,2022-08-01,5,True,harmonic,690.5511111514892,1.328537647869034,1.0,0.9485700750370414,True,short cycle (<6mo)
Mahihkan Battery 02-21,ABWI100142706604W400,2,2023-01-01,24,False,exponential,104.79130431509984,1.1877260778872396e-16,0.0,0.0,True,low R2 (0.00)
Mahihkan Battery 02-21,ABWI100142706604W400,3,2025-01-01,5,True,harmonic,219.0416640455254,0.15884368970538393,1.0,0.23589650091438474,True,short cycle (<6mo); low R2 (0.24)
Mahihkan Battery 02-21,ABWI100142706604W400,4,2025-06-01,8,False,harmonic,186.83784331193738,0.5712531889126993,1.0,0.06823501378497165,True,low R2 (0.07)
Mahihkan Battery 02-21,ABWI100142706604W400,5,2026-02-01,5,True,exponential,245.12327698782477,0.27131230497096537,0.0,0.8556903837770273,True,short cycle (<6mo)
Mahihkan Battery 02-21,ABWI100142806604W400,1,2022-08-01,24,False,exponential,216.54583333333335,1.4963697653821048e-24,0.0,0.0,True,low R2 (0.00)
Mahihkan Battery 02-21,ABWI100142806604W400,2,2024-08-01,11,False,hyperbolic,452.52423869612267,7.691881158597184,1.9999999999999993,0.9861782006031473,True,very high Di (7.69/month); b pinned at bound (2.000)
Mahihkan Battery 02-21,ABWI100142806604W400,3,2025-07-01,12,False,exponential,182.86666666666667,1.7564823868652128e-21,0.0,0.0,True,low R2 (0.00)
Mahihkan Battery 02-21,ABWI100142906504W400,1,2022-09-01,6,False,exponential,421.23763716368154,1.0265755849484846,0.0,0.9981502800014506,False,
Mahihkan Battery 02-21,ABWI100142906504W400,2,2023-03-01,13,False,harmonic,241.209752416233,1.6139075920530588,1.0,0.8199192210233562,False,
Mahihkan Battery 02-21,ABWI100142906504W400,3,2024-04-01,4,True,harmonic,54.365753608121715,0.29897129574639286,1.0,0.11024181951479539,True,short cycle (<6mo); low R2 (0.11)
Mahihkan Battery 02-21,ABWI100142906504W400,4,2024-08-01,6,False,harmonic,65.496968235376,0.1135857116580202,1.0,0.6374723834770761,False,
Mahihkan Battery 02-21,ABWI100142906604W400,1,2022-09-01,4,True,exponential,1604.287050519437,0.38387007918232185,0.0,0.728766234234618,True,short cycle (<6mo)
Mahihkan Battery 02-21,ABWI100142906604W400,2,2023-01-01,19,False,hyperbolic,753.3848634797598,0.40573492363323044,1.9999999999999998,0.6387619730288023,True,b pinned at bound (2.000)
Mahihkan Battery 02-21,ABWI100142906604W400,3,2024-08-01,9,False,harmonic,296.2768136296274,0.025665468466662313,1.0,0.035410794195191664,True,low R2 (0.04)
Mahihkan Battery 02-21,ABWI100142906604W400,4,2025-05-01,14,False,exponential,530.5615384615385,2.3640635861809644e-21,0.0,0.0,True,low R2 (0.00)
Mahihkan Battery 02-21,ABWI100143406504W400,1,2022-05-01,22,False,harmonic,195.49428976729808,0.06789369779907065,1.0,0.4290235699891881,True,low R2 (0.43)
Mahihkan Battery 02-21,ABWI100143406504W400,2,2024-03-01,8,False,harmonic,229.61388478038484,0.13364886779709154,1.0,0.24743420471692013,True,low R2 (0.25)
Mahihkan Battery 02-21,ABWI100143406504W400,3,2024-11-01,9,False,exponential,221.3111111112814,8.953620085184767e-20,0.0,-2.220446049250313e-16,True,low R2 (-0.00)
Mahihkan Battery 02-21,ABWI100143406504W400,4,2025-08-01,11,False,harmonic,642.9818295723868,0.10070372691446511,1.0,0.32430990241958213,True,low R2 (0.32)
Mahihkan Battery 02-21,ABWI100150406604W400,1,2023-03-01,9,False,harmonic,1340.9269153003775,0.8008729942742928,1.0,0.1384875745812033,True,low R2 (0.14)
Mahihkan Battery 02-21,ABWI100150406604W400,2,2023-12-01,20,False,harmonic,1363.5509792211565,0.16700303896139618,1.0,0.48842546409752985,True,low R2 (0.49)
Mahihkan Battery 02-21,ABWI100150406604W400,3,2025-08-01,6,False,harmonic,1268.957143102435,0.39887031149833135,1.0,0.1336045512366819,True,low R2 (0.13)
Mahihkan Battery 02-21,ABWI100150406604W400,4,2026-02-01,5,True,harmonic,1884.984918743566,4.043696183086923,1.0,0.9990167877704321,True,short cycle (<6mo); very high Di (4.04/month)
Mahihkan Battery 02-21,ABWI100151006504W400,1,2022-09-01,7,False,harmonic,77.26381373445136,2.185100418041245,1.0,0.9909450548329027,True,very high Di (2.19/month)
Mahihkan Battery 02-21,ABWI100151006504W400,2,2023-04-01,5,True,exponential,19.33999994658322,4.633157207929833e-17,0.0,0.0,True,short cycle (<6mo); low R2 (0.00)
Mahihkan Battery 02-21,ABWI100151006504W400,3,2023-09-01,4,True,exponential,90.30000000000001,1.192143216671406e-16,0.0,0.0,True,short cycle (<6mo); low R2 (0.00)
Mahihkan Battery 02-21,ABWI100151006504W400,4,2024-01-01,30,False,harmonic,147.9750942603128,0.007542873280585136,1.0,0.013403387337215467,True,low R2 (0.01)
Mahihkan Battery 02-21,ABWI100151506504W400,1,2022-12-01,6,False,harmonic,18.905593590458626,0.26612620486992006,1.0,0.35550643528986825,True,low R2 (0.36)
Mahihkan Battery 02-21,ABWI100151506504W400,2,2023-06-01,6,False,harmonic,19.568202279741396,1.0792013403332712,1.0,0.9619147496196264,False,
Mahihkan Battery 02-21,ABWI100151506504W400,3,2023-12-01,5,True,exponential,9.740000004176393,2.419328380344576e-15,0.0,-5.773159728050814e-15,True,short cycle (<6mo); low R2 (-0.00)
Mahihkan Battery 02-21,ABWI100151506504W400,4,2024-05-01,7,False,harmonic,52.87749979587589,5.433055713608151,1.0,0.9857095047665305,True,very high Di (5.43/month)
Mahihkan Battery 02-21,ABWI100151506504W400,5,2024-12-01,13,False,harmonic,232.15280230426063,2.195914562420704,1.0,0.7507141717986223,True,very high Di (2.20/month)
Mahihkan Battery 02-21,ABWI100151506504W400,6,2026-01-01,6,False,exponential,188.06412989762075,0.4230909195054409,0.0,0.7895172495728119,False,
Mahihkan Battery 02-21,ABWI100151506604W400,1,2022-08-01,4,True,exponential,295.35000000031647,9.37611732426908e-19,0.0,0.0,True,short cycle (<6mo); low R2 (0.00)
Mahihkan Battery 02-21,ABWI100151506604W400,2,2022-12-01,10,False,harmonic,658.763264404826,0.126785691281059,1.0,0.20521539316840176,True,low R2 (0.21)
Mahihkan Battery 02-21,ABWI100151506604W400,3,2023-10-01,16,False,harmonic,1021.2690567121749,0.5746539416734485,1.0,0.8726740689868042,False,
Mahihkan Battery 02-21,ABWI100151506604W400,4,2025-02-01,8,False,exponential,250.2991786206881,0.15801295448616018,0.0,0.716109271889235,False,
Mahihkan Battery 02-21,ABWI100151506604W400,5,2025-10-01,9,False,harmonic,391.4197623799212,0.33499037592331715,1.0,0.8254017996297047,False,
Mahihkan Battery 02-21,ABWI100151606504W400,1,2022-06-01,4,True,,,,,,True,too few data points to fit
Mahihkan Battery 02-21,ABWI100151606504W400,2,2022-10-01,21,False,,,,,,True,too few data points to fit
Mahihkan Battery 02-21,ABWI100151606504W400,3,2024-07-01,4,True,,,,,,True,too few data points to fit
Mahihkan Battery 02-21,ABWI100151606504W400,4,2024-11-01,5,True,exponential,147.6184471017423,0.8406334678109549,0.0,0.9271332181731743,True,short cycle (<6mo)
Mahihkan Battery 02-21,ABWI100151606504W400,5,2025-04-01,6,False,exponential,30.550000000000022,2.1020777438479058e-16,0.0,-2.220446049250313e-16,True,low R2 (-0.00)
Mahihkan Battery 02-21,ABWI100151606504W400,6,2025-10-01,4,True,,,,,,True,too few data points to fit
Mahihkan Battery 02-21,ABWI100151606504W400,7,2026-02-01,2,True,,,,,,True,too few data points to fit
Mahihkan Battery 02-21,ABWI100152006604W400,1,2023-12-01,8,False,exponential,731.6302078267755,0.3839712646354443,0.0,0.8257894369080157,False,
Mahihkan Battery 02-21,ABWI100152006604W400,2,2024-08-01,7,False,exponential,337.95714317876923,8.105149506814643e-16,0.0,-4.6629367034256575e-15,True,low R2 (-0.00)
Mahihkan Battery 02-21,ABWI100152006604W400,3,2025-03-01,4,True,harmonic,683.3426858155696,0.8260252343975505,1.0,0.831750741489276,True,short cycle (<6mo)
Mahihkan Battery 02-21,ABWI100152006604W400,4,2025-07-01,12,False,harmonic,398.0066328993261,0.03569149597529898,1.0,0.24501328467077332,True,low R2 (0.25)
Mahihkan Battery 02-21,ABWI100152106504W400,1,2023-01-01,10,False,,,,,,True,too few data points to fit
Mahihkan Battery 02-21,ABWI100152106504W400,2,2023-11-01,4,True,,,,,,True,too few data points to fit
Mahihkan Battery 02-21,ABWI100152106504W400,3,2024-03-01,7,False,,,,,,True,too few data points to fit
Mahihkan Battery 02-21,ABWI100152106504W400,4,2024-10-01,4,True,harmonic,7.363636823529955,0.30280601327830636,1.0,0.16595574506477218,True,short cycle (<6mo); low R2 (0.17)
Mahihkan Battery 02-21,ABWI100152106504W400,5,2025-02-01,6,False,exponential,64.2500000000003,1.8632473328413493e-15,0.0,-6.217248937900877e-15,True,low R2 (-0.00)
Mahihkan Battery 02-21,ABWI100152106504W400,6,2025-08-01,6,False,exponential,169.39770760979562,0.5483384822261169,0.0,0.8858082261189406,False,
Mahihkan Battery 02-21,ABWI100152106504W400,7,2026-02-01,4,True,exponential,10.033229696289904,0.7515898587862426,0.0,0.9051373601980477,True,short cycle (<6mo)
Mahihkan Battery 02-21,ABWI100152106604W400,1,2022-09-01,15,False,exponential,80.08000000052294,3.889062351339085e-21,0.0,2.220446049250313e-16,True,low R2 (0.00)
Mahihkan Battery 02-21,ABWI100152106604W400,2,2023-12-01,7,False,exponential,216.47769149768533,0.34665067793785415,0.0,0.9174702555489176,False,
Mahihkan Battery 02-21,ABWI100152106604W400,3,2024-07-01,8,False,exponential,98.0875,1.1404516794609772e-21,0.0,0.0,True,low R2 (0.00)
Mahihkan Battery 02-21,ABWI100152106604W400,4,2025-03-01,13,False,exponential,245.84110530366615,0.09617140169332433,0.0,0.7011907317686975,False,
Mahihkan Battery 02-21,ABWI100152106604W400,5,2026-04-01,3,True,,,,,,True,too few data points to fit
Mahihkan Battery 02-21,ABWI100152706504W400,1,2024-03-01,15,False,exponential,363.37333333351125,5.128711636179147e-20,0.0,1.1102230246251565e-16,True,low R2 (0.00)
Mahihkan Battery 02-21,ABWI100152706504W400,2,2025-06-01,13,False,harmonic,542.0542043337429,0.06186680326290338,1.0,0.578912463340197,False,
Mahihkan Battery 02-21,ABWI100152806504W400,1,2023-06-01,8,False,harmonic,162.97727137151074,0.15027301021307563,1.0,0.5461574551696113,False,
Mahihkan Battery 02-21,ABWI100152806504W400,2,2024-02-01,6,False,exponential,211.93824065538521,0.3347378913719476,0.0,0.8618792253127935,False,
Mahihkan Battery 02-21,ABWI100152806504W400,3,2024-08-01,4,True,exponential,152.9285020628201,0.4466725021172617,0.0,0.8091008935871495,True,short cycle (<6mo)
Mahihkan Battery 02-21,ABWI100152806504W400,4,2024-12-01,11,False,exponential,20.7636363636609,5.527989872555064e-22,0.0,2.220446049250313e-16,True,low R2 (0.00)
Mahihkan Battery 02-21,ABWI100152806504W400,5,2025-11-01,8,False,hyperbolic,99.2128106586062,2.1828727813479367,1.999999999999983,0.9643099686696253,True,very high Di (2.18/month); b pinned at bound (2.000)
Mahihkan Battery 02-21,ABWI100152806604W400,1,2022-12-01,4,True,exponential,184.70542879891357,0.47605158269784104,0.0,0.9970121598916245,True,short cycle (<6mo)
Mahihkan Battery 02-21,ABWI100152806604W400,2,2023-04-01,6,False,harmonic,98.67638717808,0.2991854897512796,1.0,0.745992245796673,False,
Mahihkan Battery 02-21,ABWI100152806604W400,3,2023-10-01,7,False,harmonic,69.69572186146027,0.30715393106593786,1.0,0.5594669930934406,False,
Mahihkan Battery 02-21,ABWI100152806604W400,4,2024-05-01,13,False,exponential,58.307553646296704,0.09597200288603408,0.0,0.6986240845307976,False,
Mahihkan Battery 02-21,ABWI100152806604W400,5,2025-06-01,4,True,,,,,,True,too few data points to fit
Mahihkan Battery 02-21,ABWI100152806604W400,6,2025-10-01,5,True,exponential,35.42000000000001,1.2018684388452925e-16,0.0,0.0,True,short cycle (<6mo); low R2 (0.00)
Mahihkan Battery 02-21,ABWI100152806604W400,7,2026-03-01,4,True,harmonic,96.83641519081303,0.1883844756858052,1.0,0.41007416165479615,True,short cycle (<6mo); low R2 (0.41)
Mahihkan Battery 02-21,ABWI100153306504W400,1,2022-11-01,14,False,exponential,179.36428571428573,1.8848566266157412e-17,0.0,0.0,True,low R2 (0.00)
Mahihkan Battery 02-21,ABWI100153306504W400,2,2024-01-01,4,True,harmonic,230.48252771685978,0.14828519194346523,1.0,0.08995413087715609,True,short cycle (<6mo); low R2 (0.09)
Mahihkan Battery 02-21,ABWI100153306504W400,3,2024-05-01,5,True,harmonic,434.582187312733,0.28226272099359007,1.0,0.2728544928066001,True,short cycle (<6mo); low R2 (0.27)
Mahihkan Battery 02-21,ABWI100153306504W400,4,2024-10-01,9,False,harmonic,365.51841680932705,0.4351356108809029,1.0,0.499723620621885,True,low R2 (0.50)
Mahihkan Battery 02-21,ABWI100153306504W400,5,2025-07-01,8,False,exponential,322.925000000385,4.611949948154024e-22,0.0,-2.220446049250313e-16,True,low R2 (-0.00)
Mahihkan Battery 02-21,ABWI100153306504W400,6,2026-03-01,4,True,harmonic,542.479765866914,0.2721134947453757,1.0,0.7520365640372532,True,short cycle (<6mo)
Mahihkan Battery 02-21,ABWI100160306604W400,1,2022-10-01,8,False,harmonic,59.304738396105684,1.4787068122522642,1.0,0.673647117004206,False,
Mahihkan Battery 02-21,ABWI100160306604W400,2,2023-06-01,2,True,,,,,,True,too few data points to fit
Mahihkan Battery 02-21,ABWI100160406604W400,1,2023-04-01,9,False,harmonic,913.0328946200672,0.5358707065072172,1.0,0.3185450689325061,True,low R2 (0.32)
Mahihkan Battery 02-21,ABWI100160406604W400,2,2024-01-01,14,False,exponential,576.8500000000706,5.921543364274454e-23,0.0,1.1102230246251565e-16,True,low R2 (0.00)
Mahihkan Battery 02-21,ABWI100160406604W400,3,2025-03-01,16,False,harmonic,808.7315216557413,0.08345234535143911,1.0,0.5195111708170836,False,
Mahihkan Battery 02-21,ABWI100161006504W402,1,2022-08-01,14,False,harmonic,350.7577691975584,0.009816810203295721,1.0,0.04948453340255876,True,low R2 (0.05)
Mahihkan Battery 02-21,ABWI100161006504W402,2,2023-10-01,27,False,exponential,392.1102577861443,0.051222173098883314,0.0,0.6446806651557807,False,
Mahihkan Battery 02-21,ABWI100161006504W402,3,2026-01-01,6,False,exponential,132.56829043416343,0.14182532501850026,0.0,0.433472366979495,True,low R2 (0.43)
Mahihkan Battery 02-21,ABWI100161006604W400,1,2022-10-01,20,False,harmonic,2204.4510511624417,0.18176108150697023,1.0,0.8552828685649484,False,
Mahihkan Battery 02-21,ABWI100161006604W400,2,2024-06-01,11,False,harmonic,839.8753970631637,0.11776306442493037,1.0,0.3999775519033779,True,low R2 (0.40)
Mahihkan Battery 02-21,ABWI100161006604W400,3,2025-05-01,4,True,exponential,652.975,1.893466148769902e-24,0.0,0.0,True,short cycle (<6mo); low R2 (0.00)
Mahihkan Battery 02-21,ABWI100161006604W400,4,2025-09-01,4,True,harmonic,1024.049289398857,0.30747802391452794,1.0,0.6951227941192708,True,short cycle (<6mo)
Mahihkan Battery 02-21,ABWI100161006604W400,5,2026-01-01,6,False,exponential,1007.8300721831708,0.268162459073189,0.0,0.9077068022808632,False,
Mahihkan Battery 02-21,ABWI100161506504W400,1,2022-05-01,15,False,harmonic,247.10484625522932,0.014985132654265544,1.0,0.07734304037576545,True,low R2 (0.08)
Mahihkan Battery 02-21,ABWI100161506504W400,2,2023-08-01,5,True,harmonic,385.95944152454723,0.3604231233530744,1.0,0.664210864209001,True,short cycle (<6mo)
Mahihkan Battery 02-21,ABWI100161506504W400,3,2024-01-01,12,False,harmonic,234.0937504036879,0.14188021182914784,1.0,0.38043118941515275,True,low R2 (0.38)
Mahihkan Battery 02-21,ABWI100161506504W400,4,2025-01-01,6,False,harmonic,250.02038879319514,0.38697256723401774,1.0,0.3836798706361674,True,low R2 (0.38)
Mahihkan Battery 02-21,ABWI100161506504W400,5,2025-07-01,6,False,harmonic,169.50188927040307,0.26421694186939704,1.0,0.3813140305407461,True,low R2 (0.38)
Mahihkan Battery 02-21,ABWI100161506504W400,6,2026-01-01,6,False,exponential,136.5,5.345370876470243e-23,0.0,0.0,True,low R2 (0.00)
Mahihkan Battery 02-21,ABWI100161606504W400,1,2022-05-01,6,False,exponential,805.9864190267613,0.2418448359059855,0.0,0.9032870843079165,False,
Mahihkan Battery 02-21,ABWI100161606504W400,2,2022-11-01,13,False,harmonic,451.42291251928305,0.06610496020558909,1.0,0.2208067066392766,True,low R2 (0.22)
Mahihkan Battery 02-21,ABWI100161606504W400,3,2023-12-01,21,False,exponential,335.53644794778353,0.039094681172371956,0.0,0.6888613256767808,False,
Mahihkan Battery 02-21,ABWI100161606504W400,4,2025-09-01,10,False,harmonic,168.3932778986978,0.023169349690369722,1.0,0.09606134529991017,True,low R2 (0.10)
Mahihkan Battery 02-21,ABWI100161606604W400,1,2022-08-01,10,False,harmonic,224.39194435526193,1.0008119940009799,1.0,0.6198635860538013,False,
Mahihkan Battery 02-21,ABWI100161606604W400,2,2023-06-01,5,True,exponential,109.30000000036962,1.800444578306582e-18,0.0,0.0,True,short cycle (<6mo); low R2 (0.00)
Mahihkan Battery 02-21,ABWI100161606604W400,3,2023-11-01,14,False,exponential,154.76428571618902,1.2136596703563326e-20,0.0,1.1102230246251565e-16,True,low R2 (0.00)
Mahihkan Battery 02-21,ABWI100161606604W400,4,2025-01-01,10,False,harmonic,284.97013839355054,0.18215085918727703,1.0,0.7603988593293802,False,
Mahihkan Battery 02-21,ABWI100161606604W400,5,2025-11-01,8,False,exponential,158.4064053379063,0.09560389925217604,0.0,0.6772359602428417,False,
Mahihkan Battery 02-21,ABWI100162706504W400,1,2022-05-01,7,False,exponential,158.13333333339915,7.226911010297795e-22,0.0,0.0,True,low R2 (0.00)
Mahihkan Battery 02-21,ABWI100162706504W400,2,2022-12-01,10,False,harmonic,343.40778441455546,0.32365926452861205,1.0,0.8539800439636103,False,
Mahihkan Battery 02-21,ABWI100162706504W400,3,2023-10-01,5,True,exponential,136.88,2.731452893547009e-23,0.0,0.0,True,short cycle (<6mo); low R2 (0.00)
Mahihkan Battery 02-21,ABWI100162706504W400,4,2024-03-01,28,False,harmonic,382.9336017823267,0.04208408877774698,1.0,0.7725894659874375,False,
Mahihkan Battery 02-21,ABWI100162806504W400,1,2022-05-01,7,False,exponential,224.4000000001105,2.748312572070533e-19,0.0,0.0,True,low R2 (0.00)
Mahihkan Battery 02-21,ABWI100162806504W400,2,2022-12-01,6,False,harmonic,564.9298975870994,0.9139107752484514,1.0,0.7652993571004113,False,
Mahihkan Battery 02-21,ABWI100162806504W400,3,2023-06-01,20,False,,,,,,True,too few data points to fit
Mahihkan Battery 02-21,ABWI100162906504W400,1,2022-08-01,18,False,exponential,90.02777777777777,5.852652397801297e-23,0.0,0.0,True,low R2 (0.00)
Mahihkan Battery 02-21,ABWI100162906504W400,2,2024-02-01,10,False,harmonic,166.56632801980695,0.01851096800431523,1.0,0.016436214322620768,True,low R2 (0.02)
Mahihkan Battery 02-21,ABWI100162906504W400,3,2024-12-01,19,False,exponential,331.6874636256833,0.02447394277649376,0.0,0.8405711030043428,False,
Mahihkan Battery 02-21,ABWI100163306504W400,1,2023-05-01,10,False,exponential,517.3000000830377,1.56909238668563e-15,0.0,-1.1102230246251565e-15,True,low R2 (-0.00)
Mahihkan Battery 02-21,ABWI100163306504W400,2,2024-03-01,13,False,harmonic,985.8372859261871,0.30666760523514347,1.0,0.8042248064605856,False,
Mahihkan Battery 02-21,ABWI100163306504W400,3,2025-04-01,5,True,harmonic,362.41974560737697,0.27085059045934307,1.0,0.19561271699246452,True,short cycle (<6mo); low R2 (0.20)
Mahihkan Battery 02-21,ABWI100163306504W400,4,2025-09-01,10,False,harmonic,688.2456468617104,0.08092038382177491,1.0,0.6714086592969426,False,
Mahihkan Battery 02-21,ABWI100163406504W400,1,2026-03-01,4,True,harmonic,479.2123674074671,0.5119315838044876,1.0,0.6965497134425134,True,short cycle (<6mo)
Mahihkan Battery 02-21,ABWI102010806604W400,1,2022-12-01,7,False,exponential,351.29701659679904,0.19195105979880386,0.0,0.8038077958780201,False,
Mahihkan Battery 02-21,ABWI102010806604W400,2,2023-07-01,5,True,exponential,101.6399997930892,6.443750019528273e-16,0.0,-2.220446049250313e-15,True,short cycle (<6mo); low R2 (-0.00)
Mahihkan Battery 02-21,ABWI102010806604W400,3,2023-12-01,8,False,harmonic,249.12226697871068,0.07190151100318057,1.0,0.2005638639921441,True,low R2 (0.20)
Mahihkan Battery 02-21,ABWI102010806604W400,4,2024-08-01,11,False,harmonic,271.9160318167795,0.05055693982693918,1.0,0.6322277731521784,False,
Mahihkan Battery 02-21,ABWI102010806604W400,5,2025-07-01,7,False,exponential,340.0060146483157,0.4405541577229374,0.0,0.7437116208834906,False,
Mahihkan Battery 02-21,ABWI102010806604W400,6,2026-02-01,5,True,exponential,449.26387372303105,0.2692487740208925,0.0,0.8925366664931792,True,short cycle (<6mo)
Mahihkan Battery 02-21,ABWI102011506604W402,1,2023-06-01,19,False,exponential,2515.6095245618385,0.06578391342602258,0.0,0.8095006465911421,False,
Mahihkan Battery 02-21,ABWI102011506604W402,2,2025-01-01,7,False,harmonic,1327.9096222996595,0.26220086757836325,1.0,0.7702056408640238,False,
Mahihkan Battery 02-21,ABWI102011506604W402,3,2025-08-01,9,False,exponential,715.2399992526922,8.681169538876645e-18,0.0,-2.220446049250313e-16,True,low R2 (-0.00)
Mahihkan Battery 02-21,ABWI102011506604W402,4,2026-05-01,2,True,,,,,,True,too few data points to fit
Mahihkan Battery 02-21,ABWI102011606604W400,1,2022-11-01,18,False,exponential,107.25555566714523,1.7592076122541157e-20,0.0,0.0,True,low R2 (0.00)
Mahihkan Battery 02-21,ABWI102011606604W400,2,2024-05-01,26,False,exponential,448.9940908377997,0.05504869983648082,0.0,0.7277234287631873,False,
Mahihkan Battery 02-21,ABWI102012106504W400,1,2022-08-01,11,False,exponential,91.4253436746752,0.2148841102778835,0.0,0.9285466487367303,False,
Mahihkan Battery 02-21,ABWI102012106504W400,2,2023-07-01,5,True,exponential,83.26000000000008,4.1583400928623585e-16,0.0,-1.5543122344752192e-15,True,short cycle (<6mo); low R2 (-0.00)
Mahihkan Battery 02-21,ABWI102012106504W400,3,2023-12-01,5,True,exponential,153.10000000026716,1.0979452096764019e-18,0.0,1.1102230246251565e-16,True,short cycle (<6mo); low R2 (0.00)
Mahihkan Battery 02-21,ABWI102012106504W400,4,2024-05-01,26,False,exponential,262.1331058631788,0.03012992473732109,0.0,0.6951996059553296,False,
Mahihkan Battery 02-21,ABWI102012106604W400,1,2023-06-01,9,False,exponential,86.31111111111112,2.1076493132140453e-17,0.0,-2.220446049250313e-16,True,low R2 (-0.00)
Mahihkan Battery 02-21,ABWI102012106604W400,2,2024-03-01,11,False,exponential,108.78181824970696,3.808201959696825e-23,0.0,0.0,True,low R2 (0.00)
Mahihkan Battery 02-21,ABWI102012106604W400,3,2025-02-01,17,False,exponential,155.1833564685012,0.08353432487632625,0.0,0.41235867620523536,True,low R2 (0.41)
Mahihkan Battery 02-21,ABWI102012206504W400,1,2022-12-01,27,False,harmonic,254.44420596475612,0.018051150318631522,1.0,0.11922777301868792,True,low R2 (0.12)
Mahihkan Battery 02-21,ABWI102012206504W400,2,2025-03-01,16,False,exponential,344.57483589269054,0.03202192633255005,0.0,0.7760850796737414,False,
Mahihkan Battery 02-21,ABWI102012906504W400,1,2023-07-01,16,False,harmonic,301.98227674234255,0.19757313639074262,1.0,0.45011028225618066,True,low R2 (0.45)
Mahihkan Battery 02-21,ABWI102012906504W400,2,2024-11-01,6,False,exponential,334.39999937068353,2.120048700086499e-15,0.0,-1.0436096431476471e-14,True,low R2 (-0.00)
Mahihkan Battery 02-21,ABWI102012906504W400,3,2025-05-01,14,False,harmonic,839.0072805327424,0.10856540562702582,1.0,0.8174153287315447,False,
Mahihkan Battery 02-21,ABWI102013306504W403,1,2022-12-01,12,False,harmonic,1163.4235716576381,0.11514348072595543,1.0,0.4872673338454231,True,low R2 (0.49)
Mahihkan Battery 02-21,ABWI102013306504W403,2,2023-12-01,10,False,harmonic,754.759614106598,0.3136869545673216,1.0,0.8318316596985527,False,
Mahihkan Battery 02-21,ABWI102013306504W403,3,2024-10-01,21,False,exponential,671.0190476190477,7.668061617491384e-21,0.0,0.0,True,low R2 (0.00)
Mahihkan Battery 02-21,ABWI102020306604W400,1,2022-08-01,11,False,exponential,176.06473303226394,0.1571493759149619,0.0,0.7236747205884986,False,
Mahihkan Battery 02-21,ABWI102020306604W400,2,2023-07-01,9,False,harmonic,106.54690331126838,0.2989357540805478,1.0,0.3746965006319014,True,low R2 (0.37)
Mahihkan Battery 02-21,ABWI102020306604W400,3,2024-04-01,4,True,exponential,74.14999999999999,9.39183875715951e-19,0.0,0.0,True,short cycle (<6mo); low R2 (0.00)
Mahihkan Battery 02-21,ABWI102020306604W400,4,2024-08-01,4,True,harmonic,271.74445080418604,0.6479245036151039,1.0,0.8760619168040905,True,short cycle (<6mo)
Mahihkan Battery 02-21,ABWI102020306604W400,5,2024-12-01,10,False,harmonic,104.30183042200613,0.041748697779904254,1.0,0.026104076984292512,True,low R2 (0.03)
Mahihkan Battery 02-21,ABWI102020306604W400,6,2025-10-01,9,False,exponential,193.77777765678783,3.426808428014708e-19,0.0,0.0,True,low R2 (0.00)
Mahihkan Battery 02-21,ABWI102020906604W400,1,2023-03-01,13,False,hyperbolic,2846.2953644770446,3.218785561156177,1.9999999999999984,0.792608226371487,True,very high Di (3.22/month); b pinned at bound (2.000)
Mahihkan Battery 02-21,ABWI102020906604W400,2,2024-04-01,15,False,exponential,892.6540906279741,0.038332824815359844,0.0,0.4855089236447846,True,low R2 (0.49)
Mahihkan Battery 02-21,ABWI102020906604W400,3,2025-07-01,8,False,harmonic,689.6209232239135,0.1417756474518045,1.0,0.000295399593644996,True,low R2 (0.00)
Mahihkan Battery 02-21,ABWI102020906604W400,4,2026-03-01,4,True,harmonic,1121.9122408339745,0.8424310879754641,1.0,0.9585282120866058,True,short cycle (<6mo)
Mahihkan Battery 02-21,ABWI102021506504W400,1,2023-07-01,5,True,exponential,290.6295574190586,0.20247889768188926,0.0,0.8873133532229218,True,short cycle (<6mo)
Mahihkan Battery 02-21,ABWI102021506504W400,2,2023-12-01,21,False,exponential,245.67320308627907,0.060551357014969005,0.0,0.8912481863999352,False,
Mahihkan Battery 02-21,ABWI102021606604W400,1,2022-11-01,5,True,exponential,46.88,9.880054486421638e-23,0.0,0.0,True,short cycle (<6mo); low R2 (0.00)
Mahihkan Battery 02-21,ABWI102021606604W400,2,2023-04-01,13,False,exponential,151.07692307692307,8.159132238913346e-22,0.0,0.0,True,low R2 (0.00)
Mahihkan Battery 02-21,ABWI102021606604W400,3,2024-05-01,23,False,harmonic,484.8455866171581,0.0553630573636731,1.0,0.44061286560067037,True,low R2 (0.44)
Mahihkan Battery 02-21,ABWI102021606604W400,4,2026-04-01,3,True,,,,,,True,too few data points to fit
Mahihkan Battery 02-21,ABWI102022006604W400,1,2022-08-01,10,False,exponential,296.45,1.6016433612928183e-17,0.0,0.0,True,low R2 (0.00)
Mahihkan Battery 02-21,ABWI102022006604W400,2,2023-06-01,8,False,exponential,665.795439466042,0.5714620288354084,0.0,0.9635868188030808,False,
Mahihkan Battery 02-21,ABWI102022006604W400,3,2024-02-01,10,False,exponential,280.0900003131843,5.476850636406805e-14,0.0,-2.169375790117556e-13,True,low R2 (-0.00)
Mahihkan Battery 02-21,ABWI102022006604W400,4,2024-12-01,16,False,hyperbolic,1327.3325248994352,2.3240216608459354,1.9999999999999993,0.7757204867774578,True,very high Di (2.32/month); b pinned at bound (2.000)
Mahihkan Battery 02-21,ABWI102022006604W400,5,2026-04-01,3,True,,,,,,True,too few data points to fit
Mahihkan Battery 02-21,ABWI102022206604W400,1,2023-03-01,8,False,harmonic,276.62338328372147,0.0076653166414462955,1.0,0.0032265979615760942,True,low R2 (0.00)
Mahihkan Battery 02-21,ABWI102022206604W400,2,2023-11-01,18,False,harmonic,313.75789381313996,0.1126727422262036,1.0,0.1395050170370632,True,low R2 (0.14)
Mahihkan Battery 02-21,ABWI102022206604W400,3,2025-05-01,6,False,harmonic,288.1834000129206,0.3637625326062491,1.0,0.0839040412945753,True,low R2 (0.08)
Mahihkan Battery 02-21,ABWI102022206604W400,4,2025-11-01,8,False,harmonic,278.4441690187895,0.759421287124821,1.0,0.87884766291323,False,
Mahihkan Battery 02-21,ABWI102022906604W400,1,2024-09-01,12,False,harmonic,748.3738648653328,0.7192861453300523,1.0,0.9451213925665707,False,
Mahihkan Battery 02-21,ABWI102022906604W400,2,2025-09-01,5,True,exponential,194.7000000000025,3.0870563223773514e-23,0.0,-2.220446049250313e-16,True,short cycle (<6mo); low R2 (-0.00)
Mahihkan Battery 02-21,ABWI102022906604W400,3,2026-02-01,5,True,exponential,332.47822048156127,0.34562371097932315,0.0,0.7664485533500601,True,short cycle (<6mo)
Mahihkan Battery 02-21,ABWI102023406504W400,1,2022-05-01,7,False,exponential,202.37142857142857,1.976449365896972e-23,0.0,0.0,True,low R2 (0.00)
Mahihkan Battery 02-21,ABWI102023406504W400,2,2022-12-01,7,False,harmonic,372.25885129060157,0.35624661378807343,1.0,0.8275555689197311,False,
Mahihkan Battery 02-21,ABWI102023406504W400,3,2023-07-01,8,False,exponential,169.00000004507189,2.913828369653735e-17,0.0,0.0,True,low R2 (0.00)
Mahihkan Battery 02-21,ABWI102023406504W400,4,2024-03-01,28,False,harmonic,184.81463681873538,0.00043014483260225025,1.0,0.00020523440685804584,True,low R2 (0.00)
Mahihkan Battery 02-21,ABWI102023506504W400,1,2022-07-01,8,False,exponential,331.4176119587302,0.1706781824248428,0.0,0.8814881510640916,False,
Mahihkan Battery 02-21,ABWI102023506504W400,2,2023-03-01,20,False,harmonic,84.97761102182922,0.008792453024123067,1.0,0.007168149811354385,True,low R2 (0.01)
Mahihkan Battery 02-21,ABWI102023506504W400,3,2024-11-01,6,False,exponential,191.9273149516203,0.23629562457927739,0.0,0.9338497640301255,False,
Mahihkan Battery 02-21,ABWI102023506504W400,4,2025-05-01,14,False,exponential,87.6928571428859,1.947384282384712e-19,0.0,1.1102230246251565e-16,True,low R2 (0.00)
Mahihkan Battery 02-21,ABWI102031006604W400,1,2023-05-01,9,False,harmonic,333.06860760490616,6.79333948619436,1.0,0.669125432051829,True,very high Di (6.79/month)
Mahihkan Battery 02-21,ABWI102031006604W400,2,2024-02-01,29,False,hyperbolic,521.9931277748088,0.3699025056670912,1.9999999999999998,0.7047513177851106,True,b pinned at bound (2.000)
Mahihkan Battery 02-21,ABWI102031506504W400,1,2023-07-01,15,False,exponential,285.4466666666669,9.160288153654132e-17,0.0,0.0,True,low R2 (0.00)
Mahihkan Battery 02-21,ABWI102031506504W400,2,2024-10-01,21,False,hyperbolic,712.5509512162956,0.34558082022844033,1.9999999999999885,0.8033437283636702,True,b pinned at bound (2.000)
Mahihkan Battery 02-21,ABWI102032106604W400,1,2023-06-01,5,True,harmonic,112.32049333945572,0.8861981254297407,1.0,0.3743340577925022,True,short cycle (<6mo); low R2 (0.37)
Mahihkan Battery 02-21,ABWI102032106604W400,2,2023-11-01,11,False,exponential,111.07693305976575,0.23856352368208547,0.0,0.7863620977211201,False,
Mahihkan Battery 02-21,ABWI102032106604W400,3,2024-10-01,5,True,exponential,99.28000000001575,9.081802060857515e-20,0.0,0.0,True,short cycle (<6mo); low R2 (0.00)
Mahihkan Battery 02-21,ABWI102032106604W400,4,2025-03-01,13,False,exponential,251.78599616811272,0.34426347371935906,0.0,0.6936808733429864,False,
Mahihkan Battery 02-21,ABWI102032106604W400,5,2026-04-01,3,True,,,,,,True,too few data points to fit
Mahihkan Battery 02-21,ABWI102032206504W400,1,2022-07-01,24,False,harmonic,103.00416666666668,6.338004335385067e-28,1.0,0.0,True,low R2 (0.00)
Mahihkan Battery 02-21,ABWI102032206504W400,2,2024-07-01,7,False,harmonic,303.23504224707153,1.4063386538910856,1.0,0.9569563563448676,False,
Mahihkan Battery 02-21,ABWI102032206504W400,3,2025-02-01,7,False,exponential,32.80000000000025,1.2065245105588524e-22,0.0,0.0,True,low R2 (0.00)
Mahihkan Battery 02-21,ABWI102032206504W400,4,2025-09-01,5,True,harmonic,85.5257339298534,1.222972498568889,1.0,0.9344331131177722,True,short cycle (<6mo)
Mahihkan Battery 02-21,ABWI102032206504W400,5,2026-02-01,5,True,exponential,41.64000000000024,2.8171070147510216e-15,0.0,-4.440892098500626e-16,True,short cycle (<6mo); low R2 (-0.00)
Mahihkan Battery 02-21,ABWI102032306504W400,1,2022-05-01,10,False,harmonic,378.34389405525025,1.2808041264462284,1.0,0.8420482821938381,False,
Mahihkan Battery 02-21,ABWI102032306504W400,2,2023-03-01,12,False,exponential,129.34545454545454,3.9114969370166207e-22,0.0,0.0,True,low R2 (0.00)
Mahihkan Battery 02-21,ABWI102032306504W400,3,2024-03-01,17,False,harmonic,362.03911214399864,0.01203989336324408,1.0,0.08973790776950008,True,low R2 (0.09)
Mahihkan Battery 02-21,ABWI102032306504W400,4,2025-08-01,11,False,harmonic,311.8937070838098,0.0021205245598790836,1.0,0.001081377149866669,True,low R2 (0.00)
Mahihkan Battery 02-21,ABWI102032706604W400,1,2022-11-01,19,False,harmonic,201.2263156498517,5.95219660578517e-23,1.0,0.0,True,low R2 (0.00)
Mahihkan Battery 02-21,ABWI102032706604W400,2,2024-06-01,4,True,,,,,,True,too few data points to fit
Mahihkan Battery 02-21,ABWI102032706604W400,3,2024-10-01,6,False,harmonic,165.95989014320853,1.931326726418566,1.0,0.32503712790254213,True,low R2 (0.33)
Mahihkan Battery 02-21,ABWI102032706604W400,4,2025-04-01,5,True,harmonic,173.35299863718018,0.6745983780032145,1.0,0.6945978321424834,True,short cycle (<6mo)
Mahihkan Battery 02-21,ABWI102032706604W400,5,2025-09-01,5,True,harmonic,313.11395725469646,0.4209624643548548,1.0,0.09065350983870724,True,short cycle (<6mo); low R2 (0.09)
Mahihkan Battery 02-21,ABWI102032706604W400,6,2026-02-01,5,True,exponential,492.3174594797305,0.43799507073870614,0.0,0.9315210973891583,True,short cycle (<6mo)
Mahihkan Battery 02-21,ABWI102032806504W400,1,2022-06-01,14,False,harmonic,251.49268910215272,0.04486464149640802,1.0,0.3158006051067661,True,low R2 (0.32)
Mahihkan Battery 02-21,ABWI102032806504W400,2,2023-08-01,8,False,harmonic,180.33498189335074,0.34112228999733585,1.0,0.2848376748526884,True,low R2 (0.28)
Mahihkan Battery 02-21,ABWI102032806504W400,3,2024-04-01,9,False,exponential,130.70000000000002,1.2476445477049045e-17,0.0,-2.220446049250313e-16,True,low R2 (-0.00)
Mahihkan Battery 02-21,ABWI102032806504W400,4,2025-01-01,18,False,harmonic,269.8590232309205,0.194399991943992,1.0,0.6093247820001639,False,
Mahihkan Battery 02-21,ABWI102032806604W400,1,2023-11-01,17,False,harmonic,139.7549791002508,0.06161241648071755,1.0,0.15090828160400893,True,low R2 (0.15)
Mahihkan Battery 02-21,ABWI102032806604W400,2,2025-04-01,5,True,exponential,169.3277918556589,1.6114293607512917,0.0,0.9958478043167663,True,short cycle (<6mo)
Mahihkan Battery 02-21,ABWI102032806604W400,3,2025-09-01,5,True,exponential,28.439999998122268,1.0571076276064469e-15,0.0,-4.440892098500626e-15,True,short cycle (<6mo); low R2 (-0.00)
Mahihkan Battery 02-21,ABWI102032806604W400,4,2026-02-01,5,True,harmonic,44.57817262670105,0.22877964171396997,1.0,0.25106297795819277,True,short cycle (<6mo); low R2 (0.25)
Mahihkan Battery 02-21,ABWI102033406504W400,1,2022-12-01,15,False,exponential,1083.0384438072826,0.12195270094854338,0.0,0.806073378359941,False,
Mahihkan Battery 02-21,ABWI102033406504W400,2,2024-03-01,4,True,exponential,227.15000000664372,1.2080522563558878e-15,0.0,-2.220446049250313e-16,True,short cycle (<6mo); low R2 (-0.00)
Mahihkan Battery 02-21,ABWI102033406504W400,3,2024-07-01,24,False,exponential,539.475,1.551817390411703e-19,0.0,0.0,True,low R2 (0.00)
Mahihkan Battery 02-21,ABWI102033406604W400,1,2023-12-01,11,False,harmonic,233.52276139618107,0.1294332148640942,1.0,0.5216387158327769,False,
Mahihkan Battery 02-21,ABWI102033406604W400,2,2024-11-01,8,False,exponential,241.340323942445,0.5340000262288211,0.0,0.9236787927021859,False,
Mahihkan Battery 02-21,ABWI102033406604W400,3,2025-07-01,7,False,exponential,133.25714285714287,3.697785493223493e-30,0.0,0.0,True,low R2 (0.00)
Mahihkan Battery 02-21,ABWI102033406604W400,4,2026-02-01,5,True,harmonic,1586.5709200766387,1.211006950496093,1.0,0.9883133964112805,True,short cycle (<6mo)
Mahihkan Battery 02-21,ABWI102040306604W400,1,2022-10-01,9,False,exponential,420.29385971752,0.42379436868142273,0.0,0.8195448872500025,False,
Mahihkan Battery 02-21,ABWI102040306604W400,2,2023-07-01,5,True,exponential,130.26206889367594,0.818975596336255,0.0,0.910456325470125,True,short cycle (<6mo)
Mahihkan Battery 02-21,ABWI102040306604W400,3,2023-12-01,5,True,exponential,53.34000000000008,7.59227762454924e-16,0.0,-2.4424906541753444e-15,True,short cycle (<6mo); low R2 (-0.00)
Mahihkan Battery 02-21,ABWI102040306604W400,4,2024-05-01,11,False,harmonic,265.4999998223647,2.9157029239797582e-15,1.0,-2.9976021664879227e-14,True,low R2 (-0.00)
Mahihkan Battery 02-21,ABWI102040306604W400,5,2025-04-01,15,False,harmonic,362.6972198662606,0.029328302119874996,1.0,0.1483804644800244,True,low R2 (0.15)
Mahihkan Battery 02-21,ABWI102041006604W400,1,2022-10-01,14,False,exponential,285.68040204584463,0.07368153655860951,0.0,0.5491007006618648,False,
Mahihkan Battery 02-21,ABWI102041006604W400,2,2023-12-01,4,True,harmonic,182.0576128470419,0.06941157957057872,1.0,0.030067487507728585,True,short cycle (<6mo); low R2 (0.03)
Mahihkan Battery 02-21,ABWI102041006604W400,3,2024-04-01,7,False,harmonic,236.1038322801302,0.41753510215855094,1.0,0.8546246145109375,False,
Mahihkan Battery 02-21,ABWI102041006604W400,4,2024-11-01,4,True,,,,,,True,too few data points to fit
Mahihkan Battery 02-21,ABWI102041006604W400,5,2025-03-01,16,False,,,,,,True,too few data points to fit
Mahihkan Battery 02-21,ABWI102041506604W400,1,2022-11-01,4,True,,,,,,True,too few data points to fit
Mahihkan Battery 02-21,ABWI102041506604W400,2,2023-03-01,4,True,harmonic,75.55663610637893,2.628171182068001,1.0,0.987276250543786,True,short cycle (<6mo); very high Di (2.63/month)
Mahihkan Battery 02-21,ABWI102041506604W400,3,2023-07-01,10,False,exponential,47.1,3.651731842880497e-24,0.0,0.0,True,low R2 (0.00)
Mahihkan Battery 02-21,ABWI102041506604W400,4,2024-05-01,5,True,exponential,274.28000000000003,6.645323055488115e-22,0.0,1.1102230246251565e-16,True,short cycle (<6mo); low R2 (0.00)
Mahihkan Battery 02-21,ABWI102041506604W400,5,2024-10-01,5,True,exponential,510.47565928758274,0.33636355403645396,0.0,0.9575139504303085,True,short cycle (<6mo)
Mahihkan Battery 02-21,ABWI102041506604W400,6,2025-03-01,5,True,exponential,373.0439505251301,0.37321025899101073,0.0,0.8897046024799706,True,short cycle (<6mo)
Mahihkan Battery 02-21,ABWI102041506604W400,7,2025-08-01,8,False,harmonic,324.2032045937931,1.1968433055319105,1.0,0.7507118039268832,False,
Mahihkan Battery 02-21,ABWI102041506604W400,8,2026-04-01,3,True,,,,,,True,too few data points to fit
Mahihkan Battery 02-21,ABWI102041606604W400,1,2022-11-01,21,False,exponential,395.36190500905894,7.182452403375467e-17,0.0,-2.220446049250313e-16,True,low R2 (-0.00)
Mahihkan Battery 02-21,ABWI102041606604W400,2,2024-08-01,20,False,harmonic,2258.0716713788397,0.316138080801321,1.0,0.9369910477175648,False,
Mahihkan Battery 02-21,ABWI102041606604W400,3,2026-04-01,3,True,,,,,,True,too few data points to fit
Mahihkan Battery 02-21,ABWI102042206504W400,1,2023-12-01,13,False,exponential,230.28859175470186,0.03793516980675208,0.0,0.263802976497436,True,low R2 (0.26)
Mahihkan Battery 02-21,ABWI102042206504W400,2,2025-01-01,18,False,exponential,104.2555555555557,2.638197386091945e-27,0.0,0.0,True,low R2 (0.00)
Mahihkan Battery 02-21,ABWI102042306504W400,1,2022-07-01,11,False,harmonic,616.6744059593665,0.2927544089351656,1.0,0.7375140640065425,False,
Mahihkan Battery 02-21,ABWI102042306504W400,2,2023-06-01,5,True,harmonic,277.0160629834426,0.7353550510675834,1.0,0.7707252153334181,True,short cycle (<6mo)
Mahihkan Battery 02-21,ABWI102042306504W400,3,2023-11-01,4,True,harmonic,198.18615472569914,0.030286501827214523,1.0,0.011974832016399262,True,short cycle (<6mo); low R2 (0.01)
Mahihkan Battery 02-21,ABWI102042306504W400,4,2024-03-01,14,False,exponential,185.2785714285716,5.758006187734896e-25,0.0,2.220446049250313e-16,True,low R2 (0.00)
Mahihkan Battery 02-21,ABWI102042306504W400,5,2025-05-01,14,False,exponential,342.5857142857143,2.4799451674096976e-22,0.0,0.0,True,low R2 (0.00)
Mahihkan Battery 02-21,ABWI102042806504W400,1,2023-01-01,6,False,,,,,,True,too few data points to fit
Mahihkan Battery 02-21,ABWI102042806504W400,2,2023-07-01,32,False,,,,,,True,too few data points to fit
Mahihkan Battery 02-21,ABWI102042806504W400,3,2026-03-01,2,True,,,,,,True,too few data points to fit
Mahihkan Battery 02-21,ABWI102043306604W400,1,2022-05-01,21,False,harmonic,197.452380952381,1.5863006727863021e-27,1.0,0.0,True,low R2 (0.00)
Mahihkan Battery 02-21,ABWI102043306604W400,2,2024-02-01,7,False,exponential,598.1388979128297,0.4681510718243932,0.0,0.823229467564639,False,
Mahihkan Battery 02-21,ABWI102043306604W400,3,2024-09-01,9,False,exponential,394.5064946966326,0.1661090690371551,0.0,0.5219343197893498,False,
Mahihkan Battery 02-21,ABWI102043306604W400,4,2025-06-01,7,False,harmonic,151.01932008663067,0.20465758664728542,1.0,0.12316148693563944,True,low R2 (0.12)
Mahihkan Battery 02-21,ABWI102043306604W400,5,2026-01-01,4,True,exponential,128.77499993204796,1.9805834577701873e-16,0.0,-2.220446049250313e-16,True,short cycle (<6mo); low R2 (-0.00)
Mahihkan Battery 02-21,ABWI102043306604W400,6,2026-05-01,2,True,,,,,,True,too few data points to fit
Mahihkan Battery 02-21,ABWI102043506504W400,1,2022-08-01,9,False,harmonic,91.86361560513015,0.2139098600606903,1.0,0.49172658368231936,True,low R2 (0.49)
Mahihkan Battery 02-21,ABWI102043506504W400,2,2023-05-01,10,False,exponential,81.45576427395935,0.08757295548505954,0.0,0.47194571014125797,True,low R2 (0.47)
Mahihkan Battery 02-21,ABWI102043506504W400,3,2024-03-01,9,False,exponential,178.3777777777852,4.233871458770821e-21,0.0,0.0,True,low R2 (0.00)
Mahihkan Battery 02-21,ABWI102043506504W400,4,2024-12-01,7,False,exponential,312.9523966858343,0.4267104863984118,0.0,0.864484529306206,False,
Mahihkan Battery 02-21,ABWI102043506504W400,5,2025-07-01,5,True,exponential,112.29999996450314,2.041924210897322e-15,0.0,-9.325873406851315e-15,True,short cycle (<6mo); low R2 (-0.00)
Mahihkan Battery 02-21,ABWI102043506504W400,6,2025-12-01,7,False,harmonic,198.7010232994907,1.7848091551920975,1.0,0.8034169986175508,False,
Mahihkan Battery 02-21,ABWI102050306604W400,1,2022-06-01,30,False,exponential,162.83000000001186,3.657357318464002e-23,0.0,0.0,True,low R2 (0.00)
Mahihkan Battery 02-21,ABWI102050306604W400,2,2024-12-01,19,False,exponential,244.5736842127035,1.4892115149932625e-18,0.0,0.0,True,low R2 (0.00)
Mahihkan Battery 02-21,ABWI102050406604W400,1,2022-08-01,7,False,exponential,337.12829789620764,0.19153905462679255,0.0,0.9409053493622822,False,
Mahihkan Battery 02-21,ABWI102050406604W400,2,2023-03-01,7,False,exponential,375.040683325848,0.3419001380311051,0.0,0.7947625963450068,False,
Mahihkan Battery 02-21,ABWI102050406604W400,3,2023-10-01,10,False,harmonic,455.8536993267946,0.18140697765247402,1.0,0.6846947987827532,False,
Mahihkan Battery 02-21,ABWI102050406604W400,4,2024-08-01,12,False,harmonic,341.1083764372074,0.09267014965669036,1.0,0.1709557381626159,True,low R2 (0.17)
Mahihkan Battery 02-21,ABWI102050406604W400,5,2025-08-01,5,True,harmonic,504.8673218972087,1.2351448087323067,1.0,0.9665074534432866,True,short cycle (<6mo)
Mahihkan Battery 02-21,ABWI102050406604W400,6,2026-01-01,6,False,exponential,481.65047827389066,0.21952987516984485,0.0,0.8992725717735315,False,
Mahihkan Battery 02-21,ABWI102050906604W400,1,2022-12-01,11,False,harmonic,209.63008445735989,0.013701563237572482,1.0,0.03636712318248003,True,low R2 (0.04)
Mahihkan Battery 02-21,ABWI102050906604W400,2,2023-11-01,4,True,,,,,,True,too few data points to fit
Mahihkan Battery 02-21,ABWI102050906604W400,3,2024-03-01,7,False,exponential,141.7571428571433,9.722217594373705e-16,0.0,-4.440892098500626e-16,True,low R2 (-0.00)
Mahihkan Battery 02-21,ABWI102050906604W400,4,2024-10-01,15,False,harmonic,237.0087850413609,0.06996784465834265,1.0,0.6180307256048607,False,
Mahihkan Battery 02-21,ABWI102050906604W400,5,2026-01-01,6,False,exponential,204.3357928665732,0.19910526479127325,0.0,0.7960430753522968,False,
Mahihkan Battery 02-21,ABWI102051606604W400,1,2024-07-01,13,False,hyperbolic,4063.7276020640757,0.37644482795467765,0.4193689559180709,0.9560448517102621,False,
Mahihkan Battery 02-21,ABWI102051606604W400,2,2025-08-01,8,False,harmonic,712.346618741991,0.31638787547499386,1.0,0.795449573099132,False,
Mahihkan Battery 02-21,ABWI102051606604W400,3,2026-04-01,3,True,,,,,,True,too few data points to fit
Mahihkan Battery 02-21,ABWI102052206504W402,1,2022-08-01,21,False,harmonic,313.48986766959746,0.22612633231986373,1.0,0.8281447818946581,False,
Mahihkan Battery 02-21,ABWI102052206504W402,2,2024-05-01,15,False,exponential,105.72526349747942,0.049704500152617265,0.0,0.6002736390857466,False,
Mahihkan Battery 02-21,ABWI102052206504W402,3,2025-08-01,11,False,harmonic,64.17689737218556,0.07829908978278127,1.0,0.11943552136670288,True,low R2 (0.12)
Mahihkan Battery 02-21,ABWI102052306504W400,1,2022-06-01,5,True,harmonic,147.2937317377323,0.7320896157678229,1.0,0.29993944013029394,True,short cycle (<6mo); low R2 (0.30)
Mahihkan Battery 02-21,ABWI102052306504W400,2,2022-11-01,7,False,exponential,140.02857142857144,2.678120192889724e-22,0.0,0.0,True,low R2 (0.00)
Mahihkan Battery 02-21,ABWI102052306504W400,3,2023-06-01,9,False,exponential,381.6264866392581,0.182315355279687,0.0,0.8330908858475343,False,
Mahihkan Battery 02-21,ABWI102052306504W400,4,2024-03-01,10,False,harmonic,301.1502686729932,0.17414224160914277,1.0,0.24462739622995355,True,low R2 (0.24)
Mahihkan Battery 02-21,ABWI102052306504W400,5,2025-01-01,6,False,harmonic,323.40199332889244,0.24120891273306258,1.0,0.25181069296535363,True,low R2 (0.25)
Mahihkan Battery 02-21,ABWI102052306504W400,6,2025-07-01,7,False,harmonic,258.44333590774926,0.40029750419213367,1.0,0.33982810968544996,True,low R2 (0.34)
Mahihkan Battery 02-21,ABWI102052306504W400,7,2026-02-01,5,True,exponential,178.72111902670403,0.4333706378125812,0.0,0.9934630671293512,True,short cycle (<6mo)
Mahihkan Battery 02-21,ABWI102052606504W400,1,2024-01-01,7,False,harmonic,226.33182976754998,0.006837545165318723,1.0,0.0018447505811213238,True,low R2 (0.00)
Mahihkan Battery 02-21,ABWI102052606504W400,2,2024-08-01,10,False,exponential,278.0499999927974,3.769944194303689e-17,0.0,-2.220446049250313e-16,True,low R2 (-0.00)
Mahihkan Battery 02-21,ABWI102052606504W400,3,2025-06-01,13,False,exponential,701.2744543159471,0.13382126224354154,0.0,0.5820186737703057,False,
Mahihkan Battery 02-21,ABWI102052706504W400,1,2022-07-01,4,True,exponential,198.38117948267245,0.3083575502865445,0.0,0.8940989530207234,True,short cycle (<6mo)
Mahihkan Battery 02-21,ABWI102052706504W400,2,2022-11-01,5,True,exponential,118.19380181401532,0.28933170378413914,0.0,0.9333422577205641,True,short cycle (<6mo)
Mahihkan Battery 02-21,ABWI102052706504W400,3,2023-04-01,11,False,exponential,49.15454545454566,3.1050669634766334e-25,0.0,-2.220446049250313e-16,True,low R2 (-0.00)
Mahihkan Battery 02-21,ABWI102052706504W400,4,2024-03-01,9,False,exponential,106.15555555555555,3.177091936275575e-25,0.0,2.220446049250313e-16,True,low R2 (0.00)
Mahihkan Battery 02-21,ABWI102052706504W400,5,2024-12-01,14,False,exponential,252.40756051583665,0.1692864410623996,0.0,0.9682647305318445,False,
Mahihkan Battery 02-21,ABWI102052706504W400,6,2026-02-01,5,True,harmonic,52.1035202683213,1.7438980703919855,1.0,0.49600905410707774,True,short cycle (<6mo); low R2 (0.50)
Mahihkan Battery 02-21,ABWI102052806504W400,1,2023-03-01,16,False,exponential,579.4302149720558,0.042054768240400525,0.0,0.5341487882627157,False,
Mahihkan Battery 02-21,ABWI102052806504W400,2,2024-07-01,24,False,exponential,334.1833333333334,1.509004630026287e-27,0.0,0.0,True,low R2 (0.00)
Mahihkan Battery 02-21,ABWI102053306604W400,1,2022-10-01,17,False,harmonic,287.4492138860914,0.06277080431375845,1.0,0.2868736558521744,True,low R2 (0.29)
Mahihkan Battery 02-21,ABWI102053306604W400,2,2024-03-01,7,False,harmonic,274.39451113900066,0.5338746229233058,1.0,0.5334239113385724,False,
Mahihkan Battery 02-21,ABWI102053306604W400,3,2024-10-01,15,False,exponential,125.4000000312353,3.2492201175769036e-19,0.0,0.0,True,low R2 (0.00)
Mahihkan Battery 02-21,ABWI102053306604W400,4,2026-01-01,6,False,exponential,286.6879281222147,0.2247581898381467,0.0,0.9103485488912342,False,
Mahihkan Battery 02-21,ABWI102053406504W400,1,2023-04-01,4,True,,,,,,True,too few data points to fit
Mahihkan Battery 02-21,ABWI102053406504W400,2,2023-08-01,11,False,harmonic,95.16363639448576,1.6601698021936427e-15,1.0,-7.993605777301127e-15,True,low R2 (-0.00)
Mahihkan Battery 02-21,ABWI102053406504W400,3,2024-07-01,4,True,exponential,272.7103841405752,1.0979480215234705,0.0,0.9879774500564342,True,short cycle (<6mo)
Mahihkan Battery 02-21,ABWI102053406504W400,4,2024-11-01,4,True,exponential,238.97365052091598,0.6946305199333133,0.0,0.9611818410299502,True,short cycle (<6mo)
Mahihkan Battery 02-21,ABWI102053406504W400,5,2025-03-01,10,False,exponential,228.91,9.014939414648268e-22,0.0,0.0,True,low R2 (0.00)
Mahihkan Battery 02-21,ABWI102053406504W400,6,2026-01-01,6,False,exponential,353.55000000001195,6.228590848754738e-21,0.0,-2.220446049250313e-16,True,low R2 (-0.00)
Mahihkan Battery 02-21,ABWI102053506504W400,1,2024-01-01,7,False,exponential,338.436741199288,0.061715700423170095,0.0,0.4531640942743551,True,low R2 (0.45)
Mahihkan Battery 02-21,ABWI102053506504W400,2,2024-08-01,15,False,hyperbolic,741.260209383813,1.1375378718283584,1.999999999999992,0.780100307230126,True,b pinned at bound (2.000)
Mahihkan Battery 02-21,ABWI102053506504W400,3,2025-11-01,8,False,harmonic,319.4250005720497,5.268777018122115e-17,1.0,-2.220446049250313e-16,True,low R2 (-0.00)
Mahihkan Battery 02-21,ABWI102060306604W400,1,2023-07-01,8,False,harmonic,646.8059214714749,0.08095494824240473,1.0,0.08584054554819043,True,low R2 (0.09)
Mahihkan Battery 02-21,ABWI102060306604W400,2,2024-03-01,28,False,harmonic,722.8759083087966,0.03142082135559501,1.0,0.3650826440056346,True,low R2 (0.37)
Mahihkan Battery 02-21,ABWI102060906604W400,1,2023-12-01,5,True,harmonic,184.29095816484957,0.0613833530738645,1.0,0.0020783365326533243,True,short cycle (<6mo); low R2 (0.00)
Mahihkan Battery 02-21,ABWI102060906604W400,2,2024-05-01,26,False,exponential,288.1675063683884,0.06640287908560413,0.0,0.8290887321054506,False,
Mahihkan Battery 02-21,ABWI102061506504W400,1,2022-08-01,6,False,exponential,59.25256925757832,0.29643261636533635,0.0,0.6827095922737465,False,
Mahihkan Battery 02-21,ABWI102061506504W400,2,2023-02-01,10,False,exponential,30.950000060099416,6.914608862591855e-17,0.0,-2.220446049250313e-16,True,low R2 (-0.00)
Mahihkan Battery 02-21,ABWI102061506504W400,3,2023-12-01,9,False,exponential,171.7111111111111,1.9149777072349004e-22,0.0,0.0,True,low R2 (0.00)
Mahihkan Battery 02-21,ABWI102061506504W400,4,2024-09-01,10,False,exponential,486.6071883103848,0.4482234649790065,0.0,0.9439062504456971,False,
Mahihkan Battery 02-21,ABWI102061506504W400,5,2025-07-01,12,False,harmonic,110.39166660796505,2.2074459889943332e-15,1.0,-2.842170943040401e-14,True,low R2 (-0.00)
Mahihkan Battery 02-21,ABWI102062106604W400,1,2023-07-01,23,False,harmonic,184.46669020309187,0.04826846754252244,1.0,0.18782530321136326,True,low R2 (0.19)
Mahihkan Battery 02-21,ABWI102062106604W400,2,2025-06-01,13,False,harmonic,208.2262478316003,0.2821068204493644,1.0,0.9139862826485504,False,
Mahihkan Battery 02-21,ABWI102062206504W400,1,2022-08-01,16,False,exponential,419.66441136199103,0.12978254120346586,0.0,0.8342288145058091,False,
Mahihkan Battery 02-21,ABWI102062206504W400,2,2023-12-01,8,False,exponential,88.875,3.629962703580573e-23,0.0,0.0,True,low R2 (0.00)
Mahihkan Battery 02-21,ABWI102062206504W400,3,2024-08-01,12,False,harmonic,102.00064122582883,0.009929675239672663,1.0,0.006582158735524812,True,low R2 (0.01)
Mahihkan Battery 02-21,ABWI102062206504W400,4,2025-08-01,6,False,harmonic,156.0551603442789,0.2401977697713268,1.0,0.4769504481400145,True,low R2 (0.48)
Mahihkan Battery 02-21,ABWI102062706504W400,1,2022-08-01,9,False,harmonic,199.258649655602,0.08927232458994509,1.0,0.504470561485802,False,
Mahihkan Battery 02-21,ABWI102062706504W400,2,2023-05-01,11,False,harmonic,215.4480189964847,0.11698043639879126,1.0,0.4387751025704152,True,low R2 (0.44)
Mahihkan Battery 02-21,ABWI102062706504W400,3,2024-04-01,6,False,harmonic,176.82384429891204,0.7381888738396956,1.0,0.5773372375122032,False,
Mahihkan Battery 02-21,ABWI102062706504W400,4,2024-10-01,7,False,harmonic,115.50597747762755,0.2415475816962941,1.0,0.6066572775605064,False,
Mahihkan Battery 02-21,ABWI102062706504W400,5,2025-05-01,8,False,exponential,164.5071169041,0.279397351519677,0.0,0.830479809616719,False,
Mahihkan Battery 02-21,ABWI102062706504W400,6,2026-01-01,6,False,exponential,49.53333333333334,3.0461153519009e-17,0.0,-2.220446049250313e-16,True,low R2 (-0.00)
Mahihkan Battery 02-21,ABWI102062706604W400,1,2022-09-01,8,False,harmonic,252.03166830290093,0.3591050022302447,1.0,0.7991094210651789,False,
Mahihkan Battery 02-21,ABWI102062706604W400,2,2023-05-01,10,False,harmonic,100.62707694047697,0.17817401480604636,1.0,0.3206914887810767,True,low R2 (0.32)
Mahihkan Battery 02-21,ABWI102062706604W400,3,2024-03-01,9,False,exponential,153.4111111111111,5.968765051377527e-23,0.0,0.0,True,low R2 (0.00)
Mahihkan Battery 02-21,ABWI102062706604W400,4,2024-12-01,7,False,harmonic,607.9131094388842,0.5257719546057374,1.0,0.7156604722083324,False,
Mahihkan Battery 02-21,ABWI102062706604W400,5,2025-07-01,6,False,exponential,540.6541929081212,0.5427334686807807,0.0,0.8355585622081914,False,
Mahihkan Battery 02-21,ABWI102062706604W400,6,2026-01-01,4,True,harmonic,382.62590284974937,0.25787228573509163,1.0,0.08951137052385671,True,short cycle (<6mo); low R2 (0.09)
Mahihkan Battery 02-21,ABWI102062706604W400,7,2026-05-01,2,True,,,,,,True,too few data points to fit
Mahihkan Battery 02-21,ABWI102062806504W400,1,2022-09-01,8,False,exponential,216.8000000000596,4.8743029971251863e-20,0.0,0.0,True,low R2 (0.00)
Mahihkan Battery 02-21,ABWI102062806504W400,2,2023-05-01,21,False,hyperbolic,291.18157695196305,0.14313036631511136,0.4555408860811174,0.9280948362820651,False,
Mahihkan Battery 02-21,ABWI102062806504W400,3,2025-02-01,17,False,exponential,113.3,1.0456071044823879e-20,0.0,0.0,True,low R2 (0.00)
Mahihkan Battery 02-21,ABWI102062806604W400,1,2023-12-01,6,False,exponential,28.85,1.3757170397631815e-20,0.0,0.0,True,low R2 (0.00)
Mahihkan Battery 02-21,ABWI102062806604W400,2,2024-06-01,10,False,exponential,30.650000000257407,7.415883700877416e-19,0.0,0.0,True,low R2 (0.00)
Mahihkan Battery 02-21,ABWI102062806604W400,3,2025-04-01,6,False,exponential,34.78333333404333,4.3117492264659773e-17,0.0,-2.220446049250313e-16,True,low R2 (-0.00)
Mahihkan Battery 02-21,ABWI102062806604W400,4,2025-10-01,7,False,exponential,72.94285714285716,5.765927188380178e-17,0.0,0.0,True,low R2 (0.00)
Mahihkan Battery 02-21,ABWI102062806604W400,5,2026-05-01,2,True,,,,,,True,too few data points to fit
Mahihkan Battery 02-21,ABWI102063206604W400,1,2022-11-01,23,False,exponential,1499.873338481799,0.1336003320943826,0.0,0.956637989744647,False,
Mahihkan Battery 02-21,ABWI102063206604W400,2,2024-10-01,11,False,exponential,211.53750020508332,9.309376918045776e-15,0.0,-5.10702591327572e-14,True,low R2 (-0.00)
Mahihkan Battery 02-21,ABWI102063206604W400,3,2025-09-01,4,True,exponential,566.1820173013786,0.21057731905937543,0.0,0.8433798898949811,True,short cycle (<6mo)
Mahihkan Battery 02-21,ABWI102063206604W400,4,2026-01-01,6,False,harmonic,735.425228967527,0.8410895018531916,1.0,0.929448837049372,False,
Mahihkan Battery 02-21,ABWI102063306604W400,1,2023-10-01,11,False,exponential,166.97503124291396,0.2643122853889838,0.0,0.9291405689857147,False,
Mahihkan Battery 02-21,ABWI102063306604W400,2,2024-09-01,13,False,exponential,36.90000000000939,1.2524151015383593e-20,0.0,-2.220446049250313e-16,True,low R2 (-0.00)
Mahihkan Battery 02-21,ABWI102063306604W400,3,2025-10-01,6,False,harmonic,149.5420530111035,0.6285085293034054,1.0,0.12543110528671408,True,low R2 (0.13)
Mahihkan Battery 02-21,ABWI102063306604W400,4,2026-04-01,3,True,,,,,,True,too few data points to fit
Mahihkan Battery 02-21,ABWI102063406504W400,1,2022-08-01,17,False,harmonic,378.6022906983747,0.027706060156882255,1.0,0.4496035988447611,True,low R2 (0.45)
Mahihkan Battery 02-21,ABWI102063406504W400,2,2024-01-01,19,False,harmonic,383.68724771248884,0.023214471526854727,1.0,0.26197881301562065,True,low R2 (0.26)
Mahihkan Battery 02-21,ABWI102063406504W400,3,2025-08-01,11,False,harmonic,338.7531559426068,0.022910639447046785,1.0,0.052772237365121155,True,low R2 (0.05)
Mahihkan Battery 02-21,ABWI102063506504W400,1,2022-08-01,13,False,exponential,344.4283667454965,0.09218317637229344,0.0,0.7952637968074467,False,
Mahihkan Battery 02-21,ABWI102063506504W400,2,2023-09-01,9,False,exponential,150.13333333978957,8.609106570987265e-17,0.0,-2.220446049250313e-16,True,low R2 (-0.00)
Mahihkan Battery 02-21,ABWI102063506504W400,3,2024-06-01,10,False,exponential,315.3243788635128,0.05603108283643115,0.0,0.6550705174072642,False,
Mahihkan Battery 02-21,ABWI102063506504W400,4,2025-04-01,6,False,harmonic,306.4076343345118,0.6324256567679633,1.0,0.7134310817556531,False,
Mahihkan Battery 02-21,ABWI102063506504W400,5,2025-10-01,9,False,exponential,168.75918866702065,0.10064137667765273,0.0,0.6010813834206602,False,
Mahihkan Battery 02-21,ABWI102070906604W400,1,2022-11-01,7,False,harmonic,268.63551453875704,0.2592881158305756,1.0,0.8899549025146557,False,
Mahihkan Battery 02-21,ABWI102070906604W400,2,2023-06-01,5,True,harmonic,237.12461546233257,0.28801337633436336,1.0,0.359844687156067,True,short cycle (<6mo); low R2 (0.36)
Mahihkan Battery 02-21,ABWI102070906604W400,3,2023-11-01,4,True,,,,,,True,too few data points to fit
Mahihkan Battery 02-21,ABWI102070906604W400,4,2024-03-01,5,True,exponential,270.4879427770862,0.17393977221526247,0.0,0.6228957222807603,True,short cycle (<6mo)
Mahihkan Battery 02-21,ABWI102070906604W400,5,2024-08-01,7,False,harmonic,156.7125673114044,0.7236206154432784,1.0,0.6950927183446507,False,
Mahihkan Battery 02-21,ABWI102070906604W400,6,2025-03-01,16,False,harmonic,69.26312540343837,0.0019537297664027333,1.0,0.0009125126752086432,True,low R2 (0.00)
Mahihkan Battery 02-21,ABWI102071006604W400,1,2023-05-01,18,False,exponential,217.50555555596682,1.6118692640007618e-21,0.0,1.1102230246251565e-16,True,low R2 (0.00)
Mahihkan Battery 02-21,ABWI102071006604W400,2,2024-11-01,20,False,harmonic,394.65243026558056,0.31845923723885505,1.0,0.9284030952139263,False,
Mahihkan Battery 02-21,ABWI102071506504W400,1,2022-12-01,6,False,harmonic,270.9393725377708,0.19558610125188186,1.0,0.8845753126127262,False,
Mahihkan Battery 02-21,ABWI102071506504W400,2,2023-06-01,5,True,harmonic,200.23562751105746,0.0009406513992559113,1.0,1.8434468274763915e-05,True,short cycle (<6mo); low R2 (0.00)
Mahihkan Battery 02-21,ABWI102071506504W400,3,2023-11-01,8,False,exponential,269.93649123611556,0.07934093277416839,0.0,0.49402958279201525,True,low R2 (0.49)
Mahihkan Battery 02-21,ABWI102071506504W400,4,2024-07-01,17,False,exponential,269.91966783027493,0.06899044948039053,0.0,0.5949439961875704,False,
Mahihkan Battery 02-21,ABWI102071506504W400,5,2025-12-01,5,True,harmonic,197.1432635473555,0.5110464823190387,1.0,0.40003226871814235,True,short cycle (<6mo); low R2 (0.40)
Mahihkan Battery 02-21,ABWI102071506504W400,6,2026-05-01,2,True,,,,,,True,too few data points to fit
Mahihkan Battery 02-21,ABWI102072106504W400,1,2022-11-01,13,False,harmonic,67.32664696815593,0.08556261673333856,1.0,0.33096112948825984,True,low R2 (0.33)
Mahihkan Battery 02-21,ABWI102072106504W400,2,2023-12-01,7,False,exponential,49.48571428571429,6.400245799121048e-18,0.0,0.0,True,low R2 (0.00)
Mahihkan Battery 02-21,ABWI102072106504W400,3,2024-07-01,10,False,exponential,60.6300000000097,3.495177613770149e-24,0.0,0.0,True,low R2 (0.00)
Mahihkan Battery 02-21,ABWI102072106504W400,4,2025-05-01,7,False,harmonic,72.11361769612525,0.26152885453985386,1.0,0.5552004582075442,False,
Mahihkan Battery 02-21,ABWI102072106504W400,5,2025-12-01,7,False,harmonic,73.82954620209904,0.1374672230333959,1.0,0.8342824779813286,False,
Mahihkan Battery 02-21,ABWI102072106604W400,1,2022-09-01,10,False,harmonic,254.20000041989687,6.432293598856891e-15,1.0,-3.9968028886505635e-14,True,low R2 (-0.00)
Mahihkan Battery 02-21,ABWI102072106604W400,2,2023-07-01,4,True,harmonic,577.7309809809269,1.4929124469202795,1.0,0.9911798660770444,True,short cycle (<6mo)
Mahihkan Battery 02-21,ABWI102072106604W400,3,2023-11-01,8,False,exponential,214.06232152026055,0.3169597483939101,0.0,0.8935549574080083,False,
Mahihkan Battery 02-21,ABWI102072106604W400,4,2024-07-01,8,False,exponential,67.625,1.9360207460318665e-17,0.0,0.0,True,low R2 (0.00)
Mahihkan Battery 02-21,ABWI102072106604W400,5,2025-03-01,9,False,harmonic,130.0775587431661,0.08534867687231397,1.0,0.3349001343149087,True,low R2 (0.33)
Mahihkan Battery 02-21,ABWI102072106604W400,6,2025-12-01,7,False,harmonic,103.31094345226735,0.12055065532652778,1.0,0.24839865449736442,True,low R2 (0.25)
Mahihkan Battery 02-21,ABWI102072206504W400,1,2022-05-01,5,True,harmonic,309.27064166892006,0.3296893829915736,1.0,0.30439092258651956,True,short cycle (<6mo); low R2 (0.30)
Mahihkan Battery 02-21,ABWI102072206504W400,2,2022-10-01,45,False,harmonic,309.31087622671487,0.020499591652596297,1.0,0.26630417004432494,True,low R2 (0.27)
Mahihkan Battery 02-21,ABWI102072206604W400,1,2022-07-01,17,False,harmonic,286.6193849511726,0.0479995051499553,1.0,0.11794649774327903,True,low R2 (0.12)
Mahihkan Battery 02-21,ABWI102072206604W400,2,2023-12-01,11,False,harmonic,332.15581955206244,0.05973335929627781,1.0,0.11558279979893715,True,low R2 (0.12)
Mahihkan Battery 02-21,ABWI102072206604W400,3,2024-11-01,6,False,harmonic,1000.7040525122042,0.2658788421123035,1.0,0.42946926575765054,True,low R2 (0.43)
Mahihkan Battery 02-21,ABWI102072206604W400,4,2025-05-01,14,False,hyperbolic,636.0322133653309,0.9942607264133793,1.9999999999999958,0.7618683256155971,True,b pinned at bound (2.000)
Mahihkan Battery 02-21,ABWI102072306504W400,1,2022-08-01,4,True,,,,,,True,too few data points to fit
Mahihkan Battery 02-21,ABWI102072306504W400,2,2022-12-01,7,False,,,,,,True,too few data points to fit
Mahihkan Battery 02-21,ABWI102072306504W400,3,2023-07-01,8,False,exponential,2.775,2.303584687668869e-21,0.0,0.0,True,low R2 (0.00)
Mahihkan Battery 02-21,ABWI102072306504W400,4,2024-03-01,4,True,harmonic,5.101269314634494,2.7107755287932465,1.0,0.9996992294712277,True,short cycle (<6mo); very high Di (2.71/month)
Mahihkan Battery 02-21,ABWI102072306504W400,5,2024-07-01,6,False,exponential,1.850000002197149,2.67524180718525e-14,0.0,-1.3322676295501878e-13,True,low R2 (-0.00)
Mahihkan Battery 02-21,ABWI102072706504W400,1,2022-08-01,10,False,harmonic,43.22370366406174,0.02050654146166956,1.0,0.018094758255973287,True,low R2 (0.02)
Mahihkan Battery 02-21,ABWI102072706504W400,2,2023-06-01,4,True,harmonic,255.14484506424859,1.2248657515313437,1.0,0.971370633158113,True,short cycle (<6mo)
Mahihkan Battery 02-21,ABWI102072706504W400,3,2023-10-01,11,False,exponential,94.40582081720763,0.10167416126577734,0.0,0.5370083867673674,False,
Mahihkan Battery 02-21,ABWI102072706504W400,4,2024-09-01,11,False,exponential,31.600000001177772,5.5202132843565293e-17,0.0,-2.220446049250313e-16,True,low R2 (-0.00)
Mahihkan Battery 02-21,ABWI102072706504W400,5,2025-08-01,11,False,exponential,65.70652238875373,0.2420664899193124,0.0,0.7198382553807535,False,
Mahihkan Battery 02-21,ABWI102072806504W400,1,2022-11-01,8,False,harmonic,212.1249998801932,8.765428772029983e-15,1.0,-1.7763568394002505e-15,True,low R2 (-0.00)
Mahihkan Battery 02-21,ABWI102072806504W400,2,2023-07-01,4,True,exponential,400.5124606073387,0.19591872250424655,0.0,0.9060051829027858,True,short cycle (<6mo)
Mahihkan Battery 02-21,ABWI102072806504W400,3,2023-11-01,14,False,exponential,371.9277892833826,0.12310592422578884,0.0,0.7513985766671595,False,
Mahihkan Battery 02-21,ABWI102072806504W400,4,2025-01-01,4,True,exponential,256.6250000007088,1.110823551735847e-17,0.0,0.0,True,short cycle (<6mo); low R2 (0.00)
Mahihkan Battery 02-21,ABWI102072806504W400,5,2025-05-01,14,False,harmonic,253.24471369972878,0.05775936897120981,1.0,0.3239198944027073,True,low R2 (0.32)
Mahihkan Battery 02-21,ABWI102072806604W400,1,2022-09-01,21,False,hyperbolic,106.84876786989017,0.8002284997454149,1.9999999999999998,0.41496150097803686,True,low R2 (0.41); b pinned at bound (2.000)
Mahihkan Battery 02-21,ABWI102072806604W400,2,2024-06-01,10,False,,,,,,True,too few data points to fit
Mahihkan Battery 02-21,ABWI102072806604W400,3,2025-04-01,6,False,harmonic,64.86384934375673,0.23911602112659014,1.0,0.07604197623945563,True,low R2 (0.08)
Mahihkan Battery 02-21,ABWI102072806604W400,4,2025-10-01,9,False,exponential,66.6125,6.581707292607175e-23,0.0,-2.220446049250313e-16,True,low R2 (-0.00)
Mahihkan Battery 02-21,ABWI102072906504W400,1,2023-07-01,13,False,harmonic,78.61228974915453,0.09430995635363265,1.0,0.21959789611473168,True,low R2 (0.22)
Mahihkan Battery 02-21,ABWI102072906504W400,2,2024-08-01,13,False,harmonic,124.29606671813198,0.012204718234953619,1.0,0.03723480220052522,True,low R2 (0.04)
Mahihkan Battery 02-21,ABWI102072906504W400,3,2025-09-01,10,False,exponential,100.79,1.1280172632643043e-17,0.0,0.0,True,low R2 (0.00)
Mahihkan Battery 02-21,ABWI102073406504W400,1,2022-10-01,6,False,exponential,403.9265398441128,0.15559210317216568,0.0,0.5763026864490395,False,
Mahihkan Battery 02-21,ABWI102073406504W400,2,2023-04-01,20,False,exponential,250.60999999999999,7.87344714561177e-24,0.0,0.0,True,low R2 (0.00)
Mahihkan Battery 02-21,ABWI102073406504W400,3,2024-12-01,19,False,exponential,454.0762799299723,0.05928735200376585,0.0,0.8352659909272122,False,
Mahihkan Battery 02-21,ABWI102080306604W400,1,2023-01-01,9,False,exponential,180.0888888888889,5.520564072418729e-22,0.0,0.0,True,low R2 (0.00)
Mahihkan Battery 02-21,ABWI102080306604W400,2,2023-10-01,14,False,exponential,313.7076923067842,1.082748024648878e-15,0.0,-1.1324274851176597e-14,True,low R2 (-0.00)
Mahihkan Battery 02-21,ABWI102080306604W400,3,2024-12-01,19,False,harmonic,318.292480473413,0.006286364661886072,1.0,0.010002688045824049,True,low R2 (0.01)
Mahihkan Battery 02-21,ABWI102080406604W400,1,2023-08-01,11,False,exponential,549.2902959257299,0.12272739332239511,0.0,0.9039984064860944,False,
Mahihkan Battery 02-21,ABWI102080406604W400,2,2024-07-01,15,False,harmonic,229.08231108709302,0.002984898705418782,1.0,0.0004364724883596516,True,low R2 (0.00)
Mahihkan Battery 02-21,ABWI102080406604W400,3,2025-10-01,5,True,exponential,304.6800000083755,2.0427855853663275e-16,0.0,-1.1102230246251565e-15,True,short cycle (<6mo); low R2 (-0.00)
Mahihkan Battery 02-21,ABWI102080406604W400,4,2026-03-01,4,True,harmonic,592.6340447520998,0.8175501012854506,1.0,0.9615892565491131,True,short cycle (<6mo)
Mahihkan Battery 02-21,ABWI102080506604W400,1,2023-02-01,8,False,exponential,286.74548802749285,0.3386158175496537,0.0,0.8974802214860002,False,
Mahihkan Battery 02-21,ABWI102080506604W400,2,2023-10-01,11,False,harmonic,222.08106797335267,0.15387993841349776,1.0,0.832358631500461,False,
Mahihkan Battery 02-21,ABWI102080506604W400,3,2024-09-01,11,False,harmonic,370.53272501798295,0.316870267975521,1.0,0.49564724932077,True,low R2 (0.50)
Mahihkan Battery 02-21,ABWI102080506604W400,4,2025-08-01,5,True,exponential,261.32243416968697,0.4428769660658671,0.0,0.9710866326322158,True,short cycle (<6mo)
Mahihkan Battery 02-21,ABWI102080506604W400,5,2026-01-01,6,False,exponential,234.99743108159598,0.39975077280806687,0.0,0.9871029213352842,False,
Mahihkan Battery 02-21,ABWI102080806604W400,1,2023-04-01,20,False,harmonic,1516.06084917172,0.2104873441150859,1.0,0.35421410625500527,True,low R2 (0.35)
Mahihkan Battery 02-21,ABWI102080806604W400,2,2024-12-01,19,False,harmonic,1462.6879539688389,0.2740037198481484,1.0,0.8890685022510916,False,
Mahihkan Battery 02-21,ABWI102082206504W400,1,2024-02-01,8,False,exponential,65.48749996609631,3.1866874617588665e-16,0.0,-6.661338147750939e-16,True,low R2 (-0.00)
Mahihkan Battery 02-21,ABWI102082206504W400,2,2024-10-01,6,False,exponential,87.99776437056447,0.37851857458208504,0.0,0.9612292533240439,False,
Mahihkan Battery 02-21,ABWI102082206504W400,3,2025-04-01,9,False,harmonic,81.65080243258787,0.1784267846678093,1.0,0.4940430146546966,True,low R2 (0.49)
Mahihkan Battery 02-21,ABWI102082206504W400,4,2026-01-01,2,True,,,,,,True,too few data points to fit
Mahihkan Battery 02-21,ABWI102082806504W400,1,2023-05-01,20,False,exponential,357.4296365254835,0.06400981565105723,0.0,0.6608343772052243,False,
Mahihkan Battery 02-21,ABWI102082806504W400,2,2025-01-01,18,False,harmonic,324.3843900982036,0.10905117656678376,1.0,0.852411518950872,False,
Mahihkan Battery 02-21,ABWI102082906504W400,1,2022-12-01,20,False,harmonic,374.99236841477114,0.06716858337942962,1.0,0.5080104256466218,False,
Mahihkan Battery 02-21,ABWI102082906504W400,2,2024-08-01,23,False,hyperbolic,309.8638363085313,0.19430208888298922,1.9999999999993436,0.8303819665212026,True,b pinned at bound (2.000)
Mahihkan Battery 02-21,ABWI102083406504W400,1,2023-11-01,32,False,hyperbolic,689.8527997488285,0.1490180743485736,1.9999999999997444,0.14700808790618347,True,low R2 (0.15); b pinned at bound (2.000)
Mahihkan Battery 02-21,ABWI102090406604W400,1,2023-05-01,9,False,exponential,834.5371943297642,0.22890381924989595,0.0,0.8836784766735539,False,
Mahihkan Battery 02-21,ABWI102090406604W400,2,2024-02-01,6,False,harmonic,188.69561900105558,0.036700932749245595,1.0,0.07528662179085699,True,low R2 (0.08)
Mahihkan Battery 02-21,ABWI102090406604W400,3,2024-08-01,23,False,harmonic,301.5329202351546,0.01153873548716933,1.0,0.10192459065333437,True,low R2 (0.10)
Mahihkan Battery 02-21,ABWI102091006604W400,1,2023-12-01,6,False,harmonic,1500.4802555144743,0.5235861717621836,1.0,0.39282530607387334,True,low R2 (0.39)
Mahihkan Battery 02-21,ABWI102091006604W400,2,2024-06-01,25,False,exponential,2614.7266341693758,0.13760123156826284,0.0,0.9639147640343473,False,
Mahihkan Battery 02-21,ABWI102092106504W400,1,2022-06-01,4,True,exponential,9.925000000000002,1.7657875526684367e-16,0.0,-4.440892098500626e-16,True,short cycle (<6mo); low R2 (-0.00)
Mahihkan Battery 02-21,ABWI102092106504W400,2,2022-10-01,21,False,exponential,25.68124996453676,9.548769503063928e-21,0.0,0.0,True,low R2 (0.00)
Mahihkan Battery 02-21,ABWI102092106504W400,3,2024-07-01,10,False,harmonic,102.67843038107024,0.06470957435995296,1.0,0.1803446338592053,True,low R2 (0.18)
Mahihkan Battery 02-21,ABWI102092106504W400,4,2025-05-01,5,True,harmonic,105.2936008741165,0.07875193735089892,1.0,0.0732596034224009,True,short cycle (<6mo); low R2 (0.07)
Mahihkan Battery 02-21,ABWI102092106504W400,5,2025-10-01,9,False,exponential,191.55165652842902,0.3934954693354356,0.0,0.9588039074646049,False,
Mahihkan Battery 02-21,ABWI102092806504W400,1,2022-09-01,8,False,exponential,286.30150207775534,0.27497294270970585,0.0,0.8388358392564224,False,
Mahihkan Battery 02-21,ABWI102092806504W400,2,2023-05-01,14,False,exponential,199.51428598047062,4.249073059626112e-16,0.0,-1.7763568394002505e-15,True,low R2 (-0.00)
Mahihkan Battery 02-21,ABWI102092806504W400,3,2024-07-01,4,True,harmonic,546.6105838090302,0.7734970472798695,1.0,0.37362291500458755,True,short cycle (<6mo); low R2 (0.37)
Mahihkan Battery 02-21,ABWI102092806504W400,4,2024-11-01,5,True,harmonic,420.690394477073,1.6883893469492988,1.0,0.8265523723634911,True,short cycle (<6mo)
Mahihkan Battery 02-21,ABWI102092806504W400,5,2025-04-01,9,False,harmonic,203.36594754392218,0.022658504384076864,1.0,0.07705928022328656,True,low R2 (0.08)
Mahihkan Battery 02-21,ABWI102092806504W400,6,2026-01-01,6,False,harmonic,187.37953906500755,0.13990697583095826,1.0,0.5061847166255736,False,
Mahihkan Battery 02-21,ABWI102092906504W400,1,2022-08-01,18,False,exponential,176.08235294117648,3.024400689992765e-23,0.0,0.0,True,low R2 (0.00)
Mahihkan Battery 02-21,ABWI102092906504W400,2,2024-02-01,5,True,harmonic,228.51961250009356,0.08611501843801705,1.0,0.17744376499661196,True,short cycle (<6mo); low R2 (0.18)
Mahihkan Battery 02-21,ABWI102092906504W400,3,2024-07-01,24,False,exponential,373.421999984708,0.03917942772432104,0.0,0.8182799885473142,False,
Mahihkan Battery 02-21,ABWI102093306504W400,1,2023-05-01,12,False,exponential,388.425,2.0815526766799373e-24,0.0,0.0,True,low R2 (0.00)
Mahihkan Battery 02-21,ABWI102093306504W400,2,2024-05-01,11,False,exponential,437.3636363636364,4.464890125860376e-21,0.0,0.0,True,low R2 (0.00)
Mahihkan Battery 02-21,ABWI102093306504W400,3,2025-04-01,15,False,exponential,746.746436963098,0.06997810436008281,0.0,0.6437485300004332,False,
Mahihkan Battery 02-21,ABWI102093406504W400,1,2024-09-01,8,False,exponential,98.175,1.5666820712603592e-21,0.0,0.0,True,low R2 (0.00)
Mahihkan Battery 02-21,ABWI102093406504W400,2,2025-05-01,5,True,harmonic,181.06631043333257,0.32040567029012124,1.0,0.6693138499865807,True,short cycle (<6mo)
Mahihkan Battery 02-21,ABWI102093406504W400,3,2025-10-01,9,False,harmonic,144.56655265561653,0.22764795386508455,1.0,0.9643250032737868,False,
Mahihkan Battery 02-21,ABWI102100406604W400,1,2023-10-01,26,False,hyperbolic,5063.365817434161,0.959603680387016,1.6828251112890695,0.8958204915905709,False,
Mahihkan Battery 02-21,ABWI102100406604W400,2,2025-12-01,7,False,exponential,592.3857142857144,6.599430166840781e-19,0.0,2.220446049250313e-16,True,low R2 (0.00)
Mahihkan Battery 02-21,ABWI102100906604W400,1,2022-09-01,14,False,harmonic,537.9055453490253,0.14555382988631876,1.0,0.6849694716402386,False,
Mahihkan Battery 02-21,ABWI102100906604W400,2,2023-11-01,6,False,exponential,462.74306257639336,0.38285087913647425,0.0,0.7461034829543827,False,
Mahihkan Battery 02-21,ABWI102100906604W400,3,2024-05-01,22,False,exponential,379.92198657552217,0.06761648491711733,0.0,0.826955467588633,False,
Mahihkan Battery 02-21,ABWI102100906604W400,4,2026-03-01,4,True,exponential,329.34267132463873,0.6789495816886505,0.0,0.9698698097832026,True,short cycle (<6mo)
Mahihkan Battery 02-21,ABWI102101006504W400,1,2022-05-01,14,False,exponential,188.6580444254685,0.43248995983520594,0.0,0.8946972624443196,False,
Mahihkan Battery 02-21,ABWI102101006504W400,2,2023-07-01,8,False,exponential,45.2375,1.0548307236704314e-22,0.0,0.0,True,low R2 (0.00)
Mahihkan Battery 02-21,ABWI102101006504W400,3,2024-03-01,21,False,exponential,58.90952380952381,3.701259013449971e-22,0.0,-2.220446049250313e-16,True,low R2 (-0.00)
Mahihkan Battery 02-21,ABWI102101006504W400,4,2025-12-01,7,False,,,,,,True,too few data points to fit
Mahihkan Battery 02-21,ABWI102101506504W400,1,2022-08-01,4,True,exponential,33.350000000000016,2.268237580118119e-16,0.0,-6.661338147750939e-16,True,short cycle (<6mo); low R2 (-0.00)
Mahihkan Battery 02-21,ABWI102101506504W400,2,2022-12-01,5,True,harmonic,71.72127890304294,0.29029684536919037,1.0,0.21145838457756405,True,short cycle (<6mo); low R2 (0.21)
Mahihkan Battery 02-21,ABWI102101506504W400,3,2023-05-01,4,True,,,,,,True,too few data points to fit
Mahihkan Battery 02-21,ABWI102101506504W400,4,2023-09-01,6,False,exponential,28.233333333333338,4.649102422216136e-17,0.0,-4.440892098500626e-16,True,low R2 (-0.00)
Mahihkan Battery 02-21,ABWI102101506504W400,5,2024-03-01,7,False,exponential,102.18571428571428,3.820656815277028e-18,0.0,0.0,True,low R2 (0.00)
Mahihkan Battery 02-21,ABWI102101506504W400,6,2024-10-01,5,True,harmonic,224.39395315551366,1.0275972448354023,1.0,0.9727425057095185,True,short cycle (<6mo)
Mahihkan Battery 02-21,ABWI102101506504W400,7,2025-03-01,8,False,exponential,83.95114075658213,0.09148228671382003,0.0,0.547244979275774,False,
Mahihkan Battery 02-21,ABWI102101506504W400,8,2025-11-01,8,False,harmonic,116.01178623433637,0.3769872437969526,1.0,0.7572512949355354,False,
Mahihkan Battery 02-21,ABWI102101506604W400,1,2022-05-01,24,False,harmonic,390.36190436597866,2.7326947786201645e-17,1.0,-4.440892098500626e-16,True,low R2 (-0.00)
Mahihkan Battery 02-21,ABWI102101506604W400,2,2024-05-01,20,False,harmonic,1664.7051718982786,0.07838072566868401,1.0,0.6865682256655552,False,
Mahihkan Battery 02-21,ABWI102101506604W400,3,2026-01-01,6,False,harmonic,961.7824371598829,0.3568891955843657,1.0,0.9397416045762061,False,
Mahihkan Battery 02-21,ABWI102101606604W400,1,2022-12-01,18,False,exponential,104.13888885837692,4.9331702936091645e-15,0.0,-8.526512829121202e-14,True,low R2 (-0.00)
Mahihkan Battery 02-21,ABWI102101606604W400,2,2024-06-01,7,False,exponential,263.91777600657184,0.24630993236942217,0.0,0.9923666440264433,False,
Mahihkan Battery 02-21,ABWI102101606604W400,3,2025-01-01,18,False,harmonic,122.30783186360787,0.0402959454600209,1.0,0.520964140874713,False,
Mahihkan Battery 02-21,ABWI102102106604W400,1,2022-07-01,17,False,exponential,57.531250092243255,2.778112486728593e-16,0.0,-2.220446049250313e-16,True,low R2 (-0.00)
Mahihkan Battery 02-21,ABWI102102106604W400,2,2023-12-01,7,False,harmonic,177.77469663066285,0.7063111614347597,1.0,0.9246528455669839,False,
Mahihkan Battery 02-21,ABWI102102106604W400,3,2024-07-01,4,True,harmonic,124.273298710494,0.7057655962354502,1.0,0.8917113162960941,True,short cycle (<6mo)
Mahihkan Battery 02-21,ABWI102102106604W400,4,2024-11-01,20,False,exponential,171.98490671844672,0.06569433357537931,0.0,0.843174146146865,False,
Mahihkan Battery 02-21,ABWI102102206604W400,1,2022-10-01,5,True,exponential,378.34999889767465,7.966369167357188e-18,0.0,-2.220446049250313e-16,True,short cycle (<6mo); low R2 (-0.00)
Mahihkan Battery 02-21,ABWI102102206604W400,2,2023-03-01,20,False,exponential,573.5230792106393,0.049036961431653855,0.0,0.9025777552987045,False,
Mahihkan Battery 02-21,ABWI102102206604W400,3,2024-11-01,16,False,hyperbolic,986.8350671513869,0.41677340520867195,1.9999999999999998,0.5462211296932482,True,b pinned at bound (2.000)
Mahihkan Battery 02-21,ABWI102102206604W400,4,2026-03-01,4,True,exponential,424.76546500842403,0.387510025340875,0.0,0.9124092357521065,True,short cycle (<6mo)
Mahihkan Battery 02-21,ABWI102102606504W400,1,2022-07-01,22,False,exponential,226.1918549739665,0.04964286794403452,0.0,0.7305426620463676,False,
Mahihkan Battery 02-21,ABWI102102606504W400,2,2024-05-01,8,False,exponential,99.4349467763981,0.2903907148783375,0.0,0.9514556226974288,False,
Mahihkan Battery 02-21,ABWI102102606504W400,3,2025-01-01,4,True,harmonic,105.3240016158634,0.9504914766108329,1.0,0.3674585518656186,True,short cycle (<6mo); low R2 (0.37)
Mahihkan Battery 02-21,ABWI102102606504W400,4,2025-05-01,14,False,harmonic,183.00546869871553,0.3106100699709157,1.0,0.3618870454138985,True,low R2 (0.36)
Mahihkan Battery 02-21,ABWI102102706504W400,1,2023-01-01,5,True,harmonic,0.939999999214831,1.3412546689728907e-17,1.0,2.220446049250313e-16,True,short cycle (<6mo); low R2 (0.00)
Mahihkan Battery 02-21,ABWI102102706504W400,2,2023-06-01,14,False,exponential,33.30000000000001,4.263101306381928e-17,0.0,-6.661338147750939e-16,True,low R2 (-0.00)
Mahihkan Battery 02-21,ABWI102102706504W400,3,2024-08-01,9,False,harmonic,74.5803868476555,0.16710253645484022,1.0,0.6162488488109699,False,
Mahihkan Battery 02-21,ABWI102102706504W400,4,2025-05-01,10,False,harmonic,63.22767284028199,0.15064810750591223,1.0,0.20380463279388372,True,low R2 (0.20)
Mahihkan Battery 02-21,ABWI102102706504W400,5,2026-03-01,3,True,,,,,,True,too few data points to fit
Mahihkan Battery 02-21,ABWI102102806504W400,1,2022-11-01,4,True,harmonic,269.5740228013488,0.7339151644259672,1.0,0.8943164571936921,True,short cycle (<6mo)
Mahihkan Battery 02-21,ABWI102102806504W400,2,2023-03-01,5,True,harmonic,174.21317171116073,0.22478363295256198,1.0,0.6451557227833713,True,short cycle (<6mo)
Mahihkan Battery 02-21,ABWI102102806504W400,3,2023-08-01,19,False,exponential,134.54736842105262,5.544277767655088e-22,0.0,0.0,True,low R2 (0.00)
Mahihkan Battery 02-21,ABWI102102806504W400,4,2025-03-01,4,True,harmonic,185.2082427790891,0.58927526193805,1.0,0.2856382450788081,True,short cycle (<6mo); low R2 (0.29)
Mahihkan Battery 02-21,ABWI102102806504W400,5,2025-07-01,6,False,exponential,201.1500000547998,7.632576705939966e-17,0.0,0.0,True,low R2 (0.00)
Mahihkan Battery 02-21,ABWI102102806504W400,6,2026-01-01,6,False,harmonic,210.3785184109682,0.10990364736540077,1.0,0.2004158893688358,True,low R2 (0.20)
Mahihkan Battery 02-21,ABWI102102906504W400,1,2022-07-01,11,False,harmonic,256.56838584671715,1.0290343437297442,1.0,0.984632012363038,False,
Mahihkan Battery 02-21,ABWI102103406504W400,1,2022-09-01,5,True,exponential,116.48995000257317,2.073679107502134,0.0,0.9988453370200485,True,short cycle (<6mo); very high Di (2.07/month)
Mahihkan Battery 02-21,ABWI102103406504W400,2,2023-02-01,4,True,exponential,5.197116239278247,0.6139987813839082,0.0,0.9108060242748024,True,short cycle (<6mo)
Mahihkan Battery 02-21,ABWI102103406504W400,3,2023-06-01,4,True,,,,,,True,too few data points to fit
Mahihkan Battery 02-21,ABWI102103406504W400,4,2023-10-01,4,True,,,,,,True,too few data points to fit
Mahihkan Battery 02-21,ABWI102103406504W400,5,2024-02-01,11,False,exponential,44.04545454545455,4.2161856895249704e-22,0.0,0.0,True,low R2 (0.00)
Mahihkan Battery 02-21,ABWI102103406504W400,6,2025-01-01,6,False,exponential,169.99999997812353,3.094312344526199e-15,0.0,-2.0872192862952943e-14,True,low R2 (-0.00)
Mahihkan Battery 02-21,ABWI102103406504W400,7,2025-07-01,4,True,exponential,308.25000000000006,1.361799659128215e-16,0.0,-4.440892098500626e-16,True,short cycle (<6mo); low R2 (-0.00)
Mahihkan Battery 02-21,ABWI102103406504W400,8,2025-11-01,6,False,harmonic,445.1531306193167,0.03721543585584284,1.0,0.04468389061763567,True,low R2 (0.04)
Mahihkan Battery 02-21,ABWI102103406504W400,9,2026-05-01,2,True,,,,,,True,too few data points to fit
Mahihkan Battery 02-21,ABWI102110306604W400,1,2022-05-01,4,True,harmonic,19.70768272996881,0.5009266448214067,1.0,0.038685803474379665,True,short cycle (<6mo); low R2 (0.04)
Mahihkan Battery 02-21,ABWI102110306604W400,2,2022-09-01,46,False,exponential,197.1804347199731,2.822104462843557e-17,0.0,-1.3322676295501878e-15,True,low R2 (-0.00)
Mahihkan Battery 02-21,ABWI102110906604W400,1,2022-09-01,14,False,hyperbolic,695.3095277149305,0.6045994008723099,1.9999999999999998,0.6469324124592912,True,b pinned at bound (2.000)
Mahihkan Battery 02-21,ABWI102110906604W400,2,2023-11-01,6,False,harmonic,457.6899885690742,0.7521853162485281,1.0,0.8005673896188943,False,
Mahihkan Battery 02-21,ABWI102110906604W400,3,2024-05-01,4,True,harmonic,480.8728903780244,1.2777394645646463,1.0,0.5514584255276579,True,short cycle (<6mo)
Mahihkan Battery 02-21,ABWI102110906604W400,4,2024-09-01,18,False,harmonic,328.3059534068554,0.16945924043771504,1.0,0.7848194854738,False,
Mahihkan Battery 02-21,ABWI102110906604W400,5,2026-03-01,4,True,exponential,381.59088512069667,0.5135118872154012,0.0,0.985995708880351,True,short cycle (<6mo)
Mahihkan Battery 02-21,ABWI102111006604W400,1,2023-04-01,11,False,harmonic,539.360458543142,0.7033157162096634,1.0,0.0416962788413483,True,low R2 (0.04)
Mahihkan Battery 02-21,ABWI102111006604W400,2,2024-03-01,11,False,harmonic,612.2309863387705,0.04194078290229521,1.0,0.08314346681096174,True,low R2 (0.08)
Mahihkan Battery 02-21,ABWI102111006604W400,3,2025-02-01,17,False,hyperbolic,868.5495210059239,0.615233347362123,1.8773968604574136,0.9220790181952783,False,
Mahihkan Battery 02-21,ABWI102111506504W400,1,2022-08-01,17,False,harmonic,38.944428913726234,0.35463902574530126,1.0,0.7853679554186409,False,
Mahihkan Battery 02-21,ABWI102111506504W400,2,2024-01-01,9,False,exponential,41.34444444444444,9.064088951585956e-23,0.0,0.0,True,low R2 (0.00)
Mahihkan Battery 02-21,ABWI102111506504W400,3,2024-10-01,10,False,exponential,96.54,2.4168367446427326e-22,0.0,2.220446049250313e-16,True,low R2 (0.00)
Mahihkan Battery 02-21,ABWI102111506504W400,4,2025-08-01,4,True,exponential,465.64666109852436,0.37848601625692363,0.0,0.9064259240153849,True,short cycle (<6mo)
Mahihkan Battery 02-21,ABWI102111506504W400,5,2025-12-01,7,False,harmonic,173.04993519341704,0.14647551440534765,1.0,0.31299012183049957,True,low R2 (0.31)
Mahihkan Battery 02-21,ABWI102112106604W400,1,2022-05-01,14,False,exponential,216.22142857142856,2.4238731314818144e-22,0.0,0.0,True,low R2 (0.00)
Mahihkan Battery 02-21,ABWI102112106604W400,2,2023-07-01,5,True,exponential,477.8521601075765,0.3256325495476653,0.0,0.7301744143984796,True,short cycle (<6mo)
Mahihkan Battery 02-21,ABWI102112106604W400,3,2023-12-01,13,False,harmonic,218.74031813310103,0.1353219235460706,1.0,0.37704092270186895,True,low R2 (0.38)
Mahihkan Battery 02-21,ABWI102112106604W400,4,2025-01-01,11,False,harmonic,263.39474098049556,0.24441957971694903,1.0,0.804613725956892,False,
Mahihkan Battery 02-21,ABWI102112106604W400,5,2025-12-01,7,False,harmonic,91.05919156735573,0.046556073899807995,1.0,0.05904982850044194,True,low R2 (0.06)
Mahihkan Battery 02-21,ABWI102112806504W400,1,2024-01-01,30,False,harmonic,458.42910664656546,0.03206216754343676,1.0,0.6748444389944859,False,
Mahihkan Battery 02-21,ABWI102112806604W400,1,2022-12-01,32,False,hyperbolic,121.39761335775877,0.10373604822593009,1.9999999999999998,0.3859826170253099,True,low R2 (0.39); b pinned at bound (2.000)
Mahihkan Battery 02-21,ABWI102112806604W400,2,2025-08-01,5,True,harmonic,138.86337933426702,2.088590937985075,1.0,0.8101023394779596,True,short cycle (<6mo); very high Di (2.09/month)
Mahihkan Battery 02-21,ABWI102112806604W400,3,2026-01-01,6,False,exponential,284.9236900288104,0.22612309332712818,0.0,0.7588554316622267,False,
Mahihkan Battery 02-21,ABWI102112906504W400,1,2022-07-01,10,False,exponential,80.35694691511904,0.29818483836110843,0.0,0.934262953604372,False,
Mahihkan Battery 02-21,ABWI102112906604W400,1,2023-01-01,6,False,harmonic,452.92341950656726,0.040993965316861114,1.0,0.004451423486747208,True,low R2 (0.00)
Mahihkan Battery 02-21,ABWI102112906604W400,2,2023-07-01,8,False,harmonic,929.8822051310963,0.5336899249578084,1.0,0.9391594533813463,False,
Mahihkan Battery 02-21,ABWI102112906604W400,3,2024-03-01,14,False,exponential,264.68,1.6040996277948335e-21,0.0,0.0,True,low R2 (0.00)
Mahihkan Battery 02-21,ABWI102112906604W400,4,2025-05-01,8,False,harmonic,539.6126269716789,0.09016520523374826,1.0,0.10057787088202585,True,low R2 (0.10)
Mahihkan Battery 02-21,ABWI102112906604W400,5,2026-01-01,6,False,harmonic,834.1866546852665,0.25153347612061205,1.0,0.65526004290797,False,
Mahihkan Battery 02-21,ABWI102113406504W400,1,2022-06-01,6,False,exponential,72.98333333333333,3.4864479950834166e-18,0.0,2.220446049250313e-16,True,low R2 (0.00)
Mahihkan Battery 02-21,ABWI102113406504W400,2,2022-12-01,5,True,harmonic,116.67855482021317,0.1516292899018391,1.0,0.7740306387601585,True,short cycle (<6mo)
Mahihkan Battery 02-21,ABWI102113406504W400,3,2023-05-01,7,False,harmonic,92.55714285714286,4.876012305478458e-19,1.0,0.0,True,low R2 (0.00)
Mahihkan Battery 02-21,ABWI102113406504W400,4,2023-12-01,9,False,harmonic,461.3265270057472,1.0117750235238399,1.0,0.7784304116096974,False,
Mahihkan Battery 02-21,ABWI102113406504W400,5,2024-09-01,12,False,exponential,87.16666666666667,9.362987480827202e-23,0.0,0.0,True,low R2 (0.00)
Mahihkan Battery 02-21,ABWI102113406504W400,6,2025-09-01,10,False,exponential,170.01702156903667,0.09680878864835442,0.0,0.7883817066625509,False,
Mahihkan Battery 02-21,ABWI102120306604W400,1,2022-07-01,27,False,harmonic,556.1776803868551,0.08457920808169783,1.0,0.15958264509162567,True,low R2 (0.16)
Mahihkan Battery 02-21,ABWI102120306604W400,2,2024-10-01,21,False,hyperbolic,876.6755273127693,0.8099829224078174,1.9999999999999998,0.8465513385521332,True,b pinned at bound (2.000)
Mahihkan Battery 02-21,ABWI102120906604W400,1,2022-09-01,14,False,hyperbolic,1274.1986099203154,1.2473774788507908,1.9999999999999998,0.9083613874706093,True,b pinned at bound (2.000)
Mahihkan Battery 02-21,ABWI102120906604W400,2,2023-11-01,10,False,harmonic,373.1640084162353,0.4663513189101269,1.0,0.5389902848526458,False,
Mahihkan Battery 02-21,ABWI102120906604W400,3,2024-09-01,19,False,harmonic,248.02996086802005,0.1268246246166613,1.0,0.4834174533648995,True,low R2 (0.48)
Mahihkan Battery 02-21,ABWI102120906604W400,4,2026-04-01,3,True,,,,,,True,too few data points to fit
Mahihkan Battery 02-21,ABWI102121006604W400,1,2022-09-01,16,False,exponential,1612.1667713084353,0.23646488485548584,0.0,0.8326583724865371,False,
Mahihkan Battery 02-21,ABWI102121006604W400,2,2024-01-01,14,False,exponential,682.4929248768245,0.11864928932269166,0.0,0.7704076663606813,False,
Mahihkan Battery 02-21,ABWI102121006604W400,3,2025-03-01,5,True,harmonic,185.93231086830056,0.14930061949219756,1.0,0.2987721456124911,True,short cycle (<6mo); low R2 (0.30)
Mahihkan Battery 02-21,ABWI102121006604W400,4,2025-08-01,9,False,harmonic,182.6498097022303,0.30284720159077544,1.0,0.9726358170512368,False,
Mahihkan Battery 02-21,ABWI102121006604W400,5,2026-05-01,2,True,,,,,,True,too few data points to fit
Mahihkan Battery 02-21,ABWI102121506504W400,1,2023-07-01,6,False,harmonic,327.7379826895863,0.49173019358517855,1.0,0.475768325471394,True,low R2 (0.48)
Mahihkan Battery 02-21,ABWI102121506504W400,2,2024-01-01,12,False,harmonic,179.04824033283725,0.060109236371602835,1.0,0.27847255578966057,True,low R2 (0.28)
Mahihkan Battery 02-21,ABWI102121506504W400,3,2025-01-01,12,False,harmonic,155.23286525541653,0.09183514940607525,1.0,0.1424549181370668,True,low R2 (0.14)
Mahihkan Battery 02-21,ABWI102121506504W400,4,2026-01-01,6,False,harmonic,145.78153448278647,0.05708596083122232,1.0,0.07977024571302282,True,low R2 (0.08)
Mahihkan Battery 02-21,ABWI102121506604W400,1,2022-11-01,5,True,harmonic,79.78986017596853,0.34150706311064244,1.0,0.5141329703776305,True,short cycle (<6mo)
Mahihkan Battery 02-21,ABWI102121506604W400,2,2023-04-01,13,False,exponential,119.53846134347805,3.4657724589607017e-18,0.0,1.1102230246251565e-16,True,low R2 (0.00)
Mahihkan Battery 02-21,ABWI102121506604W400,3,2024-05-01,26,False,hyperbolic,589.2284075547059,0.46298700573112933,1.5244310372984016,0.9055080579635164,False,
Mahihkan Battery 02-21,ABWI102121606604W400,1,2023-12-01,6,False,exponential,1034.6783052093272,0.35245445803369735,0.0,0.8075509746414847,False,
Mahihkan Battery 02-21,ABWI102121606604W400,2,2024-06-01,4,True,exponential,615.5051551498632,0.2028683052811057,0.0,0.7898269377487432,True,short cycle (<6mo)
Mahihkan Battery 02-21,ABWI102121606604W400,3,2024-10-01,7,False,exponential,1871.631751783763,0.2373174076874622,0.0,0.9114719296599492,False,
Mahihkan Battery 02-21,ABWI102121606604W400,4,2025-05-01,14,False,harmonic,1286.4475261181933,0.0654916845392956,1.0,0.4411810044682989,True,low R2 (0.44)
Mahihkan Battery 02-21,ABWI102122206504W400,1,2022-09-01,6,False,harmonic,363.4817887271336,0.13797482988411247,1.0,0.23949849496254083,True,low R2 (0.24)
Mahihkan Battery 02-21,ABWI102122206504W400,2,2023-03-01,14,False,hyperbolic,435.9586312027481,0.6170846174872806,1.8439696438160578,0.9001800168803935,False,
Mahihkan Battery 02-21,ABWI102122206504W400,3,2024-05-01,10,False,exponential,126.31356585328706,0.2610539763563492,0.0,0.8616403831459242,False,
Mahihkan Battery 02-21,ABWI102122206504W400,4,2025-03-01,4,True,harmonic,26.53076559587016,0.15459117218920407,1.0,0.1503501039379006,True,short cycle (<6mo); low R2 (0.15)
Mahihkan Battery 02-21,ABWI102122206504W400,5,2025-07-01,12,False,exponential,58.1,2.4403235271951486e-21,0.0,0.0,True,low R2 (0.00)
Mahihkan Battery 02-21,ABWI102122706504W400,1,2022-11-01,13,False,exponential,214.43076913294612,1.2306799825292574e-16,0.0,-1.3322676295501878e-15,True,low R2 (-0.00)
Mahihkan Battery 02-21,ABWI102122706504W400,2,2023-12-01,11,False,exponential,356.8909090909091,2.398105311473589e-23,0.0,-2.220446049250313e-16,True,low R2 (-0.00)
Mahihkan Battery 02-21,ABWI102122706504W400,3,2024-11-01,20,False,harmonic,693.3827975876735,0.12207686826952643,1.0,0.7420077413635429,False,
Mahihkan Battery 02-21,ABWI102122806504W400,1,2022-05-01,7,False,harmonic,99.91770023784038,0.26630902592452876,1.0,0.4639941463582683,True,low R2 (0.46)
Mahihkan Battery 02-21,ABWI102122806504W400,2,2022-12-01,7,False,harmonic,76.7514365115707,1.0697839939045442,1.0,0.17418144554465365,True,low R2 (0.17)
Mahihkan Battery 02-21,ABWI102122806504W400,3,2023-07-01,15,False,exponential,276.2866666666667,1.4996162378322098e-21,0.0,0.0,True,low R2 (0.00)
Mahihkan Battery 02-21,ABWI102122806504W400,4,2024-10-01,21,False,harmonic,368.0278741680753,0.03610378095440142,1.0,0.4140318554310547,True,low R2 (0.41)
Mahihkan Battery 02-21,ABWI102122806604W400,1,2022-12-01,14,False,exponential,136.0,1.3322196432486588e-20,0.0,2.220446049250313e-16,True,low R2 (0.00)
Mahihkan Battery 02-21,ABWI102123406504W400,1,2022-10-01,15,False,harmonic,386.34981911081854,0.06502890684618573,1.0,0.5254913278459615,False,
Mahihkan Battery 02-21,ABWI102123406504W400,2,2024-01-01,9,False,harmonic,445.4940831972967,0.22938090107290335,1.0,0.8518877527339531,False,
Mahihkan Battery 02-21,ABWI102123406504W400,3,2024-10-01,6,False,harmonic,204.5119936831472,0.16791374545047721,1.0,0.2539981279943795,True,low R2 (0.25)
Mahihkan Battery 02-21,ABWI102123406504W400,4,2025-04-01,11,False,harmonic,180.91102020939886,0.05472365234624244,1.0,0.13104379436078784,True,low R2 (0.13)
Mahihkan Battery 02-21,ABWI102123406504W400,5,2026-03-01,4,True,,,,,,True,too few data points to fit
Mahihkan Battery 02-21,ABWI102123506504W400,1,2024-05-01,12,False,harmonic,806.773925612444,0.2229591518478862,1.0,0.908414651311772,False,
Mahihkan Battery 02-21,ABWI102123506504W400,2,2025-05-01,7,False,exponential,346.2619394599402,0.3676909330814704,0.0,0.9452236427108826,False,
Mahihkan Battery 02-21,ABWI102123506504W400,3,2025-12-01,7,False,,,,,,True,too few data points to fit
Mahihkan Battery 02-21,ABWI102130306604W400,1,2022-06-01,7,False,exponential,463.64285676229713,2.2659016256871843e-16,0.0,-2.220446049250313e-16,True,low R2 (-0.00)
Mahihkan Battery 02-21,ABWI102130306604W400,2,2023-01-01,12,False,exponential,661.1846413091464,0.1716892351669499,0.0,0.880651617261131,False,
Mahihkan Battery 02-21,ABWI102130306604W400,3,2024-01-01,18,False,exponential,231.10555555555555,1.4339790431406918e-18,0.0,0.0,True,low R2 (0.00)
Mahihkan Battery 02-21,ABWI102130306604W400,4,2025-07-01,12,False,exponential,303.12390991386013,0.0815965965907746,0.0,0.6397253882935359,False,
Mahihkan Battery 02-21,ABWI102131406504W400,1,2023-01-01,10,False,harmonic,76.88958277249431,0.1650839651222155,1.0,0.26423152620750023,True,low R2 (0.26)
Mahihkan Battery 02-21,ABWI102131406504W400,2,2023-11-01,4,True,exponential,76.62500000000261,8.888617906204877e-21,0.0,-2.220446049250313e-16,True,short cycle (<6mo); low R2 (-0.00)
Mahihkan Battery 02-21,ABWI102131406504W400,3,2024-03-01,28,False,exponential,142.44285714285715,4.9030473372402304e-23,0.0,0.0,True,low R2 (0.00)
Mahihkan Battery 02-21,ABWI102131506504W400,1,2022-12-01,43,False,harmonic,599.6779762462752,0.03024753292928166,1.0,0.5743301230219848,False,
Mahihkan Battery 02-21,ABWI102132606504W400,1,2022-08-01,5,True,exponential,550.3319781815081,0.3235653939953908,0.0,0.8497292944919806,True,short cycle (<6mo)
Mahihkan Battery 02-21,ABWI102132606504W400,2,2023-01-01,12,False,exponential,387.525,1.3377343817726191e-20,0.0,-2.220446049250313e-16,True,low R2 (-0.00)
Mahihkan Battery 02-21,ABWI102132606504W400,3,2024-01-01,30,False,exponential,548.07707781062,0.03882402853551991,0.0,0.8044873799669203,False,
Mahihkan Battery 02-21,ABWI102132806504W400,1,2024-01-01,11,False,harmonic,227.44879902082172,0.08714035361976893,1.0,0.3611016002916838,True,low R2 (0.36)
Mahihkan Battery 02-21,ABWI102132806504W400,2,2024-12-01,12,False,exponential,176.27035002082818,0.0867587465987933,0.0,0.47792011865398787,True,low R2 (0.48)
Mahihkan Battery 02-21,ABWI102132806504W400,3,2025-12-01,7,False,harmonic,108.34345809442925,0.005449062465213331,1.0,0.002585388681162315,True,low R2 (0.00)
Mahihkan Battery 02-21,ABWI102132806604W400,1,2022-07-01,16,False,harmonic,290.9054855993077,0.7075556031647181,1.0,0.9366997134268934,False,
Mahihkan Battery 02-21,ABWI102132806604W400,2,2023-11-01,9,False,harmonic,71.30694162629521,0.14063691332903197,1.0,0.7638966794597434,False,
Mahihkan Battery 02-21,ABWI102133406504W400,1,2022-05-01,13,False,exponential,270.22307658614596,1.3545421129184759e-15,0.0,-1.2212453270876722e-14,True,low R2 (-0.00)
Mahihkan Battery 02-21,ABWI102133406504W400,2,2023-06-01,11,False,harmonic,523.1577396605409,0.23683566338199338,1.0,0.7090339121407457,False,
Mahihkan Battery 02-21,ABWI102133406504W400,3,2024-05-01,5,True,harmonic,322.10419940961873,0.062135148455887655,1.0,0.021977614016428504,True,short cycle (<6mo); low R2 (0.02)
Mahihkan Battery 02-21,ABWI102133406504W400,4,2024-10-01,5,True,exponential,409.56000017892546,2.349303202826252e-17,0.0,0.0,True,short cycle (<6mo); low R2 (0.00)
Mahihkan Battery 02-21,ABWI102133406504W400,5,2025-03-01,16,False,harmonic,699.550564413257,0.3684603501988494,1.0,0.8500110104657987,False,
Mahihkan Battery 02-21,ABWI102133506504W400,1,2024-01-01,21,False,exponential,378.9822335679133,0.07140586196590364,0.0,0.8612880036638854,False,
Mahihkan Battery 02-21,ABWI102133506504W400,2,2025-10-01,9,False,harmonic,173.31114847434884,0.18537254135076237,1.0,0.7291969108172482,False,
Mahihkan Battery 02-21,ABWI102140306604W400,1,2022-11-01,11,False,exponential,428.12642452468594,0.24970332435979165,0.0,0.9210789881029419,False,
Mahihkan Battery 02-21,ABWI102140306604W400,2,2023-10-01,5,True,,,,,,True,too few data points to fit
Mahihkan Battery 02-21,ABWI102140306604W400,3,2024-03-01,10,False,exponential,111.02000000000001,1.1174999343233488e-23,0.0,0.0,True,low R2 (0.00)
Mahihkan Battery 02-21,ABWI102140306604W400,4,2025-01-01,18,False,exponential,132.65555556764048,1.2223200035710082e-16,0.0,-8.881784197001252e-16,True,low R2 (-0.00)
Mahihkan Battery 02-21,ABWI102141006504W400,1,2023-10-01,5,True,harmonic,76.21224934006881,0.3315404795036896,1.0,0.6915375878995524,True,short cycle (<6mo)
Mahihkan Battery 02-21,ABWI102141006504W400,2,2024-03-01,6,False,exponential,112.18333333333334,2.5635754043069255e-23,0.0,0.0,True,low R2 (0.00)
Mahihkan Battery 02-21,ABWI102141006504W400,3,2024-09-01,22,False,exponential,156.3090909090909,2.0493092414678677e-22,0.0,0.0,True,low R2 (0.00)
Mahihkan Battery 02-21,ABWI102141506504W400,1,2022-09-01,6,False,harmonic,211.2350515623201,0.08668219989899582,1.0,0.22008327539744377,True,low R2 (0.22)
Mahihkan Battery 02-21,ABWI102141506504W400,2,2023-03-01,5,True,harmonic,164.362191415335,0.028237534624219063,1.0,0.018118319847302944,True,short cycle (<6mo); low R2 (0.02)
Mahihkan Battery 02-21,ABWI102141506504W400,3,2023-08-01,21,False,exponential,174.90000008554122,1.86862298077648e-15,0.0,-5.3734794391857577e-14,True,low R2 (-0.00)
Mahihkan Battery 02-21,ABWI102141506504W400,4,2025-05-01,12,False,harmonic,233.91683485987224,0.19865482937577533,1.0,0.6004124637958856,False,
Mahihkan Battery 02-21,ABWI102141506504W400,5,2026-05-01,2,True,,,,,,True,too few data points to fit
Mahihkan Battery 02-21,ABWI102141606604W400,1,2022-08-01,10,False,exponential,340.86592561826114,0.667262694664684,0.0,0.6715121634740515,False,
Mahihkan Battery 02-21,ABWI102141606604W400,2,2023-06-01,4,True,harmonic,102.77221832852574,0.10827487909913348,1.0,0.08958848774343586,True,short cycle (<6mo); low R2 (0.09)
Mahihkan Battery 02-21,ABWI102141606604W400,3,2023-10-01,4,True,exponential,133.65104843880871,0.18480267421353427,0.0,0.5854594062617153,True,short cycle (<6mo)
Mahihkan Battery 02-21,ABWI102141606604W400,4,2024-02-01,4,True,exponential,144.53268914568906,0.6482586627800434,0.0,0.941679685831942,True,short cycle (<6mo)
Mahihkan Battery 02-21,ABWI102141606604W400,5,2024-06-01,8,False,exponential,48.94999998362545,1.2780672742797237e-14,0.0,-5.684341886080802e-14,True,low R2 (-0.00)
Mahihkan Battery 02-21,ABWI102141606604W400,6,2025-02-01,7,False,exponential,108.87142822789428,3.992408303049196e-16,0.0,-4.440892098500626e-16,True,low R2 (-0.00)
Mahihkan Battery 02-21,ABWI102141606604W400,7,2025-09-01,10,False,hyperbolic,308.8510790742684,3.091358885759278,1.9999999999999998,0.9100314220088337,True,very high Di (3.09/month); b pinned at bound (2.000)
Mahihkan Battery 02-21,ABWI102142106604W400,1,2022-09-01,14,False,harmonic,127.34651050273774,0.0980038562884153,1.0,0.19580740365482285,True,low R2 (0.20)
Mahihkan Battery 02-21,ABWI102142106604W400,2,2023-11-01,8,False,exponential,198.52177553295613,0.2705331149395943,0.0,0.9042267573488477,False,
Mahihkan Battery 02-21,ABWI102142106604W400,3,2024-07-01,8,False,exponential,61.22857142857143,3.4923058445307825e-23,0.0,1.1102230246251565e-16,True,low R2 (0.00)
Mahihkan Battery 02-21,ABWI102142106604W400,4,2025-03-01,16,False,hyperbolic,235.32842791144418,0.4145018737432123,1.9999999999993743,0.7259276192825493,True,b pinned at bound (2.000)
Mahihkan Battery 02-21,ABWI102142606504W400,1,2022-11-01,7,False,exponential,171.30239577619696,0.12762953057602583,0.0,0.8237404480770519,False,
Mahihkan Battery 02-21,ABWI102142606504W400,2,2023-06-01,5,True,harmonic,116.19947108122818,0.19205851782975397,1.0,0.1257326595922309,True,short cycle (<6mo); low R2 (0.13)
Mahihkan Battery 02-21,ABWI102142606504W400,3,2023-11-01,20,False,harmonic,132.4698333632715,0.02964536232311613,1.0,0.3237988015493899,True,low R2 (0.32)
Mahihkan Battery 02-21,ABWI102142606504W400,4,2025-07-01,4,True,exponential,194.75525352947588,0.3215770483350002,0.0,0.6745535486965002,True,short cycle (<6mo)
Mahihkan Battery 02-21,ABWI102142606504W400,5,2025-11-01,8,False,harmonic,83.42517746213855,0.12262657376392136,1.0,0.050661768353399306,True,low R2 (0.05)
Mahihkan Battery 02-21,ABWI102142706604W400,1,2022-05-01,4,True,harmonic,286.47237781552116,0.01426082502531168,1.0,0.005027238036991455,True,short cycle (<6mo); low R2 (0.01)
Mahihkan Battery 02-21,ABWI102142706604W400,2,2022-09-01,26,False,hyperbolic,2369.7859254834802,0.7890214551126834,1.201629948008681,0.9776355351095828,False,
Mahihkan Battery 02-21,ABWI102142706604W400,3,2024-11-01,7,False,harmonic,309.30052145768724,1.0034816082394775,1.0,0.4722900772586023,True,low R2 (0.47)
Mahihkan Battery 02-21,ABWI102142706604W400,4,2025-06-01,5,True,harmonic,207.77838133421344,0.6062465272757523,1.0,0.5070048527780575,True,short cycle (<6mo)
Mahihkan Battery 02-21,ABWI102142706604W400,5,2025-11-01,4,True,harmonic,135.5514173067421,0.4869335632616501,1.0,0.28179739146043536,True,short cycle (<6mo); low R2 (0.28)
Mahihkan Battery 02-21,ABWI102142706604W400,6,2026-03-01,4,True,exponential,143.47500000000002,3.583301440803787e-17,0.0,-2.220446049250313e-16,True,short cycle (<6mo); low R2 (-0.00)
Mahihkan Battery 02-21,ABWI102142806604W400,1,2023-01-01,11,False,exponential,209.07272727272726,5.766039749978441e-23,0.0,0.0,True,low R2 (0.00)
Mahihkan Battery 02-21,ABWI102142806604W400,2,2023-12-01,7,False,harmonic,379.70082327714925,0.43954870023785425,1.0,0.34412403218013565,True,low R2 (0.34)
Mahihkan Battery 02-21,ABWI102142806604W400,3,2024-07-01,7,False,harmonic,276.2920496370406,0.5365062496710381,1.0,0.7838233636349085,False,
Mahihkan Battery 02-21,ABWI102142806604W400,4,2025-02-01,5,True,harmonic,73.76581919334082,0.01055924919150754,1.0,0.0006901024513836784,True,short cycle (<6mo); low R2 (0.00)
Mahihkan Battery 02-21,ABWI102142806604W400,5,2025-07-01,8,False,harmonic,119.42084895618142,0.9851633116987948,1.0,0.6631904385276179,False,
Mahihkan Battery 02-21,ABWI102142906504W400,1,2022-05-01,4,True,exponential,133.32500000523282,4.1049892055462608e-16,0.0,-1.5543122344752192e-15,True,short cycle (<6mo); low R2 (-0.00)
Mahihkan Battery 02-21,ABWI102142906504W400,2,2022-09-01,6,False,exponential,394.2319857930508,0.7913354474074046,0.0,0.9027188181271648,False,
Mahihkan Battery 02-21,ABWI102142906504W400,3,2023-03-01,8,False,harmonic,398.592410983384,0.2930665100220505,1.0,0.3081874814470751,True,low R2 (0.31)
Mahihkan Battery 02-21,ABWI102142906504W400,4,2023-11-01,13,False,harmonic,293.22139020496746,0.10857411711778776,1.0,0.6019443746581026,False,
Mahihkan Battery 02-21,ABWI102142906504W400,5,2024-12-01,19,False,harmonic,192.94656565332497,0.07048121257648343,1.0,0.43232910921244616,True,low R2 (0.43)
Mahihkan Battery 02-21,ABWI102142906604W400,1,2022-09-01,20,False,harmonic,2203.1234105710455,0.22459038679614146,1.0,0.9251681199450001,False,
Mahihkan Battery 02-21,ABWI102142906604W400,2,2024-05-01,6,False,harmonic,782.6065166092416,1.2097484228955933,1.0,0.47890407313270855,True,low R2 (0.48)
Mahihkan Battery 02-21,ABWI102142906604W400,3,2024-11-01,8,False,harmonic,510.8212137359311,0.5034307656303106,1.0,0.514649368000514,False,
Mahihkan Battery 02-21,ABWI102142906604W400,4,2025-07-01,7,False,exponential,563.7873063717576,0.3154827786850177,0.0,0.5031235298274075,False,
Mahihkan Battery 02-21,ABWI102142906604W400,5,2026-02-01,5,True,exponential,356.6622323427961,0.2239902129366743,0.0,0.9245938647143012,True,short cycle (<6mo)
Mahihkan Battery 02-21,ABWI102143406504W400,1,2024-01-01,19,False,harmonic,382.067817411933,0.032679486887645506,1.0,0.1699278023559131,True,low R2 (0.17)
Mahihkan Battery 02-21,ABWI102143406504W400,2,2025-08-01,11,False,exponential,435.8363636382919,2.703719827623583e-18,0.0,-2.220446049250313e-16,True,low R2 (-0.00)
Mahihkan Battery 02-21,ABWI102150406604W400,1,2022-10-01,6,False,,,,,,True,too few data points to fit
Mahihkan Battery 02-21,ABWI102150406604W400,2,2023-04-01,8,False,harmonic,1344.7693956073858,0.6829562396367171,1.0,0.18117323265221952,True,low R2 (0.18)
Mahihkan Battery 02-21,ABWI102150406604W400,3,2023-12-01,10,False,exponential,1727.9541403180979,1.1611122985902016,0.0,0.9990572269505903,False,
Mahihkan Battery 02-21,ABWI102150406604W400,4,2024-10-01,9,False,,,,,,True,too few data points to fit
Mahihkan Battery 02-21,ABWI102150406604W400,5,2025-07-01,6,False,harmonic,1359.507481435849,0.5835304320456915,1.0,0.6737727671922489,False,
Mahihkan Battery 02-21,ABWI102150406604W400,6,2026-01-01,6,False,exponential,2858.7560365762197,0.40105511735372334,0.0,0.8278340078655354,False,
Mahihkan Battery 02-21,ABWI102150906604W400,1,2022-08-01,5,True,exponential,51.36,3.2382740159322535e-28,0.0,0.0,True,short cycle (<6mo); low R2 (0.00)
Mahihkan Battery 02-21,ABWI102150906604W400,2,2023-01-01,4,True,exponential,160.49918066209088,0.3725846988450198,0.0,0.6986972236806841,True,short cycle (<6mo)
Mahihkan Battery 02-21,ABWI102150906604W400,3,2023-05-01,7,False,exponential,94.64,6.690701048437941e-23,0.0,0.0,True,low R2 (0.00)
Mahihkan Battery 02-21,ABWI102150906604W400,4,2023-12-01,5,True,exponential,200.29295314440708,0.18835086578621388,0.0,0.9412931757054654,True,short cycle (<6mo)
Mahihkan Battery 02-21,ABWI102150906604W400,5,2024-05-01,5,True,exponential,189.23999999999998,4.471647983268764e-24,0.0,0.0,True,short cycle (<6mo); low R2 (0.00)
Mahihkan Battery 02-21,ABWI102150906604W400,6,2024-10-01,12,False,exponential,261.6170724358983,0.06346698870547217,0.0,0.7336324641262564,False,
Mahihkan Battery 02-21,ABWI102150906604W400,7,2025-10-01,6,False,,,,,,True,too few data points to fit
Mahihkan Battery 02-21,ABWI102150906604W400,8,2026-04-01,3,True,,,,,,True,too few data points to fit
Mahihkan Battery 02-21,ABWI102151406504W400,1,2022-12-01,14,False,harmonic,203.74885745716597,0.17522135745458745,1.0,0.4149444210129597,True,low R2 (0.41)
Mahihkan Battery 02-21,ABWI102151406504W400,2,2024-02-01,8,False,harmonic,146.88097420829646,0.2623281996397969,1.0,0.4708013489191891,True,low R2 (0.47)
Mahihkan Battery 02-21,ABWI102151406504W400,3,2024-10-01,4,True,harmonic,74.01035653265843,0.1307507691547418,1.0,0.07334845732507123,True,short cycle (<6mo); low R2 (0.07)
Mahihkan Battery 02-21,ABWI102151406504W400,4,2025-02-01,11,False,exponential,150.18617097850913,0.0967447515394935,0.0,0.5284956217055733,False,
Mahihkan Battery 02-21,ABWI102151406504W400,5,2026-01-01,6,False,harmonic,28.071588608044905,0.2680349203826252,1.0,0.30902672438265755,True,low R2 (0.31)
Mahihkan Battery 02-21,ABWI102151506504W400,1,2023-01-01,7,False,exponential,124.48500533824948,0.11997913713351017,0.0,0.5121257918634434,False,
Mahihkan Battery 02-21,ABWI102151506504W400,2,2023-08-01,6,False,harmonic,64.64466417644574,0.10770452352646431,1.0,0.06803541538922842,True,low R2 (0.07)
Mahihkan Battery 02-21,ABWI102151506504W400,3,2024-02-01,7,False,harmonic,57.07301158652087,0.14448447051814614,1.0,0.10334505909640701,True,low R2 (0.10)
Mahihkan Battery 02-21,ABWI102151506504W400,4,2024-09-01,4,True,exponential,79.50000014575023,4.990217619004074e-22,0.0,0.0,True,short cycle (<6mo); low R2 (0.00)
Mahihkan Battery 02-21,ABWI102151506504W400,5,2025-01-01,18,False,harmonic,96.03523946360848,0.013230469403377947,1.0,0.03991686035228026,True,low R2 (0.04)
Mahihkan Battery 02-21,ABWI102151506604W400,1,2023-01-01,20,False,exponential,1216.928743548141,0.0970363498422082,0.0,0.8489317442714935,False,
Mahihkan Battery 02-21,ABWI102151506604W400,2,2024-09-01,5,True,exponential,104.19999998059843,1.3194623393091913e-16,0.0,-4.440892098500626e-16,True,short cycle (<6mo); low R2 (-0.00)
Mahihkan Battery 02-21,ABWI102151506604W400,3,2025-02-01,9,False,exponential,169.3888888939563,2.4644506973464927e-16,0.0,-4.440892098500626e-16,True,low R2 (-0.00)
Mahihkan Battery 02-21,ABWI102151506604W400,4,2025-11-01,8,False,harmonic,319.2320633770867,0.1367968874079824,1.0,0.34083412187048956,True,low R2 (0.34)
Mahihkan Battery 02-21,ABWI102151606604W400,1,2023-05-01,6,False,exponential,98.58333341430654,1.4479643749423792e-17,0.0,-2.220446049250313e-16,True,low R2 (-0.00)
Mahihkan Battery 02-21,ABWI102151606604W400,2,2023-11-01,15,False,exponential,110.01428582678344,1.768498146962875e-23,0.0,-2.220446049250313e-16,True,low R2 (-0.00)
Mahihkan Battery 02-21,ABWI102151606604W400,3,2025-02-01,5,True,exponential,383.2555830839769,0.21025552959593022,0.0,0.6899593299245361,True,short cycle (<6mo)
Mahihkan Battery 02-21,ABWI102151606604W400,4,2025-07-01,4,True,harmonic,150.70655552632815,0.4011502485308072,1.0,0.4323349882147093,True,short cycle (<6mo); low R2 (0.43)
Mahihkan Battery 02-21,ABWI102151606604W400,5,2025-11-01,8,False,exponential,236.44473804972682,0.1796478621355148,0.0,0.6920220327355802,False,
Mahihkan Battery 02-21,ABWI102152006604W400,1,2022-07-01,11,False,harmonic,471.6803419501801,0.13734780724090928,1.0,0.649702837147583,False,
Mahihkan Battery 02-21,ABWI102152006604W400,2,2023-06-01,4,True,exponential,391.1097433517161,0.2602217546339399,0.0,0.7749521235479835,True,short cycle (<6mo)
Mahihkan Battery 02-21,ABWI102152006604W400,3,2023-10-01,8,False,harmonic,229.86354581755774,0.14427883462910404,1.0,0.37047606986141735,True,low R2 (0.37)
Mahihkan Battery 02-21,ABWI102152006604W400,4,2024-06-01,10,False,harmonic,733.0821886907024,0.5881021062823681,1.0,0.3635160638203412,True,low R2 (0.36)
Mahihkan Battery 02-21,ABWI102152006604W400,5,2025-04-01,8,False,exponential,109.1875,2.0353102291242416e-20,0.0,0.0,True,low R2 (0.00)
Mahihkan Battery 02-21,ABWI102152006604W400,6,2025-12-01,7,False,harmonic,435.35165860875185,0.344021498633753,1.0,0.23216724113917353,True,low R2 (0.23)
Mahihkan Battery 02-21,ABWI102152106604W400,1,2022-09-01,9,False,harmonic,200.65727014752957,0.5146272991923595,1.0,0.6252530534367313,False,
Mahihkan Battery 02-21,ABWI102152106604W400,2,2023-06-01,4,True,harmonic,113.85532419141238,0.3810409377464392,1.0,0.2955932445499361,True,short cycle (<6mo); low R2 (0.30)
Mahihkan Battery 02-21,ABWI102152106604W400,3,2023-10-01,9,False,exponential,264.37111709285335,0.23095737551152207,0.0,0.8596170565132526,False,
Mahihkan Battery 02-21,ABWI102152106604W400,4,2024-07-01,12,False,exponential,95.08999985165846,1.269489311731691e-21,0.0,0.0,True,low R2 (0.00)
Mahihkan Battery 02-21,ABWI102152106604W400,5,2025-07-01,12,False,harmonic,275.93099870929086,0.19667791010283217,1.0,0.8597355558487384,False,
Mahihkan Battery 02-21,ABWI102152706504W400,1,2022-10-01,7,False,harmonic,310.2768273025491,0.07026850908001456,1.0,0.4970884085953202,True,low R2 (0.50)
Mahihkan Battery 02-21,ABWI102152706504W400,2,2023-05-01,5,True,exponential,324.79965015142346,0.2136112407331158,0.0,0.4074027522888869,True,short cycle (<6mo); low R2 (0.41)
Mahihkan Battery 02-21,ABWI102152706504W400,3,2023-10-01,5,True,exponential,356.0993038651677,0.15171296184716054,0.0,0.9105841251550437,True,short cycle (<6mo)
Mahihkan Battery 02-21,ABWI102152706504W400,4,2024-03-01,13,False,harmonic,294.7715318655153,0.12101293651556727,1.0,0.45639102918189656,True,low R2 (0.46)
Mahihkan Battery 02-21,ABWI102152706504W400,5,2025-04-01,4,True,harmonic,218.81893982585385,0.025554100206825765,1.0,0.010587574624967733,True,short cycle (<6mo); low R2 (0.01)
Mahihkan Battery 02-21,ABWI102152706504W400,6,2025-08-01,11,False,harmonic,277.6669292665378,0.004657618163439594,1.0,0.003958587993093454,True,low R2 (0.00)
Mahihkan Battery 02-21,ABWI102152806504W400,1,2022-08-01,7,False,exponential,425.5179679363769,0.26659963798041353,0.0,0.9871285061788939,False,
Mahihkan Battery 02-21,ABWI102152806504W400,2,2023-03-01,14,False,harmonic,195.44761024535552,0.09467847416256854,1.0,0.372356761833351,True,low R2 (0.37)
Mahihkan Battery 02-21,ABWI102152806504W400,3,2024-05-01,4,True,harmonic,197.37831764211936,0.5834748223627715,1.0,0.9206812319347506,True,short cycle (<6mo)
Mahihkan Battery 02-21,ABWI102152806504W400,4,2024-09-01,9,False,harmonic,151.250276792186,0.876265253242462,1.0,0.2233038848105685,True,low R2 (0.22)
Mahihkan Battery 02-21,ABWI102152806504W400,5,2025-06-01,13,False,exponential,144.16153839839941,4.6445955919796565e-17,0.0,3.3306690738754696e-16,True,low R2 (0.00)
Mahihkan Battery 02-21,ABWI102152906504W400,1,2023-05-01,10,False,exponential,138.80000000000456,2.995381345077552e-21,0.0,2.220446049250313e-16,True,low R2 (0.00)
Mahihkan Battery 02-21,ABWI102152906504W400,2,2024-03-01,28,False,harmonic,177.21987586678162,0.024436157416601347,1.0,0.5376145748598833,False,
Mahihkan Battery 02-21,ABWI102153406504W400,1,2024-04-01,11,False,harmonic,82.18864408511607,0.01648879191355933,1.0,0.0491880122704097,True,low R2 (0.05)
Mahihkan Battery 02-21,ABWI102153406504W400,2,2025-03-01,16,False,harmonic,102.11518718338975,0.3495049936231823,1.0,0.4547115190976706,True,low R2 (0.45)
Mahihkan Battery 02-21,ABWI102160406604W400,1,2023-01-01,11,False,harmonic,1318.66134342867,0.3854125317830106,1.0,0.744818796218641,False,
Mahihkan Battery 02-21,ABWI102160406604W400,2,2023-12-01,6,False,harmonic,1311.68166499049,0.26252861429824864,1.0,0.3810609825005098,True,low R2 (0.38)
Mahihkan Battery 02-21,ABWI102160406604W400,3,2024-06-01,21,False,exponential,1071.161287613129,0.04631796979901513,0.0,0.7249219906697262,False,
Mahihkan Battery 02-21,ABWI102160406604W400,4,2026-03-01,4,True,harmonic,771.1959335553602,0.5802655661668173,1.0,0.8014360516038083,True,short cycle (<6mo)
Mahihkan Battery 02-21,ABWI102160506604W400,1,2022-05-01,10,False,exponential,139.3,8.806187192267466e-22,0.0,0.0,True,low R2 (0.00)
Mahihkan Battery 02-21,ABWI102160506604W400,2,2023-03-01,4,True,exponential,238.77873815436837,0.5212107200369581,0.0,0.9712243940780991,True,short cycle (<6mo)
Mahihkan Battery 02-21,ABWI102160506604W400,3,2023-07-01,8,False,exponential,96.26249999999999,1.4297179835466463e-22,0.0,0.0,True,low R2 (0.00)
Mahihkan Battery 02-21,ABWI102160506604W400,4,2024-03-01,6,False,exponential,154.55,3.5360690076531854e-28,0.0,0.0,True,low R2 (0.00)
Mahihkan Battery 02-21,ABWI102160506604W400,5,2024-09-01,10,False,harmonic,209.46633516901267,0.054476345961979866,1.0,0.5520091753361415,False,
Mahihkan Battery 02-21,ABWI102160506604W400,6,2025-07-01,12,False,harmonic,338.4901443550363,0.5147338291498753,1.0,0.33807896909019775,True,low R2 (0.34)
Mahihkan Battery 02-21,ABWI102160906604W400,1,2022-11-01,17,False,exponential,166.46470588235294,1.3525336592364742e-19,0.0,0.0,True,low R2 (0.00)
Mahihkan Battery 02-21,ABWI102160906604W400,2,2024-04-01,24,False,harmonic,409.1525301660677,0.15679370637415893,1.0,0.9209856126153139,False,
Mahihkan Battery 02-21,ABWI102160906604W400,3,2026-04-01,3,True,,,,,,True,too few data points to fit
Mahihkan Battery 02-21,ABWI102161006504W402,1,2023-10-01,23,False,exponential,866.7216825085214,0.07071614944027756,0.0,0.6978553384829356,False,
Mahihkan Battery 02-21,ABWI102161006504W402,2,2025-09-01,10,False,exponential,119.81000002299461,3.436884366755005e-18,0.0,0.0,True,low R2 (0.00)
Mahihkan Battery 02-21,ABWI102161006604W400,1,2022-07-01,5,True,harmonic,416.5925305712796,0.2778169262677683,1.0,0.27832574907373075,True,short cycle (<6mo); low R2 (0.28)
Mahihkan Battery 02-21,ABWI102161006604W400,2,2022-12-01,9,False,exponential,601.0222224319592,5.669155425876111e-15,0.0,-2.1094237467877974e-14,True,low R2 (-0.00)
Mahihkan Battery 02-21,ABWI102161006604W400,3,2023-09-01,8,False,harmonic,2149.9454218525993,0.434478914901488,1.0,0.6604582806704453,False,
Mahihkan Battery 02-21,ABWI102161006604W400,4,2024-05-01,15,False,harmonic,1814.8837543292052,0.16384347995469156,1.0,0.9255317502918943,False,
Mahihkan Battery 02-21,ABWI102161006604W400,5,2025-08-01,11,False,harmonic,825.0405792241953,0.25024389089288906,1.0,0.6103184484324523,False,
Mahihkan Battery 02-21,ABWI102161506504W400,1,2022-08-01,5,True,harmonic,248.13923739964446,0.4552724544221168,1.0,0.5974635928925791,True,short cycle (<6mo)
Mahihkan Battery 02-21,ABWI102161506504W400,2,2023-01-01,8,False,exponential,180.3470378989159,0.32211164085430594,0.0,0.9171655528954468,False,
Mahihkan Battery 02-21,ABWI102161506504W400,3,2023-09-01,5,True,exponential,27.66,3.02688553084673e-22,0.0,0.0,True,short cycle (<6mo); low R2 (0.00)
Mahihkan Battery 02-21,ABWI102161506504W400,4,2024-02-01,5,True,harmonic,58.00474494685991,1.3205167549781458,1.0,0.8719988385756867,True,short cycle (<6mo)
Mahihkan Battery 02-21,ABWI102161506504W400,5,2024-07-01,10,False,exponential,48.08,7.282926697891219e-21,0.0,0.0,True,low R2 (0.00)
Mahihkan Battery 02-21,ABWI102161506504W400,6,2025-05-01,10,False,harmonic,109.07701795460244,0.17077163792070713,1.0,0.15558242024369917,True,low R2 (0.16)
Mahihkan Battery 02-21,ABWI102161506504W400,7,2026-03-01,4,True,harmonic,88.67827776147936,0.2695504530237223,1.0,0.01198650838705928,True,short cycle (<6mo); low R2 (0.01)
Mahihkan Battery 02-21,ABWI102161606504W400,1,2023-03-01,9,False,harmonic,361.2264951793046,0.04505573686442947,1.0,0.11395113554593184,True,low R2 (0.11)
Mahihkan Battery 02-21,ABWI102161606504W400,2,2023-12-01,31,False,exponential,338.2881697011897,0.029488425589003928,0.0,0.8822683799442503,False,
Mahihkan Battery 02-21,ABWI102162906504W400,1,2022-09-01,14,False,exponential,81.48461552831509,1.4831910809346773e-21,0.0,-2.220446049250313e-16,True,low R2 (-0.00)
Mahihkan Battery 02-21,ABWI102162906504W400,2,2023-11-01,25,False,exponential,252.4250713343582,0.030415373867841045,0.0,0.6749063175185994,False,
Mahihkan Battery 02-21,ABWI102162906504W400,3,2025-12-01,7,False,harmonic,163.70724574702817,0.10956020687730425,1.0,0.6320423877038188,False,
Mahihkan Battery 02-21,ABWI102163306504W400,1,2022-11-01,6,False,exponential,127.45,8.641414270799679e-20,0.0,0.0,True,low R2 (0.00)
Mahihkan Battery 02-21,ABWI102163306504W400,2,2023-05-01,10,False,harmonic,159.58000000010287,5.757739933926521e-20,1.0,0.0,True,low R2 (0.00)
Mahihkan Battery 02-21,ABWI102163306504W400,3,2024-03-01,13,False,exponential,474.1538462877024,8.1449695982008595e-22,0.0,2.220446049250313e-16,True,low R2 (0.00)
Mahihkan Battery 02-21,ABWI102163306504W400,4,2025-04-01,7,False,harmonic,895.8231053667494,0.11987999580260957,1.0,0.26358916461421167,True,low R2 (0.26)
Mahihkan Battery 02-21,ABWI102163306504W400,5,2025-11-01,8,False,harmonic,688.1718048635003,0.7671043451613122,1.0,0.4859017082418182,True,low R2 (0.49)
Mahihkan Battery 02-21,ABWI103010306604W400,1,2022-08-01,9,False,harmonic,149.2155745571368,0.2535414996653307,1.0,0.25907204188696875,True,low R2 (0.26)
Mahihkan Battery 02-21,ABWI103010306604W400,2,2023-05-01,6,False,harmonic,235.7349771795036,1.3358722008270534,1.0,0.856288032813044,False,
Mahihkan Battery 02-21,ABWI103010306604W400,3,2023-11-01,11,False,exponential,62.11111111149863,2.1533848008816738e-18,0.0,0.0,True,low R2 (0.00)
Mahihkan Battery 02-21,ABWI103010306604W400,4,2024-10-01,15,False,harmonic,175.1487380178998,0.387756005875827,1.0,0.8405640981418718,False,
Mahihkan Battery 02-21,ABWI103010306604W400,5,2026-01-01,6,False,exponential,81.27500000091204,4.546722210592023e-18,0.0,0.0,True,low R2 (0.00)
Mahihkan Battery 02-21,ABWI103010406604W400,1,2023-07-01,9,False,harmonic,453.77172508322644,0.023175753690388483,1.0,0.10337569055235551,True,low R2 (0.10)
Mahihkan Battery 02-21,ABWI103010406604W400,2,2024-04-01,8,False,exponential,385.8875000002262,2.4583336548406446e-19,0.0,0.0,True,low R2 (0.00)
Mahihkan Battery 02-21,ABWI103010406604W400,3,2024-12-01,6,False,harmonic,412.2138157541684,0.11160708955011227,1.0,0.18913633574189326,True,low R2 (0.19)
Mahihkan Battery 02-21,ABWI103010406604W400,4,2025-06-01,13,False,harmonic,528.4023064525584,0.10868674664693824,1.0,0.6105298140724454,False,
Mahihkan Battery 02-21,ABWI103010806604W400,1,2023-03-01,28,False,exponential,150.75357142857143,1.2310531385533502e-24,0.0,0.0,True,low R2 (0.00)
Mahihkan Battery 02-21,ABWI103010806604W400,2,2025-07-01,7,False,harmonic,405.3590939339315,0.5139024962996904,1.0,0.696078785054701,False,
Mahihkan Battery 02-21,ABWI103010806604W400,3,2026-02-01,5,True,exponential,258.2608798484958,0.15665337260808399,0.0,0.9297325215286638,True,short cycle (<6mo)
Mahihkan Battery 02-21,ABWI103011506504W400,1,2022-08-01,4,True,harmonic,182.9251752962245,0.45332497143687617,1.0,0.7589962162329792,True,short cycle (<6mo)
Mahihkan Battery 02-21,ABWI103011506504W400,2,2022-12-01,9,False,exponential,157.91111111132713,5.194850455933506e-19,0.0,0.0,True,low R2 (0.00)
Mahihkan Battery 02-21,ABWI103011506504W400,3,2023-09-01,9,False,harmonic,229.99436627568974,0.061511448899268545,1.0,0.12244531073275045,True,low R2 (0.12)
Mahihkan Battery 02-21,ABWI103011506504W400,4,2024-06-01,11,False,exponential,262.72146668245335,0.13249013039108737,0.0,0.6976445394827444,False,
Mahihkan Battery 02-21,ABWI103011506504W400,5,2025-05-01,4,True,exponential,93.625,2.459190492584266e-19,0.0,0.0,True,short cycle (<6mo); low R2 (0.00)
Mahihkan Battery 02-21,ABWI103011506504W400,6,2025-09-01,6,False,exponential,211.35,9.461641124013648e-23,0.0,0.0,True,low R2 (0.00)
Mahihkan Battery 02-21,ABWI103011506504W400,7,2026-03-01,4,True,exponential,459.94245471472965,0.2602750821587498,0.0,0.8941694232417163,True,short cycle (<6mo)
Mahihkan Battery 02-21,ABWI103011606604W400,1,2022-10-01,7,False,exponential,74.21666666666667,3.130570590023396e-24,0.0,0.0,True,low R2 (0.00)
Mahihkan Battery 02-21,ABWI103011606604W400,2,2023-05-01,12,False,harmonic,150.37499972621706,5.22386950943204e-15,1.0,-4.529709940470639e-14,True,low R2 (-0.00)
Mahihkan Battery 02-21,ABWI103011606604W400,3,2024-05-01,26,False,harmonic,407.6099739228423,0.24805438524820053,1.0,0.9213309974845719,False,
Mahihkan Battery 02-21,ABWI103012106504W400,1,2022-05-01,19,False,hyperbolic,406.8536728065872,0.5749344381486092,1.9999999999975875,0.48765020024599215,True,low R2 (0.49); b pinned at bound (2.000)
Mahihkan Battery 02-21,ABWI103012106504W400,2,2023-12-01,18,False,harmonic,267.380622497155,0.13639760948591204,1.0,0.716331618693514,False,
Mahihkan Battery 02-21,ABWI103012106504W400,3,2025-06-01,13,False,harmonic,306.23577455384805,0.05913219579897867,1.0,0.702674255594393,False,
Mahihkan Battery 02-21,ABWI103012206504W400,1,2022-11-01,33,False,exponential,362.14848484848494,6.909238238378232e-26,0.0,1.1102230246251565e-16,True,low R2 (0.00)
Mahihkan Battery 02-21,ABWI103012206504W400,2,2025-08-01,11,False,harmonic,567.3887701655551,0.1225111405177824,1.0,0.8026201339674246,False,
Mahihkan Battery 02-21,ABWI103013306504W400,1,2022-12-01,11,False,harmonic,750.2498031874135,0.07054881375264571,1.0,0.1855426927233762,True,low R2 (0.19)
Mahihkan Battery 02-21,ABWI103013306504W400,2,2023-11-01,7,False,harmonic,647.6002152116556,0.13084481248514757,1.0,0.2819368555727244,True,low R2 (0.28)
Mahihkan Battery 02-21,ABWI103013306504W400,3,2024-06-01,4,True,exponential,582.5343289134216,0.19448145327041194,0.0,0.6566858806208056,True,short cycle (<6mo)
Mahihkan Battery 02-21,ABWI103013306504W400,4,2024-10-01,10,False,harmonic,916.6177323695845,0.08913196275987544,1.0,0.37010781078924515,True,low R2 (0.37)
Mahihkan Battery 02-21,ABWI103013306504W400,5,2025-08-01,11,False,harmonic,688.0030470409905,0.011531387177154849,1.0,0.008305739643791,True,low R2 (0.01)
Mahihkan Battery 02-21,ABWI103013406504W400,1,2022-11-01,23,False,hyperbolic,397.8507804072448,0.14612514647652736,1.999999999999978,0.735478073345738,True,b pinned at bound (2.000)
Mahihkan Battery 02-21,ABWI103013406504W400,2,2024-10-01,5,True,exponential,307.3373282921071,0.14104867190001583,0.0,0.7613660706422967,True,short cycle (<6mo)
Mahihkan Battery 02-21,ABWI103013406504W400,3,2025-03-01,16,False,exponential,334.68125,3.056776347127792e-20,0.0,0.0,True,low R2 (0.00)
Mahihkan Battery 02-21,ABWI103020306604W400,1,2023-05-01,20,False,exponential,310.8554557777848,0.030209061859338724,0.0,0.5759123335831916,False,
Mahihkan Battery 02-21,ABWI103020306604W400,2,2025-01-01,18,False,exponential,174.9111111111299,9.514967608447e-23,0.0,0.0,True,low R2 (0.00)
Mahihkan Battery 02-21,ABWI103020906604W400,1,2022-07-01,8,False,exponential,2693.5865078259817,0.20172765004310245,0.0,0.985457870322772,False,
Mahihkan Battery 02-21,ABWI103020906604W400,2,2023-03-01,6,False,exponential,1654.78,6.442035367261088e-28,0.0,0.0,True,low R2 (0.00)
Mahihkan Battery 02-21,ABWI103020906604W400,3,2023-09-01,15,False,harmonic,4766.324933485627,0.8122858337686559,1.0,0.9774419125306036,False,
Mahihkan Battery 02-21,ABWI103020906604W400,4,2024-12-01,12,False,exponential,385.2333333333333,1.3129159310147086e-21,0.0,2.220446049250313e-16,True,low R2 (0.00)
Mahihkan Battery 02-21,ABWI103020906604W400,5,2025-12-01,7,False,harmonic,1069.0481103695802,1.32857880167735,1.0,0.15848959972839538,True,low R2 (0.16)
Mahihkan Battery 02-21,ABWI103021506504W400,1,2022-07-01,12,False,harmonic,215.99130882227627,0.028746096749624712,1.0,0.09390538429449813,True,low R2 (0.09)
Mahihkan Battery 02-21,ABWI103021506504W400,2,2023-07-01,17,False,exponential,191.10371044168954,0.025512187289250646,0.0,0.2908679853770758,True,low R2 (0.29)
Mahihkan Battery 02-21,ABWI103021506504W400,3,2024-12-01,14,False,harmonic,136.13027043078102,0.09454828739497635,1.0,0.440069399593654,True,low R2 (0.44)
Mahihkan Battery 02-21,ABWI103021506504W400,4,2026-02-01,5,True,harmonic,120.33784078975603,0.18151990655948996,1.0,0.8015085996734215,True,short cycle (<6mo)
Mahihkan Battery 02-21,ABWI103022206504W400,1,2024-07-01,24,False,hyperbolic,339.64975650843394,0.10759857661467831,1.9999999999999867,0.8388902145908185,True,b pinned at bound (2.000)
Mahihkan Battery 02-21,ABWI103022206604W400,1,2023-03-01,26,False,harmonic,831.4140893074575,0.37085046039414926,1.0,0.7750257637436524,False,
Mahihkan Battery 02-21,ABWI103022206604W400,2,2025-05-01,11,False,exponential,236.0909090909091,1.3084734466274602e-23,0.0,0.0,True,low R2 (0.00)
Mahihkan Battery 02-21,ABWI103022206604W400,3,2026-04-01,3,True,,,,,,True,too few data points to fit
Mahihkan Battery 02-21,ABWI103023406504W400,1,2022-12-01,4,True,harmonic,278.45867319921723,0.26790796545662215,1.0,0.34675044693166135,True,short cycle (<6mo); low R2 (0.35)
Mahihkan Battery 02-21,ABWI103023406504W400,2,2023-04-01,39,False,hyperbolic,468.92175567404206,0.049334531627477016,1.9999999999999973,0.42963071079006143,True,low R2 (0.43); b pinned at bound (2.000)
Mahihkan Battery 02-21,ABWI103023506504W400,1,2022-12-01,16,False,,,,,,True,too few data points to fit
Mahihkan Battery 02-21,ABWI103023506504W400,2,2024-04-01,5,True,exponential,18.120000000000218,5.901474633095566e-15,0.0,-1.4432899320127035e-14,True,short cycle (<6mo); low R2 (-0.00)
Mahihkan Battery 02-21,ABWI103023506504W400,3,2024-09-01,4,True,exponential,85.72842230270444,0.36023952629151945,0.0,0.6513058536207514,True,short cycle (<6mo)
Mahihkan Battery 02-21,ABWI103023506504W400,4,2025-01-01,6,False,exponential,10.083333286766191,6.965376550303354e-16,0.0,-1.1102230246251565e-15,True,low R2 (-0.00)
Mahihkan Battery 02-21,ABWI103023506504W400,5,2025-07-01,7,False,exponential,98.04971890932931,0.42144296150214894,0.0,0.8928188524904762,False,
Mahihkan Battery 02-21,ABWI103023506504W400,6,2026-02-01,2,True,,,,,,True,too few data points to fit
Mahihkan Battery 02-21,ABWI103031006604W400,1,2022-07-01,4,True,harmonic,334.1208014320388,0.4681075916477937,1.0,0.8714807010114263,True,short cycle (<6mo)
Mahihkan Battery 02-21,ABWI103031006604W400,2,2022-11-01,6,False,harmonic,309.7589685558619,0.1169216398119382,1.0,0.4656070329771441,True,low R2 (0.47)
Mahihkan Battery 02-21,ABWI103031006604W400,3,2023-05-01,20,False,exponential,152.67499999999998,7.707709804453115e-22,0.0,0.0,True,low R2 (0.00)
Mahihkan Battery 02-21,ABWI103031006604W400,4,2025-01-01,18,False,harmonic,234.8158062401874,0.018581269963924847,1.0,0.005123332978929085,True,low R2 (0.01)
Mahihkan Battery 02-21,ABWI103031506504W400,1,2022-09-01,11,False,harmonic,143.73112298997287,0.12792895263182386,1.0,0.7080825234497893,False,
Mahihkan Battery 02-21,ABWI103031506504W400,2,2023-08-01,9,False,exponential,137.75000000020256,1.0712198958889114e-19,0.0,2.220446049250313e-16,True,low R2 (0.00)
Mahihkan Battery 02-21,ABWI103031506504W400,3,2024-05-01,7,False,harmonic,171.52522287438114,0.32856918229665133,1.0,0.7529669946274686,False,
Mahihkan Battery 02-21,ABWI103031506504W400,4,2024-12-01,4,True,harmonic,101.36980793941326,0.09117495696473916,1.0,0.08432084160209963,True,short cycle (<6mo); low R2 (0.08)
Mahihkan Battery 02-21,ABWI103031506504W400,5,2025-04-01,10,False,harmonic,103.33666171071154,0.37066686564534723,1.0,0.5843976344037933,False,
Mahihkan Battery 02-21,ABWI103031506504W400,6,2026-02-01,5,True,exponential,96.93596885681609,0.22101256510052114,0.0,0.7741495021759424,True,short cycle (<6mo)
Mahihkan Battery 02-21,ABWI103032206504W400,1,2023-08-01,9,False,exponential,147.7996828357365,0.18595056507800914,0.0,0.8012651942920977,False,
Mahihkan Battery 02-21,ABWI103032206504W400,2,2024-05-01,15,False,harmonic,93.30666662526289,2.7848820836444806e-15,1.0,-4.04121180963557e-14,True,low R2 (-0.00)
Mahihkan Battery 02-21,ABWI103032306504W400,1,2023-03-01,4,True,,,,,,True,too few data points to fit
Mahihkan Battery 02-21,ABWI103032306504W400,2,2023-07-01,6,False,,,,,,True,too few data points to fit
Mahihkan Battery 02-21,ABWI103032306504W400,3,2024-01-01,6,False,harmonic,12.556815710650312,1.0112097158203486,1.0,0.7770029441911562,False,
Mahihkan Battery 02-21,ABWI103032306504W400,4,2024-07-01,11,False,harmonic,4.577777777777801,1.174700574563744e-15,1.0,-2.4424906541753444e-15,True,low R2 (-0.00)
Mahihkan Battery 02-21,ABWI103032306504W400,5,2025-06-01,7,False,harmonic,38.72212444896422,0.7615764127531592,1.0,0.36699847375804284,True,low R2 (0.37)
Mahihkan Battery 02-21,ABWI103032306504W400,6,2026-01-01,6,False,harmonic,46.805246416771986,0.4884678000123054,1.0,0.28954858440431075,True,low R2 (0.29)
Mahihkan Battery 02-21,ABWI103032706604W400,1,2022-05-01,11,False,harmonic,580.8170867893023,0.3044498834853874,1.0,0.9508035472201627,False,
Mahihkan Battery 02-21,ABWI103032706604W400,2,2023-04-01,15,False,,,,,,True,too few data points to fit
Mahihkan Battery 02-21,ABWI103032706604W400,3,2024-07-01,14,False,harmonic,428.3170593281808,0.5824592832968778,1.0,0.7973868666063577,False,
Mahihkan Battery 02-21,ABWI103032706604W400,4,2025-09-01,10,False,exponential,238.13,4.604543837985883e-22,0.0,2.220446049250313e-16,True,low R2 (0.00)
Mahihkan Battery 02-21,ABWI103032806504W400,1,2022-08-01,6,False,exponential,95.04999978404761,6.678378159028527e-14,0.0,-3.597122599785507e-14,True,low R2 (-0.00)
Mahihkan Battery 02-21,ABWI103032806504W400,2,2023-02-01,16,False,exponential,180.58233909145923,0.13294262213020458,0.0,0.8777896737520889,False,
Mahihkan Battery 02-21,ABWI103032806504W400,3,2024-06-01,13,False,harmonic,54.35350282251053,0.010871910546332752,1.0,0.036208091023630096,True,low R2 (0.04)
Mahihkan Battery 02-21,ABWI103032806504W400,4,2025-07-01,12,False,exponential,70.68333333333334,1.214377182894753e-20,0.0,0.0,True,low R2 (0.00)
Mahihkan Battery 02-21,ABWI103033406504W400,1,2023-03-01,5,True,exponential,56.02386128974251,0.2577612069959142,0.0,0.8475645651945911,True,short cycle (<6mo)
Mahihkan Battery 02-21,ABWI103033406504W400,2,2023-08-01,10,False,exponential,149.16,1.7423004066359893e-24,0.0,0.0,True,low R2 (0.00)
Mahihkan Battery 02-21,ABWI103033406504W400,3,2024-06-01,25,False,harmonic,405.076,3.6117996545544026e-27,1.0,-2.220446049250313e-16,True,low R2 (-0.00)
Mahihkan Battery 02-21,ABWI103033506504W400,1,2022-07-01,14,False,exponential,296.99728825860376,0.11956983522826632,0.0,0.8349700521612211,False,
Mahihkan Battery 02-21,ABWI103033506504W400,2,2023-09-01,11,False,exponential,232.13636383308432,2.0323632233804449e-22,0.0,1.1102230246251565e-16,True,low R2 (0.00)
Mahihkan Battery 02-21,ABWI103033506504W400,3,2024-08-01,23,False,harmonic,521.2571701429856,0.42048527868696306,1.0,0.9322757948389999,False,
Mahihkan Battery 02-21,ABWI103040306604W400,1,2022-12-01,7,False,exponential,73.35714285714286,7.055962504486348e-20,0.0,0.0,True,low R2 (0.00)
Mahihkan Battery 02-21,ABWI103040306604W400,2,2023-07-01,9,False,exponential,350.60000083634645,1.1501492759420475e-22,0.0,0.0,True,low R2 (0.00)
Mahihkan Battery 02-21,ABWI103040306604W400,3,2024-04-01,27,False,exponential,986.5263159823985,0.08921527079821244,0.0,0.860959434683169,False,
Mahihkan Battery 02-21,ABWI103041006604W400,1,2022-07-01,7,False,exponential,257.5571425718384,6.400943824631636e-15,0.0,-3.108624468950438e-14,True,low R2 (-0.00)
Mahihkan Battery 02-21,ABWI103041006604W400,2,2023-02-01,13,False,harmonic,457.5872860094351,0.37873612017591196,1.0,0.31969726447786506,True,low R2 (0.32)
Mahihkan Battery 02-21,ABWI103041006604W400,3,2024-03-01,7,False,harmonic,440.4821903684293,0.23658992832210035,1.0,0.3949622629042907,True,low R2 (0.39)
Mahihkan Battery 02-21,ABWI103041006604W400,4,2024-10-01,12,False,exponential,364.28420666656956,0.12687673618895395,0.0,0.780849737854485,False,
Mahihkan Battery 02-21,ABWI103041006604W400,5,2025-10-01,9,False,,,,,,True,too few data points to fit
Mahihkan Battery 02-21,ABWI103042206504W400,1,2022-08-01,15,False,harmonic,180.56419037562353,0.11208686564477659,1.0,0.19043295967477192,True,low R2 (0.19)
Mahihkan Battery 02-21,ABWI103042206504W400,2,2023-11-01,21,False,harmonic,232.38344510953704,0.035666712605582754,1.0,0.37446167291482246,True,low R2 (0.37)
Mahihkan Battery 02-21,ABWI103042206504W400,3,2025-08-01,11,False,harmonic,230.46633597715032,0.14233466067218975,1.0,0.7872727955458583,False,
Mahihkan Battery 02-21,ABWI103042306504W400,1,2022-07-01,12,False,harmonic,405.5462563156973,0.03802558420279404,1.0,0.22377112751640815,True,low R2 (0.22)
Mahihkan Battery 02-21,ABWI103042306504W400,2,2023-07-01,10,False,harmonic,486.3647340086236,0.18020225761387398,1.0,0.8108799987724209,False,
Mahihkan Battery 02-21,ABWI103042306504W400,3,2024-05-01,5,True,harmonic,273.73301956778704,0.07047650175792973,1.0,0.13874198521017012,True,short cycle (<6mo); low R2 (0.14)
Mahihkan Battery 02-21,ABWI103042306504W400,4,2024-10-01,7,False,harmonic,353.17909477072016,0.10320885332275981,1.0,0.36791256253250404,True,low R2 (0.37)
Mahihkan Battery 02-21,ABWI103042306504W400,5,2025-05-01,14,False,harmonic,308.72768455264884,0.0026171439156647694,1.0,0.0010840630378338156,True,low R2 (0.00)
Mahihkan Battery 02-21,ABWI103042706504W400,1,2022-05-01,12,False,harmonic,520.8107010272358,0.21990711098201787,1.0,0.778740453631114,False,
Mahihkan Battery 02-21,ABWI103042706504W400,2,2023-05-01,6,False,exponential,237.7319855161376,0.41109409089999777,0.0,0.68203997897385,False,
Mahihkan Battery 02-21,ABWI103042706504W400,3,2023-11-01,9,False,exponential,132.3888889657658,1.1510730992937102e-16,0.0,1.1102230246251565e-16,True,low R2 (0.00)
Mahihkan Battery 02-21,ABWI103042706504W400,4,2024-08-01,23,False,harmonic,242.34597368743522,0.015199698421403642,1.0,0.18289762046551994,True,low R2 (0.18)
Mahihkan Battery 02-21,ABWI103042806504W400,1,2023-02-01,16,False,exponential,172.42500001263272,2.889460712523577e-16,0.0,-3.774758283725532e-15,True,low R2 (-0.00)
Mahihkan Battery 02-21,ABWI103042806504W400,2,2024-06-01,12,False,exponential,195.35833322053395,7.2068368352882e-22,0.0,0.0,True,low R2 (0.00)
Mahihkan Battery 02-21,ABWI103042806504W400,3,2025-06-01,13,False,exponential,266.11275036249776,0.041587861715084745,0.0,0.5800251072526514,False,
Mahihkan Battery 02-21,ABWI103043306504W400,1,2022-08-01,28,False,harmonic,229.0479262123107,0.042362115669528674,1.0,0.46529957954382317,True,low R2 (0.47)
Mahihkan Battery 02-21,ABWI103043306504W400,2,2024-12-01,5,True,harmonic,164.23743946695157,0.7774433155154487,1.0,0.4379753864799195,True,short cycle (<6mo); low R2 (0.44)
Mahihkan Battery 02-21,ABWI103043306504W400,3,2025-05-01,10,False,exponential,136.16,1.2350603547366466e-28,0.0,1.1102230246251565e-16,True,low R2 (0.00)
Mahihkan Battery 02-21,ABWI103043306504W400,4,2026-03-01,3,True,,,,,,True,too few data points to fit
Mahihkan Battery 02-21,ABWI103043406504W400,1,2022-07-01,6,False,exponential,846.815588586776,0.14636351900934913,0.0,0.7060491033863381,False,
Mahihkan Battery 02-21,ABWI103043406504W400,2,2023-01-01,11,False,harmonic,657.7004114281777,0.252690857883318,1.0,0.3606662715322514,True,low R2 (0.36)
Mahihkan Battery 02-21,ABWI103043406504W400,3,2023-12-01,11,False,exponential,289.6000000001248,1.9238212166356624e-22,0.0,-2.220446049250313e-16,True,low R2 (-0.00)
Mahihkan Battery 02-21,ABWI103043406504W400,4,2024-11-01,16,False,exponential,282.61875000000003,1.917091263308252e-24,0.0,0.0,True,low R2 (0.00)
Mahihkan Battery 02-21,ABWI103043406504W400,5,2026-03-01,4,True,harmonic,578.0922195060417,0.3624921401936317,1.0,0.06380229205931998,True,short cycle (<6mo); low R2 (0.06)
Mahihkan Battery 02-21,ABWI103043506504W400,1,2022-08-01,10,False,harmonic,46.52153707088906,0.0217512197264386,1.0,0.045865529445032194,True,low R2 (0.05)
Mahihkan Battery 02-21,ABWI103043506504W400,2,2023-06-01,18,False,exponential,57.10000000000013,2.568068678928256e-16,0.0,-5.10702591327572e-15,True,low R2 (-0.00)
Mahihkan Battery 02-21,ABWI103043506504W400,3,2024-12-01,19,False,exponential,136.8732530600245,0.07731814524521788,0.0,0.6145057057272928,False,
Mahihkan Battery 02-21,ABWI103050306604W400,1,2023-01-01,15,False,harmonic,92.21667578910191,0.08264679713501263,1.0,0.21011117721652584,True,low R2 (0.21)
Mahihkan Battery 02-21,ABWI103050306604W400,2,2024-04-01,23,False,harmonic,129.98920775526906,0.0680159608929346,1.0,0.5130283682983217,False,
Mahihkan Battery 02-21,ABWI103050306604W400,3,2026-03-01,4,True,exponential,119.475,2.8510500452327373e-19,0.0,0.0,True,short cycle (<6mo); low R2 (0.00)
Mahihkan Battery 02-21,ABWI103051006604W400,1,2023-01-01,4,True,harmonic,476.0992362545036,0.3582141155202582,1.0,0.6027569814945155,True,short cycle (<6mo)
Mahihkan Battery 02-21,ABWI103051006604W400,2,2023-05-01,10,False,harmonic,675.5602640713885,5.447471155794078,1.0,0.574170200625547,True,very high Di (5.45/month)
Mahihkan Battery 02-21,ABWI103051006604W400,3,2024-03-01,7,False,exponential,687.6781647125227,0.3781090512536899,0.0,0.9182746546891667,False,
Mahihkan Battery 02-21,ABWI103051006604W400,4,2024-10-01,5,True,exponential,299.62354307572923,0.45199943731828995,0.0,0.7644231863654756,True,short cycle (<6mo)
Mahihkan Battery 02-21,ABWI103051006604W400,5,2025-03-01,13,False,harmonic,98.96153871244927,7.950527656781337e-24,1.0,2.220446049250313e-16,True,low R2 (0.00)
Mahihkan Battery 02-21,ABWI103051006604W400,6,2026-04-01,3,True,,,,,,True,too few data points to fit
Mahihkan Battery 02-21,ABWI103052206504W400,1,2022-08-01,4,True,,,,,,True,too few data points to fit
Mahihkan Battery 02-21,ABWI103052206504W400,2,2022-12-01,5,True,exponential,98.11129994122633,0.269900866463731,0.0,0.9942692058399797,True,short cycle (<6mo)
Mahihkan Battery 02-21,ABWI103052206504W400,3,2023-05-01,8,False,exponential,61.67500000026803,9.79001109536463e-19,0.0,2.220446049250313e-16,True,low R2 (0.00)
Mahihkan Battery 02-21,ABWI103052206504W400,4,2024-01-01,7,False,harmonic,129.98922402073117,0.10463294473359439,1.0,0.31706805606136423,True,low R2 (0.32)
Mahihkan Battery 02-21,ABWI103052206504W400,5,2024-08-01,12,False,harmonic,126.23803161759014,0.10846129016472907,1.0,0.7453428662131361,False,
Mahihkan Battery 02-21,ABWI103052206504W400,6,2025-08-01,5,True,harmonic,108.2295248041152,0.9151004452430103,1.0,0.8357889917518249,True,short cycle (<6mo)
Mahihkan Battery 02-21,ABWI103052206504W400,7,2026-01-01,6,False,exponential,41.27833501551907,0.46663544566901644,0.0,0.91595196393984,False,
Mahihkan Battery 02-21,ABWI103052306504W400,1,2022-05-01,6,False,exponential,58.61666668770429,1.1888933465708134e-16,0.0,0.0,True,low R2 (0.00)
Mahihkan Battery 02-21,ABWI103052306504W400,2,2022-11-01,6,False,harmonic,111.24118527566401,0.5814685725315838,1.0,0.4042570886488792,True,low R2 (0.40)
Mahihkan Battery 02-21,ABWI103052306504W400,3,2023-05-01,17,False,exponential,150.97647058823532,3.6795531254118586e-21,0.0,-2.220446049250313e-16,True,low R2 (-0.00)
Mahihkan Battery 02-21,ABWI103052306504W400,4,2024-10-01,7,False,exponential,627.2750320243977,0.1339124385352866,0.0,0.8781761698820508,False,
Mahihkan Battery 02-21,ABWI103052306504W400,5,2025-05-01,14,False,harmonic,349.7456571088102,0.06909007208042506,1.0,0.2771335808501916,True,low R2 (0.28)
Mahihkan Battery 02-21,ABWI103052606504W400,1,2023-10-01,4,True,harmonic,349.06725625530254,0.7938628621673077,1.0,0.7280282846530433,True,short cycle (<6mo)
Mahihkan Battery 02-21,ABWI103052606504W400,2,2024-02-01,7,False,harmonic,285.46801126172363,1.1576558008853273,1.0,0.9132424925387962,False,
Mahihkan Battery 02-21,ABWI103052606504W400,3,2024-09-01,11,False,harmonic,81.96170484836037,0.00939729130539111,1.0,0.0016016910036946719,True,low R2 (0.00)
Mahihkan Battery 02-21,ABWI103052606504W400,4,2025-08-01,9,False,exponential,177.07960799838798,0.3520313021076039,0.0,0.9061754726998762,False,
Mahihkan Battery 02-21,ABWI103052806504W400,1,2022-05-01,8,False,harmonic,507.3820894752267,0.2958461311022368,1.0,0.6832892237894508,False,
Mahihkan Battery 02-21,ABWI103052806504W400,2,2023-01-01,11,False,harmonic,401.60594705396073,0.2283890464247274,1.0,0.8610125601278507,False,
Mahihkan Battery 02-21,ABWI103052806504W400,3,2023-12-01,9,False,harmonic,231.46237278624992,0.09707284282082362,1.0,0.6938150934965228,False,
Mahihkan Battery 02-21,ABWI103052806504W400,4,2024-09-01,8,False,harmonic,152.40541379183978,0.009244706544980405,1.0,0.008301868000895274,True,low R2 (0.01)
Mahihkan Battery 02-21,ABWI103052806504W400,5,2025-05-01,5,True,,,,,,True,too few data points to fit
Mahihkan Battery 02-21,ABWI103052806504W400,6,2025-10-01,9,False,exponential,132.54444444444445,1.0210408141654873e-17,0.0,-2.220446049250313e-16,True,low R2 (-0.00)
Mahihkan Battery 02-21,ABWI103053406504W400,1,2023-12-01,6,False,exponential,536.3059791796194,0.22008370422524773,0.0,0.8980319302948545,False,
Mahihkan Battery 02-21,ABWI103053406504W400,2,2024-06-01,7,False,harmonic,391.5900287879034,0.7023600368372452,1.0,0.9057205915397244,False,
Mahihkan Battery 02-21,ABWI103053406504W400,3,2025-01-01,18,False,exponential,214.84444437734572,4.9677579374523324e-20,0.0,1.1102230246251565e-16,True,low R2 (0.00)
Mahihkan Battery 02-21,ABWI103053506504W400,1,2024-07-01,24,False,exponential,380.0458333404044,7.595084701095537e-18,0.0,-2.220446049250313e-16,True,low R2 (-0.00)
Mahihkan Battery 02-21,ABWI103060306604W400,1,2022-06-01,14,False,exponential,191.2571427493361,5.988273274591989e-17,0.0,-6.661338147750939e-16,True,low R2 (-0.00)
Mahihkan Battery 02-21,ABWI103060306604W400,2,2023-08-01,10,False,harmonic,297.6485024786289,0.08260148599483016,1.0,0.23121095975820338,True,low R2 (0.23)
Mahihkan Battery 02-21,ABWI103060306604W400,3,2024-06-01,6,False,harmonic,541.6995278201573,0.14877494971166505,1.0,0.944209346016056,False,
Mahihkan Battery 02-21,ABWI103060306604W400,4,2024-12-01,19,False,exponential,514.4382598583783,0.05629279529112393,0.0,0.8011989134924912,False,
Mahihkan Battery 02-21,ABWI103060906604W400,1,2022-12-01,11,False,harmonic,263.67223864324785,0.0260198369375015,1.0,0.16265381014830638,True,low R2 (0.16)
Mahihkan Battery 02-21,ABWI103060906604W400,2,2023-11-01,5,True,harmonic,289.01556223378685,0.46836619482123637,1.0,0.62306310431979,True,short cycle (<6mo)
Mahihkan Battery 02-21,ABWI103060906604W400,3,2024-04-01,5,True,harmonic,171.41153845369504,0.006162421220852613,1.0,0.00047782148030828253,True,short cycle (<6mo); low R2 (0.00)
Mahihkan Battery 02-21,ABWI103060906604W400,4,2024-09-01,19,False,exponential,308.15498975311834,0.11162797808047474,0.0,0.9318748623718421,False,
Mahihkan Battery 02-21,ABWI103060906604W400,5,2026-04-01,3,True,,,,,,True,too few data points to fit
Mahihkan Battery 02-21,ABWI103061506504W400,1,2022-08-01,4,True,exponential,16.26680569567728,0.038172856766791184,0.0,0.013430662990906339,True,short cycle (<6mo); low R2 (0.01)
Mahihkan Battery 02-21,ABWI103061506504W400,2,2022-12-01,6,False,,,,,,True,too few data points to fit
Mahihkan Battery 02-21,ABWI103061506504W400,3,2023-06-01,8,False,exponential,18.716666578597533,4.813356522367044e-14,0.0,-1.7186252421197423e-13,True,low R2 (-0.00)
Mahihkan Battery 02-21,ABWI103061506504W400,4,2024-02-01,15,False,exponential,64.09290741583995,0.05607363963787248,0.0,0.44378351279394446,True,low R2 (0.44)
Mahihkan Battery 02-21,ABWI103061506504W400,5,2025-05-01,4,True,harmonic,45.96732315612097,0.9751703118526083,1.0,0.5697195698301698,True,short cycle (<6mo)
Mahihkan Battery 02-21,ABWI103061506504W400,6,2025-09-01,6,False,exponential,33.550000051167714,6.806080275151096e-17,0.0,-2.220446049250313e-16,True,low R2 (-0.00)
Mahihkan Battery 02-21,ABWI103061506504W400,7,2026-03-01,4,True,exponential,77.26514976996909,0.26626074694476487,0.0,0.5488168666556028,True,short cycle (<6mo)
Mahihkan Battery 02-21,ABWI103062106504W400,1,2022-06-01,12,False,exponential,200.6003496528154,0.07984681245616321,0.0,0.6411550041334324,False,
Mahihkan Battery 02-21,ABWI103062106604W400,1,2022-08-01,4,True,exponential,272.37999238565703,0.45830509891262355,0.0,0.7650983735110677,True,short cycle (<6mo)
Mahihkan Battery 02-21,ABWI103062106604W400,2,2022-12-01,7,False,harmonic,552.103388515658,0.5079183573178299,1.0,0.7612721433903702,False,
Mahihkan Battery 02-21,ABWI103062106604W400,3,2023-07-01,5,True,harmonic,271.47591704348565,0.5813492898131252,1.0,0.8744021367904885,True,short cycle (<6mo)
Mahihkan Battery 02-21,ABWI103062106604W400,4,2023-12-01,7,False,exponential,146.53778057354157,0.3466210878842277,0.0,0.9524883328794254,False,
Mahihkan Battery 02-21,ABWI103062106604W400,5,2024-07-01,5,True,harmonic,86.23959074936147,0.01243838270353729,1.0,0.00045260152610604454,True,short cycle (<6mo); low R2 (0.00)
Mahihkan Battery 02-21,ABWI103062106604W400,6,2024-12-01,12,False,harmonic,120.008333331341,2.4565128266485932e-14,1.0,-8.215650382226158e-15,True,low R2 (-0.00)
Mahihkan Battery 02-21,ABWI103062106604W400,7,2025-12-01,7,False,harmonic,118.93838068895353,0.019611863146380498,1.0,0.03239541099815002,True,low R2 (0.03)
Mahihkan Battery 02-21,ABWI103062206504W400,1,2022-09-01,11,False,harmonic,300.7236554100857,0.2724560781751082,1.0,0.8872126661778686,False,
Mahihkan Battery 02-21,ABWI103062206504W400,2,2023-08-01,12,False,harmonic,75.60151303734142,0.09266617986337838,1.0,0.3718154912725091,True,low R2 (0.37)
Mahihkan Battery 02-21,ABWI103062206504W400,3,2024-08-01,9,False,harmonic,114.52021148715383,0.7846519936703974,1.0,0.8643743809269647,False,
Mahihkan Battery 02-21,ABWI103062206504W400,4,2025-05-01,7,False,exponential,11.41666662614704,6.194300224061392e-16,0.0,-1.5543122344752192e-15,True,low R2 (-0.00)
Mahihkan Battery 02-21,ABWI103062206504W400,5,2025-12-01,7,False,harmonic,37.084163036013045,0.14217730873341763,1.0,0.27565983305293484,True,low R2 (0.28)
Mahihkan Battery 02-21,ABWI103062606504W400,1,2023-03-01,4,True,harmonic,250.6786847982346,0.15011474884421627,1.0,0.10403393321033383,True,short cycle (<6mo); low R2 (0.10)
Mahihkan Battery 02-21,ABWI103062606504W400,2,2023-07-01,14,False,exponential,252.77857151964523,2.4940137664359507e-21,0.0,-4.440892098500626e-16,True,low R2 (-0.00)
Mahihkan Battery 02-21,ABWI103062606504W400,3,2024-09-01,8,False,harmonic,366.2346539538922,0.33260842279276004,1.0,0.9210367852424141,False,
Mahihkan Battery 02-21,ABWI103062606504W400,4,2025-05-01,14,False,harmonic,138.46577983844367,0.04781860076487589,1.0,0.09930839499186273,True,low R2 (0.10)
Mahihkan Battery 02-21,ABWI103062806504W400,1,2022-12-01,15,False,exponential,313.13676922565446,0.1253150293542294,0.0,0.8843050946702259,False,
Mahihkan Battery 02-21,ABWI103062806504W400,2,2024-03-01,11,False,exponential,49.699999999999996,2.8013206788689693e-22,0.0,0.0,True,low R2 (0.00)
Mahihkan Battery 02-21,ABWI103062806504W400,3,2025-02-01,6,False,harmonic,129.00783380555265,0.3593792966916186,1.0,0.6223723495183351,False,
Mahihkan Battery 02-21,ABWI103062806504W400,4,2025-08-01,11,False,exponential,77.6,2.7373501747052825e-21,0.0,0.0,True,low R2 (0.00)
Mahihkan Battery 02-21,ABWI103062806604W400,1,2023-04-01,12,False,exponential,501.95759617760956,0.08648066446363621,0.0,0.5712457774787372,False,
Mahihkan Battery 02-21,ABWI103062806604W400,2,2024-04-01,10,False,exponential,133.5355378019169,0.1722769711478175,0.0,0.9387582945943755,False,
Mahihkan Battery 02-21,ABWI103062806604W400,3,2025-02-01,5,True,exponential,63.459999999639614,1.850306820593884e-15,0.0,-1.0436096431476471e-14,True,short cycle (<6mo); low R2 (-0.00)
Mahihkan Battery 02-21,ABWI103062806604W400,4,2025-07-01,8,False,exponential,48.43750000000018,1.036008109733935e-15,0.0,-6.661338147750939e-16,True,low R2 (-0.00)
Mahihkan Battery 02-21,ABWI103062806604W400,5,2026-03-01,4,True,harmonic,107.50065361684831,0.11699940782511231,1.0,0.1997528055358585,True,short cycle (<6mo); low R2 (0.20)
Mahihkan Battery 02-21,ABWI103063406504W400,1,2024-02-01,13,False,harmonic,555.7883059385786,0.14477165634806693,1.0,0.5774212556061917,False,
Mahihkan Battery 02-21,ABWI103063406504W400,2,2025-03-01,16,False,harmonic,325.6574580343071,0.06943744888883749,1.0,0.5784779681163716,False,
Mahihkan Battery 02-21,ABWI103063506504W400,1,2022-10-01,10,False,harmonic,210.6111584099301,0.009674485225516857,1.0,0.011803439152103246,True,low R2 (0.01)
Mahihkan Battery 02-21,ABWI103063506504W400,2,2023-08-01,20,False,exponential,232.42499999999998,4.1418934160995925e-23,0.0,2.220446049250313e-16,True,low R2 (0.00)
Mahihkan Battery 02-21,ABWI103063506504W400,3,2025-04-01,15,False,exponential,497.8047893919324,0.09337947023159252,0.0,0.5844120539417992,False,
Mahihkan Battery 02-21,ABWI103071006604W400,1,2023-05-01,8,False,exponential,204.337500000001,3.825956457660182e-24,0.0,0.0,True,low R2 (0.00)
Mahihkan Battery 02-21,ABWI103071006604W400,2,2024-01-01,30,False,exponential,503.8309259031711,0.06871478268358658,0.0,0.9169208426548165,False,
Mahihkan Battery 02-21,ABWI103071506504W400,1,2023-06-01,16,False,exponential,87.7,5.0731410807064344e-21,0.0,0.0,True,low R2 (0.00)
Mahihkan Battery 02-21,ABWI103071506504W400,2,2024-10-01,21,False,hyperbolic,181.10869350769104,0.2608215715473626,1.99999999999948,0.8404882071350243,True,b pinned at bound (2.000)
Mahihkan Battery 02-21,ABWI103072006604W400,1,2022-08-01,35,False,harmonic,788.792784831464,0.5112338936032889,1.0,0.32214191728703057,True,low R2 (0.32)
Mahihkan Battery 02-21,ABWI103072006604W400,2,2025-07-01,4,True,exponential,570.0,5.505084790038815e-20,0.0,0.0,True,short cycle (<6mo); low R2 (0.00)
Mahihkan Battery 02-21,ABWI103072006604W400,3,2025-11-01,4,True,harmonic,762.7782661442292,0.32030840385421616,1.0,0.7858143629083465,True,short cycle (<6mo)
Mahihkan Battery 02-21,ABWI103072006604W400,4,2026-03-01,4,True,exponential,756.0731154948727,0.613564171742143,0.0,0.939851915567672,True,short cycle (<6mo)
Mahihkan Battery 02-21,ABWI103072106504W400,1,2023-07-01,5,True,exponential,172.48000000000002,3.829320239723814e-18,0.0,-2.220446049250313e-16,True,short cycle (<6mo); low R2 (-0.00)
Mahihkan Battery 02-21,ABWI103072106504W400,2,2023-12-01,7,False,exponential,298.1142857165146,1.534228130383754e-18,0.0,3.3306690738754696e-16,True,low R2 (0.00)
Mahihkan Battery 02-21,ABWI103072106504W400,3,2024-07-01,13,False,exponential,357.2189128360575,0.0685070327396097,0.0,0.6285170673044073,False,
Mahihkan Battery 02-21,ABWI103072106504W400,4,2025-08-01,11,False,exponential,182.71818181820245,1.9136943024862203e-20,0.0,0.0,True,low R2 (0.00)
Mahihkan Battery 02-21,ABWI103072106604W400,1,2022-06-01,7,False,exponential,139.0666675157234,1.2746378234206572e-17,0.0,-4.440892098500626e-16,True,low R2 (-0.00)
Mahihkan Battery 02-21,ABWI103072106604W400,2,2023-01-01,6,False,harmonic,755.70125546722,0.06973190020199609,1.0,0.09423384162855941,True,low R2 (0.09)
Mahihkan Battery 02-21,ABWI103072106604W400,3,2023-07-01,5,True,exponential,767.2398323028585,0.5301285159393194,0.0,0.9838402210297904,True,short cycle (<6mo)
Mahihkan Battery 02-21,ABWI103072106604W400,4,2023-12-01,7,False,exponential,227.73700120585113,0.5394589867264035,0.0,0.9442032502834782,False,
Mahihkan Battery 02-21,ABWI103072106604W400,5,2024-07-01,5,True,exponential,108.32000000000001,1.4162365952232998e-22,0.0,0.0,True,short cycle (<6mo); low R2 (0.00)
Mahihkan Battery 02-21,ABWI103072106604W400,6,2024-12-01,12,False,exponential,315.74415689490456,0.12804775709381094,0.0,0.8348424829757456,False,
Mahihkan Battery 02-21,ABWI103072106604W400,7,2025-12-01,7,False,harmonic,79.25427114602338,0.13443551322050462,1.0,0.3861143152369635,True,low R2 (0.39)
Mahihkan Battery 02-21,ABWI103072206504W400,1,2023-03-01,16,False,harmonic,225.83976875292885,0.018521511203485913,1.0,0.12082262601700833,True,low R2 (0.12)
Mahihkan Battery 02-21,ABWI103072206504W400,2,2024-07-01,16,False,exponential,268.8938912179819,0.10559823180955254,0.0,0.8276988128751093,False,
Mahihkan Battery 02-21,ABWI103072206504W400,3,2025-11-01,8,False,exponential,51.916666666666664,2.108043032929486e-21,0.0,0.0,True,low R2 (0.00)
Mahihkan Battery 02-21,ABWI103072806504W400,1,2022-10-01,27,False,harmonic,582.5321290830179,0.08275454958038045,1.0,0.6945247481552699,False,
Mahihkan Battery 02-21,ABWI103072806504W400,2,2025-01-01,18,False,hyperbolic,296.6565012077499,0.2897717322876825,1.9999999999999998,0.5158178369081416,True,b pinned at bound (2.000)
Mahihkan Battery 02-21,ABWI103072806604W400,1,2023-12-01,8,False,harmonic,397.03645408354356,0.5243072271690353,1.0,0.31887714763116914,True,low R2 (0.32)
Mahihkan Battery 02-21,ABWI103072806604W400,2,2024-08-01,6,False,,,,,,True,too few data points to fit
Mahihkan Battery 02-21,ABWI103072806604W400,3,2025-02-01,6,False,harmonic,143.9348718590322,0.42605049383253085,1.0,0.4836342091524465,True,low R2 (0.48)
Mahihkan Battery 02-21,ABWI103072806604W400,4,2025-08-01,7,False,harmonic,151.09457537374496,2.5036489741097205,1.0,0.6155472977174365,True,very high Di (2.50/month)
Mahihkan Battery 02-21,ABWI103072806604W400,5,2026-03-01,4,True,harmonic,174.63339712954593,0.5358049904302783,1.0,0.7088824503944763,True,short cycle (<6mo)
Mahihkan Battery 02-21,ABWI103072906504W400,1,2022-08-01,4,True,harmonic,20.219011526686966,0.32717131008835726,1.0,0.8450984718564429,True,short cycle (<6mo)
Mahihkan Battery 02-21,ABWI103072906504W400,2,2022-12-01,7,False,,,,,,True,too few data points to fit
Mahihkan Battery 02-21,ABWI103072906504W400,3,2023-07-01,13,False,exponential,127.96666666666665,1.5253577658953252e-23,0.0,0.0,True,low R2 (0.00)
Mahihkan Battery 02-21,ABWI103072906504W400,4,2024-08-01,10,False,hyperbolic,317.52573204143783,0.9317730849310032,1.4919570136457603,0.9865342078691786,False,
Mahihkan Battery 02-21,ABWI103072906504W400,5,2025-06-01,8,False,harmonic,93.25107150429073,0.2117095213031222,1.0,0.6683116980081268,False,
Mahihkan Battery 02-21,ABWI103072906504W400,6,2026-02-01,5,True,exponential,56.370268726192556,0.1704642154456913,0.0,0.8178434180472225,True,short cycle (<6mo)
Mahihkan Battery 02-21,ABWI103073406504W400,1,2022-08-01,10,False,harmonic,53.76909821812035,0.5585878903100858,1.0,0.6393640217224668,False,
Mahihkan Battery 02-21,ABWI103073406504W400,2,2023-06-01,37,False,exponential,379.9171427828354,8.219727526342051e-19,0.0,0.0,True,low R2 (0.00)
Mahihkan Battery 02-21,ABWI103080406604W400,1,2022-10-01,9,False,harmonic,298.8080083915713,0.12212729759679744,1.0,0.13421959695657393,True,low R2 (0.13)
Mahihkan Battery 02-21,ABWI103080406604W400,2,2023-07-01,10,False,exponential,372.81354166815794,0.08454189374954735,0.0,0.7573654130595026,False,
Mahihkan Battery 02-21,ABWI103080406604W400,3,2024-05-01,22,False,exponential,220.8181818181818,1.1970213635577536e-23,0.0,0.0,True,low R2 (0.00)
Mahihkan Battery 02-21,ABWI103080406604W400,4,2026-03-01,4,True,harmonic,408.68330486143685,0.36581371145405156,1.0,0.8374026990090736,True,short cycle (<6mo)
Mahihkan Battery 02-21,ABWI103080506604W400,1,2022-06-01,6,False,harmonic,164.1965048267569,0.017250800132079337,1.0,0.013181296969791645,True,low R2 (0.01)
Mahihkan Battery 02-21,ABWI103080506604W400,2,2022-12-01,4,True,exponential,207.80000044603491,6.671134729493461e-14,0.0,-9.547918011776346e-14,True,short cycle (<6mo); low R2 (-0.00)
Mahihkan Battery 02-21,ABWI103080506604W400,3,2023-04-01,7,False,harmonic,479.5023423067172,1.1377868131879731,1.0,0.7761180674719813,False,
Mahihkan Battery 02-21,ABWI103080506604W400,4,2023-11-01,20,False,harmonic,190.6890513940716,0.04488113060750174,1.0,0.31353146301589085,True,low R2 (0.31)
Mahihkan Battery 02-21,ABWI103080506604W400,5,2025-07-01,6,False,harmonic,258.49907139647337,0.9365057483419276,1.0,0.870089021115407,False,
Mahihkan Battery 02-21,ABWI103080506604W400,6,2026-01-01,6,False,harmonic,213.98530560947532,0.4237059570256729,1.0,0.9835319504831649,False,
Mahihkan Battery 02-21,ABWI103081606604W400,1,2024-05-01,22,False,harmonic,883.8898680827025,0.3535794469582276,1.0,0.8780831208999447,False,
Mahihkan Battery 02-21,ABWI103081606604W400,2,2026-03-01,4,True,harmonic,259.4499819199443,0.42483646794020824,1.0,0.5834926982975779,True,short cycle (<6mo)
Mahihkan Battery 02-21,ABWI103082806504W400,1,2022-09-01,5,True,harmonic,77.69665908486164,1.2949850851262312,1.0,0.652466248825262,True,short cycle (<6mo)
Mahihkan Battery 02-21,ABWI103082806504W400,2,2023-02-01,4,True,,,,,,True,too few data points to fit
Mahihkan Battery 02-21,ABWI103082806504W400,3,2023-06-01,9,False,exponential,72.56666666666666,1.7543514274356084e-21,0.0,0.0,True,low R2 (0.00)
Mahihkan Battery 02-21,ABWI103082806504W400,4,2024-03-01,7,False,harmonic,186.42792592315126,0.09202901481790282,1.0,0.44818676500168386,True,low R2 (0.45)
Mahihkan Battery 02-21,ABWI103082806504W400,5,2024-10-01,5,True,exponential,269.27570397159315,0.13728122447280322,0.0,0.7700563794070282,True,short cycle (<6mo)
Mahihkan Battery 02-21,ABWI103082806504W400,6,2025-03-01,16,False,harmonic,283.8644757556999,0.08270123700915039,1.0,0.43958575037832026,True,low R2 (0.44)
Mahihkan Battery 02-21,ABWI103082906504W400,1,2022-12-01,12,False,harmonic,851.3515209079528,0.23897499818494128,1.0,0.9607065727230483,False,
Mahihkan Battery 02-21,ABWI103082906504W400,2,2023-12-01,7,False,harmonic,297.74650640407134,0.016093671743523122,1.0,0.018084501979746648,True,low R2 (0.02)
Mahihkan Battery 02-21,ABWI103082906504W400,3,2024-07-01,24,False,exponential,315.21250000000015,3.522390159556653e-25,0.0,1.1102230246251565e-16,True,low R2 (0.00)
Mahihkan Battery 02-21,ABWI103083406504W400,1,2022-09-01,18,False,exponential,25.819379464895793,0.9838280766377479,0.0,0.9707377706096849,False,
Mahihkan Battery 02-21,ABWI103083406504W400,2,2024-03-01,25,False,exponential,376.30454605973574,1.0307020792162789e-24,0.0,2.220446049250313e-16,True,low R2 (0.00)
Mahihkan Battery 02-21,ABWI103083406504W400,3,2026-04-01,3,True,,,,,,True,too few data points to fit
Mahihkan Battery 02-21,ABWI103090406604W400,1,2023-08-01,7,False,harmonic,497.55621735906533,0.15523095579561466,1.0,0.880053752726763,False,
Mahihkan Battery 02-21,ABWI103090406604W400,2,2024-03-01,8,False,harmonic,714.4149120875053,0.7125717341487006,1.0,0.2321838400723144,True,low R2 (0.23)
Mahihkan Battery 02-21,ABWI103090406604W400,3,2024-11-01,8,False,harmonic,471.1805846474159,0.1024986889083809,1.0,0.23906164535224028,True,low R2 (0.24)
Mahihkan Battery 02-21,ABWI103090406604W400,4,2025-07-01,10,False,harmonic,489.263705061101,0.06323561066302465,1.0,0.522224127909447,False,
Mahihkan Battery 02-21,ABWI103090406604W400,5,2026-05-01,2,True,,,,,,True,too few data points to fit
Mahihkan Battery 02-21,ABWI103090506604W400,1,2022-10-01,5,True,harmonic,139.62000007834695,1.3023133549268338e-16,1.0,0.0,True,short cycle (<6mo); low R2 (0.00)
Mahihkan Battery 02-21,ABWI103090506604W400,2,2023-03-01,8,False,harmonic,276.71805159539326,0.5119440171563258,1.0,0.6288871440810815,False,
Mahihkan Battery 02-21,ABWI103090506604W400,3,2023-11-01,10,False,harmonic,145.7503244253319,0.0006435808410232666,1.0,4.495509582080892e-05,True,low R2 (0.00)
Mahihkan Battery 02-21,ABWI103090506604W400,4,2024-09-01,10,False,hyperbolic,380.2676826667823,1.3049637954860376,1.9999999999999774,0.9141019695937878,True,b pinned at bound (2.000)
Mahihkan Battery 02-21,ABWI103090506604W400,5,2025-07-01,5,True,exponential,306.842138550589,0.23663006811743045,0.0,0.8907535755309031,True,short cycle (<6mo)
Mahihkan Battery 02-21,ABWI103090506604W400,6,2025-12-01,7,False,harmonic,472.5659185299611,1.996080884810537,1.0,0.9972782740316442,False,
Mahihkan Battery 02-21,ABWI103091006504W400,1,2022-07-01,7,False,harmonic,142.97111988201192,11.190491225566294,1.0,0.9742453415713158,True,very high Di (11.19/month)
Mahihkan Battery 02-21,ABWI103091006504W400,2,2023-02-01,6,False,exponential,167.08057724537989,0.6466164031391158,0.0,0.8679563548900056,False,
Mahihkan Battery 02-21,ABWI103091006504W400,3,2023-08-01,9,False,exponential,235.7777779257078,6.387564581370742e-17,0.0,-6.661338147750939e-16,True,low R2 (-0.00)
Mahihkan Battery 02-21,ABWI103091006504W400,4,2024-05-01,11,False,exponential,328.3909091110097,4.723485187178771e-16,0.0,-3.1086244689504383e-15,True,low R2 (-0.00)
Mahihkan Battery 02-21,ABWI103091006504W400,5,2025-04-01,15,False,exponential,458.3187065857409,0.21370782913589834,0.0,0.9265524843883609,False,
Mahihkan Battery 02-21,ABWI103091506504W400,1,2022-07-01,8,False,harmonic,91.01717652214536,0.4558931912920617,1.0,0.7757277137577017,False,
Mahihkan Battery 02-21,ABWI103091506504W400,2,2023-03-01,4,True,harmonic,76.51730418740983,3.743915055430262,1.0,0.9899560892958061,True,short cycle (<6mo); very high Di (3.74/month)
Mahihkan Battery 02-21,ABWI103091506504W400,3,2023-07-01,4,True,exponential,20.025000000000016,6.010038869519797e-16,0.0,-1.5543122344752192e-15,True,short cycle (<6mo); low R2 (-0.00)
Mahihkan Battery 02-21,ABWI103091506504W400,4,2023-11-01,9,False,exponential,46.83333333340519,2.713140327611395e-20,0.0,0.0,True,low R2 (0.00)
Mahihkan Battery 02-21,ABWI103091506504W400,5,2024-08-01,9,False,exponential,67.60096126410133,0.09352767714165378,0.0,0.46785893743010554,True,low R2 (0.47)
Mahihkan Battery 02-21,ABWI103091506504W400,6,2025-05-01,5,True,exponential,68.18000002087024,5.434258886202137e-15,0.0,-1.1102230246251565e-15,True,short cycle (<6mo); low R2 (-0.00)
Mahihkan Battery 02-21,ABWI103091506504W400,7,2025-10-01,6,False,exponential,93.98660428497122,0.17361803642947835,0.0,0.671783389186982,False,
Mahihkan Battery 02-21,ABWI103091506504W400,8,2026-04-01,3,True,,,,,,True,too few data points to fit
Mahihkan Battery 02-21,ABWI103091606504W400,1,2023-07-01,4,True,,,,,,True,too few data points to fit
Mahihkan Battery 02-21,ABWI103091606504W400,2,2023-11-01,4,True,exponential,68.49888116689151,0.28746255760706513,0.0,0.9662420517803425,True,short cycle (<6mo)
Mahihkan Battery 02-21,ABWI103091606504W400,3,2024-03-01,9,False,harmonic,66.21105436045576,0.16160557021288588,1.0,0.7469113131084268,False,
Mahihkan Battery 02-21,ABWI103091606504W400,4,2024-12-01,8,False,harmonic,37.60788363081195,0.03588163036291054,1.0,0.061512968985140914,True,low R2 (0.06)
Mahihkan Battery 02-21,ABWI103091606504W400,5,2025-08-01,11,False,exponential,61.262391383535544,0.10091411991815373,0.0,0.6916439007937683,False,
Mahihkan Battery 02-21,ABWI103091606604W400,1,2024-01-01,30,False,exponential,79.57000000000049,8.765053239433293e-26,0.0,0.0,True,low R2 (0.00)
Mahihkan Battery 02-21,ABWI103092806504W400,1,2022-10-01,4,True,harmonic,324.0000946812895,1.8024828670241797,1.0,0.6066246179659088,True,short cycle (<6mo)
Mahihkan Battery 02-21,ABWI103092806504W400,2,2023-02-01,10,False,harmonic,294.27277732082,0.3967541899070238,1.0,0.6894244066413608,False,
Mahihkan Battery 02-21,ABWI103092806504W400,3,2023-12-01,7,False,exponential,189.90000037234427,2.9515262451234867e-16,0.0,-1.1102230246251565e-15,True,low R2 (-0.00)
Mahihkan Battery 02-21,ABWI103092806504W400,4,2024-07-01,4,True,harmonic,640.2380158628805,2.420398564323496,1.0,0.9510966001787283,True,short cycle (<6mo); very high Di (2.42/month)
Mahihkan Battery 02-21,ABWI103092806504W400,5,2024-11-01,5,True,harmonic,242.83973663539953,0.7043756489049496,1.0,0.35573244148440075,True,short cycle (<6mo); low R2 (0.36)
Mahihkan Battery 02-21,ABWI103092806504W400,6,2025-04-01,9,False,harmonic,197.24133610922053,0.10690057345740284,1.0,0.33774458574643684,True,low R2 (0.34)
Mahihkan Battery 02-21,ABWI103092806504W400,7,2026-01-01,6,False,harmonic,158.70804488769704,0.09383471735369493,1.0,0.3731578872893553,True,low R2 (0.37)
Mahihkan Battery 02-21,ABWI103092906504W400,1,2022-11-01,9,False,exponential,192.00000017881393,6.539713228950821e-23,0.0,0.0,True,low R2 (0.00)
Mahihkan Battery 02-21,ABWI103092906504W400,2,2023-08-01,12,False,harmonic,493.2965053602024,0.3396828753133603,1.0,0.25328185958706007,True,low R2 (0.25)
Mahihkan Battery 02-21,ABWI103092906504W400,3,2024-08-01,12,False,harmonic,385.9799073991097,0.1439243987853053,1.0,0.2573618872700576,True,low R2 (0.26)
Mahihkan Battery 02-21,ABWI103092906504W400,4,2025-08-01,5,True,exponential,312.76139936940353,0.20054085944886496,0.0,0.9415328874723055,True,short cycle (<6mo)
Mahihkan Battery 02-21,ABWI103092906504W400,5,2026-01-01,6,False,harmonic,277.32391619848113,0.7273495722459022,1.0,0.8341786854897945,False,
Mahihkan Battery 02-21,ABWI103093406504W400,1,2022-06-01,9,False,exponential,241.1510394878763,0.5555009486360301,0.0,0.8677178483437159,False,
Mahihkan Battery 02-21,ABWI103093406504W400,2,2023-03-01,7,False,harmonic,24.879367468577204,0.9981972072443601,1.0,0.8272677915646611,False,
Mahihkan Battery 02-21,ABWI103093406504W400,3,2023-10-01,4,True,,,,,,True,too few data points to fit
Mahihkan Battery 02-21,ABWI103093406504W400,4,2024-02-01,18,False,exponential,175.6058823891722,4.520660687015627e-16,0.0,-5.773159728050814e-15,True,low R2 (-0.00)
Mahihkan Battery 02-21,ABWI103093406504W400,5,2025-08-01,11,False,harmonic,513.7685728646519,0.08081789188258742,1.0,0.4471343408417413,True,low R2 (0.45)
Mahihkan Battery 02-21,ABWI103101006504W400,1,2022-08-01,6,False,harmonic,336.8525601612343,1.2601796447679678,1.0,0.6629946776969777,False,
Mahihkan Battery 02-21,ABWI103101006504W400,2,2023-02-01,8,False,harmonic,169.08244070926014,0.5188023877082343,1.0,0.2778998977514624,True,low R2 (0.28)
Mahihkan Battery 02-21,ABWI103101006504W400,3,2023-10-01,7,False,exponential,113.8,2.582054092358493e-22,0.0,0.0,True,low R2 (0.00)
Mahihkan Battery 02-21,ABWI103101006504W400,4,2024-05-01,6,False,exponential,265.02379433881487,0.09539740554551498,0.0,0.4294763208615384,True,low R2 (0.43)
Mahihkan Battery 02-21,ABWI103101006504W400,5,2024-11-01,20,False,harmonic,261.931873626497,0.07168553879879296,1.0,0.20127134944227953,True,low R2 (0.20)
Mahihkan Battery 02-21,ABWI103102206504W400,1,2022-07-01,4,True,exponential,385.5218038914369,0.681971252033871,0.0,0.7617814328215968,True,short cycle (<6mo)
Mahihkan Battery 02-21,ABWI103102206504W400,2,2022-11-01,4,True,exponential,32.79999989764566,2.6423576684120185e-16,0.0,-2.220446049250313e-16,True,short cycle (<6mo); low R2 (-0.00)
Mahihkan Battery 02-21,ABWI103102206504W400,3,2023-03-01,14,False,harmonic,60.84472809969766,0.06213112651886561,1.0,0.14720268293764327,True,low R2 (0.15)
Mahihkan Battery 02-21,ABWI103102206504W400,4,2024-05-01,5,True,harmonic,46.78000000000006,6.335198042230912e-16,1.0,2.220446049250313e-16,True,short cycle (<6mo); low R2 (0.00)
Mahihkan Battery 02-21,ABWI103102206504W400,5,2024-10-01,5,True,exponential,65.433628378966,0.5698977639099934,0.0,0.8831052217525264,True,short cycle (<6mo)
Mahihkan Battery 02-21,ABWI103102206504W400,6,2025-03-01,5,True,exponential,23.82,1.0369077092405014e-22,0.0,0.0,True,short cycle (<6mo); low R2 (0.00)
Mahihkan Battery 02-21,ABWI103102206504W400,7,2025-08-01,9,False,exponential,50.856193244532,0.37643304648334913,0.0,0.8693871565741905,False,
Mahihkan Battery 02-21,ABWI103102206504W400,8,2026-05-01,2,True,,,,,,True,too few data points to fit
Mahihkan Battery 02-21,ABWI103102706504W400,1,2022-12-01,10,False,exponential,33.168115807360486,0.7025154044676827,0.0,0.9729500665978157,False,
Mahihkan Battery 02-21,ABWI103102706504W400,2,2023-10-01,12,False,harmonic,2.688488228084546,0.06554719488335467,1.0,0.34470542059722087,True,low R2 (0.34)
Mahihkan Battery 02-21,ABWI103102706504W400,3,2024-10-01,14,False,,,,,,True,too few data points to fit
Mahihkan Battery 02-21,ABWI103102706504W400,4,2025-12-01,7,False,exponential,42.128571428571426,5.71949380112678e-24,0.0,0.0,True,low R2 (0.00)
Mahihkan Battery 02-21,ABWI103102806504W400,1,2023-03-01,17,False,harmonic,502.3228862796627,0.0704830017195535,1.0,0.8870314140406873,False,
Mahihkan Battery 02-21,ABWI103102806504W400,2,2024-08-01,14,False,exponential,313.8857142857143,4.6187496767215395e-23,0.0,0.0,True,low R2 (0.00)
Mahihkan Battery 02-21,ABWI103102806504W400,3,2025-10-01,9,False,harmonic,443.8335958815025,0.053258069213301125,1.0,0.03950682511717296,True,low R2 (0.04)
Mahihkan Battery 02-21,ABWI103103406504W400,1,2023-03-01,7,False,exponential,350.5714285633153,2.116722575927548e-17,0.0,-4.440892098500626e-16,True,low R2 (-0.00)
Mahihkan Battery 02-21,ABWI103103406504W400,2,2023-10-01,12,False,exponential,711.1507146555942,0.08321532843991439,0.0,0.5476929309195373,False,
Mahihkan Battery 02-21,ABWI103103406504W400,3,2024-10-01,21,False,exponential,473.9904761904762,1.9699925461719418e-20,0.0,0.0,True,low R2 (0.00)
Mahihkan Battery 02-21,ABWI103110306604W400,1,2022-05-01,15,False,harmonic,55.00673583827131,0.004542314405726893,1.0,0.0015508238872460334,True,low R2 (0.00)
Mahihkan Battery 02-21,ABWI103110306604W400,2,2023-08-01,5,True,exponential,128.51508367126934,0.21110073475176291,0.0,0.8861032817353053,True,short cycle (<6mo)
Mahihkan Battery 02-21,ABWI103110306604W400,3,2024-01-01,4,True,exponential,84.7842571758521,0.4492438715375764,0.0,0.9717174465574837,True,short cycle (<6mo)
Mahihkan Battery 02-21,ABWI103110306604W400,4,2024-05-01,5,True,,,,,,True,too few data points to fit
Mahihkan Battery 02-21,ABWI103110306604W400,5,2024-10-01,12,False,harmonic,68.92288446188836,0.04073936770261711,1.0,0.06866266557181488,True,low R2 (0.07)
Mahihkan Battery 02-21,ABWI103110306604W400,6,2025-10-01,9,False,exponential,94.63765948825441,0.10234796493564806,0.0,0.4594584332137873,True,low R2 (0.46)
Mahihkan Battery 02-21,ABWI103110906604W400,1,2022-09-01,4,True,harmonic,347.5753185545353,0.0505967638128714,1.0,0.004440055068711035,True,short cycle (<6mo); low R2 (0.00)
Mahihkan Battery 02-21,ABWI103110906604W400,2,2023-01-01,10,False,harmonic,399.30189985044854,0.25536624248030804,1.0,0.8933518754083494,False,
Mahihkan Battery 02-21,ABWI103110906604W400,3,2023-11-01,6,False,harmonic,341.4107700527999,0.6068638469906629,1.0,0.7823679544383934,False,
Mahihkan Battery 02-21,ABWI103110906604W400,4,2024-05-01,8,False,exponential,231.53749997213365,4.457471632879244e-16,0.0,-7.549516567451064e-15,True,low R2 (-0.00)
Mahihkan Battery 02-21,ABWI103110906604W400,5,2025-01-01,14,False,harmonic,272.6827811456547,0.33210151730758625,1.0,0.7230636051166356,False,
Mahihkan Battery 02-21,ABWI103110906604W400,6,2026-03-01,4,True,harmonic,288.6352809081267,0.6308785246613495,1.0,0.8843359706868898,True,short cycle (<6mo)
Mahihkan Battery 02-21,ABWI103111006504W400,1,2022-08-01,8,False,hyperbolic,343.87124281344956,2.5353121344974046,1.9999999999998874,0.8864999834466933,True,very high Di (2.54/month); b pinned at bound (2.000)
Mahihkan Battery 02-21,ABWI103111006504W400,2,2023-04-01,4,True,harmonic,134.67731816027856,0.8252893915565722,1.0,0.5877481368640929,True,short cycle (<6mo)
Mahihkan Battery 02-21,ABWI103111006504W400,3,2023-08-01,16,False,exponential,118.19375000000001,4.787475854986664e-18,0.0,-2.220446049250313e-16,True,low R2 (-0.00)
Mahihkan Battery 02-21,ABWI103111006504W400,4,2024-12-01,5,True,exponential,178.2,2.588449845256445e-31,0.0,0.0,True,short cycle (<6mo); low R2 (0.00)
Mahihkan Battery 02-21,ABWI103111006504W400,5,2025-05-01,14,False,harmonic,204.08942743946588,0.04038960706826446,1.0,0.4204449831756415,True,low R2 (0.42)
Mahihkan Battery 02-21,ABWI103111006604W400,1,2023-05-01,8,False,exponential,572.7204939717894,0.5143874186259009,0.0,0.8639732046466673,False,
Mahihkan Battery 02-21,ABWI103111006604W400,2,2024-01-01,5,True,exponential,339.28000000020745,2.1450361190618611e-19,0.0,0.0,True,short cycle (<6mo); low R2 (0.00)
Mahihkan Battery 02-21,ABWI103111006604W400,3,2024-06-01,11,False,exponential,541.0737971455504,0.1902642995052942,0.0,0.8795051272441625,False,
Mahihkan Battery 02-21,ABWI103111006604W400,4,2025-05-01,10,False,exponential,96.89744519303422,0.231174245667473,0.0,0.7717671830453035,False,
Mahihkan Battery 02-21,ABWI103111506504W400,1,2022-11-01,8,False,exponential,131.3060557286208,0.14727723109751367,0.0,0.6548090432192967,False,
Mahihkan Battery 02-21,ABWI103111506504W400,2,2023-07-01,6,False,exponential,122.71674932181209,0.5125512025091358,0.0,0.8727876928751976,False,
Mahihkan Battery 02-21,ABWI103111506504W400,3,2024-01-01,4,True,exponential,33.096912408566325,0.372547115749366,0.0,0.9884292126412243,True,short cycle (<6mo)
Mahihkan Battery 02-21,ABWI103111506504W400,4,2024-05-01,5,True,harmonic,72.88637530206874,0.2559785674236689,1.0,0.9240588679116699,True,short cycle (<6mo)
Mahihkan Battery 02-21,ABWI103111506504W400,5,2024-10-01,19,False,harmonic,147.41045600012154,0.1704282458157514,1.0,0.8051536375028236,False,
Mahihkan Battery 02-21,ABWI103111506504W400,6,2026-05-01,2,True,,,,,,True,too few data points to fit
Mahihkan Battery 02-21,ABWI103112106604W400,1,2022-05-01,14,False,harmonic,129.8500000000003,3.4783885719745563e-16,1.0,-4.440892098500626e-16,True,low R2 (-0.00)
Mahihkan Battery 02-21,ABWI103112106604W400,2,2023-07-01,5,True,exponential,211.71514230550656,0.11659223277761002,0.0,0.7406292656951268,True,short cycle (<6mo)
Mahihkan Battery 02-21,ABWI103112106604W400,3,2023-12-01,8,False,harmonic,244.41838313358545,0.75554220247763,1.0,0.8392802051992387,False,
Mahihkan Battery 02-21,ABWI103112106604W400,4,2024-08-01,5,True,exponential,138.2000000005076,8.497792745537732e-18,0.0,1.1102230246251565e-16,True,short cycle (<6mo); low R2 (0.00)
Mahihkan Battery 02-21,ABWI103112106604W400,5,2025-01-01,18,False,hyperbolic,216.06338247559077,0.23419785842710264,1.8691813256746872,0.9289412960590415,False,
Mahihkan Battery 02-21,ABWI103112206504W400,1,2022-11-01,4,True,exponential,476.24105553008343,0.5133558707048915,0.0,0.9314770329193447,True,short cycle (<6mo)
Mahihkan Battery 02-21,ABWI103112206504W400,2,2023-03-01,15,False,harmonic,209.82177785518303,0.03548585632586105,1.0,0.19078114561739146,True,low R2 (0.19)
Mahihkan Battery 02-21,ABWI103112206504W400,3,2024-06-01,6,False,exponential,212.67423582663386,0.3470740290134422,0.0,0.8749249051424994,False,
Mahihkan Battery 02-21,ABWI103112206504W400,4,2024-12-01,4,True,,,,,,True,too few data points to fit
Mahihkan Battery 02-21,ABWI103112206504W400,5,2025-04-01,4,True,exponential,51.9,6.692728894280902e-23,0.0,0.0,True,short cycle (<6mo); low R2 (0.00)
Mahihkan Battery 02-21,ABWI103112206504W400,6,2025-08-01,8,False,harmonic,102.1878382837428,0.5226383305820401,1.0,0.5545286477969305,False,
Mahihkan Battery 02-21,ABWI103112206504W400,7,2026-04-01,3,True,,,,,,True,too few data points to fit
Mahihkan Battery 02-21,ABWI103112706504W400,1,2023-05-01,8,False,harmonic,366.4079304836798,0.21428931386397274,1.0,0.4838803078957282,True,low R2 (0.48)
Mahihkan Battery 02-21,ABWI103112706504W400,2,2024-01-01,30,False,harmonic,267.0755444380576,0.019845840787655153,1.0,0.3819251006638148,True,low R2 (0.38)
Mahihkan Battery 02-21,ABWI103112806504W400,1,2022-09-01,4,True,,,,,,True,too few data points to fit
Mahihkan Battery 02-21,ABWI103112806504W400,2,2023-01-01,7,False,exponential,149.0509321834869,0.5752571606425689,0.0,0.8907845664511282,False,
Mahihkan Battery 02-21,ABWI103112806504W400,3,2023-08-01,7,False,,,,,,True,too few data points to fit
Mahihkan Battery 02-21,ABWI103112806504W400,4,2024-03-01,4,True,exponential,80.55356517261757,1.6021865017948418,0.0,0.991480945125412,True,short cycle (<6mo)
Mahihkan Battery 02-21,ABWI103112806504W400,5,2024-07-01,8,False,harmonic,9.873712933291667,0.362439971763738,1.0,0.6760693924123479,False,
Mahihkan Battery 02-21,ABWI103112806504W400,6,2025-03-01,8,False,exponential,18.037499924058803,4.315291072646614e-18,0.0,3.3306690738754696e-16,True,low R2 (0.00)
Mahihkan Battery 02-21,ABWI103112806504W400,7,2025-11-01,8,False,harmonic,68.65000000000144,5.881889573271509e-15,1.0,-3.397282455352979e-14,True,low R2 (-0.00)
Mahihkan Battery 02-21,ABWI103113406504W400,1,2022-12-01,14,False,harmonic,536.7102850777686,0.018498433104313535,1.0,0.09424740225594908,True,low R2 (0.09)
Mahihkan Battery 02-21,ABWI103113406504W400,2,2024-02-01,29,False,hyperbolic,680.3533001645958,1.3657820103359186,1.9999999999783022,0.6735653220937492,True,b pinned at bound (2.000)
Mahihkan Battery 02-21,ABWI103113506504W400,1,2023-08-01,9,False,exponential,26.439999881151405,2.0919878076202913e-23,0.0,1.1102230246251565e-16,True,low R2 (0.00)
Mahihkan Battery 02-21,ABWI103113506504W400,2,2024-05-01,11,False,exponential,87.07285228792941,0.1789053581119249,0.0,0.8864035242349697,False,
Mahihkan Battery 02-21,ABWI103113506504W400,3,2025-04-01,12,False,exponential,181.6451377069392,0.4224426863894293,0.0,0.8762213503516602,False,
Mahihkan Battery 02-21,ABWI103113506504W400,4,2026-04-01,3,True,,,,,,True,too few data points to fit
Mahihkan Battery 02-21,ABWI103120306604W400,1,2022-07-01,6,False,exponential,799.274689695393,0.3080509541366303,0.0,0.8696414882624921,False,
Mahihkan Battery 02-21,ABWI103120306604W400,2,2023-01-01,23,False,harmonic,272.3909090909091,8.004472997664454e-29,1.0,0.0,True,low R2 (0.00)
Mahihkan Battery 02-21,ABWI103120306604W400,3,2024-12-01,19,False,harmonic,519.515268424103,0.038473906127546274,1.0,0.4700972483347844,True,low R2 (0.47)
Mahihkan Battery 02-21,ABWI103120406604W400,1,2023-02-01,9,False,harmonic,161.04444444444448,7.094238653004295e-17,1.0,0.0,True,low R2 (0.00)
Mahihkan Battery 02-21,ABWI103120406604W400,2,2023-11-01,21,False,harmonic,604.8492645536913,0.1709049523087695,1.0,0.8358045077556103,False,
Mahihkan Battery 02-21,ABWI103120406604W400,3,2025-08-01,5,True,harmonic,236.6867698639265,0.37402785558241153,1.0,0.6359560872020215,True,short cycle (<6mo)
Mahihkan Battery 02-21,ABWI103120406604W400,4,2026-01-01,6,False,exponential,717.441989283534,0.407989682522919,0.0,0.9816408783891035,False,
Mahihkan Battery 02-21,ABWI103121506504W400,1,2023-01-01,6,False,harmonic,157.8910579749506,0.445890338443489,1.0,0.6336549049011385,False,
Mahihkan Battery 02-21,ABWI103121506504W400,2,2023-07-01,8,False,harmonic,184.3831971140264,0.3755878201651547,1.0,0.77264719677519,False,
Mahihkan Battery 02-21,ABWI103121506504W400,3,2024-03-01,7,False,exponential,123.09787181568285,0.2659770411045779,0.0,0.893293506068574,False,
Mahihkan Battery 02-21,ABWI103121506504W400,4,2024-10-01,6,False,exponential,85.66666659702848,4.590960946238391e-15,0.0,-2.731148640577885e-14,True,low R2 (-0.00)
Mahihkan Battery 02-21,ABWI103121506504W400,5,2025-04-01,6,False,exponential,115.8166667550715,1.465229357888989e-23,0.0,0.0,True,low R2 (0.00)
Mahihkan Battery 02-21,ABWI103121506504W400,6,2025-10-01,9,False,harmonic,144.9205979640987,0.11960100321112647,1.0,0.09604139845845916,True,low R2 (0.10)
Mahihkan Battery 02-21,ABWI103122206504W400,1,2022-08-01,9,False,exponential,513.8728145750306,0.21163871967768996,0.0,0.8221791417180299,False,
Mahihkan Battery 02-21,ABWI103122206504W400,2,2023-05-01,6,False,,,,,,True,too few data points to fit
Mahihkan Battery 02-21,ABWI103122206504W400,3,2023-11-01,6,False,exponential,83.25000000000439,1.6718105758940545e-22,0.0,-2.220446049250313e-16,True,low R2 (-0.00)
Mahihkan Battery 02-21,ABWI103122206504W400,4,2024-05-01,10,False,harmonic,139.51756427460865,0.1776197173886241,1.0,0.5654045463117046,False,
Mahihkan Battery 02-21,ABWI103122206504W400,5,2025-03-01,13,False,exponential,110.70071068324063,0.18836626310447427,0.0,0.8380129853323357,False,
Mahihkan Battery 02-21,ABWI103122206504W400,6,2026-04-01,3,True,,,,,,True,too few data points to fit
Mahihkan Battery 02-21,ABWI103122706504W400,1,2022-12-01,5,True,harmonic,251.287196377125,1.5807770107174637,1.0,0.622307223906214,True,short cycle (<6mo)
Mahihkan Battery 02-21,ABWI103122706504W400,2,2023-05-01,7,False,harmonic,199.81770701324598,0.10337094446257027,1.0,0.5183012887183049,False,
Mahihkan Battery 02-21,ABWI103122706504W400,3,2023-12-01,10,False,exponential,285.4976237018989,0.05997548797404169,0.0,0.526937074920192,False,
Mahihkan Battery 02-21,ABWI103122706504W400,4,2024-10-01,7,False,harmonic,326.4100378357568,0.4807328825002974,1.0,0.6613672425163866,False,
Mahihkan Battery 02-21,ABWI103122706504W400,5,2025-05-01,14,False,harmonic,166.2538290630818,0.029894434947209544,1.0,0.43216593989753893,True,low R2 (0.43)
Mahihkan Battery 02-21,ABWI103122806504W400,1,2022-05-01,5,True,harmonic,95.05106703734653,0.992194626600152,1.0,0.8454713004466041,True,short cycle (<6mo)
Mahihkan Battery 02-21,ABWI103122806504W400,2,2022-10-01,9,False,harmonic,40.93689856564695,0.5035401885093622,1.0,0.7372243865221801,False,
Mahihkan Battery 02-21,ABWI103122806504W400,3,2023-07-01,22,False,exponential,140.3045453509931,2.9048584018947066e-16,0.0,-4.440892098500626e-15,True,low R2 (-0.00)
Mahihkan Battery 02-21,ABWI103122806504W400,4,2025-05-01,14,False,exponential,284.5785714285714,2.1553674070032245e-19,0.0,0.0,True,low R2 (0.00)
Mahihkan Battery 02-21,ABWI103123406504W400,1,2022-11-01,15,False,harmonic,336.1177516193494,0.017749933016202583,1.0,0.0894936305387678,True,low R2 (0.09)
Mahihkan Battery 02-21,ABWI103123406504W400,2,2024-02-01,29,False,exponential,392.87839782156925,0.021987926914052915,0.0,0.4684996332116341,True,low R2 (0.47)
Mahihkan Battery 02-21,ABWI103123506504W400,1,2023-05-01,12,False,exponential,268.21666666666664,6.348335331755551e-25,0.0,0.0,True,low R2 (0.00)
Mahihkan Battery 02-21,ABWI103123506504W400,2,2024-05-01,26,False,exponential,326.2115384615386,8.410361654923295e-26,0.0,-2.220446049250313e-16,True,low R2 (-0.00)
Mahihkan Battery 02-21,ABWI103130306604W400,1,2022-10-01,20,False,harmonic,416.28768274739355,0.08140889752264686,1.0,0.42967450124111994,True,low R2 (0.43)
Mahihkan Battery 02-21,ABWI103130306604W400,2,2024-06-01,18,False,hyperbolic,324.41100171056434,0.16650340191087057,1.9999999999999831,0.8687578638114343,True,b pinned at bound (2.000)
Mahihkan Battery 02-21,ABWI103130306604W400,3,2025-12-01,7,False,exponential,145.91161229564992,0.1845597974719969,0.0,0.6966601200233415,False,
Mahihkan Battery 02-21,ABWI103130906604W400,1,2023-03-01,14,False,exponential,2053.55,6.171456392314643e-23,0.0,0.0,True,low R2 (0.00)
Mahihkan Battery 02-21,ABWI103130906604W400,2,2024-05-01,15,False,harmonic,3995.7113059762646,0.19229783131765357,1.0,0.7454792244805837,False,
Mahihkan Battery 02-21,ABWI103130906604W400,3,2025-08-01,8,False,exponential,2521.3235927925643,0.3018234586893088,0.0,0.6578973426194011,False,
Mahihkan Battery 02-21,ABWI103130906604W400,4,2026-04-01,3,True,,,,,,True,too few data points to fit
Mahihkan Battery 02-21,ABWI103131006504W400,1,2024-09-01,22,False,harmonic,358.40014893975507,0.03090831050731201,1.0,0.33647877568476037,True,low R2 (0.34)
Mahihkan Battery 02-21,ABWI103131406504W400,1,2022-08-01,7,False,exponential,229.3475247131765,0.339748752082148,0.0,0.8693521222437628,False,
Mahihkan Battery 02-21,ABWI103131406504W400,2,2023-03-01,5,True,harmonic,83.13743887099426,1.3360836446602236,1.0,0.7887862523736483,True,short cycle (<6mo)
Mahihkan Battery 02-21,ABWI103131406504W400,3,2023-08-01,5,True,harmonic,75.81998391309102,0.5089872954034631,1.0,0.4837200669919537,True,short cycle (<6mo); low R2 (0.48)
Mahihkan Battery 02-21,ABWI103131406504W400,4,2024-01-01,6,False,harmonic,52.268280054395696,0.1887101056098513,1.0,0.18349266204879633,True,low R2 (0.18)
Mahihkan Battery 02-21,ABWI103131406504W400,5,2024-07-01,7,False,harmonic,70.14285714285717,1.1606085334063464e-16,1.0,0.0,True,low R2 (0.00)
Mahihkan Battery 02-21,ABWI103131406504W400,6,2025-02-01,17,False,exponential,141.67647052064848,1.2557810217184718e-15,0.0,-1.6653345369377348e-14,True,low R2 (-0.00)
Mahihkan Battery 02-21,ABWI103131506504W400,1,2025-01-01,18,False,exponential,279.4998282405262,0.05579402326876692,0.0,0.8666921812252351,False,
Mahihkan Battery 02-21,ABWI103132606504W400,1,2022-09-01,27,False,harmonic,315.4037444118707,0.01471564873861093,1.0,0.3759176555829028,True,low R2 (0.38)
Mahihkan Battery 02-21,ABWI103132606504W400,2,2024-12-01,9,False,harmonic,284.8745373259457,0.18834370406416467,1.0,0.3786463445838226,True,low R2 (0.38)
Mahihkan Battery 02-21,ABWI103132606504W400,3,2025-09-01,10,False,exponential,312.0251393707736,0.19028805154260553,0.0,0.9593285509429206,False,
Mahihkan Battery 02-21,ABWI103132806504W400,1,2022-06-01,16,False,exponential,107.73125017928076,3.9443184226787654e-21,0.0,1.1102230246251565e-16,True,low R2 (0.00)
Mahihkan Battery 02-21,ABWI103132806504W400,2,2023-10-01,21,False,exponential,292.84471025934624,0.07080711564316872,0.0,0.9002041188161753,False,
Mahihkan Battery 02-21,ABWI103132806504W400,3,2025-07-01,4,True,exponential,116.53422828114276,0.3299067853669493,0.0,0.6879218827216461,True,short cycle (<6mo)
Mahihkan Battery 02-21,ABWI103132806504W400,4,2025-11-01,8,False,exponential,216.8999998552341,1.4475726775219775e-16,0.0,-1.3322676295501878e-15,True,low R2 (-0.00)
Mahihkan Battery 02-21,ABWI103133406504W400,1,2024-04-01,10,False,harmonic,1455.7906355306,0.47324041020286944,1.0,0.7885484307513487,False,
Mahihkan Battery 02-21,ABWI103133406504W400,2,2025-02-01,7,False,harmonic,534.8507612385957,0.042941583382986974,1.0,0.13016807692959187,True,low R2 (0.13)
Mahihkan Battery 02-21,ABWI103133406504W400,3,2025-09-01,10,False,exponential,686.4839412968174,0.0762086280082529,0.0,0.6431362388226528,False,
Mahihkan Battery 02-21,ABWI103133506504W400,1,2023-05-01,11,False,harmonic,25.692934811150238,0.4162783414511618,1.0,0.2991663063223363,True,low R2 (0.30)
Mahihkan Battery 02-21,ABWI103133506504W400,2,2024-04-01,11,False,exponential,76.42727263230489,1.0603733596190682e-15,0.0,-1.3322676295501878e-14,True,low R2 (-0.00)
Mahihkan Battery 02-21,ABWI103133506504W400,3,2025-03-01,8,False,exponential,180.65255541764034,0.17804737736586002,0.0,0.81576862887676,False,
Mahihkan Battery 02-21,ABWI103133506504W400,4,2025-11-01,8,False,exponential,88.07499998294601,2.886901362608028e-16,0.0,-1.1102230246251565e-15,True,low R2 (-0.00)
Mahihkan Battery 02-21,ABWI103140306604W400,1,2022-09-01,16,False,exponential,360.0273807640887,0.11023730629237587,0.0,0.5615734935729373,False,
Mahihkan Battery 02-21,ABWI103140306604W400,2,2024-01-01,12,False,exponential,177.3416666666945,1.86737024947869e-20,0.0,0.0,True,low R2 (0.00)
Mahihkan Battery 02-21,ABWI103140306604W400,3,2025-01-01,18,False,exponential,164.183333335522,1.8456406200973443e-18,0.0,2.220446049250313e-16,True,low R2 (0.00)
Mahihkan Battery 02-21,ABWI103141006504W400,1,2022-08-01,14,False,exponential,452.5110345955571,0.08638434454279093,0.0,0.612508476876318,False,
Mahihkan Battery 02-21,ABWI103141006504W400,2,2023-10-01,14,False,exponential,82.42857142857143,3.833335304795438e-21,0.0,0.0,True,low R2 (0.00)
Mahihkan Battery 02-21,ABWI103141006504W400,3,2024-12-01,8,False,exponential,179.79999999999998,7.213265329858023e-23,0.0,0.0,True,low R2 (0.00)
Mahihkan Battery 02-21,ABWI103141006504W400,4,2025-08-01,7,False,exponential,264.11428571428576,6.603506122659419e-23,0.0,0.0,True,low R2 (0.00)
Mahihkan Battery 02-21,ABWI103141006504W400,5,2026-03-01,4,True,exponential,418.0724818406999,0.2086089985672159,0.0,0.8540196422454913,True,short cycle (<6mo)
Mahihkan Battery 02-21,ABWI103141406504W400,1,2023-01-01,24,False,exponential,223.9829431174887,0.10210380685934699,0.0,0.9012218211028109,False,
Mahihkan Battery 02-21,ABWI103141406504W400,2,2025-01-01,18,False,exponential,127.33888888888889,1.1269601713143942e-20,0.0,0.0,True,low R2 (0.00)
Mahihkan Battery 02-21,ABWI103141506504W400,1,2022-10-01,8,False,harmonic,329.5196458736055,0.015557784612320305,1.0,0.0036914356966207817,True,low R2 (0.00)
Mahihkan Battery 02-21,ABWI103141506504W400,2,2023-06-01,5,True,exponential,403.7800000000009,1.0690438738308843e-15,0.0,-8.215650382226158e-15,True,short cycle (<6mo); low R2 (-0.00)
Mahihkan Battery 02-21,ABWI103141506504W400,3,2023-11-01,11,False,exponential,548.3139273007008,0.06252745342671355,0.0,0.7627359309262773,False,
Mahihkan Battery 02-21,ABWI103141506504W400,4,2024-10-01,12,False,exponential,579.710497264787,0.08270721529047315,0.0,0.6781719846028232,False,
Mahihkan Battery 02-21,ABWI103141506504W400,5,2025-10-01,9,False,exponential,482.31444214617505,0.182443620642722,0.0,0.920903059818197,False,
Mahihkan Battery 02-21,ABWI103142106604W400,1,2022-05-01,11,False,harmonic,96.42853088402323,0.058419443159081604,1.0,0.22648015575046354,True,low R2 (0.23)
Mahihkan Battery 02-21,ABWI103142106604W400,2,2023-04-01,7,False,harmonic,100.5682033404353,0.9338444873119565,1.0,0.8983762015119194,False,
Mahihkan Battery 02-21,ABWI103142106604W400,3,2023-11-01,10,False,harmonic,36.130443411028,0.040264599049000815,1.0,0.014483198122095087,True,low R2 (0.01)
Mahihkan Battery 02-21,ABWI103142106604W400,4,2024-09-01,4,True,harmonic,167.70453262183028,0.6892331668126938,1.0,0.8012373408882709,True,short cycle (<6mo)
Mahihkan Battery 02-21,ABWI103142106604W400,5,2025-01-01,8,False,exponential,143.57850233156157,0.30527405540464925,0.0,0.7924264490322575,False,
Mahihkan Battery 02-21,ABWI103142106604W400,6,2025-09-01,10,False,exponential,46.15555555555555,6.5484961222796255e-22,0.0,0.0,True,low R2 (0.00)
Mahihkan Battery 02-21,ABWI103142606504W400,1,2022-08-01,16,False,harmonic,378.05138543612287,0.10746004251020232,1.0,0.8049378154191398,False,
Mahihkan Battery 02-21,ABWI103142606504W400,2,2023-12-01,19,False,harmonic,187.97561661821192,0.03726978851846757,1.0,0.2726258132094208,True,low R2 (0.27)
Mahihkan Battery 02-21,ABWI103142606504W400,3,2025-07-01,12,False,harmonic,205.0977761632828,0.03424075430929575,1.0,0.17861619383172478,True,low R2 (0.18)
Mahihkan Battery 02-21,ABWI103142806504W400,1,2022-07-01,8,False,harmonic,226.85239516105688,0.08544220417561843,1.0,0.49007537461276285,True,low R2 (0.49)
Mahihkan Battery 02-21,ABWI103142806504W400,2,2023-03-01,22,False,harmonic,167.5772728955992,1.8801246429864036e-17,1.0,-4.440892098500626e-16,True,low R2 (-0.00)
Mahihkan Battery 02-21,ABWI103142806504W400,3,2025-01-01,18,False,hyperbolic,246.82186227675223,0.4935380748227447,1.9999999999999998,0.6167235456979363,True,b pinned at bound (2.000)
Mahihkan Battery 02-21,ABWI103142806604W400,1,2022-10-01,13,False,harmonic,279.9555009609282,0.08880023809539762,1.0,0.28023566597103167,True,low R2 (0.28)
Mahihkan Battery 02-21,ABWI103142806604W400,2,2023-11-01,9,False,harmonic,318.68003142021325,0.33401418232434993,1.0,0.39571413099393515,True,low R2 (0.40)
Mahihkan Battery 02-21,ABWI103142806604W400,3,2024-08-01,11,False,hyperbolic,202.65258883177967,1.62951764031151,1.999999999999997,0.8936299372558988,True,b pinned at bound (2.000)
Mahihkan Battery 02-21,ABWI103142806604W400,4,2025-07-01,4,True,harmonic,108.9099921821824,3.1090336260098583,1.0,0.9930574840728101,True,short cycle (<6mo); very high Di (3.11/month)
Mahihkan Battery 02-21,ABWI103142806604W400,5,2025-11-01,8,False,,,,,,True,too few data points to fit
Mahihkan Battery 02-21,ABWI103142906504W400,1,2022-08-01,7,False,exponential,179.6485175925474,0.2950670419279765,0.0,0.7921925136980505,False,
Mahihkan Battery 02-21,ABWI103142906504W400,2,2023-03-01,21,False,harmonic,204.4619047437425,8.233567619804809e-16,1.0,-1.9539925233402755e-14,True,low R2 (-0.00)
Mahihkan Battery 02-21,ABWI103142906504W400,3,2024-12-01,19,False,harmonic,350.50341020717104,0.1159560539710292,1.0,0.9415572225012154,False,
Mahihkan Battery 02-21,ABWI103151006504W400,1,2022-06-01,10,False,harmonic,216.5055299006075,0.5575044741479751,1.0,0.8445691831515949,False,
Mahihkan Battery 02-21,ABWI103151006504W400,2,2023-04-01,5,True,harmonic,119.56907645152786,0.322450557752432,1.0,0.47226875453276507,True,short cycle (<6mo); low R2 (0.47)
Mahihkan Battery 02-21,ABWI103151006504W400,3,2023-09-01,4,True,exponential,133.01665445772386,0.1760614792324123,0.0,0.7738238904016925,True,short cycle (<6mo)
Mahihkan Battery 02-21,ABWI103151006504W400,4,2024-01-01,9,False,harmonic,130.88072479732875,0.2651943762951178,1.0,0.8337420577847195,False,
Mahihkan Battery 02-21,ABWI103151006504W400,5,2024-10-01,14,False,exponential,299.971840137327,0.18550166712245678,0.0,0.8642122744184617,False,
Mahihkan Battery 02-21,ABWI103151006504W400,6,2025-12-01,7,False,,,,,,True,too few data points to fit
Mahihkan Battery 02-21,ABWI103151406504W400,1,2023-03-01,4,True,harmonic,91.9600939317793,0.13792717695625017,1.0,0.022458695721712996,True,short cycle (<6mo); low R2 (0.02)
Mahihkan Battery 02-21,ABWI103151406504W400,2,2023-07-01,23,False,exponential,77.95,1.6329420738074944e-27,0.0,0.0,True,low R2 (0.00)
Mahihkan Battery 02-21,ABWI103151406504W400,3,2025-06-01,7,False,harmonic,178.2619762003045,0.3022137698246019,1.0,0.358224499998709,True,low R2 (0.36)
Mahihkan Battery 02-21,ABWI103151406504W400,4,2026-01-01,6,False,exponential,98.40462966211852,0.5511176155278436,0.0,0.9740051241410422,False,
Mahihkan Battery 02-21,ABWI103151506504W400,1,2023-04-01,5,True,harmonic,118.0283615432351,0.2254832974946506,1.0,0.14391767887329932,True,short cycle (<6mo); low R2 (0.14)
Mahihkan Battery 02-21,ABWI103151506504W400,2,2023-09-01,9,False,harmonic,190.24803520422023,0.2522672095151208,1.0,0.9224961060974861,False,
Mahihkan Battery 02-21,ABWI103151506504W400,3,2024-06-01,14,False,exponential,85.71428573899213,2.4368764105759435e-15,0.0,-2.6645352591003757e-14,True,low R2 (-0.00)
Mahihkan Battery 02-21,ABWI103151506504W400,4,2025-08-01,7,False,harmonic,99.4009679860449,0.012224474389315681,1.0,0.018693752993146795,True,low R2 (0.02)
Mahihkan Battery 02-21,ABWI103151506504W400,5,2026-03-01,4,True,exponential,94.30000000000014,1.0271757846882795e-26,0.0,2.220446049250313e-16,True,short cycle (<6mo); low R2 (0.00)
Mahihkan Battery 02-21,ABWI103151706604W400,1,2023-07-01,6,False,harmonic,676.2130456255131,1.5808196395999166,1.0,0.9762522156124147,False,
Mahihkan Battery 02-21,ABWI103151706604W400,2,2024-01-01,4,True,,,,,,True,too few data points to fit
Mahihkan Battery 02-21,ABWI103151706604W400,3,2024-05-01,8,False,exponential,341.2,1.4466224996618455e-21,0.0,0.0,True,low R2 (0.00)
Mahihkan Battery 02-21,ABWI103151706604W400,4,2025-01-01,6,False,exponential,877.3178790625999,0.25075116215132043,0.0,0.9250178969713859,False,
Mahihkan Battery 02-21,ABWI103151706604W400,5,2025-07-01,4,True,exponential,284.59341292688987,0.3046140664406698,0.0,0.9317235033818343,True,short cycle (<6mo)
Mahihkan Battery 02-21,ABWI103151706604W400,6,2025-11-01,8,False,exponential,554.6080766215566,0.1570300212633946,0.0,0.776168100260814,False,
Mahihkan Battery 02-21,ABWI103152106504W400,1,2023-01-01,3,True,,,,,,True,too few data points to fit
Mahihkan Battery 02-21,ABWI103152106604W400,1,2023-04-01,11,False,harmonic,67.55877796142977,0.1311124578296064,1.0,0.663891131496395,False,
Mahihkan Battery 02-21,ABWI103152106604W400,2,2024-03-01,9,False,exponential,49.949999999999996,2.135528827511784e-22,0.0,0.0,True,low R2 (0.00)
Mahihkan Battery 02-21,ABWI103152106604W400,3,2024-12-01,4,True,harmonic,233.18745498727094,7.6519569051921525,1.0,0.9180365497593003,True,short cycle (<6mo); very high Di (7.65/month)
Mahihkan Battery 02-21,ABWI103152106604W400,4,2025-04-01,7,False,harmonic,55.625623845809315,1.4624366644276372,1.0,0.4740042374641096,True,low R2 (0.47)
Mahihkan Battery 02-21,ABWI103152106604W400,5,2025-11-01,8,False,harmonic,29.093546030532035,0.058298113490762166,1.0,0.05844590502517,True,low R2 (0.06)
Mahihkan Battery 02-21,ABWI103152706504W400,1,2022-08-01,10,False,exponential,293.6092840445966,0.05384895885006582,0.0,0.4172134644703608,True,low R2 (0.42)
Mahihkan Battery 02-21,ABWI103152706504W400,2,2023-06-01,10,False,harmonic,384.01303162962074,0.5190772807654328,1.0,0.5563589224328156,False,
Mahihkan Battery 02-21,ABWI103152706504W400,3,2024-04-01,11,False,exponential,228.2909091477632,2.0224314464271383e-15,0.0,-1.199040866595169e-14,True,low R2 (-0.00)
Mahihkan Battery 02-21,ABWI103152706504W400,4,2025-03-01,16,False,harmonic,325.0858845308711,0.04058188565278417,1.0,0.7418651855678599,False,
Mahihkan Battery 02-21,ABWI103152906504W400,1,2022-08-01,9,False,harmonic,107.40381904993474,0.38753510091869464,1.0,0.07382813173645086,True,low R2 (0.07)
Mahihkan Battery 02-21,ABWI103152906504W400,2,2023-05-01,15,False,exponential,151.14,1.4620270131740737e-20,0.0,0.0,True,low R2 (0.00)
Mahihkan Battery 02-21,ABWI103152906504W400,3,2024-08-01,23,False,exponential,240.0649579105089,0.017417552931142475,0.0,0.48465878772183335,True,low R2 (0.48)
Mahihkan Battery 02-21,ABWI103153406504W400,1,2024-11-01,20,False,harmonic,211.08934096321985,0.14049463972567586,1.0,0.3053251851634531,True,low R2 (0.31)
Mahihkan Battery 02-21,ABWI103160506604W400,1,2022-05-01,7,False,harmonic,151.30000000000103,2.229400696383626e-15,1.0,-2.020605904817785e-14,True,low R2 (-0.00)
Mahihkan Battery 02-21,ABWI103160506604W400,2,2022-12-01,27,False,exponential,157.93703703703704,2.0076672839044065e-23,0.0,0.0,True,low R2 (0.00)
Mahihkan Battery 02-21,ABWI103160506604W400,3,2025-03-01,10,False,exponential,250.83818131856074,0.14089095350568068,0.0,0.45964621981783027,True,low R2 (0.46)
Mahihkan Battery 02-21,ABWI103160506604W400,4,2026-01-01,6,False,exponential,238.97364784179055,0.12026175986827776,0.0,0.8700086530687619,False,
Mahihkan Battery 02-21,ABWI103160906604W400,1,2022-12-01,8,False,exponential,255.0749999138591,1.95552993131837e-19,0.0,-2.220446049250313e-16,True,low R2 (-0.00)
Mahihkan Battery 02-21,ABWI103160906604W400,2,2023-08-01,8,False,exponential,408.5200218275387,0.13629201748382824,0.0,0.9145865795980175,False,
Mahihkan Battery 02-21,ABWI103160906604W400,3,2024-04-01,6,False,exponential,340.0476476320511,0.10010205764655618,0.0,0.6373330296418205,False,
Mahihkan Battery 02-21,ABWI103160906604W400,4,2024-10-01,16,False,exponential,189.75000000011664,5.754407341176405e-22,0.0,0.0,True,low R2 (0.00)
Mahihkan Battery 02-21,ABWI103160906604W400,5,2026-02-01,5,True,exponential,470.87697759925396,0.4851532121280713,0.0,0.9597137361512394,True,short cycle (<6mo)
Mahihkan Battery 02-21,ABWI103161006504W400,1,2022-05-01,7,False,harmonic,438.58040248216327,0.09469327677122977,1.0,0.19235148991979922,True,low R2 (0.19)
Mahihkan Battery 02-21,ABWI103161006504W400,2,2022-12-01,13,False,harmonic,484.5196482901721,0.13866558028440584,1.0,0.418107258498278,True,low R2 (0.42)
Mahihkan Battery 02-21,ABWI103161006504W400,3,2024-01-01,14,False,harmonic,418.18146777494525,0.13473834476125016,1.0,0.7105476007196574,False,
Mahihkan Battery 02-21,ABWI103161006504W400,4,2025-03-01,12,False,harmonic,192.47681213229663,0.033818938161390574,1.0,0.1729352181483188,True,low R2 (0.17)
Mahihkan Battery 02-21,ABWI103161006504W400,5,2026-03-01,4,True,exponential,185.81475901575487,0.47756261250730875,0.0,0.8173053962506791,True,short cycle (<6mo)
Mahihkan Battery 02-21,ABWI103161506504W400,1,2023-03-01,7,False,exponential,133.00169461047454,0.2970187213509663,0.0,0.82428816949387,False,
Mahihkan Battery 02-21,ABWI103161506504W400,2,2023-10-01,5,True,exponential,41.960000000000406,6.974666361857263e-25,0.0,2.220446049250313e-16,True,short cycle (<6mo); low R2 (0.00)
Mahihkan Battery 02-21,ABWI103161506504W400,3,2024-03-01,17,False,exponential,54.23529417582949,3.0840407942568175e-17,0.0,0.0,True,low R2 (0.00)
Mahihkan Battery 02-21,ABWI103161506504W400,4,2025-08-01,6,False,exponential,177.6510203861927,0.4281218718614676,0.0,0.9224980499395661,False,
Mahihkan Battery 02-21,ABWI103161506504W400,5,2026-02-01,5,True,harmonic,40.24117167247601,0.48999527118659736,1.0,0.7114435560987467,True,short cycle (<6mo)
Mahihkan Battery 02-21,ABWI103161606504W400,1,2022-11-01,13,False,exponential,235.93076923599838,9.279623139890848e-17,0.0,-1.7763568394002505e-15,True,low R2 (-0.00)
Mahihkan Battery 02-21,ABWI103161606504W400,2,2023-12-01,30,False,exponential,287.1190389020282,0.08444384869701946,0.0,0.8484106302692738,False,
Mahihkan Battery 02-21,ABWI103162706504W400,1,2022-08-01,11,False,harmonic,257.7188722520656,0.11349369155317487,1.0,0.37935089407652345,True,low R2 (0.38)
Mahihkan Battery 02-21,ABWI103162706504W400,2,2023-07-01,12,False,exponential,340.1916666890456,3.901032631594786e-16,0.0,-1.7763568394002505e-15,True,low R2 (-0.00)
Mahihkan Battery 02-21,ABWI103162706504W400,3,2024-07-01,10,False,exponential,380.4700000112246,2.5289660048537157e-17,0.0,0.0,True,low R2 (0.00)
Mahihkan Battery 02-21,ABWI103162706504W400,4,2025-05-01,14,False,harmonic,526.536353065301,0.061750149861901,1.0,0.664498362725904,False,
Mahihkan Battery 02-21,ABWI103162906504W400,1,2022-10-01,7,False,exponential,140.02857078730676,3.039249301744782e-20,0.0,-2.220446049250313e-16,True,low R2 (-0.00)
Mahihkan Battery 02-21,ABWI103162906504W400,2,2023-05-01,8,False,harmonic,742.7578144949069,0.5475666137814528,1.0,0.37309649762524777,True,low R2 (0.37)
Mahihkan Battery 02-21,ABWI103162906504W400,3,2024-01-01,4,True,exponential,401.5055844997732,0.3601181683274526,0.0,0.8044237734965137,True,short cycle (<6mo)
Mahihkan Battery 02-21,ABWI103162906504W400,4,2024-05-01,6,False,harmonic,178.33827992877013,0.41407931648329194,1.0,0.6525285812778696,False,
Mahihkan Battery 02-21,ABWI103162906504W400,5,2024-11-01,8,False,harmonic,93.2340214336797,0.029399422016022872,1.0,0.06250608202509722,True,low R2 (0.06)
Mahihkan Battery 02-21,ABWI103162906504W400,6,2025-07-01,4,True,exponential,117.87499981032697,4.1683375823103486e-17,0.0,0.0,True,short cycle (<6mo); low R2 (0.00)
Mahihkan Battery 02-21,ABWI103162906504W400,7,2025-11-01,8,False,harmonic,279.6375000000006,6.283849485836618e-16,1.0,-2.220446049250313e-15,True,low R2 (-0.00)
Mahihkan Battery 02-21,ABWI103163306504W400,1,2023-05-01,12,False,exponential,272.5,4.1984139233963984e-22,0.0,0.0,True,low R2 (0.00)
Mahihkan Battery 02-21,ABWI103163306504W400,2,2024-05-01,9,False,exponential,407.23333390702896,1.0382018387109601e-21,0.0,-2.220446049250313e-16,True,low R2 (-0.00)
Mahihkan Battery 02-21,ABWI103163306504W400,3,2025-02-01,10,False,harmonic,1176.9640899104847,0.254275101074375,1.0,0.827995326736389,False,
Mahihkan Battery 02-21,ABWI103163306504W400,4,2025-12-01,7,False,harmonic,645.2305205641209,0.2830591919307037,1.0,0.7978503463269261,False,
Mahihkan Battery 02-21,ABWI103163406504W400,1,2025-04-01,15,False,harmonic,194.06666666666666,3.604301199697608e-20,1.0,0.0,True,low R2 (0.00)
Mahihkan Battery 02-21,ABWI104010306604W400,1,2022-06-01,4,True,exponential,70.55000000000001,3.742683529223754e-17,0.0,-2.220446049250313e-16,True,short cycle (<6mo); low R2 (-0.00)
Mahihkan Battery 02-21,ABWI104010306604W400,2,2022-10-01,19,False,harmonic,124.15365888341663,0.0007188863430875533,1.0,9.046821981772979e-05,True,low R2 (0.00)
Mahihkan Battery 02-21,ABWI104010306604W400,3,2024-05-01,8,False,harmonic,159.70508854711147,0.10329356914568495,1.0,0.5049731705091197,False,
Mahihkan Battery 02-21,ABWI104010306604W400,4,2025-01-01,8,False,exponential,202.13582079965653,0.16397936163485172,0.0,0.6476523492061146,False,
Mahihkan Battery 02-21,ABWI104010306604W400,5,2025-09-01,10,False,exponential,205.1,3.3976505980627124e-22,0.0,0.0,True,low R2 (0.00)
Mahihkan Battery 02-21,ABWI104010406604W400,1,2022-12-01,7,False,harmonic,330.16725521227653,0.04494272763511311,1.0,0.011772284764722807,True,low R2 (0.01)
Mahihkan Battery 02-21,ABWI104010406604W400,2,2023-07-01,10,False,exponential,430.95491020463345,0.1121086154441685,0.0,0.5673068573506943,False,
Mahihkan Battery 02-21,ABWI104010406604W400,3,2024-05-01,7,False,harmonic,298.12396212076993,0.12111413035030474,1.0,0.17308124938138025,True,low R2 (0.17)
Mahihkan Battery 02-21,ABWI104010406604W400,4,2024-12-01,8,False,harmonic,152.0500000088931,1.427619866193362e-16,1.0,-2.220446049250313e-16,True,low R2 (-0.00)
Mahihkan Battery 02-21,ABWI104010406604W400,5,2025-08-01,7,False,harmonic,300.06877177060636,0.1064714354946989,1.0,0.7615725322365716,False,
Mahihkan Battery 02-21,ABWI104010406604W400,6,2026-03-01,4,True,harmonic,267.038848672898,0.23917884138796236,1.0,0.5209031780924427,True,short cycle (<6mo)
Mahihkan Battery 02-21,ABWI104011506504W400,1,2023-01-01,11,False,exponential,144.50909095445869,1.2709311700074201e-15,0.0,-4.440892098500626e-16,True,low R2 (-0.00)
Mahihkan Battery 02-21,ABWI104011506504W400,2,2023-12-01,10,False,exponential,133.31000000005136,1.7502914286953614e-19,0.0,-2.220446049250313e-16,True,low R2 (-0.00)
Mahihkan Battery 02-21,ABWI104011506504W400,3,2024-10-01,5,True,exponential,178.07902418329758,1.014343583046317,0.0,0.9741640227176628,True,short cycle (<6mo)
Mahihkan Battery 02-21,ABWI104011506504W400,4,2025-03-01,8,False,harmonic,31.330402929824118,0.22231551743547234,1.0,0.4774359083798083,True,low R2 (0.48)
Mahihkan Battery 02-21,ABWI104011506504W400,5,2025-11-01,4,True,harmonic,43.55640700418532,0.7837951547279717,1.0,0.8362462007720307,True,short cycle (<6mo)
Mahihkan Battery 02-21,ABWI104011506504W400,6,2026-03-01,4,True,exponential,38.8058375799957,0.5340920168417446,0.0,0.8649222068938389,True,short cycle (<6mo)
Mahihkan Battery 02-21,ABWI104012106504W400,1,2023-01-01,15,False,exponential,197.64740330896947,0.10744940451301127,0.0,0.7997005893329088,False,
Mahihkan Battery 02-21,ABWI104012106504W400,2,2024-04-01,11,False,exponential,108.58382130591448,0.05930540996863977,0.0,0.16492087828279867,True,low R2 (0.16)
Mahihkan Battery 02-21,ABWI104012106504W400,3,2025-03-01,8,False,exponential,35.449999898503904,5.334725204277503e-16,0.0,-4.440892098500626e-16,True,low R2 (-0.00)
Mahihkan Battery 02-21,ABWI104012106504W400,4,2025-11-01,4,True,exponential,111.91335919372534,0.41940527075055617,0.0,0.9998146337303249,True,short cycle (<6mo)
Mahihkan Battery 02-21,ABWI104012106504W400,5,2026-03-01,4,True,exponential,53.558349784294606,0.21711748184040372,0.0,0.9382219679934095,True,short cycle (<6mo)
Mahihkan Battery 02-21,ABWI104012206504W400,1,2022-09-01,8,False,exponential,95.4375000000307,6.539063075036286e-20,0.0,-2.220446049250313e-16,True,low R2 (-0.00)
Mahihkan Battery 02-21,ABWI104012206504W400,2,2023-05-01,6,False,exponential,295.06385401731507,0.2444345639033618,0.0,0.841384230796182,False,
Mahihkan Battery 02-21,ABWI104012206504W400,3,2023-11-01,14,False,exponential,236.000000060384,8.992958758468258e-21,0.0,0.0,True,low R2 (0.00)
Mahihkan Battery 02-21,ABWI104012206504W400,4,2025-01-01,7,False,harmonic,349.5015320545175,0.006036557034377671,1.0,0.0009692066745027317,True,low R2 (0.00)
Mahihkan Battery 02-21,ABWI104012206504W400,5,2025-08-01,11,False,harmonic,602.7331733966133,0.1570803401170344,1.0,0.7097500858351449,False,
Mahihkan Battery 02-21,ABWI104013306504W400,1,2022-11-01,6,False,exponential,546.7833333333344,8.1994290192758235e-16,0.0,-2.6645352591003757e-15,True,low R2 (-0.00)
Mahihkan Battery 02-21,ABWI104013306504W400,2,2023-05-01,7,False,exponential,1302.2857137221072,2.831115832930948e-16,0.0,-4.440892098500626e-16,True,low R2 (-0.00)
Mahihkan Battery 02-21,ABWI104013306504W400,3,2023-12-01,11,False,harmonic,1747.5903641596356,0.18123464820252685,1.0,0.8200260709456149,False,
Mahihkan Battery 02-21,ABWI104013306504W400,4,2024-11-01,20,False,exponential,1199.0650535814573,0.02288640117443994,0.0,0.30596211856247146,True,low R2 (0.31)
Mahihkan Battery 02-21,ABWI104013406504W400,1,2022-06-01,5,True,exponential,268.1999995849643,1.610019929817079e-15,0.0,-6.439293542825908e-15,True,short cycle (<6mo); low R2 (-0.00)
Mahihkan Battery 02-21,ABWI104013406504W400,2,2022-11-01,14,False,harmonic,311.2297677828559,0.029520507974575956,1.0,0.028305630837885953,True,low R2 (0.03)
Mahihkan Battery 02-21,ABWI104013406504W400,3,2024-01-01,11,False,harmonic,538.3622846428609,0.153756131608414,1.0,0.7329657552769296,False,
Mahihkan Battery 02-21,ABWI104013406504W400,4,2024-12-01,19,False,harmonic,282.43157894736913,3.029472395081567e-26,1.0,1.1102230246251565e-16,True,low R2 (0.00)
Mahihkan Battery 02-21,ABWI104020906604W400,1,2023-09-01,7,False,harmonic,4724.257314961316,2.45007573814487,1.0,0.9849607116293091,True,very high Di (2.45/month)
Mahihkan Battery 02-21,ABWI104020906604W400,2,2024-04-01,13,False,exponential,996.8160337233447,0.11109917698620522,0.0,0.714999536656326,False,
Mahihkan Battery 02-21,ABWI104020906604W400,3,2025-05-01,7,False,,,,,,True,too few data points to fit
Mahihkan Battery 02-21,ABWI104020906604W400,4,2025-12-01,7,False,harmonic,1382.7982339897558,2.5229004509052477,1.0,0.653691149616624,True,very high Di (2.52/month)
Mahihkan Battery 02-21,ABWI104021506504W400,1,2024-03-01,28,False,exponential,346.961869094466,0.052469586952698044,0.0,0.9061498898555771,False,
Mahihkan Battery 02-21,ABWI104022106604W400,1,2023-04-01,7,False,harmonic,44.783756120866016,0.9750859636068256,1.0,0.5950481740748469,False,
Mahihkan Battery 02-21,ABWI104022106604W400,2,2023-11-01,4,True,harmonic,57.84999991334918,4.330985209182674e-24,1.0,0.0,True,short cycle (<6mo); low R2 (0.00)
Mahihkan Battery 02-21,ABWI104022106604W400,3,2024-03-01,8,False,exponential,70.06666666673048,1.2582418780954564e-19,0.0,0.0,True,low R2 (0.00)
Mahihkan Battery 02-21,ABWI104022106604W400,4,2024-11-01,4,True,exponential,169.9250000000623,1.8411724701268554e-19,0.0,-2.220446049250313e-16,True,short cycle (<6mo); low R2 (-0.00)
Mahihkan Battery 02-21,ABWI104022106604W400,5,2025-03-01,8,False,exponential,355.1744448810994,0.21429374829220577,0.0,0.6704711029292951,False,
Mahihkan Battery 02-21,ABWI104022106604W400,6,2025-11-01,8,False,harmonic,200.51537430599348,1.3180651320794643,1.0,0.9321903717613033,False,
Mahihkan Battery 02-21,ABWI104022206504W400,1,2023-01-01,21,False,exponential,145.21904762337527,1.283897606379626e-16,0.0,-2.220446049250313e-16,True,low R2 (-0.00)
Mahihkan Battery 02-21,ABWI104022206504W400,2,2024-10-01,14,False,harmonic,197.64352367545382,0.05204931762243099,1.0,0.26844328976854603,True,low R2 (0.27)
Mahihkan Battery 02-21,ABWI104022206504W400,3,2025-12-01,7,False,exponential,205.89398576046287,0.015853581788637702,0.0,0.022350296856694762,True,low R2 (0.02)
Mahihkan Battery 02-21,ABWI104022706504W400,1,2022-07-01,7,False,harmonic,204.32702574083476,0.7692990025675591,1.0,0.546517198565278,False,
Mahihkan Battery 02-21,ABWI104022706504W400,2,2023-02-01,16,False,exponential,108.70000000053845,2.0595036454445418e-19,0.0,0.0,True,low R2 (0.00)
Mahihkan Battery 02-21,ABWI104022706504W400,3,2024-06-01,22,False,exponential,414.4035209160359,0.2722837364532743,0.0,0.7533219722051681,False,
Mahihkan Battery 02-21,ABWI104022706504W400,4,2026-04-01,3,True,,,,,,True,too few data points to fit
Mahihkan Battery 02-21,ABWI104022806504W400,1,2022-10-01,11,False,harmonic,392.1023509315987,0.06766233269295832,1.0,0.32407709025710385,True,low R2 (0.32)
Mahihkan Battery 02-21,ABWI104022806504W400,2,2023-09-01,8,False,harmonic,541.5577860306291,0.05252953912112218,1.0,0.08535102210623324,True,low R2 (0.09)
Mahihkan Battery 02-21,ABWI104022806504W400,3,2024-05-01,20,False,exponential,709.7446536084678,0.08681666591068264,0.0,0.8288531204170456,False,
Mahihkan Battery 02-21,ABWI104022806504W400,4,2026-01-01,6,False,harmonic,178.74437202923457,0.7318050919934874,1.0,0.7246180510906239,False,
Mahihkan Battery 02-21,ABWI104023506504W400,1,2023-03-01,13,False,exponential,98.22352499602701,0.04923871272300995,0.0,0.43181533016246476,True,low R2 (0.43)
Mahihkan Battery 02-21,ABWI104023506504W400,2,2024-04-01,4,True,harmonic,94.50960468678014,4.151813463530267,1.0,0.9707837224067135,True,short cycle (<6mo); very high Di (4.15/month)
Mahihkan Battery 02-21,ABWI104023506504W400,3,2024-08-01,6,False,harmonic,34.50536901917476,0.3021909444965823,1.0,0.1159674835009904,True,low R2 (0.12)
Mahihkan Battery 02-21,ABWI104023506504W400,4,2025-02-01,9,False,harmonic,82.17672579833933,0.15488954389022505,1.0,0.2433060178329548,True,low R2 (0.24)
Mahihkan Battery 02-21,ABWI104023506504W400,5,2025-11-01,6,False,exponential,98.5166665289104,1.0931912061372666e-15,0.0,-3.774758283725532e-15,True,low R2 (-0.00)
Mahihkan Battery 02-21,ABWI104023506504W400,6,2026-05-01,2,True,,,,,,True,too few data points to fit
Mahihkan Battery 02-21,ABWI104030306604W400,1,2022-08-01,7,False,exponential,157.94412887145,0.23117489108901507,0.0,0.8307392944151512,False,
Mahihkan Battery 02-21,ABWI104030306604W400,2,2023-03-01,13,False,harmonic,86.76745986382512,0.0857571738382355,1.0,0.23263467172740193,True,low R2 (0.23)
Mahihkan Battery 02-21,ABWI104030306604W400,3,2024-04-01,5,True,harmonic,99.0631084913211,0.28594279207531825,1.0,0.5643550350676244,True,short cycle (<6mo)
Mahihkan Battery 02-21,ABWI104030306604W400,4,2024-09-01,8,False,harmonic,82.39632191487655,0.2573433765272505,1.0,0.8014675104022875,False,
Mahihkan Battery 02-21,ABWI104030306604W400,5,2025-05-01,7,False,harmonic,63.11645586686601,0.7242392384926541,1.0,0.8161769414562918,False,
Mahihkan Battery 02-21,ABWI104030306604W400,6,2025-12-01,4,True,exponential,53.85,1.0011397165208698e-19,0.0,0.0,True,short cycle (<6mo); low R2 (0.00)
Mahihkan Battery 02-21,ABWI104030306604W400,7,2026-04-01,3,True,,,,,,True,too few data points to fit
Mahihkan Battery 02-21,ABWI104030906604W400,1,2022-08-01,9,False,harmonic,387.58733516242,0.08023709753794031,1.0,0.43954134600735806,True,low R2 (0.44)
Mahihkan Battery 02-21,ABWI104030906604W400,2,2023-05-01,6,False,harmonic,387.0699685325113,4.682252186826988,1.0,0.6268694899991722,True,very high Di (4.68/month)
Mahihkan Battery 02-21,ABWI104030906604W400,3,2023-11-01,6,False,exponential,183.58333333333331,2.6056371522289478e-21,0.0,0.0,True,low R2 (0.00)
Mahihkan Battery 02-21,ABWI104030906604W400,4,2024-05-01,5,True,exponential,234.0,1.1072506649287216e-22,0.0,0.0,True,short cycle (<6mo); low R2 (0.00)
Mahihkan Battery 02-21,ABWI104030906604W400,5,2024-10-01,10,False,harmonic,656.7337610881377,0.25302325920790797,1.0,0.7793311967218717,False,
Mahihkan Battery 02-21,ABWI104030906604W400,6,2025-08-01,4,True,harmonic,464.7800963507538,0.3157765628254968,1.0,0.8822424322447947,True,short cycle (<6mo)
Mahihkan Battery 02-21,ABWI104030906604W400,7,2025-12-01,7,False,harmonic,659.0147142980431,0.6345619046127564,1.0,0.9916020450115204,False,
Mahihkan Battery 02-21,ABWI104031006604W400,1,2023-02-01,13,False,harmonic,516.9197602638651,0.5112926375019615,1.0,0.5451324408171799,False,
Mahihkan Battery 02-21,ABWI104031006604W400,2,2024-03-01,8,False,harmonic,330.626070381593,0.3980110605003747,1.0,0.48550762180867524,True,low R2 (0.49)
Mahihkan Battery 02-21,ABWI104031006604W400,3,2024-11-01,6,False,exponential,281.01549731933545,0.7853409203572812,0.0,0.8882036093999984,False,
Mahihkan Battery 02-21,ABWI104031006604W400,4,2025-05-01,9,False,harmonic,106.27528579630082,0.1571307421979412,1.0,0.9022561622495643,False,
Mahihkan Battery 02-21,ABWI104031006604W400,5,2026-02-01,5,True,harmonic,411.5349332733892,0.15024851194532224,1.0,0.29699790871987464,True,short cycle (<6mo); low R2 (0.30)
Mahihkan Battery 02-21,ABWI104031506504W400,1,2023-07-01,15,False,exponential,458.7120464235207,0.0559807570014361,0.0,0.6594599227144736,False,
Mahihkan Battery 02-21,ABWI104031506504W400,2,2024-10-01,19,False,exponential,167.1884896612519,0.13922316547724264,0.0,0.8881146168438084,False,
Mahihkan Battery 02-21,ABWI104031506504W400,3,2026-05-01,2,True,,,,,,True,too few data points to fit
Mahihkan Battery 02-21,ABWI104032206504W400,1,2023-01-01,4,True,harmonic,73.52508172337014,0.8200015017541967,1.0,0.4251702028887061,True,short cycle (<6mo); low R2 (0.43)
Mahihkan Battery 02-21,ABWI104032206504W400,2,2023-05-01,9,False,,,,,,True,too few data points to fit
Mahihkan Battery 02-21,ABWI104032206504W400,3,2024-02-01,16,False,harmonic,157.33414481255332,0.07820011663396476,1.0,0.35919522465609843,True,low R2 (0.36)
Mahihkan Battery 02-21,ABWI104032206504W400,4,2025-06-01,13,False,harmonic,134.01732513494474,0.06913934983959379,1.0,0.3184931242632134,True,low R2 (0.32)
Mahihkan Battery 02-21,ABWI104032306504W400,1,2022-07-01,12,False,harmonic,162.73499142515197,0.3861397865620446,1.0,0.23433343939742668,True,low R2 (0.23)
Mahihkan Battery 02-21,ABWI104032306504W400,2,2023-07-01,8,False,harmonic,91.42822221373405,0.005801112551913591,1.0,0.004863303358413118,True,low R2 (0.00)
Mahihkan Battery 02-21,ABWI104032306504W400,3,2024-03-01,22,False,harmonic,96.62105093091286,0.011472246616516576,1.0,0.09503424711806929,True,low R2 (0.10)
Mahihkan Battery 02-21,ABWI104032306504W400,4,2026-01-01,6,False,harmonic,98.64475492501238,0.1210574128955156,1.0,0.3573494417037826,True,low R2 (0.36)
Mahihkan Battery 02-21,ABWI104032806604W400,1,2022-08-01,6,False,exponential,145.72642336837524,0.6779485654414341,0.0,0.8405895737976088,False,
Mahihkan Battery 02-21,ABWI104033306604W400,1,2022-09-01,18,False,harmonic,230.63290632979283,0.17656391314526898,1.0,0.9242298012222644,False,
Mahihkan Battery 02-21,ABWI104033306604W400,2,2024-03-01,9,False,exponential,70.91111111111111,1.4396395975921377e-25,0.0,0.0,True,low R2 (0.00)
Mahihkan Battery 02-21,ABWI104033306604W400,3,2024-12-01,8,False,harmonic,103.99915456019353,0.6368240093410213,1.0,0.2265250847961615,True,low R2 (0.23)
Mahihkan Battery 02-21,ABWI104033306604W400,4,2025-08-01,6,False,exponential,132.4166666666672,1.586330791877144e-15,0.0,-5.995204332975845e-15,True,low R2 (-0.00)
Mahihkan Battery 02-21,ABWI104033306604W400,5,2026-02-01,5,True,harmonic,356.10276795265315,0.5966855719784332,1.0,0.9249316841381419,True,short cycle (<6mo)
Mahihkan Battery 02-21,ABWI104033406504W400,1,2024-07-01,13,False,exponential,445.69166666666666,4.199464100392931e-24,0.0,0.0,True,low R2 (0.00)
Mahihkan Battery 02-21,ABWI104033406504W400,2,2025-08-01,11,False,harmonic,584.7085981352043,0.01503212783778505,1.0,0.04032745820153438,True,low R2 (0.04)
Mahihkan Battery 02-21,ABWI104033506504W402,1,2024-07-01,9,False,harmonic,155.8715849738743,0.6429336187437499,1.0,0.9169181410537867,False,
Mahihkan Battery 02-21,ABWI104033506504W402,2,2025-04-01,4,True,harmonic,88.00736033734061,0.6802617931004701,1.0,0.6418340558881611,True,short cycle (<6mo)
Mahihkan Battery 02-21,ABWI104033506504W402,3,2025-08-01,9,False,harmonic,59.00527262155473,0.4039330401983006,1.0,0.02597575146717923,True,low R2 (0.03)
Mahihkan Battery 02-21,ABWI104033506504W402,4,2026-05-01,2,True,,,,,,True,too few data points to fit
Mahihkan Battery 02-21,ABWI104040306604W400,1,2023-04-01,11,False,exponential,308.09090709032057,7.991221455034837e-15,0.0,-4.1522341120980855e-14,True,low R2 (-0.00)
Mahihkan Battery 02-21,ABWI104040306604W400,2,2024-03-01,11,False,harmonic,1181.9022384765692,0.15684299810797905,1.0,0.75341403696734,False,
Mahihkan Battery 02-21,ABWI104040306604W400,3,2025-02-01,17,False,harmonic,972.73565519575,0.4043441877635702,1.0,0.9258414120538302,False,
Mahihkan Battery 02-21,ABWI104042206504W400,1,2022-07-01,10,False,harmonic,126.11482504792087,0.06562098579518134,1.0,0.19966769054910738,True,low R2 (0.20)
Mahihkan Battery 02-21,ABWI104042206504W400,2,2023-05-01,11,False,exponential,185.14440312705767,0.097586741403373,0.0,0.7069358458807459,False,
Mahihkan Battery 02-21,ABWI104042206504W400,3,2024-04-01,8,False,harmonic,128.76357619728537,0.07194231240960978,1.0,0.4158280094786144,True,low R2 (0.42)
Mahihkan Battery 02-21,ABWI104042206504W400,4,2024-12-01,19,False,harmonic,79.84210525671013,5.747211046489029e-15,1.0,-9.547918011776346e-15,True,low R2 (-0.00)
Mahihkan Battery 02-21,ABWI104042606504W400,1,2022-06-01,21,False,,,,,,True,too few data points to fit
Mahihkan Battery 02-21,ABWI104042606504W400,2,2024-03-01,8,False,exponential,10.47193898367497,0.25518052667831936,0.0,0.8877486927833278,False,
Mahihkan Battery 02-21,ABWI104042706504W400,1,2022-06-01,6,False,harmonic,316.6488588317522,0.39212977908664387,1.0,0.6212671311868898,False,
Mahihkan Battery 02-21,ABWI104042706504W400,2,2022-12-01,7,False,exponential,230.2211800223714,0.19124145198259765,0.0,0.8074487327580523,False,
Mahihkan Battery 02-21,ABWI104042706504W400,3,2023-07-01,8,False,harmonic,76.7341724143334,1.6013289382751044,1.0,0.7537011504672223,False,
Mahihkan Battery 02-21,ABWI104042706504W400,4,2024-03-01,28,False,exponential,172.23214285714286,1.8749623276098938e-22,0.0,0.0,True,low R2 (0.00)
Mahihkan Battery 02-21,ABWI104042806504W400,1,2022-06-01,7,False,harmonic,53.85887657133618,0.23264509677948425,1.0,0.09865574232045404,True,low R2 (0.10)
Mahihkan Battery 02-21,ABWI104042806504W400,2,2023-01-01,9,False,exponential,153.0803870311669,0.08642092012446512,0.0,0.6298968055236276,False,
Mahihkan Battery 02-21,ABWI104042806504W400,3,2023-10-01,13,False,exponential,70.4,1.7402181298244414e-19,0.0,0.0,True,low R2 (0.00)
Mahihkan Battery 02-21,ABWI104042806504W400,4,2024-11-01,12,False,harmonic,113.70093222906273,0.02287291321272875,1.0,0.06818637613437528,True,low R2 (0.07)
Mahihkan Battery 02-21,ABWI104042806504W400,5,2025-11-01,8,False,harmonic,142.64810484076673,0.06786044261299479,1.0,0.4086181510268019,True,low R2 (0.41)
Mahihkan Battery 02-21,ABWI104043306504W400,1,2023-10-01,16,False,exponential,155.74022392219288,0.12308591489608536,0.0,0.8247265370863964,False,
Mahihkan Battery 02-21,ABWI104043306504W400,2,2025-02-01,14,False,harmonic,69.36555415439872,0.1710344936581415,1.0,0.36681128209100267,True,low R2 (0.37)
Mahihkan Battery 02-21,ABWI104043306504W400,3,2026-04-01,3,True,,,,,,True,too few data points to fit
Mahihkan Battery 02-21,ABWI104043406504W400,1,2023-02-01,11,False,harmonic,424.13874707961065,0.13077970947891754,1.0,0.5161576768790956,False,
Mahihkan Battery 02-21,ABWI104043406504W400,2,2024-01-01,8,False,exponential,196.2625000000001,1.2211801501409385e-16,0.0,0.0,True,low R2 (0.00)
Mahihkan Battery 02-21,ABWI104043406504W400,3,2024-09-01,22,False,exponential,446.6318181818182,7.635806541532252e-19,0.0,1.1102230246251565e-16,True,low R2 (0.00)
Mahihkan Battery 02-21,ABWI104051006604W400,1,2022-11-01,7,False,exponential,2240.535184362201,0.20350961196238498,0.0,0.9741083635713638,False,
Mahihkan Battery 02-21,ABWI104051006604W400,2,2023-06-01,11,False,exponential,1302.944738046932,0.1176126882088944,0.0,0.7624084792070407,False,
Mahihkan Battery 02-21,ABWI104051006604W400,3,2024-05-01,4,True,harmonic,952.9625138926478,1.3208285456332156,1.0,0.7827763708864961,True,short cycle (<6mo)
Mahihkan Battery 02-21,ABWI104051006604W400,4,2024-09-01,8,False,harmonic,689.9466408938257,0.0001229203220899358,1.0,1.110710260210368e-06,True,low R2 (0.00)
Mahihkan Battery 02-21,ABWI104051006604W400,5,2025-05-01,7,False,harmonic,693.9097288035459,0.07210314594262827,1.0,0.22348584752968548,True,low R2 (0.22)
Mahihkan Battery 02-21,ABWI104051006604W400,6,2025-12-01,7,False,exponential,837.7863420233213,0.2990302122882563,0.0,0.8185361814249468,False,
Mahihkan Battery 02-21,ABWI104051506504W400,1,2023-07-01,4,True,,,,,,True,too few data points to fit
Mahihkan Battery 02-21,ABWI104051506504W400,2,2023-11-01,4,True,harmonic,112.60099644464573,7.700785921354768,1.0,0.9975473916444246,True,short cycle (<6mo); very high Di (7.70/month)
Mahihkan Battery 02-21,ABWI104051506504W400,3,2024-03-01,11,False,exponential,43.981503096649604,0.08957778357142229,0.0,0.44578064133396855,True,low R2 (0.45)
Mahihkan Battery 02-21,ABWI104051506504W400,4,2025-02-01,6,False,harmonic,24.087337717714547,3.146278079635273,1.0,0.987519370278104,True,very high Di (3.15/month)
Mahihkan Battery 02-21,ABWI104051506504W400,5,2025-08-01,7,False,harmonic,5.94285714025767,1.6465193477582607e-15,1.0,-5.329070518200751e-15,True,low R2 (-0.00)
Mahihkan Battery 02-21,ABWI104051506504W400,6,2026-03-01,4,True,exponential,66.34554470138804,0.261224888329678,0.0,0.5538682691754032,True,short cycle (<6mo)
Mahihkan Battery 02-21,ABWI104052206504W400,1,2022-08-01,16,False,exponential,178.7925318017599,0.20407298343630068,0.0,0.7862255578599386,False,
Mahihkan Battery 02-21,ABWI104052206504W400,2,2023-12-01,6,False,harmonic,74.56176535653069,0.0054541104229949315,1.0,0.00017129291584339068,True,low R2 (0.00)
Mahihkan Battery 02-21,ABWI104052206504W400,3,2024-06-01,13,False,exponential,84.10980668319355,0.04331146625298864,0.0,0.5114593370157143,False,
Mahihkan Battery 02-21,ABWI104052206504W400,4,2025-07-01,12,False,exponential,71.23333333341226,8.29019554608181e-22,0.0,0.0,True,low R2 (0.00)
Mahihkan Battery 02-21,ABWI104052306504W400,1,2022-05-01,13,False,harmonic,183.87687483193943,0.12996270336921134,1.0,0.32249640850306127,True,low R2 (0.32)
Mahihkan Battery 02-21,ABWI104052306504W400,2,2023-06-01,8,False,harmonic,144.348124021801,0.09080397822996515,1.0,0.013281316746886818,True,low R2 (0.01)
Mahihkan Battery 02-21,ABWI104052306504W400,3,2024-02-01,23,False,exponential,354.68260863737083,6.158163367266758e-17,0.0,-2.220446049250313e-15,True,low R2 (-0.00)
Mahihkan Battery 02-21,ABWI104052306504W400,4,2026-01-01,6,False,hyperbolic,512.0950361160162,0.3625889708992178,1.9999999999999998,0.9970235332315296,True,b pinned at bound (2.000)
Mahihkan Battery 02-21,ABWI104052606504W400,1,2023-03-01,4,True,harmonic,83.37461934775335,0.1431591032761183,1.0,0.24708516818658177,True,short cycle (<6mo); low R2 (0.25)
Mahihkan Battery 02-21,ABWI104052606504W400,2,2023-07-01,15,False,exponential,77.35333333365664,2.9159977102637616e-19,0.0,-2.220446049250313e-16,True,low R2 (-0.00)
Mahihkan Battery 02-21,ABWI104052606504W400,3,2024-10-01,5,True,harmonic,199.24831582448653,0.7079498137095768,1.0,0.9932778801060376,True,short cycle (<6mo)
Mahihkan Battery 02-21,ABWI104052606504W400,4,2025-03-01,7,False,exponential,66.72857142857295,7.747295665092447e-24,0.0,1.1102230246251565e-16,True,low R2 (0.00)
Mahihkan Battery 02-21,ABWI104052606504W400,5,2025-10-01,9,False,harmonic,117.4674211818247,1.8057676023750728,1.0,0.9552635915463007,False,
Mahihkan Battery 02-21,ABWI104052806504W400,1,2022-11-01,15,False,exponential,215.28135804365874,0.05866166349341918,0.0,0.4830669127551048,True,low R2 (0.48)
Mahihkan Battery 02-21,ABWI104052806504W400,2,2024-02-01,6,False,exponential,37.216666666666704,9.277711064770177e-24,0.0,0.0,True,low R2 (0.00)
Mahihkan Battery 02-21,ABWI104052806504W400,3,2024-08-01,12,False,exponential,82.2777777825347,1.5049556205286574e-19,0.0,0.0,True,low R2 (0.00)
Mahihkan Battery 02-21,ABWI104052806504W400,4,2025-08-01,11,False,exponential,208.55454545454543,2.4318697592577764e-22,0.0,0.0,True,low R2 (0.00)
Mahihkan Battery 02-21,ABWI104053506504W400,1,2024-09-01,22,False,exponential,253.02272727272728,1.6591754970504707e-19,0.0,0.0,True,low R2 (0.00)
Mahihkan Battery 02-21,ABWI104060306604W400,1,2022-08-01,5,True,exponential,35.414681189945824,0.5267444676710379,0.0,0.7367737364297785,True,short cycle (<6mo)
Mahihkan Battery 02-21,ABWI104060306604W400,2,2023-01-01,21,False,exponential,86.41428571428571,2.2095814726042874e-19,0.0,0.0,True,low R2 (0.00)
Mahihkan Battery 02-21,ABWI104060306604W400,3,2024-10-01,9,False,harmonic,151.76082132037402,0.06046025606659373,1.0,0.08606143554400603,True,low R2 (0.09)
Mahihkan Battery 02-21,ABWI104060306604W400,4,2025-07-01,12,False,exponential,166.72727272727275,3.079374331773437e-21,0.0,0.0,True,low R2 (0.00)
Mahihkan Battery 02-21,ABWI104061506504W400,1,2022-11-01,8,False,exponential,2.3499999995905028,7.107686229035207e-17,0.0,0.0,True,low R2 (0.00)
Mahihkan Battery 02-21,ABWI104061506504W400,2,2023-07-01,5,True,exponential,23.77500000000003,6.364082779249873e-16,0.0,-2.220446049250313e-15,True,short cycle (<6mo); low R2 (-0.00)
Mahihkan Battery 02-21,ABWI104061506504W400,3,2023-12-01,8,False,exponential,105.34999993080672,3.2662419070168543e-15,0.0,-1.0436096431476471e-14,True,low R2 (-0.00)
Mahihkan Battery 02-21,ABWI104061506504W400,4,2024-08-01,4,True,harmonic,443.773698640495,0.5821676024268065,1.0,0.8306182035580449,True,short cycle (<6mo)
Mahihkan Battery 02-21,ABWI104061506504W400,5,2024-12-01,8,False,exponential,288.9152148140265,0.3260016739994276,0.0,0.821481588813757,False,
Mahihkan Battery 02-21,ABWI104061506504W400,6,2025-08-01,11,False,harmonic,202.38800245681162,0.030434857708142634,1.0,0.28320375747571136,True,low R2 (0.28)
Mahihkan Battery 02-21,ABWI104062206504W400,1,2025-04-01,8,False,harmonic,166.85895225660283,0.046814742747886315,1.0,0.028808450950233544,True,low R2 (0.03)
Mahihkan Battery 02-21,ABWI104062206504W400,2,2025-12-01,7,False,harmonic,206.40250614027516,0.33501751716342953,1.0,0.7412457930388364,False,
Mahihkan Battery 02-21,ABWI104062706504W400,1,2022-08-01,9,False,harmonic,77.94817110368373,0.29185327442552905,1.0,0.6691526472583574,False,
Mahihkan Battery 02-21,ABWI104062706504W400,2,2023-05-01,6,False,harmonic,55.98456884008831,0.8202492720884239,1.0,0.41289309258624207,True,low R2 (0.41)
Mahihkan Battery 02-21,ABWI104062706504W400,3,2023-11-01,8,False,harmonic,28.362500031485453,2.064386858571318e-17,1.0,-4.440892098500626e-16,True,low R2 (-0.00)
Mahihkan Battery 02-21,ABWI104062706504W400,4,2024-07-01,17,False,,,,,,True,too few data points to fit
Mahihkan Battery 02-21,ABWI104062706504W400,5,2025-12-01,4,True,harmonic,7.031888048141958,0.6683665280701152,1.0,0.6462615268084078,True,short cycle (<6mo)
Mahihkan Battery 02-21,ABWI104062806504W400,1,2023-09-01,15,False,exponential,53.55714285568017,1.8705742970287554e-20,0.0,0.0,True,low R2 (0.00)
Mahihkan Battery 02-21,ABWI104062806504W400,2,2024-12-01,19,False,exponential,300.9473683206781,4.49822565740302e-16,0.0,-6.217248937900877e-15,True,low R2 (-0.00)
Mahihkan Battery 02-21,ABWI104063306604W400,1,2022-08-01,25,False,exponential,231.89587748819255,0.07584952077787221,0.0,0.9061943556595833,False,
Mahihkan Battery 02-21,ABWI104063306604W400,2,2024-09-01,7,False,exponential,53.94285717056699,7.401791024264362e-16,0.0,-3.1086244689504383e-15,True,low R2 (-0.00)
Mahihkan Battery 02-21,ABWI104063306604W400,3,2025-04-01,12,False,harmonic,400.75197725818145,0.5027419724112523,1.0,0.21905780943055664,True,low R2 (0.22)
Mahihkan Battery 02-21,ABWI104063306604W400,4,2026-04-01,3,True,,,,,,True,too few data points to fit
Mahihkan Battery 02-21,ABWI104063406504W400,1,2024-03-01,28,False,exponential,514.2151906730685,0.03208254764826353,0.0,0.6882090602923181,False,
Mahihkan Battery 02-21,ABWI104063506504W400,1,2022-08-01,11,False,exponential,282.8557496558252,0.1225826123968681,0.0,0.9451857731595705,False,
Mahihkan Battery 02-21,ABWI104063506504W400,2,2023-07-01,6,False,harmonic,136.49174417395975,0.38058412617814014,1.0,0.8249983113096793,False,
Mahihkan Battery 02-21,ABWI104063506504W400,3,2024-01-01,9,False,exponential,190.13333333370772,2.3416022650607175e-19,0.0,0.0,True,low R2 (0.00)
Mahihkan Battery 02-21,ABWI104063506504W400,4,2024-10-01,17,False,harmonic,376.9282370203901,0.20027255153594914,1.0,0.8831324025203983,False,
Mahihkan Battery 02-21,ABWI104063506504W400,5,2026-03-01,4,True,harmonic,188.29751576322732,0.16751266572648174,1.0,0.5503272861418265,True,short cycle (<6mo)
Mahihkan Battery 02-21,ABWI104071506504W400,1,2022-08-01,12,False,exponential,85.60833333346764,1.2900090386622166e-19,0.0,0.0,True,low R2 (0.00)
Mahihkan Battery 02-21,ABWI104071506504W400,2,2023-08-01,10,False,exponential,265.28000004065746,5.237864544508215e-19,0.0,0.0,True,low R2 (0.00)
Mahihkan Battery 02-21,ABWI104071506504W400,3,2024-06-01,17,False,exponential,590.1134944702285,0.08632255074022974,0.0,0.8950526139448264,False,
Mahihkan Battery 02-21,ABWI104071506504W400,4,2025-11-01,4,True,harmonic,220.86634340090143,0.1877240373240796,1.0,0.16455453042555068,True,short cycle (<6mo); low R2 (0.16)
Mahihkan Battery 02-21,ABWI104071506504W400,5,2026-03-01,4,True,exponential,413.49120529094506,0.32251448316778103,0.0,0.8435112847526374,True,short cycle (<6mo)
Mahihkan Battery 02-21,ABWI104072106604W400,1,2022-05-01,14,False,harmonic,278.2071417847047,4.583459072279002e-17,1.0,-2.220446049250313e-16,True,low R2 (-0.00)
Mahihkan Battery 02-21,ABWI104072106604W400,2,2023-07-01,12,False,harmonic,878.7129748718539,0.9337867010593517,1.0,0.9473241314618488,False,
Mahihkan Battery 02-21,ABWI104072106604W400,3,2024-07-01,7,False,exponential,165.23333333333335,2.4578030995397762e-17,0.0,0.0,True,low R2 (0.00)
Mahihkan Battery 02-21,ABWI104072106604W400,4,2025-02-01,17,False,hyperbolic,438.7965107103617,0.6214339615188836,1.9999999999999998,0.7224102850780401,True,b pinned at bound (2.000)
Mahihkan Battery 02-21,ABWI104072206504W400,1,2022-11-01,14,False,exponential,302.02857142857147,2.8108711840427296e-18,0.0,-2.220446049250313e-16,True,low R2 (-0.00)
Mahihkan Battery 02-21,ABWI104072206504W400,2,2024-01-01,7,False,harmonic,503.36834597151613,0.8072322892455067,1.0,0.9303299189920948,False,
Mahihkan Battery 02-21,ABWI104072206504W400,3,2024-08-01,8,False,exponential,138.15125455169067,0.34554623266020706,0.0,0.5837625995645728,False,
Mahihkan Battery 02-21,ABWI104072206504W400,4,2025-04-01,8,False,harmonic,101.503752596958,1.1595895869975559,1.0,0.9366859420357452,False,
Mahihkan Battery 02-21,ABWI104072206504W400,5,2025-12-01,7,False,exponential,4.785714285714286,1.5729174802907157e-21,0.0,0.0,True,low R2 (0.00)
Mahihkan Battery 02-21,ABWI104072206604W400,1,2023-03-01,9,False,exponential,217.2600000000009,1.648545742512766e-25,0.0,0.0,True,low R2 (0.00)
Mahihkan Battery 02-21,ABWI104072206604W400,2,2023-12-01,11,False,harmonic,348.51494496677833,0.03055143827941509,1.0,0.03081953162026274,True,low R2 (0.03)
Mahihkan Battery 02-21,ABWI104072206604W400,3,2024-11-01,11,False,harmonic,914.2234418635315,0.2344996389536861,1.0,0.4194742462955706,True,low R2 (0.42)
Mahihkan Battery 02-21,ABWI104072206604W400,4,2025-10-01,9,False,harmonic,877.983889893968,0.581022701314957,1.0,0.8452798884513679,False,
Mahihkan Battery 02-21,ABWI104072606504W400,1,2022-12-01,5,True,harmonic,132.88460747036422,0.4027710104923614,1.0,0.273632949736512,True,short cycle (<6mo); low R2 (0.27)
Mahihkan Battery 02-21,ABWI104072606504W400,2,2023-05-01,10,False,harmonic,147.29332417813154,0.03767424809227491,1.0,0.33053972087892447,True,low R2 (0.33)
Mahihkan Battery 02-21,ABWI104072606504W400,3,2024-03-01,9,False,exponential,121.32222222222222,2.603240987229339e-29,0.0,-2.220446049250313e-16,True,low R2 (-0.00)
Mahihkan Battery 02-21,ABWI104072606504W400,4,2024-12-01,5,True,harmonic,157.0854399966103,0.554844473044428,1.0,0.6308324896969024,True,short cycle (<6mo)
Mahihkan Battery 02-21,ABWI104072606504W400,5,2025-05-01,10,False,harmonic,115.21397811815608,0.3691945368163402,1.0,0.7262518496070033,False,
Mahihkan Battery 02-21,ABWI104072606504W400,6,2026-03-01,4,True,,,,,,True,too few data points to fit
Mahihkan Battery 02-21,ABWI104073406504W400,1,2022-07-01,8,False,harmonic,16.78499125989582,0.4475731632075932,1.0,0.46987650815240356,True,low R2 (0.47)
Mahihkan Battery 02-21,ABWI104073406504W400,2,2023-03-01,7,False,exponential,16.592283757406214,0.5416806710614057,0.0,0.965671784966425,False,
Mahihkan Battery 02-21,ABWI104073406504W400,3,2023-10-01,5,True,,,,,,True,too few data points to fit
Mahihkan Battery 02-21,ABWI104073406504W400,4,2024-03-01,4,True,exponential,13.124999953735442,1.1705131238314836e-21,0.0,0.0,True,short cycle (<6mo); low R2 (0.00)
Mahihkan Battery 02-21,ABWI104073406504W400,5,2024-07-01,8,False,harmonic,106.58228620569648,0.08206123609842751,1.0,0.2513921735467127,True,low R2 (0.25)
Mahihkan Battery 02-21,ABWI104073406504W400,6,2025-03-01,16,False,exponential,278.84374901768774,8.875092617847886e-17,0.0,-8.881784197001252e-16,True,low R2 (-0.00)
Mahihkan Battery 02-21,ABWI104073506504W400,1,2022-06-01,14,False,harmonic,131.3936561574686,0.06842061875813296,1.0,0.20904650395985125,True,low R2 (0.21)
Mahihkan Battery 02-21,ABWI104073506504W400,2,2023-08-01,14,False,harmonic,106.7642857183357,5.0781247495871675e-18,1.0,0.0,True,low R2 (0.00)
Mahihkan Battery 02-21,ABWI104073506504W400,3,2024-10-01,8,False,harmonic,127.5837366747382,0.016189648678444125,1.0,0.004255223023117205,True,low R2 (0.00)
Mahihkan Battery 02-21,ABWI104073506504W400,4,2025-06-01,13,False,exponential,275.27815724974295,0.12586612829761928,0.0,0.8124327668945069,False,
Mahihkan Battery 02-21,ABWI104080406604W400,1,2023-12-01,7,False,harmonic,483.78486300938977,0.2153696460655479,1.0,0.7971572448134608,False,
Mahihkan Battery 02-21,ABWI104080406604W400,2,2024-07-01,11,False,exponential,484.8085071216684,0.06975211534976858,0.0,0.6588961764743423,False,
Mahihkan Battery 02-21,ABWI104080406604W400,3,2025-06-01,9,False,harmonic,408.9991505634584,0.032085732185045415,1.0,0.15156673961903544,True,low R2 (0.15)
Mahihkan Battery 02-21,ABWI104080406604W400,4,2026-03-01,4,True,harmonic,575.1588685014948,0.5915139575409009,1.0,0.9436253396947912,True,short cycle (<6mo)
Mahihkan Battery 02-21,ABWI104080806604W400,1,2022-09-01,17,False,harmonic,1248.7333510832518,0.11500623595667617,1.0,0.5755602172608298,False,
Mahihkan Battery 02-21,ABWI104080806604W400,2,2024-02-01,10,False,harmonic,1154.1851076966543,0.4137378138354235,1.0,0.24054452489908884,True,low R2 (0.24)
Mahihkan Battery 02-21,ABWI104080806604W400,3,2024-12-01,4,True,exponential,831.0005794290928,0.2147161938184609,0.0,0.7698214421517078,True,short cycle (<6mo)
Mahihkan Battery 02-21,ABWI104080806604W400,4,2025-04-01,8,False,exponential,454.174999722969,2.8881796908870887e-19,0.0,-2.220446049250313e-16,True,low R2 (-0.00)
Mahihkan Battery 02-21,ABWI104080806604W400,5,2025-12-01,7,False,exponential,776.115233745553,0.2449928586098944,0.0,0.8876940607655219,False,
Mahihkan Battery 02-21,ABWI104082106504W400,1,2023-06-01,11,False,exponential,24.333333333333332,4.386032574432559e-20,0.0,0.0,True,low R2 (0.00)
Mahihkan Battery 02-21,ABWI104082106504W400,2,2024-05-01,14,False,exponential,38.24718956942312,0.2850311494158314,0.0,0.7283022891989746,False,
Mahihkan Battery 02-21,ABWI104082206504W400,1,2022-07-01,15,False,exponential,139.77333333333334,7.735276832775989e-22,0.0,0.0,True,low R2 (0.00)
Mahihkan Battery 02-21,ABWI104082206504W400,2,2023-10-01,17,False,exponential,384.49749120552974,0.06866097987172377,0.0,0.6106437999075803,False,
Mahihkan Battery 02-21,ABWI104082206504W400,3,2025-03-01,5,True,exponential,337.3968074856469,0.24843509338303088,0.0,0.8413287805567903,True,short cycle (<6mo)
Mahihkan Battery 02-21,ABWI104082206504W400,4,2025-08-01,11,False,harmonic,580.9742680161221,0.5170348603548912,1.0,0.8025023142708246,False,
Mahihkan Battery 02-21,ABWI104082706504W400,1,2023-01-01,10,False,exponential,458.19697211542757,0.1372596737021751,0.0,0.9167467674452885,False,
Mahihkan Battery 02-21,ABWI104082706504W400,2,2023-11-01,5,True,harmonic,221.70514830775326,0.16704324969276343,1.0,0.18901268045230712,True,short cycle (<6mo); low R2 (0.19)
Mahihkan Battery 02-21,ABWI104082706504W400,3,2024-04-01,11,False,harmonic,243.89149786988835,0.18302109040371692,1.0,0.6434212297963846,False,
Mahihkan Battery 02-21,ABWI104082706504W400,4,2025-03-01,6,False,exponential,178.95150466544865,0.2964224536682405,0.0,0.7770130294812184,False,
Mahihkan Battery 02-21,ABWI104082706504W400,5,2025-09-01,4,True,exponential,97.97500000000004,2.7202799577465527e-16,0.0,-1.1102230246251565e-15,True,short cycle (<6mo); low R2 (-0.00)
Mahihkan Battery 02-21,ABWI104082706504W400,6,2026-01-01,6,False,exponential,180.01402300229313,0.36131866171706634,0.0,0.8765697015701411,False,
Mahihkan Battery 02-21,ABWI104082806504W400,1,2022-10-01,8,False,exponential,178.90000000075204,3.617319181779602e-21,0.0,0.0,True,low R2 (0.00)
Mahihkan Battery 02-21,ABWI104082806504W400,2,2023-06-01,9,False,exponential,274.1402313283821,0.10830140064778572,0.0,0.8484847536269107,False,
Mahihkan Battery 02-21,ABWI104082806504W400,3,2024-03-01,12,False,harmonic,280.94203817356146,0.13480333643831544,1.0,0.1713136276816456,True,low R2 (0.17)
Mahihkan Battery 02-21,ABWI104082806504W400,4,2025-03-01,16,False,harmonic,297.431257232344,0.10136634741601429,1.0,0.4751294039259436,True,low R2 (0.48)
Mahihkan Battery 02-21,ABWI104082906504W400,1,2024-07-01,4,True,exponential,482.85156173065303,0.32458297402164027,0.0,0.8368479665000574,True,short cycle (<6mo)
Mahihkan Battery 02-21,ABWI104082906504W400,2,2024-11-01,20,False,harmonic,134.76458498462145,0.021743969119572847,1.0,0.04149590691216365,True,low R2 (0.04)
Mahihkan Battery 02-21,ABWI104083406504W400,1,2023-03-01,10,False,exponential,257.29,2.1568795295944613e-17,0.0,-4.440892098500626e-16,True,low R2 (-0.00)
Mahihkan Battery 02-21,ABWI104083406504W400,2,2024-01-01,5,True,harmonic,394.2504205134209,0.14896616214268343,1.0,0.4349200767591024,True,short cycle (<6mo); low R2 (0.43)
Mahihkan Battery 02-21,ABWI104083406504W400,3,2024-06-01,23,False,exponential,318.073912878011,3.155388522900433e-18,0.0,-4.440892098500626e-16,True,low R2 (-0.00)
Mahihkan Battery 02-21,ABWI104083406504W400,4,2026-05-01,2,True,,,,,,True,too few data points to fit
Mahihkan Battery 02-21,ABWI104090306604W400,1,2022-12-01,6,False,harmonic,118.1963185440331,1.6550060281282826,1.0,0.9924622734255656,False,
Mahihkan Battery 02-21,ABWI104090306604W400,2,2023-06-01,2,True,,,,,,True,too few data points to fit
Mahihkan Battery 02-21,ABWI104090406604W400,1,2023-07-01,8,False,exponential,525.2371171682216,0.14003805770079183,0.0,0.889074084662995,False,
Mahihkan Battery 02-21,ABWI104090406604W400,2,2024-03-01,5,True,harmonic,816.6605220249969,2.5911484164862504,1.0,0.9529013759103185,True,short cycle (<6mo); very high Di (2.59/month)
Mahihkan Battery 02-21,ABWI104090406604W400,3,2024-08-01,4,True,harmonic,170.10825444768105,0.08484481106189154,1.0,0.005022122058419676,True,short cycle (<6mo); low R2 (0.01)
Mahihkan Battery 02-21,ABWI104090406604W400,4,2024-12-01,12,False,exponential,203.4666665660777,1.2222030263868114e-23,0.0,3.3306690738754696e-16,True,low R2 (0.00)
Mahihkan Battery 02-21,ABWI104090406604W400,5,2025-12-01,5,True,exponential,377.62918138402426,0.1294036973620298,0.0,0.710852629093775,True,short cycle (<6mo)
Mahihkan Battery 02-21,ABWI104090406604W400,6,2026-05-01,2,True,,,,,,True,too few data points to fit
Mahihkan Battery 02-21,ABWI104091006504W400,1,2022-11-01,5,True,harmonic,85.49988134717292,0.5834184772875421,1.0,0.35075708247667237,True,short cycle (<6mo); low R2 (0.35)
Mahihkan Battery 02-21,ABWI104091006504W400,2,2023-04-01,8,False,harmonic,58.69382645741899,0.2830073403838548,1.0,0.28001922155456205,True,low R2 (0.28)
Mahihkan Battery 02-21,ABWI104091006504W400,3,2023-12-01,4,True,exponential,79.9,3.483216865282143e-23,0.0,0.0,True,short cycle (<6mo); low R2 (0.00)
Mahihkan Battery 02-21,ABWI104091006504W400,4,2024-04-01,8,False,exponential,216.0125,4.888620456523488e-21,0.0,0.0,True,low R2 (0.00)
Mahihkan Battery 02-21,ABWI104091006504W400,5,2024-12-01,11,False,harmonic,399.37714597326743,0.3634665675662032,1.0,0.8304119345506544,False,
Mahihkan Battery 02-21,ABWI104091006504W400,6,2025-11-01,8,False,exponential,134.1875,3.0308525861213416e-23,0.0,0.0,True,low R2 (0.00)
Mahihkan Battery 02-21,ABWI104091506504W400,1,2023-06-01,5,True,harmonic,74.68259634303743,0.49165169254801255,1.0,0.8622619906851487,True,short cycle (<6mo)
Mahihkan Battery 02-21,ABWI104091506504W400,2,2023-11-01,8,False,exponential,43.71250004705989,2.9022978976522476e-21,0.0,2.220446049250313e-16,True,low R2 (0.00)
Mahihkan Battery 02-21,ABWI104091506504W400,3,2024-07-01,24,False,exponential,114.85502731742736,0.07409408805914341,0.0,0.7237245108736226,False,
Mahihkan Battery 02-21,ABWI104091606504W400,1,2022-09-01,10,False,exponential,154.6695272429039,0.5345286225602103,0.0,0.8891252427510794,False,
Mahihkan Battery 02-21,ABWI104091606504W400,2,2023-07-01,6,False,exponential,7.600000000000003,1.2460385003545436e-16,0.0,-6.661338147750939e-16,True,low R2 (-0.00)
Mahihkan Battery 02-21,ABWI104091606504W400,3,2024-01-01,10,False,exponential,16.680000046197172,1.2937318845624594e-28,0.0,0.0,True,low R2 (0.00)
Mahihkan Battery 02-21,ABWI104091606504W400,4,2024-11-01,7,False,harmonic,147.6511614664294,4.581747625932387,1.0,0.9495294091255556,True,very high Di (4.58/month)
Mahihkan Battery 02-21,ABWI104091606504W400,5,2025-06-01,7,False,harmonic,30.864877790677188,0.6503307851402002,1.0,0.8365808065094741,False,
Mahihkan Battery 02-21,ABWI104091606504W400,6,2026-01-01,5,True,harmonic,17.09565747311008,1.2725259848413455,1.0,0.6959405248207574,True,short cycle (<6mo)
Mahihkan Battery 02-21,ABWI104091606604W400,1,2022-11-01,21,False,exponential,135.97142857142856,4.808317364818508e-20,0.0,0.0,True,low R2 (0.00)
Mahihkan Battery 02-21,ABWI104091606604W400,2,2024-08-01,23,False,harmonic,248.26425066354594,0.05427574496535847,1.0,0.5966340158645773,False,
Mahihkan Battery 02-21,ABWI104092106504W400,1,2022-06-01,13,False,exponential,61.580404669219654,0.08931032553768392,0.0,0.5741943302105087,False,
Mahihkan Battery 02-21,ABWI104092106504W400,2,2023-07-01,4,True,harmonic,104.98732646153161,0.7328440804380666,1.0,0.5991381075655209,True,short cycle (<6mo)
Mahihkan Battery 02-21,ABWI104092106504W400,3,2023-11-01,4,True,exponential,86.47016483956135,0.36117662483005675,0.0,0.9831655934310634,True,short cycle (<6mo)
Mahihkan Battery 02-21,ABWI104092106504W400,4,2024-03-01,4,True,harmonic,40.13289283629431,0.15465247964688264,1.0,0.023592441006002662,True,short cycle (<6mo); low R2 (0.02)
Mahihkan Battery 02-21,ABWI104092106504W400,5,2024-07-01,6,False,exponential,49.000000000000185,8.709872576885264e-23,0.0,0.0,True,low R2 (0.00)
Mahihkan Battery 02-21,ABWI104092106504W400,6,2025-01-01,9,False,exponential,82.63333333333333,9.180579883687762e-22,0.0,0.0,True,low R2 (0.00)
Mahihkan Battery 02-21,ABWI104092106504W400,7,2025-10-01,9,False,harmonic,119.91154867314512,0.0859518515242994,1.0,0.5893125274959083,False,
Mahihkan Battery 02-21,ABWI104092706504W400,1,2024-01-01,16,False,exponential,243.14375001788872,2.661437231771674e-16,0.0,-1.3322676295501878e-15,True,low R2 (-0.00)
Mahihkan Battery 02-21,ABWI104092706504W400,2,2025-05-01,14,False,exponential,419.21841876911316,0.051410808172029185,0.0,0.48027994400374574,True,low R2 (0.48)
Mahihkan Battery 02-21,ABWI104092806504W400,1,2022-12-01,10,False,harmonic,201.4749264277528,0.029918483442895376,1.0,0.01812359288553822,True,low R2 (0.02)
Mahihkan Battery 02-21,ABWI104092806504W400,2,2023-10-01,9,False,harmonic,258.5003747137218,0.034094556412743574,1.0,0.08601272983744612,True,low R2 (0.09)
Mahihkan Battery 02-21,ABWI104092806504W400,3,2024-07-01,4,True,harmonic,236.1146195348456,0.6982052198943128,1.0,0.8027993152732414,True,short cycle (<6mo)
Mahihkan Battery 02-21,ABWI104092806504W400,4,2024-11-01,5,True,harmonic,193.44703584193027,0.5939946922939969,1.0,0.6556944846930244,True,short cycle (<6mo)
Mahihkan Battery 02-21,ABWI104092806504W400,5,2025-04-01,15,False,exponential,87.7333333395715,9.643729420855956e-15,0.0,-8.881784197001252e-16,True,low R2 (-0.00)
Mahihkan Battery 02-21,ABWI104093406504W400,1,2023-02-01,4,True,exponential,24.785099294371598,0.8579837429144453,0.0,0.9784094773598138,True,short cycle (<6mo)
Mahihkan Battery 02-21,ABWI104093406504W400,2,2023-06-01,17,False,exponential,12.622222222222222,1.1761320460161279e-19,0.0,0.0,True,low R2 (0.00)
Mahihkan Battery 02-21,ABWI104093406504W400,3,2024-11-01,6,False,exponential,62.8666664768337,1.0319039924820745e-15,0.0,-3.1086244689504383e-15,True,low R2 (-0.00)
Mahihkan Battery 02-21,ABWI104093406504W400,4,2025-05-01,14,False,exponential,210.12857152577928,1.315625570152955e-18,0.0,2.220446049250313e-16,True,low R2 (0.00)
Mahihkan Battery 02-21,ABWI104101506504W400,1,2022-09-01,10,False,exponential,54.12689309719531,0.39554555946737086,0.0,0.9750727311467308,False,
Mahihkan Battery 02-21,ABWI104101506504W400,2,2023-07-01,13,False,exponential,51.090000091671456,9.236337897755104e-22,0.0,-2.220446049250313e-16,True,low R2 (-0.00)
Mahihkan Battery 02-21,ABWI104101506504W400,3,2024-08-01,23,False,harmonic,349.71798170580115,0.424300958381538,1.0,0.8726444683355642,False,
Mahihkan Battery 02-21,ABWI104102206504W400,1,2022-08-01,6,False,harmonic,235.97328799237292,2.4145621090158937,1.0,0.6030052067627945,True,very high Di (2.41/month)
Mahihkan Battery 02-21,ABWI104102206504W400,2,2023-02-01,11,False,harmonic,148.25709910529847,0.7338047354097689,1.0,0.0812475031238381,True,low R2 (0.08)
Mahihkan Battery 02-21,ABWI104102206504W400,3,2024-01-01,2,True,,,,,,True,too few data points to fit
Mahihkan Battery 02-21,ABWI104102206604W400,1,2022-07-01,5,True,exponential,1090.0229455726148,0.36780302506282886,0.0,0.8812777664151554,True,short cycle (<6mo)
Mahihkan Battery 02-21,ABWI104102206604W400,2,2022-12-01,11,False,exponential,232.9999997074308,4.3425428991724565e-17,0.0,0.0,True,low R2 (0.00)
Mahihkan Battery 02-21,ABWI104102206604W400,3,2023-11-01,8,False,exponential,632.632054676437,0.3801131933076422,0.0,0.7448064683957951,False,
Mahihkan Battery 02-21,ABWI104102206604W400,4,2024-07-01,5,True,exponential,549.7200003313424,4.355794508438984e-15,0.0,-1.1102230246251565e-14,True,short cycle (<6mo); low R2 (-0.00)
Mahihkan Battery 02-21,ABWI104102206604W400,5,2024-12-01,15,False,exponential,1552.6206549235176,0.0990592278702058,0.0,0.8913931345552546,False,
Mahihkan Battery 02-21,ABWI104102206604W400,6,2026-03-01,4,True,harmonic,558.8332197616697,0.7432874569204281,1.0,0.968303590270831,True,short cycle (<6mo)
Mahihkan Battery 02-21,ABWI104102706504W400,1,2022-06-01,8,False,exponential,129.36426238207503,0.22026115308915953,0.0,0.8108943653024119,False,
Mahihkan Battery 02-21,ABWI104102706504W400,2,2023-02-01,6,False,exponential,86.40000000000065,2.93031726370048e-15,0.0,-2.398081733190338e-14,True,low R2 (-0.00)
Mahihkan Battery 02-21,ABWI104102706504W400,3,2023-08-01,35,False,harmonic,147.69213901894696,0.036074717136545954,1.0,0.6733500382427811,False,
Mahihkan Battery 02-21,ABWI104102806504W400,1,2022-07-01,4,True,harmonic,302.5088147072222,0.5551364116228595,1.0,0.8615196558591113,True,short cycle (<6mo)
Mahihkan Battery 02-21,ABWI104102806504W400,2,2022-11-01,5,True,harmonic,223.8197355798909,0.3447254099166299,1.0,0.2104604701798689,True,short cycle (<6mo); low R2 (0.21)
Mahihkan Battery 02-21,ABWI104102806504W400,3,2023-04-01,9,False,harmonic,200.47447937248202,0.01876442751933753,1.0,0.06767282919240147,True,low R2 (0.07)
Mahihkan Battery 02-21,ABWI104102806504W400,4,2024-01-01,7,False,harmonic,233.18355691263136,1.135309700850198,1.0,0.9265225238262249,False,
Mahihkan Battery 02-21,ABWI104102806504W400,5,2024-08-01,15,False,harmonic,63.61922115975711,0.0012713127951636339,1.0,0.00015331168201493384,True,low R2 (0.00)
Mahihkan Battery 02-21,ABWI104102806504W400,6,2025-11-01,5,True,harmonic,102.12429943751826,0.30408250998324854,1.0,0.641993836065764,True,short cycle (<6mo)
Mahihkan Battery 02-21,ABWI104102806504W400,7,2026-04-01,2,True,,,,,,True,too few data points to fit
Mahihkan Battery 02-21,ABWI104103406504W400,1,2022-09-01,5,True,harmonic,23.17859704552435,0.36415432682866755,1.0,0.30245841225547776,True,short cycle (<6mo); low R2 (0.30)
Mahihkan Battery 02-21,ABWI104103406504W400,2,2023-02-01,5,True,harmonic,16.695834069702695,4.254594656534789,1.0,0.9620356713962281,True,short cycle (<6mo); very high Di (4.25/month)
Mahihkan Battery 02-21,ABWI104103406504W400,3,2023-07-01,7,False,exponential,10.575,9.92555153425928e-22,0.0,0.0,True,low R2 (0.00)
Mahihkan Battery 02-21,ABWI104103406504W400,4,2024-02-01,9,False,exponential,172.38571356336544,3.5858461307726313e-25,0.0,0.0,True,low R2 (0.00)
Mahihkan Battery 02-21,ABWI104103406504W400,5,2024-11-01,20,False,exponential,492.0600000000001,9.540681002969222e-27,0.0,-2.220446049250313e-16,True,low R2 (-0.00)
Mahihkan Battery 02-21,ABWI104111506504W400,1,2023-04-01,11,False,exponential,100.41972991438149,0.2095326609276369,0.0,0.7732239836062893,False,
Mahihkan Battery 02-21,ABWI104111506504W400,2,2024-03-01,7,False,exponential,111.9857142857143,8.815264634545274e-18,0.0,0.0,True,low R2 (0.00)
Mahihkan Battery 02-21,ABWI104111506504W400,3,2024-10-01,21,False,hyperbolic,310.37822872270647,0.1914459256571462,1.9999999999999998,0.4438359742997712,True,low R2 (0.44); b pinned at bound (2.000)
Mahihkan Battery 02-21,ABWI104112206504W400,1,2022-09-01,8,False,exponential,278.60774083528406,0.2904499199718311,0.0,0.8133781850606381,False,
Mahihkan Battery 02-21,ABWI104112206504W400,2,2023-05-01,14,False,harmonic,131.04462397073237,0.06791161695597832,1.0,0.30124875116229755,True,low R2 (0.30)
Mahihkan Battery 02-21,ABWI104112206504W400,3,2024-07-01,5,True,harmonic,97.94401342138015,0.8066370765650787,1.0,0.5483262240188616,True,short cycle (<6mo)
Mahihkan Battery 02-21,ABWI104112206504W400,4,2024-12-01,6,False,harmonic,85.42750782913963,0.6961440550246076,1.0,0.803829743237476,False,
Mahihkan Battery 02-21,ABWI104112206504W400,5,2025-06-01,5,True,harmonic,61.43945069701633,0.777545821333839,1.0,0.21078421648140122,True,short cycle (<6mo); low R2 (0.21)
Mahihkan Battery 02-21,ABWI104112206504W400,6,2025-11-01,8,False,harmonic,170.21410618418605,7.2208459651809545,1.0,0.9083929445158793,True,very high Di (7.22/month)
Mahihkan Battery 02-21,ABWI104112706504W400,1,2022-08-01,12,False,harmonic,83.18184239113069,0.2880149333164707,1.0,0.6277440842780955,False,
Mahihkan Battery 02-21,ABWI104112706504W400,2,2023-08-01,4,True,harmonic,92.1750001825485,1.2016614833742117e-15,1.0,-2.220446049250313e-16,True,short cycle (<6mo); low R2 (-0.00)
Mahihkan Battery 02-21,ABWI104112706504W400,3,2023-12-01,23,False,exponential,178.0565217394145,5.451401449859946e-22,0.0,-2.220446049250313e-16,True,low R2 (-0.00)
Mahihkan Battery 02-21,ABWI104112706504W400,4,2025-11-01,8,False,exponential,388.42078816345537,0.12067531867537272,0.0,0.9324732802386918,False,
Mahihkan Battery 02-21,ABWI104112806504W400,1,2022-08-01,9,False,harmonic,287.9336961106024,0.3328037300658983,1.0,0.464463229064627,True,low R2 (0.46)
Mahihkan Battery 02-21,ABWI104112806504W400,2,2023-05-01,8,False,harmonic,290.86931461696815,0.23436884402685487,1.0,0.8583958391478609,False,
Mahihkan Battery 02-21,ABWI104112806504W400,3,2024-01-01,7,False,exponential,174.27142871159154,7.147603074814365e-15,0.0,-1.1102230246251565e-15,True,low R2 (-0.00)
Mahihkan Battery 02-21,ABWI104112806504W400,4,2024-08-01,23,False,harmonic,450.5428290012142,0.059508730717837306,1.0,0.5485756380319607,False,
Mahihkan Battery 02-21,ABWI104112806604W400,1,2022-12-01,13,False,exponential,116.94615384615385,7.541386106927914e-24,0.0,0.0,True,low R2 (0.00)
Mahihkan Battery 02-21,ABWI104112806604W400,2,2024-01-01,7,False,exponential,174.79478509356213,0.1538899689290552,0.0,0.5363456670730113,False,
Mahihkan Battery 02-21,ABWI104112806604W400,3,2024-08-01,9,False,harmonic,108.00775269311114,0.2392843047808479,1.0,0.6940931347640213,False,
Mahihkan Battery 02-21,ABWI104112806604W400,4,2025-05-01,7,False,harmonic,77.49852213997139,0.5692971305668081,1.0,0.35772759115167874,True,low R2 (0.36)
Mahihkan Battery 02-21,ABWI104112806604W400,5,2025-12-01,4,True,exponential,64.42500000311041,6.3018033970558e-16,0.0,-8.881784197001252e-16,True,short cycle (<6mo); low R2 (-0.00)
Mahihkan Battery 02-21,ABWI104112806604W400,6,2026-04-01,3,True,,,,,,True,too few data points to fit
Mahihkan Battery 02-21,ABWI104113506504W400,1,2022-05-01,7,False,harmonic,70.61453635643242,1.5586058720500853,1.0,0.970965213922597,False,
Mahihkan Battery 02-21,ABWI104113506504W400,2,2022-12-01,2,True,,,,,,True,too few data points to fit
Mahihkan Battery 02-21,ABWI104120306604W400,1,2023-01-01,6,False,exponential,587.3553945474961,0.18954371301211906,0.0,0.8128927037534192,False,
Mahihkan Battery 02-21,ABWI104120306604W400,2,2023-07-01,8,False,harmonic,294.34721816429726,0.29101598329600453,1.0,0.7299647819903601,False,
Mahihkan Battery 02-21,ABWI104120306604W400,3,2024-03-01,6,False,exponential,245.79999967448032,2.7990319958826467e-15,0.0,-8.881784197001252e-15,True,low R2 (-0.00)
Mahihkan Battery 02-21,ABWI104120306604W400,4,2024-09-01,22,False,hyperbolic,777.2663053871579,0.17362666148454964,1.9999999999999991,0.7756162180442959,True,b pinned at bound (2.000)
Mahihkan Battery 02-21,ABWI104120406604W400,1,2023-10-01,14,False,harmonic,2428.8512171562265,0.8058601773464589,1.0,0.9518513200345,False,
Mahihkan Battery 02-21,ABWI104120406604W400,2,2024-12-01,12,False,exponential,346.94444444444446,7.484151635152381e-24,0.0,0.0,True,low R2 (0.00)
Mahihkan Battery 02-21,ABWI104120406604W400,3,2025-12-01,7,False,exponential,679.0285714285715,9.372734158189068e-18,0.0,-2.220446049250313e-16,True,low R2 (-0.00)
Mahihkan Battery 02-21,ABWI104121006604W400,1,2022-11-01,25,False,harmonic,2946.6590867184786,0.1942384503323037,1.0,0.7503686389840236,False,
Mahihkan Battery 02-21,ABWI104121006604W400,2,2024-12-01,9,False,harmonic,2281.529903479816,0.6255488611997637,1.0,0.9584141746526694,False,
Mahihkan Battery 02-21,ABWI104121006604W400,3,2025-09-01,8,False,exponential,507.6625000000429,8.278187694709153e-21,0.0,2.220446049250313e-16,True,low R2 (0.00)
Mahihkan Battery 02-21,ABWI104121006604W400,4,2026-05-01,2,True,,,,,,True,too few data points to fit
Mahihkan Battery 02-21,ABWI104121506504W400,1,2022-06-01,6,False,harmonic,242.833278789912,0.21620466750201986,1.0,0.37164806025768116,True,low R2 (0.37)
Mahihkan Battery 02-21,ABWI104121506504W400,2,2022-12-01,4,True,exponential,376.31646312779844,0.499721316542807,0.0,0.8033134574442433,True,short cycle (<6mo)
Mahihkan Battery 02-21,ABWI104121506504W400,3,2023-04-01,7,False,harmonic,279.5811091955165,0.26124401463990415,1.0,0.4134516791644355,True,low R2 (0.41)
Mahihkan Battery 02-21,ABWI104121506504W400,4,2023-11-01,16,False,harmonic,263.8157440112974,0.1469905752671296,1.0,0.6244096304027209,False,
Mahihkan Battery 02-21,ABWI104121506504W400,5,2025-03-01,10,False,harmonic,149.77999997552547,1.2313740404163389e-15,1.0,-2.4424906541753444e-15,True,low R2 (-0.00)
Mahihkan Battery 02-21,ABWI104121506504W400,6,2026-01-01,6,False,harmonic,187.56388612578934,0.36268401899419755,1.0,0.5728653734696221,False,
Mahihkan Battery 02-21,ABWI104122206504W400,1,2023-03-01,16,False,harmonic,86.22610226982893,0.018567669262396728,1.0,0.06837604540995457,True,low R2 (0.07)
Mahihkan Battery 02-21,ABWI104122206504W400,2,2024-07-01,6,False,harmonic,93.99925638715062,0.2800492993529784,1.0,0.5563918058649477,False,
Mahihkan Battery 02-21,ABWI104122206504W400,3,2025-01-01,18,False,harmonic,66.51597579683197,0.053669429071458906,1.0,0.3038701117742383,True,low R2 (0.30)
Mahihkan Battery 02-21,ABWI104122606504W400,1,2022-11-01,8,False,exponential,25.8123305488727,0.30527469551209235,0.0,0.6632239125678923,False,
Mahihkan Battery 02-21,ABWI104122606504W400,2,2023-07-01,17,False,harmonic,18.216554461245348,1.4098127218968097,1.0,0.5572141547120651,False,
Mahihkan Battery 02-21,ABWI104122606504W400,3,2024-12-01,5,True,harmonic,19.368006214392526,0.5857155908375317,1.0,0.8647549368773683,True,short cycle (<6mo)
Mahihkan Battery 02-21,ABWI104122606504W400,4,2025-05-01,8,False,harmonic,144.6608640752774,2.0215623822710005,1.0,0.9652518440536907,True,very high Di (2.02/month)
Mahihkan Battery 02-21,ABWI104122606504W400,5,2026-01-01,6,False,exponential,24.699999826092785,1.3959215027874476e-19,0.0,0.0,True,low R2 (0.00)
Mahihkan Battery 02-21,ABWI104122706504W400,1,2022-10-01,14,False,exponential,142.49285714286833,8.508474494516167e-23,0.0,1.1102230246251565e-16,True,low R2 (0.00)
Mahihkan Battery 02-21,ABWI104122706504W400,2,2023-12-01,11,False,harmonic,236.2100711899196,0.10251051944384305,1.0,0.12061893480992958,True,low R2 (0.12)
Mahihkan Battery 02-21,ABWI104122706504W400,3,2024-11-01,4,True,harmonic,350.52013634247504,0.26126799279918683,1.0,0.6619142308282796,True,short cycle (<6mo)
Mahihkan Battery 02-21,ABWI104122706504W400,4,2025-03-01,16,False,harmonic,285.6353658507071,0.11928071958758873,1.0,0.7297864262097234,False,
Mahihkan Battery 02-21,ABWI104122806504W400,1,2022-10-01,4,True,exponential,79.55041723171406,0.20605690744311866,0.0,0.7776136976617155,True,short cycle (<6mo)
Mahihkan Battery 02-21,ABWI104122806504W400,2,2023-02-01,5,True,harmonic,99.13593734007613,0.30067170213650835,1.0,0.9350940458122771,True,short cycle (<6mo)
Mahihkan Battery 02-21,ABWI104122806504W400,3,2023-07-01,15,False,exponential,140.6142857142857,1.8523993279987624e-21,0.0,0.0,True,low R2 (0.00)
Mahihkan Battery 02-21,ABWI104122806504W400,4,2024-10-01,21,False,harmonic,279.63770535466955,0.021563225679057735,1.0,0.215194573857017,True,low R2 (0.22)
Mahihkan Battery 02-21,ABWI104123406504W400,1,2023-05-01,9,False,harmonic,1054.9036829192848,0.15048364549541915,1.0,0.34702554995504276,True,low R2 (0.35)
Mahihkan Battery 02-21,ABWI104123406504W400,2,2024-02-01,14,False,harmonic,1070.135560085347,0.14631979476520252,1.0,0.48994199688968765,True,low R2 (0.49)
Mahihkan Battery 02-21,ABWI104123406504W400,3,2025-04-01,15,False,exponential,637.380000000258,1.8020203355630692e-22,0.0,0.0,True,low R2 (0.00)
Mahihkan Battery 02-21,ABWI104130306604W400,1,2023-01-01,12,False,exponential,651.4049159925898,0.06782178707374428,0.0,0.4754010244054454,True,low R2 (0.48)
Mahihkan Battery 02-21,ABWI104130306604W400,2,2024-01-01,5,True,exponential,676.1000003761029,6.256072334869072e-18,0.0,0.0,True,short cycle (<6mo); low R2 (0.00)
Mahihkan Battery 02-21,ABWI104130306604W400,3,2024-06-01,25,False,hyperbolic,1061.245098769373,0.2054921034036053,1.9999999999762494,0.8843373227609325,True,b pinned at bound (2.000)
Mahihkan Battery 02-21,ABWI104131406504W400,1,2023-08-01,6,False,harmonic,45.12904234469707,1.6061047313579302,1.0,0.8903236147515066,False,
Mahihkan Battery 02-21,ABWI104131406504W400,2,2024-02-01,13,False,exponential,44.23846153846154,3.6664333998368416e-23,0.0,0.0,True,low R2 (0.00)
Mahihkan Battery 02-21,ABWI104131406504W400,3,2025-03-01,16,False,exponential,76.72499992840788,6.4812385490266725e-18,0.0,-4.440892098500626e-16,True,low R2 (-0.00)
Mahihkan Battery 02-21,ABWI104131506504W400,1,2022-08-01,26,False,hyperbolic,347.1858118293417,0.038568506450050666,1.9999999999999998,0.5444354823401335,True,b pinned at bound (2.000)
Mahihkan Battery 02-21,ABWI104131506504W400,2,2024-10-01,21,False,exponential,311.93285927625874,0.03601079306846419,0.0,0.5600473578269592,False,
Mahihkan Battery 02-21,ABWI104132606504W400,1,2022-05-01,15,False,harmonic,448.9999306781342,0.045823134049698185,1.0,0.28231354773598705,True,low R2 (0.28)
Mahihkan Battery 02-21,ABWI104132606504W400,2,2023-08-01,5,True,harmonic,460.4025291739117,0.12380373573068128,1.0,0.11257974402792603,True,short cycle (<6mo); low R2 (0.11)
Mahihkan Battery 02-21,ABWI104132606504W400,3,2024-01-01,30,False,exponential,467.1853821352104,0.04440919314194634,0.0,0.8515021768526485,False,
Mahihkan Battery 02-21,ABWI104132806504W400,1,2022-11-01,8,False,exponential,144.51876031338736,0.32020994144495635,0.0,0.8552783622471596,False,
Mahihkan Battery 02-21,ABWI104132806504W400,2,2023-07-01,5,True,harmonic,48.53979032980278,0.32597069780676285,1.0,0.6046696213711986,True,short cycle (<6mo)
Mahihkan Battery 02-21,ABWI104132806504W400,3,2023-12-01,12,False,exponential,97.57500014507933,1.155821793780879e-17,0.0,1.1102230246251565e-16,True,low R2 (0.00)
Mahihkan Battery 02-21,ABWI104132806504W400,4,2024-12-01,19,False,harmonic,157.55263159163061,2.0898924820086427e-16,1.0,-4.440892098500626e-16,True,low R2 (-0.00)
Mahihkan Battery 02-21,ABWI104133506504W400,1,2023-01-01,18,False,exponential,30.030000006418476,7.759833309491573e-18,0.0,-2.220446049250313e-16,True,low R2 (-0.00)
Mahihkan Battery 02-21,ABWI104133506504W400,2,2024-07-01,14,False,exponential,85.0714285714287,8.878307633013158e-24,0.0,2.220446049250313e-16,True,low R2 (0.00)
Mahihkan Battery 02-21,ABWI104133506504W400,3,2025-09-01,10,False,harmonic,130.84579585375607,0.09071393156478208,1.0,0.7244847469753941,False,
Mahihkan Battery 02-21,ABWI104140306604W400,1,2022-09-01,8,False,harmonic,342.89847543574194,0.04920082344546865,1.0,0.09685061912762505,True,low R2 (0.10)
Mahihkan Battery 02-21,ABWI104140306604W400,2,2023-05-01,4,True,harmonic,473.1562338236616,0.5298272289829103,1.0,0.7064174899434026,True,short cycle (<6mo)
Mahihkan Battery 02-21,ABWI104140306604W400,3,2023-09-01,4,True,harmonic,396.0369893546036,2.764827564645138,1.0,0.8814414857153584,True,short cycle (<6mo); very high Di (2.76/month)
Mahihkan Battery 02-21,ABWI104140306604W400,4,2024-01-01,12,False,exponential,172.38333333333333,1.0045265582635606e-18,0.0,0.0,True,low R2 (0.00)
Mahihkan Battery 02-21,ABWI104140306604W400,5,2025-01-01,18,False,exponential,159.75000000000483,1.0642042087599827e-21,0.0,1.1102230246251565e-16,True,low R2 (0.00)
Mahihkan Battery 02-21,ABWI104141006504W400,1,2023-04-01,20,False,hyperbolic,344.61427466518114,1.409730545387731,1.9999999999999674,0.3781400183928745,True,low R2 (0.38); b pinned at bound (2.000)
Mahihkan Battery 02-21,ABWI104141006504W400,2,2024-12-01,19,False,exponential,139.10526315789477,1.4022593197664744e-17,0.0,-4.440892098500626e-16,True,low R2 (-0.00)
Mahihkan Battery 02-21,ABWI104141406504W400,1,2022-08-01,19,False,harmonic,525.5431337645665,0.06655556008534769,1.0,0.6734252278814141,False,
Mahihkan Battery 02-21,ABWI104141406504W400,2,2024-03-01,28,False,exponential,412.7088422525009,0.021167879082176263,0.0,0.49195118211953215,True,low R2 (0.49)
Mahihkan Battery 02-21,ABWI104141506504W400,1,2022-05-01,10,False,harmonic,393.87611107637287,0.18719180257933646,1.0,0.46106092426318723,True,low R2 (0.46)
Mahihkan Battery 02-21,ABWI104141506504W400,2,2023-03-01,19,False,harmonic,229.2682790790503,0.015848405059954176,1.0,0.11603724256735903,True,low R2 (0.12)
Mahihkan Battery 02-21,ABWI104141506504W400,3,2024-10-01,5,True,harmonic,235.39905636676025,0.01803650082375341,1.0,0.007444188536183338,True,short cycle (<6mo); low R2 (0.01)
Mahihkan Battery 02-21,ABWI104141506504W400,4,2025-03-01,16,False,exponential,253.29028620518818,0.05719716039130211,0.0,0.7251431571479248,False,
Mahihkan Battery 02-21,ABWI104142106504W400,1,2023-01-01,7,False,harmonic,263.3644656288531,0.5203769236894021,1.0,0.6967460595684996,False,
Mahihkan Battery 02-21,ABWI104142106504W400,2,2023-08-01,7,False,exponential,249.16666666666666,5.971573553972294e-23,0.0,0.0,True,low R2 (0.00)
Mahihkan Battery 02-21,ABWI104142106504W400,3,2024-03-01,22,False,harmonic,552.6161761704296,0.36230912264874304,1.0,0.8692220591431004,False,
Mahihkan Battery 02-21,ABWI104142106504W400,4,2026-01-01,6,False,harmonic,79.76786930375374,0.10184155040992728,1.0,0.45475126273524913,True,low R2 (0.45)
Mahihkan Battery 02-21,ABWI104142106604W400,1,2023-03-01,12,False,exponential,82.34166666666667,8.241762200182753e-22,0.0,0.0,True,low R2 (0.00)
Mahihkan Battery 02-21,ABWI104142106604W400,2,2024-03-01,8,False,exponential,184.00440819440192,0.16887274645319397,0.0,0.4043827439547737,True,low R2 (0.40)
Mahihkan Battery 02-21,ABWI104142106604W400,3,2024-11-01,10,False,exponential,296.507736520629,0.27922934946501576,0.0,0.8679467470885897,False,
Mahihkan Battery 02-21,ABWI104142106604W400,4,2025-09-01,4,True,exponential,40.70000000004454,8.697273452933345e-19,0.0,-2.220446049250313e-16,True,short cycle (<6mo); low R2 (-0.00)
Mahihkan Battery 02-21,ABWI104142106604W400,5,2026-01-01,6,False,harmonic,135.22188793438136,0.3452244855492443,1.0,0.8461138353272474,False,
Mahihkan Battery 02-21,ABWI104142206504W400,1,2022-11-01,7,False,exponential,31.645875921772742,0.2835279504346126,0.0,0.8268947104273137,False,
Mahihkan Battery 02-21,ABWI104142606504W400,1,2024-03-01,28,False,harmonic,251.4838851148801,0.012623751945364386,1.0,0.12735121856389653,True,low R2 (0.13)
Mahihkan Battery 02-21,ABWI104142706504W400,1,2022-07-01,15,False,exponential,156.74,6.821984826452196e-22,0.0,-2.220446049250313e-16,True,low R2 (-0.00)
Mahihkan Battery 02-21,ABWI104142706504W400,2,2023-10-01,10,False,harmonic,196.8804288477037,0.11342328200781987,1.0,0.13766749154039604,True,low R2 (0.14)
Mahihkan Battery 02-21,ABWI104142706504W400,3,2024-08-01,15,False,harmonic,186.51888779506592,0.01417023293078337,1.0,0.043558934242748815,True,low R2 (0.04)
Mahihkan Battery 02-21,ABWI104142706504W400,4,2025-11-01,5,True,exponential,228.68000000064026,9.029933183559495e-19,0.0,0.0,True,short cycle (<6mo); low R2 (0.00)
Mahihkan Battery 02-21,ABWI104142706504W400,5,2026-04-01,3,True,,,,,,True,too few data points to fit
Mahihkan Battery 02-21,ABWI104142806504W400,1,2023-06-01,22,False,harmonic,223.11907599174083,0.0028776635477799723,1.0,0.012408291794110293,True,low R2 (0.01)
Mahihkan Battery 02-21,ABWI104142806504W400,2,2025-04-01,15,False,exponential,234.78666666666712,1.041951149443069e-25,0.0,1.1102230246251565e-16,True,low R2 (0.00)
Mahihkan Battery 02-21,ABWI104142806604W400,1,2023-12-01,13,False,exponential,98.59703512955366,0.12146144867548556,0.0,0.7745595674170265,False,
Mahihkan Battery 02-21,ABWI104142806604W400,2,2025-01-01,5,True,,,,,,True,too few data points to fit
Mahihkan Battery 02-21,ABWI104142806604W400,3,2025-06-01,4,True,harmonic,198.5730785532613,1.4279639295442166,1.0,0.9751753601035639,True,short cycle (<6mo)
Mahihkan Battery 02-21,ABWI104142806604W400,4,2025-10-01,4,True,harmonic,147.83506327572852,5.285809526512884,1.0,0.6805097875521477,True,short cycle (<6mo); very high Di (5.29/month)
Mahihkan Battery 02-21,ABWI104142806604W400,5,2026-02-01,5,True,exponential,125.44000000000004,1.7041108791164e-16,0.0,-6.661338147750939e-16,True,short cycle (<6mo); low R2 (-0.00)
Mahihkan Battery 02-21,ABWI104151006504W400,1,2023-04-01,4,True,exponential,144.71803489161633,0.9335767516493454,0.0,0.9886257789188829,True,short cycle (<6mo)
Mahihkan Battery 02-21,ABWI104151006504W400,2,2023-08-01,5,True,exponential,82.63999992854383,7.543103942603271e-16,0.0,-2.886579864025407e-15,True,short cycle (<6mo); low R2 (-0.00)
Mahihkan Battery 02-21,ABWI104151006504W400,3,2024-01-01,8,False,harmonic,140.4804249064976,1.1315313008018348,1.0,0.8372243498803804,False,
Mahihkan Battery 02-21,ABWI104151006504W400,4,2024-09-01,4,True,exponential,93.12500000000198,2.5437694072952255e-21,0.0,-2.220446049250313e-16,True,short cycle (<6mo); low R2 (-0.00)
Mahihkan Battery 02-21,ABWI104151006504W400,5,2025-01-01,12,False,harmonic,204.84402236043078,0.13023056160137086,1.0,0.6177836665875556,False,
Mahihkan Battery 02-21,ABWI104151006504W400,6,2026-01-01,6,False,exponential,140.18333333333345,3.6897531796425055e-16,0.0,-3.3306690738754696e-15,True,low R2 (-0.00)
Mahihkan Battery 02-21,ABWI104151406504W400,1,2023-03-01,10,False,exponential,232.09577707702948,0.13539828214353553,0.0,0.8197992128732583,False,
Mahihkan Battery 02-21,ABWI104151406504W400,2,2024-01-01,9,False,harmonic,99.05659769478129,0.37076472939175464,1.0,0.6700336594258942,False,
Mahihkan Battery 02-21,ABWI104151406504W400,3,2024-10-01,8,False,exponential,174.97169885207697,0.44781448141228164,0.0,0.8356290051866859,False,
Mahihkan Battery 02-21,ABWI104151406504W400,4,2025-06-01,7,False,harmonic,61.45635143315671,0.5158823756301306,1.0,0.8315048066554965,False,
Mahihkan Battery 02-21,ABWI104151506504W400,1,2023-10-01,10,False,harmonic,156.47771107824627,0.99298042806836,1.0,0.9439196639193511,False,
Mahihkan Battery 02-21,ABWI104151506504W400,2,2024-08-01,12,False,exponential,60.59166664080111,1.3100980260144279e-15,0.0,-1.2212453270876722e-14,True,low R2 (-0.00)
Mahihkan Battery 02-21,ABWI104151506504W400,3,2025-08-01,5,True,harmonic,111.40004383290587,0.14320887075064495,1.0,0.5226101648614381,True,short cycle (<6mo)
Mahihkan Battery 02-21,ABWI104151506504W400,4,2026-01-01,6,False,harmonic,147.20137467628606,1.6206134351001407,1.0,0.7264911840722796,False,
Mahihkan Battery 02-21,ABWI104151606504W400,1,2022-06-01,4,True,harmonic,92.80000000000001,8.162183105216177e-24,1.0,-2.220446049250313e-16,True,short cycle (<6mo); low R2 (-0.00)
Mahihkan Battery 02-21,ABWI104151606504W400,2,2022-10-01,9,False,exponential,185.73663849122966,0.5065586585383263,0.0,0.8533410398351391,False,
Mahihkan Battery 02-21,ABWI104151606504W400,3,2023-07-01,6,False,exponential,70.12499984981434,1.8784599926167543e-14,0.0,-1.021405182655144e-13,True,low R2 (-0.00)
Mahihkan Battery 02-21,ABWI104151606504W400,4,2024-01-01,6,False,harmonic,109.50000000005645,1.4435970267442217e-19,1.0,0.0,True,low R2 (0.00)
Mahihkan Battery 02-21,ABWI104151606504W400,5,2024-07-01,5,True,harmonic,181.24498286538557,0.014737138438823613,1.0,0.006705326108472298,True,short cycle (<6mo); low R2 (0.01)
Mahihkan Battery 02-21,ABWI104151606504W400,6,2024-12-01,5,True,harmonic,276.9529885158635,0.28911473500548013,1.0,0.5500945491442357,True,short cycle (<6mo)
Mahihkan Battery 02-21,ABWI104151606504W400,7,2025-05-01,14,False,exponential,154.36428573587796,4.846127388934878e-16,0.0,-6.661338147750939e-16,True,low R2 (-0.00)
Mahihkan Battery 02-21,ABWI104151706604W400,1,2022-08-01,12,False,exponential,421.3777777777778,6.211121265262241e-22,0.0,0.0,True,low R2 (0.00)
Mahihkan Battery 02-21,ABWI104151706604W400,2,2023-08-01,19,False,hyperbolic,859.2582327424002,0.4102233522757726,1.9999999999999998,0.3935296297379147,True,low R2 (0.39); b pinned at bound (2.000)
Mahihkan Battery 02-21,ABWI104151706604W400,3,2025-03-01,8,False,harmonic,419.1379748087473,0.07844554526296786,1.0,0.02023312087787843,True,low R2 (0.02)
Mahihkan Battery 02-21,ABWI104151706604W400,4,2025-11-01,8,False,exponential,744.067152858689,0.12901443333500037,0.0,0.6633416832005319,False,
Mahihkan Battery 02-21,ABWI104152106504W400,1,2022-08-01,4,True,harmonic,76.36159434827617,4.2931536304475415,1.0,0.947652435671902,True,short cycle (<6mo); very high Di (4.29/month)
Mahihkan Battery 02-21,ABWI104152106504W400,2,2022-12-01,13,False,harmonic,18.519385422967552,0.3463768920849718,1.0,0.68247665771032,False,
Mahihkan Battery 02-21,ABWI104152106504W400,3,2024-01-01,11,False,harmonic,11.570805958914939,0.3433337954200743,1.0,0.2887967449601587,True,low R2 (0.29)
Mahihkan Battery 02-21,ABWI104152106504W400,4,2024-12-01,4,True,exponential,10.073713001621936,0.2081154393043857,0.0,0.7219563634031406,True,short cycle (<6mo)
Mahihkan Battery 02-21,ABWI104152106504W400,5,2025-04-01,8,False,harmonic,12.457749069189955,0.364913336350831,1.0,0.7480711864092513,False,
Mahihkan Battery 02-21,ABWI104152106504W400,6,2025-12-01,4,True,exponential,12.077904632678335,0.3402069017807751,0.0,0.9687207319302129,True,short cycle (<6mo)
Mahihkan Battery 02-21,ABWI104152106504W400,7,2026-04-01,3,True,,,,,,True,too few data points to fit
Mahihkan Battery 02-21,ABWI104152706504W400,1,2022-05-01,17,False,harmonic,327.5372030528832,0.052741764235222685,1.0,0.3800730179328202,True,low R2 (0.38)
Mahihkan Battery 02-21,ABWI104152706504W400,2,2023-10-01,8,False,harmonic,213.74944807605334,0.014714883332183515,1.0,0.013403570490278738,True,low R2 (0.01)
Mahihkan Battery 02-21,ABWI104152706504W400,3,2024-06-01,11,False,exponential,287.8090909090909,1.2386064225562735e-23,0.0,-2.220446049250313e-16,True,low R2 (-0.00)
Mahihkan Battery 02-21,ABWI104152706504W400,4,2025-05-01,14,False,harmonic,398.23724906948974,0.09341895880577275,1.0,0.728071432894569,False,
Mahihkan Battery 02-21,ABWI104152906504W400,1,2023-05-01,14,False,harmonic,290.25,1.5964179401135064e-21,1.0,0.0,True,low R2 (0.00)
Mahihkan Battery 02-21,ABWI104152906504W400,2,2024-07-01,8,False,harmonic,377.5401482496133,0.08850734746377413,1.0,0.5492544500838737,False,
Mahihkan Battery 02-21,ABWI104152906504W400,3,2025-03-01,7,False,exponential,451.1818166763964,0.07858742008492753,0.0,0.400719497313748,True,low R2 (0.40)
Mahihkan Battery 02-21,ABWI104152906504W400,4,2025-10-01,9,False,harmonic,406.4413727198113,0.07688261469395,1.0,0.5336155776473768,False,
Mahihkan Battery 02-21,ABWI104160506604W400,1,2023-02-01,10,False,exponential,129.65,1.764895816873513e-20,0.0,0.0,True,low R2 (0.00)
Mahihkan Battery 02-21,ABWI104160506604W400,2,2023-12-01,15,False,exponential,559.1141813287016,0.1868921058957581,0.0,0.9625892358369748,False,
Mahihkan Battery 02-21,ABWI104160506604W400,3,2025-03-01,4,True,harmonic,148.8049984840911,0.20135507395818372,1.0,0.29797909942061374,True,short cycle (<6mo); low R2 (0.30)
Mahihkan Battery 02-21,ABWI104160506604W400,4,2025-07-01,6,False,harmonic,230.72234757173186,0.878791323787298,1.0,0.8822910585796837,False,
Mahihkan Battery 02-21,ABWI104160506604W400,5,2026-01-01,6,False,exponential,291.5416167145478,0.2175163166196527,0.0,0.8170616109674658,False,
Mahihkan Battery 02-21,ABWI104160906604W400,1,2022-07-01,4,True,,,,,,True,too few data points to fit
Mahihkan Battery 02-21,ABWI104160906604W400,2,2022-11-01,6,False,exponential,60.716666532699506,5.359673407372887e-16,0.0,-1.9984014443252818e-15,True,low R2 (-0.00)
Mahihkan Battery 02-21,ABWI104160906604W400,3,2023-05-01,12,False,exponential,200.33333371603726,3.53266225188056e-21,0.0,-2.220446049250313e-16,True,low R2 (-0.00)
Mahihkan Battery 02-21,ABWI104160906604W400,4,2024-05-01,26,False,exponential,440.46969560846594,0.07224891819546835,0.0,0.8030176758144028,False,
Mahihkan Battery 02-21,ABWI104161006504W400,1,2023-05-01,5,True,exponential,125.75854908486968,0.9055448711171631,0.0,0.9845896221671675,True,short cycle (<6mo)
Mahihkan Battery 02-21,ABWI104161006504W400,2,2023-10-01,10,False,exponential,53.71000000000001,1.4900475802243357e-18,0.0,0.0,True,low R2 (0.00)
Mahihkan Battery 02-21,ABWI104161006504W400,3,2024-08-01,23,False,harmonic,137.17139721389842,0.032853616147898335,1.0,0.3491889617268209,True,low R2 (0.35)
Mahihkan Battery 02-21,ABWI104161506504W400,1,2023-05-01,11,False,exponential,198.3011526622386,0.049642561666883356,0.0,0.3831505020198863,True,low R2 (0.38)
Mahihkan Battery 02-21,ABWI104161506504W400,2,2024-04-01,5,True,exponential,213.071873286143,0.3641846166312726,0.0,0.7366854035472845,True,short cycle (<6mo)
Mahihkan Battery 02-21,ABWI104161506504W400,3,2024-09-01,22,False,hyperbolic,169.12076438929589,0.42855987405450724,1.9645866634017783,0.806552639695386,False,
Mahihkan Battery 02-21,ABWI104161606504W400,1,2022-09-01,8,False,exponential,235.56264762402884,0.1717954387395334,0.0,0.827544740104363,False,
Mahihkan Battery 02-21,ABWI104161606504W400,2,2023-05-01,13,False,harmonic,118.7181818181818,3.19046904507586e-26,1.0,3.3306690738754696e-16,True,low R2 (0.00)
Mahihkan Battery 02-21,ABWI104161606504W400,3,2024-06-01,4,True,harmonic,148.9777418755498,0.09788709215905653,1.0,0.10904759710488032,True,short cycle (<6mo); low R2 (0.11)
Mahihkan Battery 02-21,ABWI104161606504W400,4,2024-10-01,21,False,harmonic,219.74273833955965,0.1665378880035043,1.0,0.9405050289922556,False,
Mahihkan Battery 02-21,ABWI104162706504W400,1,2022-12-01,7,False,harmonic,250.82139911975085,0.3132858121924655,1.0,0.3908690447701769,True,low R2 (0.39)
Mahihkan Battery 02-21,ABWI104162706504W400,2,2023-07-01,22,False,exponential,260.3727272740605,3.5587559167390346e-19,0.0,0.0,True,low R2 (0.00)
Mahihkan Battery 02-21,ABWI104162706504W400,3,2025-05-01,14,False,harmonic,405.17027775563975,0.03631221511325775,1.0,0.44134282319564133,True,low R2 (0.44)
Mahihkan Battery 02-21,ABWI104162906504W400,1,2024-01-01,22,False,hyperbolic,415.8237753749776,0.4875512002580758,1.9999999999999971,0.4093497862891131,True,low R2 (0.41); b pinned at bound (2.000)
Mahihkan Battery 02-21,ABWI104162906504W400,2,2025-11-01,5,True,exponential,288.79999966646403,6.2666219896064204e-18,0.0,0.0,True,short cycle (<6mo); low R2 (0.00)
Mahihkan Battery 02-21,ABWI104162906504W400,3,2026-04-01,3,True,,,,,,True,too few data points to fit
Mahihkan Battery 02-21,ABWI104163306504W400,1,2023-06-01,7,False,harmonic,285.21461453776,1.2822270577594794,1.0,0.6618335692483539,False,
Mahihkan Battery 02-21,ABWI104163306504W400,2,2024-01-01,15,False,exponential,188.59999987197833,6.8137805007141234e-15,0.0,-6.661338147750939e-14,True,low R2 (-0.00)
Mahihkan Battery 02-21,ABWI104163306504W400,3,2025-04-01,7,False,exponential,331.57142857142856,5.153867986355022e-20,0.0,0.0,True,low R2 (0.00)
Mahihkan Battery 02-21,ABWI104163306504W400,4,2025-11-01,8,False,harmonic,461.52115276808865,0.9157657170848653,1.0,0.6793874440898917,False,
Mahihkan Battery 02-21,ABWI104163406504W400,1,2024-10-01,6,False,exponential,21.816666666666666,3.549776766681479e-19,0.0,-2.220446049250313e-16,True,low R2 (-0.00)
Mahihkan Battery 02-21,ABWI104163406504W400,2,2025-04-01,5,True,harmonic,53.548188820710024,0.30726198310492653,1.0,0.22173809258946997,True,short cycle (<6mo); low R2 (0.22)
Mahihkan Battery 02-21,ABWI104163406504W400,3,2025-09-01,10,False,exponential,57.57000000117977,1.363958033884025e-17,0.0,0.0,True,low R2 (0.00)
Mahihkan Battery 02-21,ABWI105010406604W400,1,2023-07-01,23,False,exponential,351.35217391322067,4.94351613833634e-23,0.0,-2.220446049250313e-16,True,low R2 (-0.00)
Mahihkan Battery 02-21,ABWI105010406604W400,2,2025-06-01,13,False,harmonic,567.3105972493121,0.07174813623439182,1.0,0.6581052992193495,False,
Mahihkan Battery 02-21,ABWI105011006604W400,1,2023-01-01,9,False,exponential,27.577777777777783,4.064512138168324e-17,0.0,0.0,True,low R2 (0.00)
Mahihkan Battery 02-21,ABWI105011006604W400,2,2023-10-01,13,False,exponential,318.67692307692306,3.0265126331413884e-21,0.0,0.0,True,low R2 (0.00)
Mahihkan Battery 02-21,ABWI105011006604W400,3,2024-11-01,4,True,harmonic,776.8233568304498,1.0042998293584569,1.0,0.93710804969613,True,short cycle (<6mo)
Mahihkan Battery 02-21,ABWI105011006604W400,4,2025-03-01,16,False,harmonic,379.95506204359737,0.26222463302486115,1.0,0.8082707363430937,False,
Mahihkan Battery 02-21,ABWI105011506504W400,1,2022-09-01,8,False,exponential,16.228571428571428,4.546639977105934e-21,0.0,0.0,True,low R2 (0.00)
Mahihkan Battery 02-21,ABWI105011506504W400,2,2023-05-01,10,False,exponential,73.40209659946215,2.0805096253294777,0.0,0.9971892423703055,True,very high Di (2.08/month)
Mahihkan Battery 02-21,ABWI105011506504W400,3,2024-03-01,8,False,,,,,,True,too few data points to fit
Mahihkan Battery 02-21,ABWI105011506504W400,4,2024-11-01,5,True,,,,,,True,too few data points to fit
Mahihkan Battery 02-21,ABWI105011506504W400,5,2025-04-01,11,False,exponential,35.154545454548646,5.447860789681824e-24,0.0,3.3306690738754696e-16,True,low R2 (0.00)
Mahihkan Battery 02-21,ABWI105011506504W400,6,2026-03-01,4,True,exponential,113.87810375616482,0.29841215759777445,0.0,0.8093592459131798,True,short cycle (<6mo)
Mahihkan Battery 02-21,ABWI105012106504W400,1,2023-04-01,5,True,exponential,99.97481374185519,0.34548113312729467,0.0,0.925980023852292,True,short cycle (<6mo)
Mahihkan Battery 02-21,ABWI105012106504W400,2,2023-09-01,13,False,exponential,54.407692259359834,4.2430431532408164e-23,0.0,0.0,True,low R2 (0.00)
Mahihkan Battery 02-21,ABWI105012106504W400,3,2024-10-01,4,True,exponential,144.16720441728904,0.34317346512451563,0.0,0.9157069191541111,True,short cycle (<6mo)
Mahihkan Battery 02-21,ABWI105012106504W400,4,2025-02-01,7,False,exponential,98.00335920963202,0.1699369692346692,0.0,0.8329788272299333,False,
Mahihkan Battery 02-21,ABWI105012106504W400,5,2025-09-01,10,False,harmonic,56.52131333747222,0.04054350274720458,1.0,0.3654477010653947,True,low R2 (0.37)
Mahihkan Battery 02-21,ABWI105012206504W400,1,2023-03-01,6,False,exponential,220.54340999883726,0.2462470062289403,0.0,0.889121135458983,False,
Mahihkan Battery 02-21,ABWI105012206504W400,2,2023-09-01,13,False,harmonic,189.20139024104728,0.028594554335854873,1.0,0.17961847992251945,True,low R2 (0.18)
Mahihkan Battery 02-21,ABWI105012206504W400,3,2024-10-01,13,False,harmonic,198.43949355611144,0.03673605731484904,1.0,0.3874756112872345,True,low R2 (0.39)
Mahihkan Battery 02-21,ABWI105012206504W400,4,2025-11-01,8,False,exponential,203.1031721303161,0.1194840573986539,0.0,0.7086672991402364,False,
Mahihkan Battery 02-21,ABWI105012906504W400,1,2022-12-01,16,False,exponential,127.92307692307692,2.5049151946351027e-24,0.0,-2.220446049250313e-16,True,low R2 (-0.00)
Mahihkan Battery 02-21,ABWI105012906504W400,2,2024-04-01,11,False,harmonic,250.8546312431532,0.029636242749991243,1.0,0.05741635678904833,True,low R2 (0.06)
Mahihkan Battery 02-21,ABWI105012906504W400,3,2025-03-01,16,False,harmonic,259.21488535222034,0.06275203345970741,1.0,0.50625942627688,False,
Mahihkan Battery 02-21,ABWI105013406504W400,1,2024-01-01,30,False,harmonic,310.40573185741204,0.02513485766369438,1.0,0.5572234132738839,False,
Mahihkan Battery 02-21,ABWI105021006604W400,1,2022-09-01,5,True,harmonic,588.9204813942417,0.05702365972087424,1.0,0.016741431486703817,True,short cycle (<6mo); low R2 (0.02)
Mahihkan Battery 02-21,ABWI105021006604W400,2,2023-02-01,11,False,harmonic,851.9184961177929,2.7174899407559714,1.0,0.9556422680412413,True,very high Di (2.72/month)
Mahihkan Battery 02-21,ABWI105021006604W400,3,2024-01-01,9,False,harmonic,144.32246599773396,0.5002512366308701,1.0,0.47129597012561597,True,low R2 (0.47)
Mahihkan Battery 02-21,ABWI105021006604W400,4,2024-10-01,5,True,exponential,345.1457435748272,0.3071770062294653,0.0,0.9127862357663444,True,short cycle (<6mo)
Mahihkan Battery 02-21,ABWI105021006604W400,5,2025-03-01,16,False,exponential,122.50625005988947,3.486838238216904e-17,0.0,0.0,True,low R2 (0.00)
Mahihkan Battery 02-21,ABWI105021506504W400,1,2022-08-01,14,False,exponential,153.11326356996818,0.15678143957197488,0.0,0.8829696018507586,False,
Mahihkan Battery 02-21,ABWI105021506504W400,2,2023-10-01,18,False,exponential,60.2722222332071,1.6569585722294719e-19,0.0,0.0,True,low R2 (0.00)
Mahihkan Battery 02-21,ABWI105021506504W400,3,2025-04-01,15,False,harmonic,266.43728801417853,0.105696436425578,1.0,0.6585762633371993,False,
Mahihkan Battery 02-21,ABWI105022206504W400,1,2022-09-01,6,False,exponential,120.08333333333333,1.720702849513332e-29,0.0,0.0,True,low R2 (0.00)
Mahihkan Battery 02-21,ABWI105022206504W400,2,2023-03-01,6,False,harmonic,179.19985667671514,0.3957287294237265,1.0,0.9401775592284144,False,
Mahihkan Battery 02-21,ABWI105022206504W400,3,2023-09-01,15,False,harmonic,135.88357911087002,0.06104432198877762,1.0,0.24992335947141697,True,low R2 (0.25)
Mahihkan Battery 02-21,ABWI105022206504W400,4,2024-12-01,11,False,exponential,130.59090909092006,6.60509696795988e-21,0.0,0.0,True,low R2 (0.00)
Mahihkan Battery 02-21,ABWI105022206504W400,5,2025-11-01,8,False,harmonic,200.57389041224772,0.19740885590043178,1.0,0.5424887458643131,False,
Mahihkan Battery 02-21,ABWI105022706504W400,1,2022-11-01,13,False,exponential,122.4,2.951356326077875e-19,0.0,0.0,True,low R2 (0.00)
Mahihkan Battery 02-21,ABWI105022706504W400,2,2023-12-01,5,True,harmonic,698.3700410776509,1.186268608855939,1.0,0.7720481870470499,True,short cycle (<6mo)
Mahihkan Battery 02-21,ABWI105022706504W400,3,2024-05-01,6,False,harmonic,374.2394343577423,0.6809360578982042,1.0,0.958812925430441,False,
Mahihkan Battery 02-21,ABWI105022706504W400,4,2024-11-01,5,True,harmonic,114.24345848657791,0.0008930909246164942,1.0,4.7744283641071306e-06,True,short cycle (<6mo); low R2 (0.00)
Mahihkan Battery 02-21,ABWI105022706504W400,5,2025-04-01,6,False,exponential,129.65000000619915,3.885055085257875e-16,0.0,-4.440892098500626e-16,True,low R2 (-0.00)
Mahihkan Battery 02-21,ABWI105022706504W400,6,2025-10-01,9,False,harmonic,227.06730984295285,0.31510782274578986,1.0,0.8282840424736957,False,
Mahihkan Battery 02-21,ABWI105022806604W400,1,2024-06-01,10,False,,,,,,True,too few data points to fit
Mahihkan Battery 02-21,ABWI105022806604W400,2,2025-04-01,8,False,harmonic,319.38785897067146,1.774854676405789,1.0,0.8721976279853082,False,
Mahihkan Battery 02-21,ABWI105022806604W400,3,2025-12-01,7,False,exponential,78.83594040660039,0.1851385345515087,0.0,0.6975608724996962,False,
Mahihkan Battery 02-21,ABWI105023506504W400,1,2025-02-01,7,False,harmonic,201.23921145065916,0.33558707198190224,1.0,0.5720082908632438,False,
Mahihkan Battery 02-21,ABWI105023506504W400,2,2025-09-01,10,False,harmonic,150.17784141114677,0.32294776051568386,1.0,0.6301314044174993,False,
Mahihkan Battery 02-21,ABWI105030306604W400,1,2024-01-01,30,False,exponential,187.52999990043708,1.2345069522771095e-19,0.0,-2.220446049250313e-16,True,low R2 (-0.00)
Mahihkan Battery 02-21,ABWI105030906604W400,1,2024-02-01,10,False,harmonic,466.97092756382773,0.06364094853409187,1.0,0.07345658498121033,True,low R2 (0.07)
Mahihkan Battery 02-21,ABWI105030906604W400,2,2024-12-01,9,False,harmonic,508.0233758206836,0.5026219871347849,1.0,0.5813714867965916,False,
Mahihkan Battery 02-21,ABWI105030906604W400,3,2025-09-01,4,True,,,,,,True,too few data points to fit
Mahihkan Battery 02-21,ABWI105030906604W400,4,2026-01-01,6,False,harmonic,268.0269327782872,0.21044029510881027,1.0,0.9574449641221914,False,
Mahihkan Battery 02-21,ABWI105031506504W400,1,2022-09-01,9,False,harmonic,98.5957169769522,0.04896134907515567,1.0,0.14526501480120424,True,low R2 (0.15)
Mahihkan Battery 02-21,ABWI105031506504W400,2,2023-06-01,25,False,exponential,123.37133695996263,0.03545961047670744,0.0,0.6542015659270619,False,
Mahihkan Battery 02-21,ABWI105031506504W400,3,2025-07-01,12,False,exponential,52.975,8.4910103565305e-25,0.0,0.0,True,low R2 (0.00)
Mahihkan Battery 02-21,ABWI105032206504W400,1,2023-03-01,9,False,harmonic,107.97041884802307,0.602547511618637,1.0,0.5265393221348014,False,
Mahihkan Battery 02-21,ABWI105032206504W400,2,2023-12-01,5,True,exponential,50.722926768334474,0.297465460171114,0.0,0.8557319863942714,True,short cycle (<6mo)
Mahihkan Battery 02-21,ABWI105032206504W400,3,2024-05-01,5,True,exponential,25.70549901547621,0.4668349961068135,0.0,0.8024566040441254,True,short cycle (<6mo)
Mahihkan Battery 02-21,ABWI105032206504W400,4,2024-10-01,5,True,harmonic,37.782937519392846,0.8424204254382861,1.0,0.20978681756690676,True,short cycle (<6mo); low R2 (0.21)
Mahihkan Battery 02-21,ABWI105032206504W400,5,2025-03-01,7,False,exponential,98.35855053607608,0.15554206086130695,0.0,0.6336687462369142,False,
Mahihkan Battery 02-21,ABWI105032206504W400,6,2025-10-01,9,False,harmonic,79.05816617204287,0.08788784433137097,1.0,0.3672903342247805,True,low R2 (0.37)
Mahihkan Battery 02-21,ABWI105032306504W400,1,2024-02-01,23,False,exponential,370.1654532691576,0.08911998591982992,0.0,0.7870803072962305,False,
Mahihkan Battery 02-21,ABWI105032306504W400,2,2026-01-01,6,False,harmonic,167.03202451826846,0.25719025099721593,1.0,0.6753279568568258,False,
Mahihkan Battery 02-21,ABWI105032706504W400,1,2023-07-01,36,False,exponential,113.53142853718775,4.2998143171459517e-23,0.0,1.1102230246251565e-16,True,low R2 (0.00)
Mahihkan Battery 02-21,ABWI105033306604W400,1,2024-11-01,12,False,exponential,77.53333333420025,3.8244209418519225e-18,0.0,-2.220446049250313e-16,True,low R2 (-0.00)
Mahihkan Battery 02-21,ABWI105033306604W400,2,2025-11-01,8,False,exponential,253.9858592713146,0.09035037188417505,0.0,0.39560113543329833,True,low R2 (0.40)
Mahihkan Battery 02-21,ABWI105033406504W400,1,2022-08-01,14,False,exponential,586.3927710255501,0.06541358880239971,0.0,0.7061589440160139,False,
Mahihkan Battery 02-21,ABWI105033406504W400,2,2023-10-01,6,False,exponential,368.9108729421544,0.1897492552463878,0.0,0.5526499949476982,False,
Mahihkan Battery 02-21,ABWI105033406504W400,3,2024-04-01,15,False,exponential,111.41999998162136,1.090071963985418e-16,0.0,-6.661338147750939e-16,True,low R2 (-0.00)
Mahihkan Battery 02-21,ABWI105033406504W400,4,2025-07-01,12,False,harmonic,375.8249998692757,7.803305929272953e-16,1.0,-1.0880185641326534e-14,True,low R2 (-0.00)
Mahihkan Battery 02-21,ABWI105033506504W400,1,2023-03-01,5,True,harmonic,204.66496583521965,0.7739327924859931,1.0,0.9458987773677965,True,short cycle (<6mo)
Mahihkan Battery 02-21,ABWI105033506504W400,2,2023-08-01,5,True,exponential,87.33999977100467,4.3390929466186435e-16,0.0,-1.7763568394002505e-15,True,short cycle (<6mo); low R2 (-0.00)
Mahihkan Battery 02-21,ABWI105033506504W400,3,2024-01-01,16,False,harmonic,159.44437838328946,0.003893563599556787,1.0,0.0031444289377677848,True,low R2 (0.00)
Mahihkan Battery 02-21,ABWI105033506504W400,4,2025-05-01,14,False,exponential,158.50833333333335,2.0125848152049697e-17,0.0,1.1102230246251565e-16,True,low R2 (0.00)
Mahihkan Battery 02-21,ABWI105040306604W400,1,2022-11-01,6,False,exponential,194.5,3.5605858895088044e-22,0.0,0.0,True,low R2 (0.00)
Mahihkan Battery 02-21,ABWI105040306604W400,2,2023-05-01,12,False,exponential,295.69166676404984,6.5764342162320314e-18,0.0,-2.220446049250313e-16,True,low R2 (-0.00)
Mahihkan Battery 02-21,ABWI105040306604W400,3,2024-05-01,10,False,exponential,266.95000002902424,4.145576503529614e-16,0.0,-2.220446049250313e-15,True,low R2 (-0.00)
Mahihkan Battery 02-21,ABWI105040306604W400,4,2025-03-01,8,False,harmonic,429.0396268219969,0.2736183946822899,1.0,0.6252823163053083,False,
Mahihkan Battery 02-21,ABWI105040306604W400,5,2025-11-01,8,False,harmonic,197.32523343376548,0.02421839813706592,1.0,0.018211917439514225,True,low R2 (0.02)
Mahihkan Battery 02-21,ABWI105041006604W400,1,2023-05-01,10,False,harmonic,655.5631700332109,4.1382709175821,1.0,0.35615217051926085,True,low R2 (0.36); very high Di (4.14/month)
Mahihkan Battery 02-21,ABWI105041006604W400,2,2024-03-01,28,False,harmonic,569.9464626225749,0.08052233810651767,1.0,0.48578788516435645,True,low R2 (0.49)
Mahihkan Battery 02-21,ABWI105041506504W400,1,2024-01-01,2,True,,,,,,True,too few data points to fit
Mahihkan Battery 02-21,ABWI105042206504W400,1,2022-08-01,9,False,,,,,,True,too few data points to fit
Mahihkan Battery 02-21,ABWI105042206504W400,2,2023-05-01,9,False,exponential,42.85,1.5562381479919e-20,0.0,0.0,True,low R2 (0.00)
Mahihkan Battery 02-21,ABWI105042206504W400,3,2024-02-01,29,False,hyperbolic,153.09276243753138,0.14657112199342642,1.871881515507674,0.9231608914258295,False,
Mahihkan Battery 02-21,ABWI105042306504W400,1,2022-10-01,9,False,harmonic,99.44737227961397,0.4882246423962323,1.0,0.688133792653314,False,
Mahihkan Battery 02-21,ABWI105042306504W400,2,2023-07-01,6,False,exponential,88.20107204509294,0.18455300585150042,0.0,0.6555112332938235,False,
Mahihkan Battery 02-21,ABWI105042306504W400,3,2024-01-01,8,False,harmonic,102.50377908165754,0.1859635221620165,1.0,0.6331765528523625,False,
Mahihkan Battery 02-21,ABWI105042306504W400,4,2024-09-01,8,False,harmonic,87.5749851125689,0.18198794933581092,1.0,0.6772991432272869,False,
Mahihkan Battery 02-21,ABWI105042306504W400,5,2025-05-01,6,False,exponential,78.53515282330522,0.20114947807004505,0.0,0.5661212467009497,False,
Mahihkan Battery 02-21,ABWI105042306504W400,6,2025-11-01,8,False,harmonic,59.627704589925756,0.029115982830927794,1.0,0.02286618715163702,True,low R2 (0.02)
Mahihkan Battery 02-21,ABWI105042606504W400,1,2022-05-01,5,True,exponential,28.979999961947744,4.196183590021594e-16,0.0,-2.220446049250313e-16,True,short cycle (<6mo); low R2 (-0.00)
Mahihkan Battery 02-21,ABWI105042606504W400,2,2022-10-01,5,True,harmonic,71.17643441157966,0.2661655759518542,1.0,0.386021850874402,True,short cycle (<6mo); low R2 (0.39)
Mahihkan Battery 02-21,ABWI105042606504W400,3,2023-03-01,8,False,exponential,47.800000000193826,3.0381831090511828e-18,0.0,2.220446049250313e-16,True,low R2 (0.00)
Mahihkan Battery 02-21,ABWI105042606504W400,4,2023-11-01,4,True,exponential,187.3750000000026,5.461027824823049e-21,0.0,2.220446049250313e-16,True,short cycle (<6mo); low R2 (0.00)
Mahihkan Battery 02-21,ABWI105042606504W400,5,2024-03-01,7,False,,,,,,True,too few data points to fit
Mahihkan Battery 02-21,ABWI105042606504W400,6,2024-10-01,2,True,,,,,,True,too few data points to fit
Mahihkan Battery 02-21,ABWI105042706504W400,1,2023-03-01,28,False,harmonic,346.89614039640054,0.1279558268441909,1.0,0.6799120900141536,False,
Mahihkan Battery 02-21,ABWI105042706504W400,2,2025-07-01,12,False,harmonic,144.76439671230713,0.02551596223445051,1.0,0.029801168498453934,True,low R2 (0.03)
Mahihkan Battery 02-21,ABWI105042806504W400,1,2022-05-01,12,False,harmonic,375.14024005069797,0.15423324795928103,1.0,0.07543832038040654,True,low R2 (0.08)
Mahihkan Battery 02-21,ABWI105042806504W400,2,2023-05-01,10,False,harmonic,220.41105950244906,0.008327681512136068,1.0,0.0028217833458246133,True,low R2 (0.00)
Mahihkan Battery 02-21,ABWI105042806504W400,3,2024-03-01,12,False,harmonic,289.39343698809665,0.1451964811245246,1.0,0.7249236865047038,False,
Mahihkan Battery 02-21,ABWI105042806504W400,4,2025-03-01,16,False,harmonic,235.05273016902197,0.16089333992495844,1.0,0.33513007756194346,True,low R2 (0.34)
Mahihkan Battery 02-21,ABWI105043406504W400,1,2024-01-01,30,False,exponential,477.55333342869767,1.2029160083428819e-23,0.0,0.0,True,low R2 (0.00)
Mahihkan Battery 02-21,ABWI105043506504W400,1,2022-06-01,6,False,harmonic,251.37384588314012,0.36005510192590223,1.0,0.42305897263087777,True,low R2 (0.42)
Mahihkan Battery 02-21,ABWI105043506504W400,2,2022-12-01,23,False,exponential,131.40434782656274,1.330555255285903e-21,0.0,0.0,True,low R2 (0.00)
Mahihkan Battery 02-21,ABWI105043506504W400,3,2024-11-01,12,False,harmonic,296.4321685845933,0.166095257916657,1.0,0.4438610164314091,True,low R2 (0.44)
Mahihkan Battery 02-21,ABWI105043506504W400,4,2025-11-01,8,False,harmonic,294.8569406753105,0.060293908590689026,1.0,0.2485597849363007,True,low R2 (0.25)
Mahihkan Battery 02-21,ABWI105051006604W400,1,2022-11-01,7,False,harmonic,2497.523834475987,0.3616201030158053,1.0,0.7208619713216436,False,
Mahihkan Battery 02-21,ABWI105051006604W400,2,2023-06-01,7,False,harmonic,3273.5718618524957,0.9219002044302702,1.0,0.8393041770299068,False,
Mahihkan Battery 02-21,ABWI105051006604W400,3,2024-01-01,11,False,harmonic,570.3753028723175,0.003933584847791852,1.0,0.00034907015879004355,True,low R2 (0.00)
Mahihkan Battery 02-21,ABWI105051006604W400,4,2024-12-01,15,False,harmonic,882.6426592784251,0.3396766179022629,1.0,0.9178320551573026,False,
Mahihkan Battery 02-21,ABWI105051506504W400,1,2022-06-01,11,False,exponential,10.454545454545459,6.922302615033612e-17,0.0,-6.661338147750939e-16,True,low R2 (-0.00)
Mahihkan Battery 02-21,ABWI105051506504W400,2,2023-05-01,6,False,exponential,45.54996014594586,0.2063240425786592,0.0,0.9330615381611059,False,
Mahihkan Battery 02-21,ABWI105051506504W400,3,2023-11-01,4,True,harmonic,94.91411546876529,0.7710725099320983,1.0,0.9941545802983222,True,short cycle (<6mo)
Mahihkan Battery 02-21,ABWI105051506504W400,4,2024-03-01,7,False,exponential,59.51979075778442,0.4459474379086933,0.0,0.9046570400234303,False,
Mahihkan Battery 02-21,ABWI105051506504W400,5,2024-10-01,4,True,harmonic,12.012111393310082,0.3194388892658546,1.0,0.14424753961347492,True,short cycle (<6mo); low R2 (0.14)
Mahihkan Battery 02-21,ABWI105051506504W400,6,2025-02-01,5,True,harmonic,13.48426720103742,2.3982454288165846,1.0,0.9956958568598219,True,short cycle (<6mo); very high Di (2.40/month)
Mahihkan Battery 02-21,ABWI105051506504W400,7,2025-07-01,7,False,,,,,,True,too few data points to fit
Mahihkan Battery 02-21,ABWI105051506504W400,8,2026-02-01,4,True,harmonic,47.728988850260926,1.2511867666915115,1.0,0.9684850750687145,True,short cycle (<6mo)
Mahihkan Battery 02-21,ABWI105052706504W400,1,2022-08-01,7,False,harmonic,276.52570656462683,0.07724730165800789,1.0,0.08234543858159549,True,low R2 (0.08)
Mahihkan Battery 02-21,ABWI105052706504W400,2,2023-03-01,12,False,harmonic,373.479466956028,0.2954934258204396,1.0,0.7178007390443093,False,
Mahihkan Battery 02-21,ABWI105052706504W400,3,2024-03-01,12,False,exponential,222.86666666666667,1.4491760676555949e-21,0.0,0.0,True,low R2 (0.00)
Mahihkan Battery 02-21,ABWI105052706504W400,4,2025-03-01,16,False,harmonic,356.4877970215776,0.11857746423182043,1.0,0.5373927211924374,False,
Mahihkan Battery 02-21,ABWI105053506504W400,1,2022-09-01,23,False,hyperbolic,577.5952459623792,0.22765365193414033,1.9999999999999936,0.3782943214457981,True,low R2 (0.38); b pinned at bound (2.000)
Mahihkan Battery 02-21,ABWI105053506504W400,2,2024-08-01,23,False,harmonic,307.1749872946733,0.02341084831176454,1.0,0.4072692841140684,True,low R2 (0.41)
Mahihkan Battery 02-21,ABWI105060306604W400,1,2023-03-01,9,False,harmonic,604.9543388309746,0.1632782339149434,1.0,0.4423439052378285,True,low R2 (0.44)
Mahihkan Battery 02-21,ABWI105060306604W400,2,2023-12-01,9,False,harmonic,492.96930919608053,0.722971100170678,1.0,0.8061353441079556,False,
Mahihkan Battery 02-21,ABWI105060306604W400,3,2024-09-01,22,False,exponential,231.1909090909091,1.2151972589628848e-18,0.0,0.0,True,low R2 (0.00)
Mahihkan Battery 02-21,ABWI105060906604W400,1,2022-12-01,6,False,harmonic,298.55920149694975,0.12087163882859273,1.0,0.6649658832248888,False,
Mahihkan Battery 02-21,ABWI105060906604W400,2,2023-06-01,9,False,harmonic,247.81705083478963,0.05728232741489674,1.0,0.17394358609747196,True,low R2 (0.17)
Mahihkan Battery 02-21,ABWI105060906604W400,3,2024-03-01,7,False,harmonic,168.71303732443198,0.10287926702123482,1.0,0.19601441909296802,True,low R2 (0.20)
Mahihkan Battery 02-21,ABWI105060906604W400,4,2024-10-01,7,False,exponential,119.01428571428572,2.9499726812157305e-22,0.0,-2.220446049250313e-16,True,low R2 (-0.00)
Mahihkan Battery 02-21,ABWI105060906604W400,5,2025-05-01,8,False,exponential,203.3800634665387,0.11128330380689651,0.0,0.7839308406139203,False,
Mahihkan Battery 02-21,ABWI105060906604W400,6,2026-01-01,6,False,harmonic,170.7024028422871,0.2061486980207755,1.0,0.23946398901878896,True,low R2 (0.24)
Mahihkan Battery 02-21,ABWI105061006504W400,1,2023-07-01,19,False,,,,,,True,too few data points to fit
Mahihkan Battery 02-21,ABWI105061006504W400,2,2025-02-01,11,False,exponential,36.785714285714285,2.6151149294633347e-22,0.0,0.0,True,low R2 (0.00)
Mahihkan Battery 02-21,ABWI105061506504W400,1,2023-06-01,11,False,harmonic,124.00934688286625,0.20829484844851315,1.0,0.6488224795099542,False,
Mahihkan Battery 02-21,ABWI105061506504W400,2,2024-05-01,6,False,harmonic,104.69458666540906,0.6288702788817003,1.0,0.6946443294298145,False,
Mahihkan Battery 02-21,ABWI105061506504W400,3,2024-11-01,11,False,exponential,48.67664284442268,0.3556325855406252,0.0,0.8270196034830527,False,
Mahihkan Battery 02-21,ABWI105062206504W400,1,2023-03-01,6,False,harmonic,37.402013476046456,0.6258595510189288,1.0,0.8075167455347052,False,
Mahihkan Battery 02-21,ABWI105062206504W400,2,2023-09-01,4,True,,,,,,True,too few data points to fit
Mahihkan Battery 02-21,ABWI105062206504W400,3,2024-01-01,8,False,harmonic,23.83194007260462,1.327088761852357,1.0,0.663313478028941,False,
Mahihkan Battery 02-21,ABWI105062206504W400,4,2024-09-01,7,False,exponential,11.385714285714288,6.702162250757716e-26,0.0,0.0,True,low R2 (0.00)
Mahihkan Battery 02-21,ABWI105062206504W400,5,2025-04-01,15,False,exponential,168.62666666666667,6.873076607096121e-20,0.0,0.0,True,low R2 (0.00)
Mahihkan Battery 02-21,ABWI105062706504W400,1,2022-08-01,7,False,exponential,50.81555822129717,0.26351850879718175,0.0,0.8218751557831353,False,
Mahihkan Battery 02-21,ABWI105062706504W400,2,2023-03-01,4,True,exponential,23.6,1.0423138253649652e-16,0.0,-2.220446049250313e-16,True,short cycle (<6mo); low R2 (-0.00)
Mahihkan Battery 02-21,ABWI105062706504W400,3,2023-07-01,13,False,exponential,192.9153846162341,3.4358451177129085e-19,0.0,0.0,True,low R2 (0.00)
Mahihkan Battery 02-21,ABWI105062706504W400,4,2024-08-01,15,False,exponential,254.8733333333339,2.530437014286492e-25,0.0,0.0,True,low R2 (0.00)
Mahihkan Battery 02-21,ABWI105062706504W400,5,2025-11-01,8,False,harmonic,287.8375001259537,2.7352486794894062e-14,1.0,-5.417888360170764e-14,True,low R2 (-0.00)
Mahihkan Battery 02-21,ABWI105062806504W400,1,2023-01-01,6,False,exponential,9.06675308982926,0.1650099314365567,0.0,0.2803453865597231,True,low R2 (0.28)
Mahihkan Battery 02-21,ABWI105062806504W400,2,2023-07-01,8,False,exponential,19.742857178026327,3.606699780297452e-15,0.0,-1.021405182655144e-14,True,low R2 (-0.00)
Mahihkan Battery 02-21,ABWI105062806504W400,3,2024-03-01,21,False,exponential,65.02380952380953,1.6129309997817078e-23,0.0,0.0,True,low R2 (0.00)
Mahihkan Battery 02-21,ABWI105062806504W400,4,2025-12-01,7,False,harmonic,241.21690882835824,0.15879268757330853,1.0,0.9069599774495386,False,
Mahihkan Battery 02-21,ABWI105063306604W400,1,2022-08-01,18,False,harmonic,230.03205758437008,0.06548224580015366,1.0,0.34509896731444534,True,low R2 (0.35)
Mahihkan Battery 02-21,ABWI105063306604W400,2,2024-02-01,5,True,exponential,255.46980116280398,0.36444533476377006,0.0,0.9167149825342682,True,short cycle (<6mo)
Mahihkan Battery 02-21,ABWI105063306604W400,3,2024-07-01,14,False,harmonic,49.962155063780706,0.006630315840909807,1.0,0.0010585854143889684,True,low R2 (0.00)
Mahihkan Battery 02-21,ABWI105063306604W400,4,2025-09-01,6,False,exponential,109.99999988642621,4.4397865343888215e-16,0.0,-1.7763568394002505e-15,True,low R2 (-0.00)
Mahihkan Battery 02-21,ABWI105063306604W400,5,2026-03-01,4,True,exponential,236.73510175352857,0.34591889136688797,0.0,0.9917565399148613,True,short cycle (<6mo)
Mahihkan Battery 02-21,ABWI105063406504W400,1,2023-11-01,32,False,exponential,244.859375,9.98208070719313e-23,0.0,0.0,True,low R2 (0.00)
Mahihkan Battery 02-21,ABWI105063506504W402,1,2024-06-01,16,False,harmonic,210.61460459502004,0.012194125340504897,1.0,0.00889082419804399,True,low R2 (0.01)
Mahihkan Battery 02-21,ABWI105063506504W402,2,2025-10-01,9,False,exponential,285.0,6.003971045830545e-29,0.0,0.0,True,low R2 (0.00)
Mahihkan Battery 02-21,ABWI105070306604W400,1,2022-06-01,18,False,exponential,32.52307692307692,1.657410551157969e-22,0.0,0.0,True,low R2 (0.00)
Mahihkan Battery 02-21,ABWI105070306604W400,2,2023-12-01,6,False,exponential,133.6642009061958,0.4963088932034012,0.0,0.9573090175020041,False,
Mahihkan Battery 02-21,ABWI105070306604W400,3,2024-06-01,6,False,exponential,110.58190504361541,0.2693219413367882,0.0,0.7647281762086235,False,
Mahihkan Battery 02-21,ABWI105070306604W400,4,2024-12-01,6,False,exponential,7.833333261004567,6.369692805276666e-17,0.0,0.0,True,low R2 (0.00)
Mahihkan Battery 02-21,ABWI105070306604W400,5,2025-06-01,6,False,exponential,164.27137302649567,0.7529676586630172,0.0,0.9935617211423581,False,
Mahihkan Battery 02-21,ABWI105070306604W400,6,2025-12-01,3,True,,,,,,True,too few data points to fit
Mahihkan Battery 02-21,ABWI105072106604W400,1,2023-10-01,5,True,harmonic,132.51628455463117,0.29654438940113437,1.0,0.9795886080841808,True,short cycle (<6mo)
Mahihkan Battery 02-21,ABWI105072106604W400,2,2024-03-01,4,True,exponential,149.69960171301966,0.4355011953621658,0.0,0.8054179584074017,True,short cycle (<6mo)
Mahihkan Battery 02-21,ABWI105072106604W400,3,2024-07-01,4,True,exponential,77.00000000012459,1.144325381718615e-18,0.0,0.0,True,short cycle (<6mo); low R2 (0.00)
Mahihkan Battery 02-21,ABWI105072106604W400,4,2024-11-01,20,False,hyperbolic,265.6894047836703,0.4129577735233572,1.999999999999768,0.5925136997481568,True,b pinned at bound (2.000)
Mahihkan Battery 02-21,ABWI105072206504W400,1,2022-11-01,44,False,exponential,267.92886753379884,0.021214490246975762,0.0,0.7152467290106144,False,
Mahihkan Battery 02-21,ABWI105072706504W400,1,2022-12-01,12,False,harmonic,367.0269173033657,0.4225422774259889,1.0,0.7057543155948109,False,
Mahihkan Battery 02-21,ABWI105072706504W400,2,2023-12-01,4,True,harmonic,203.47802909277866,0.9613256426872853,1.0,0.3742743840745608,True,short cycle (<6mo); low R2 (0.37)
Mahihkan Battery 02-21,ABWI105072706504W400,3,2024-04-01,5,True,harmonic,142.0942678648763,0.011275723960522158,1.0,0.0023801846844280217,True,short cycle (<6mo); low R2 (0.00)
Mahihkan Battery 02-21,ABWI105072706504W400,4,2024-09-01,6,False,harmonic,169.89129541630746,0.26002696390209734,1.0,0.36155045827025556,True,low R2 (0.36)
Mahihkan Battery 02-21,ABWI105072706504W400,5,2025-03-01,14,False,exponential,131.79667341356986,0.08166161640457617,0.0,0.7501704717225753,False,
Mahihkan Battery 02-21,ABWI105073406504W400,1,2022-09-01,4,True,,,,,,True,too few data points to fit
Mahihkan Battery 02-21,ABWI105073406504W400,2,2023-01-01,8,False,exponential,205.4,2.751396263585605e-23,0.0,0.0,True,low R2 (0.00)
Mahihkan Battery 02-21,ABWI105073406504W400,3,2023-09-01,13,False,exponential,435.0543577891912,0.09207821811009678,0.0,0.5152975872775434,False,
Mahihkan Battery 02-21,ABWI105073406504W400,4,2024-10-01,10,False,harmonic,268.48729148493777,0.0740344429227514,1.0,0.09925248730331304,True,low R2 (0.10)
Mahihkan Battery 02-21,ABWI105073406504W400,5,2025-08-01,11,False,exponential,253.9009368318388,0.08185273059911272,0.0,0.7217955868764088,False,
Mahihkan Battery 02-21,ABWI105073506504W400,1,2022-05-01,18,False,harmonic,190.3630904176307,0.5466878802741005,1.0,0.49404829227699254,True,low R2 (0.49)
Mahihkan Battery 02-21,ABWI105073506504W400,2,2023-11-01,18,False,harmonic,185.52505193513866,0.09308551395195078,1.0,0.4150019596014889,True,low R2 (0.42)
Mahihkan Battery 02-21,ABWI105073506504W400,3,2025-05-01,7,False,exponential,140.92352023238206,0.30623239851496525,0.0,0.8525820621856062,False,
Mahihkan Battery 02-21,ABWI105073506504W400,4,2025-12-01,7,False,harmonic,59.27142857144918,2.624231503066439e-22,1.0,0.0,True,low R2 (0.00)
Mahihkan Battery 02-21,ABWI105080406604W400,1,2025-07-01,12,False,exponential,371.3018985974962,0.042719714409970064,0.0,0.5700948765794374,False,
Mahihkan Battery 02-21,ABWI105081506504W400,1,2022-05-01,6,False,exponential,37.55159899244313,0.5995485200248912,0.0,0.9671821052141543,False,
Mahihkan Battery 02-21,ABWI105081506504W400,2,2022-11-01,7,False,exponential,3.366666675272976,4.643197422807425e-24,0.0,0.0,True,low R2 (0.00)
Mahihkan Battery 02-21,ABWI105081506504W400,3,2023-06-01,6,False,exponential,10.315614045031825,0.31744664915862497,0.0,0.5808925389482453,False,
Mahihkan Battery 02-21,ABWI105081506504W400,4,2023-12-01,10,False,exponential,56.687500147112424,2.6069799897582272e-20,0.0,0.0,True,low R2 (0.00)
Mahihkan Battery 02-21,ABWI105081506504W400,5,2024-10-01,10,False,harmonic,234.91033620662924,0.19452317868421462,1.0,0.38487588695289354,True,low R2 (0.38)
Mahihkan Battery 02-21,ABWI105081506504W400,6,2025-08-01,11,False,exponential,280.72612101421294,0.1517250739918332,0.0,0.861934657168094,False,
Mahihkan Battery 02-21,ABWI105082706504W400,1,2022-10-01,10,False,exponential,114.46000000000029,6.638841332528712e-23,0.0,0.0,True,low R2 (0.00)
Mahihkan Battery 02-21,ABWI105082706504W400,2,2023-08-01,13,False,harmonic,227.4047624224456,0.1998109468372669,1.0,0.18920630931704363,True,low R2 (0.19)
Mahihkan Battery 02-21,ABWI105082706504W400,3,2024-09-01,6,False,harmonic,217.6068522352356,1.080526951316256,1.0,0.6935928138013667,False,
Mahihkan Battery 02-21,ABWI105082706504W400,4,2025-03-01,5,True,harmonic,132.06943895712118,1.0669418750978454,1.0,0.5531962106639763,True,short cycle (<6mo)
Mahihkan Battery 02-21,ABWI105082706504W400,5,2025-08-01,7,False,harmonic,126.66583686172298,0.7763969182504882,1.0,0.7436022541116016,False,
Mahihkan Battery 02-21,ABWI105082706504W400,6,2026-03-01,4,True,exponential,79.99831573155025,0.46052653506456087,0.0,0.9034787529418215,True,short cycle (<6mo)
Mahihkan Battery 02-21,ABWI105082806504W400,1,2022-09-01,14,False,exponential,197.6142857189957,3.188862665011485e-17,0.0,-2.220446049250313e-16,True,low R2 (-0.00)
Mahihkan Battery 02-21,ABWI105082806504W400,2,2023-11-01,16,False,exponential,232.95000006554767,1.2892965320431487e-15,0.0,-2.353672812205332e-14,True,low R2 (-0.00)
Mahihkan Battery 02-21,ABWI105082806504W400,3,2025-03-01,16,False,harmonic,356.3601712754999,0.06559141303546442,1.0,0.581020988697867,False,
Mahihkan Battery 02-21,ABWI105082906504W400,1,2022-05-01,8,False,,,,,,True,too few data points to fit
Mahihkan Battery 02-21,ABWI105082906504W400,2,2023-01-01,5,True,exponential,9.844763819123672,0.409184451445335,0.0,0.8032214437028196,True,short cycle (<6mo)
Mahihkan Battery 02-21,ABWI105082906504W400,3,2023-06-01,5,True,,,,,,True,too few data points to fit
Mahihkan Battery 02-21,ABWI105082906504W400,4,2023-11-01,5,True,exponential,26.691397809153326,0.33745148225986377,0.0,0.7625134979361692,True,short cycle (<6mo)
Mahihkan Battery 02-21,ABWI105082906504W400,5,2024-04-01,7,False,,,,,,True,too few data points to fit
Mahihkan Battery 02-21,ABWI105082906504W400,6,2024-11-01,11,False,harmonic,155.56903472497618,0.5779121983036305,1.0,0.5361460541442371,False,
Mahihkan Battery 02-21,ABWI105082906504W400,7,2025-10-01,9,False,harmonic,245.07738286801919,2.3258430211900447,1.0,0.8902026691171312,True,very high Di (2.33/month)
Mahihkan Battery 02-21,ABWI105083406504W400,1,2022-05-01,5,True,,,,,,True,too few data points to fit
Mahihkan Battery 02-21,ABWI105083406504W400,2,2022-10-01,8,False,harmonic,56.49898351353567,2.7693471974064763,1.0,0.9390201022243715,True,very high Di (2.77/month)
Mahihkan Battery 02-21,ABWI105083406504W400,3,2023-06-01,8,False,exponential,25.342857011840607,3.835000993880582e-15,0.0,-1.3100631690576847e-14,True,low R2 (-0.00)
Mahihkan Battery 02-21,ABWI105083406504W400,4,2024-02-01,7,False,exponential,132.59545124745884,0.747008223365328,0.0,0.9091027515292817,False,
Mahihkan Battery 02-21,ABWI105083406504W400,5,2024-09-01,5,True,harmonic,182.19431858816617,3.581830679449518,1.0,0.9387235620013015,True,short cycle (<6mo); very high Di (3.58/month)
Mahihkan Battery 02-21,ABWI105083406504W400,6,2025-02-01,5,True,harmonic,244.95846146575994,6.9408975076678185,1.0,0.9802419532212483,True,short cycle (<6mo); very high Di (6.94/month)
Mahihkan Battery 02-21,ABWI105083406504W400,7,2025-07-01,12,False,exponential,254.83333088860502,2.1771258730138635e-14,0.0,-7.194245199571014e-14,True,low R2 (-0.00)
Mahihkan Battery 02-21,ABWI105091006504W400,1,2022-09-01,10,False,exponential,94.03,3.2316296614086303e-22,0.0,0.0,True,low R2 (0.00)
Mahihkan Battery 02-21,ABWI105091006504W400,2,2023-07-01,10,False,harmonic,219.96352598084607,0.130578533498199,1.0,0.6331267435040375,False,
Mahihkan Battery 02-21,ABWI105091006504W400,3,2024-05-01,16,False,exponential,144.08393924161422,0.001447506412469076,0.0,0.001426746160136494,True,low R2 (0.00)
Mahihkan Battery 02-21,ABWI105091006504W400,4,2025-09-01,10,False,exponential,110.61,1.6632673511300302e-20,0.0,1.1102230246251565e-16,True,low R2 (0.00)
Mahihkan Battery 02-21,ABWI105091506504W400,1,2022-06-01,6,False,harmonic,129.68333333337645,1.4810788017313085e-21,1.0,0.0,True,low R2 (0.00)
Mahihkan Battery 02-21,ABWI105091506504W400,2,2022-12-01,6,False,harmonic,167.1985925814393,0.10912489692178498,1.0,0.19635536024681133,True,low R2 (0.20)
Mahihkan Battery 02-21,ABWI105091506504W400,3,2023-06-01,15,False,harmonic,205.01423323838128,0.03375295774128133,1.0,0.2934505467070697,True,low R2 (0.29)
Mahihkan Battery 02-21,ABWI105091506504W400,4,2024-09-01,10,False,harmonic,180.51293653905188,0.2526183279263714,1.0,0.4990558869573365,True,low R2 (0.50)
Mahihkan Battery 02-21,ABWI105091506504W400,5,2025-07-01,6,False,harmonic,130.88375693928552,0.06483021724440051,1.0,0.1342400529054465,True,low R2 (0.13)
Mahihkan Battery 02-21,ABWI105091506504W400,6,2026-01-01,6,False,harmonic,94.74855342690506,0.1349988757723322,1.0,0.03489123848340414,True,low R2 (0.03)
Mahihkan Battery 02-21,ABWI105092106504W400,1,2022-10-01,9,False,,,,,,True,too few data points to fit
Mahihkan Battery 02-21,ABWI105092106504W400,2,2023-07-01,4,True,,,,,,True,too few data points to fit
Mahihkan Battery 02-21,ABWI105092106504W400,3,2023-11-01,20,False,exponential,12.624999908035734,5.5133235725535865e-21,0.0,-2.220446049250313e-16,True,low R2 (-0.00)
Mahihkan Battery 02-21,ABWI105092106504W400,4,2025-07-01,7,False,exponential,82.47770479529133,0.25441250057104886,0.0,0.9191225166682345,False,
Mahihkan Battery 02-21,ABWI105092106504W400,5,2026-02-01,5,True,harmonic,17.297939242238144,15.50399988750484,1.0,0.9848726170067007,True,short cycle (<6mo); very high Di (15.50/month)
Mahihkan Battery 02-21,ABWI105092806504W400,1,2022-11-01,14,False,exponential,210.60714285714286,6.13760671165952e-21,0.0,0.0,True,low R2 (0.00)
Mahihkan Battery 02-21,ABWI105092806504W400,2,2024-01-01,6,False,exponential,871.5804671504084,0.5877925770252872,0.0,0.8889697068733196,False,
Mahihkan Battery 02-21,ABWI105092806504W400,3,2024-07-01,24,False,harmonic,189.92002808851112,0.16942604932619193,1.0,0.7250200528663028,False,
Mahihkan Battery 02-21,ABWI105092906504W400,1,2022-06-01,11,False,exponential,316.98469037450906,0.13182398893086386,0.0,0.921579845610264,False,
Mahihkan Battery 02-21,ABWI105092906504W400,2,2023-05-01,6,False,harmonic,86.71331633619855,0.06598629140412866,1.0,0.3786884501625565,True,low R2 (0.38)
Mahihkan Battery 02-21,ABWI105092906504W400,3,2023-11-01,8,False,exponential,98.6624998902334,8.023514219294306e-15,0.0,-3.219646771412954e-14,True,low R2 (-0.00)
Mahihkan Battery 02-21,ABWI105092906504W400,4,2024-07-01,24,False,exponential,220.625,1.6647113452398192e-21,0.0,0.0,True,low R2 (0.00)
Mahihkan Battery 02-21,ABWI105093406504W400,1,2022-06-01,5,True,,,,,,True,too few data points to fit
Mahihkan Battery 02-21,ABWI105093406504W400,2,2022-11-01,5,True,harmonic,100.55848359766584,0.39790371843991884,1.0,0.6209560103213282,True,short cycle (<6mo)
Mahihkan Battery 02-21,ABWI105093406504W400,3,2023-04-01,6,False,exponential,95.27722807023079,0.5267999899433079,0.0,0.9699717156322084,False,
Mahihkan Battery 02-21,ABWI105093406504W400,4,2023-10-01,16,False,exponential,41.37692307692308,2.783388130808875e-18,0.0,1.1102230246251565e-16,True,low R2 (0.00)
Mahihkan Battery 02-21,ABWI105093406504W400,5,2025-02-01,6,False,exponential,91.36666666666666,5.6116912331515065e-22,0.0,2.220446049250313e-16,True,low R2 (0.00)
Mahihkan Battery 02-21,ABWI105093406504W400,6,2025-08-01,11,False,exponential,103.41818181818181,2.4844643136152598e-18,0.0,0.0,True,low R2 (0.00)
Mahihkan Battery 02-21,ABWI105101006504W400,1,2022-07-01,8,False,exponential,517.2463882536159,0.4576140550849939,0.0,0.790140838200027,False,
Mahihkan Battery 02-21,ABWI105101006504W400,2,2023-03-01,14,False,exponential,146.90714280976218,2.0665455569857763e-18,0.0,0.0,True,low R2 (0.00)
Mahihkan Battery 02-21,ABWI105101006504W400,3,2024-05-01,12,False,exponential,189.90000011274387,3.5270243290624004e-16,0.0,-2.220446049250313e-16,True,low R2 (-0.00)
Mahihkan Battery 02-21,ABWI105101006504W400,4,2025-05-01,14,False,exponential,235.77857142857144,1.371342525587902e-18,0.0,0.0,True,low R2 (0.00)
Mahihkan Battery 02-21,ABWI105101406504W400,1,2024-08-01,7,False,harmonic,270.09413030765603,0.4400051978307666,1.0,0.4823125528961193,True,low R2 (0.48)
Mahihkan Battery 02-21,ABWI105101406504W400,2,2025-03-01,11,False,exponential,242.26139996628433,0.12890132988158945,0.0,0.6984164834511839,False,
Mahihkan Battery 02-21,ABWI105101406504W400,3,2026-02-01,5,True,harmonic,64.22,1.717961305159569e-17,1.0,0.0,True,short cycle (<6mo); low R2 (0.00)
Mahihkan Battery 02-21,ABWI105101506504W400,1,2022-11-01,11,False,exponential,94.10545400031363,0.4285706718679151,0.0,0.9177617655103407,False,
Mahihkan Battery 02-21,ABWI105101506504W400,2,2023-10-01,5,True,harmonic,29.712296677535004,0.6225345458313029,1.0,0.013867203886083201,True,short cycle (<6mo); low R2 (0.01)
Mahihkan Battery 02-21,ABWI105101506504W400,3,2024-03-01,13,False,hyperbolic,462.04016694628336,19.1794374937512,1.9999999999969744,0.9228009086813871,True,very high Di (19.18/month); b pinned at bound (2.000)
Mahihkan Battery 02-21,ABWI105101506504W400,4,2025-04-01,11,False,harmonic,102.77636859560175,0.1209303954588791,1.0,0.3410698004778945,True,low R2 (0.34)
Mahihkan Battery 02-21,ABWI105101506504W400,5,2026-03-01,4,True,exponential,94.72600870316732,0.1848381640022459,0.0,0.9552062872545269,True,short cycle (<6mo)
Mahihkan Battery 02-21,ABWI105102106504W400,1,2022-10-01,9,False,harmonic,15.452057289237613,1.9163667746261481,1.0,0.9364554032020609,False,
Mahihkan Battery 02-21,ABWI105102106504W400,2,2023-07-01,4,True,,,,,,True,too few data points to fit
Mahihkan Battery 02-21,ABWI105102106504W400,3,2023-11-01,21,False,harmonic,7.419999994087769,4.536605326669899e-16,1.0,-1.6431300764452317e-14,True,low R2 (-0.00)
Mahihkan Battery 02-21,ABWI105102106504W400,4,2025-08-01,7,False,harmonic,73.87972233501442,9.702002382264448,1.0,0.9822764489739364,True,very high Di (9.70/month)
Mahihkan Battery 02-21,ABWI105102106504W400,5,2026-03-01,4,True,exponential,8.425607938726024,0.2516143679272616,0.0,0.8096565674371875,True,short cycle (<6mo)
Mahihkan Battery 02-21,ABWI105102206504W400,1,2023-02-01,5,True,exponential,124.51592282001096,0.7511072542624523,0.0,0.9921743664740807,True,short cycle (<6mo)
Mahihkan Battery 02-21,ABWI105102206504W400,2,2023-07-01,6,False,harmonic,23.616666666666802,2.238883192074432e-15,1.0,-9.992007221626409e-15,True,low R2 (-0.00)
Mahihkan Battery 02-21,ABWI105102206504W400,3,2024-01-01,7,False,harmonic,63.430321161420835,2.827903048974274,1.0,0.8323162683596457,True,very high Di (2.83/month)
Mahihkan Battery 02-21,ABWI105102206504W400,4,2024-08-01,4,True,exponential,122.97509154941416,0.42567221869132243,0.0,0.7890541189378407,True,short cycle (<6mo)
Mahihkan Battery 02-21,ABWI105102206504W400,5,2024-12-01,4,True,exponential,87.97153294382218,0.4827474414697777,0.0,0.8591180251581418,True,short cycle (<6mo)
Mahihkan Battery 02-21,ABWI105102706504W400,1,2022-08-01,11,False,exponential,36.6,2.246782808675528e-21,0.0,0.0,True,low R2 (0.00)
Mahihkan Battery 02-21,ABWI105102706504W400,2,2023-07-01,6,False,harmonic,79.43173999677299,0.17506626149546178,1.0,0.5698217267954754,False,
Mahihkan Battery 02-21,ABWI105102706504W400,3,2024-01-01,8,False,exponential,48.3249999173997,4.4388811861777345e-23,0.0,-2.220446049250313e-16,True,low R2 (-0.00)
Mahihkan Battery 02-21,ABWI105102706504W400,4,2024-09-01,8,False,exponential,129.17811036077626,0.37157705868762836,0.0,0.8484173505959238,False,
Mahihkan Battery 02-21,ABWI105102706504W400,5,2025-05-01,7,False,harmonic,98.06134376161181,0.18232693574666722,1.0,0.12627531659175295,True,low R2 (0.13)
Mahihkan Battery 02-21,ABWI105102706504W400,6,2025-12-01,5,True,harmonic,96.85802717561165,1.3431048779498223,1.0,0.83558140512317,True,short cycle (<6mo)
Mahihkan Battery 02-21,ABWI105102706504W400,7,2026-05-01,2,True,,,,,,True,too few data points to fit
Mahihkan Battery 02-21,ABWI105102806504W400,1,2022-08-01,14,False,exponential,70.04285714336872,6.458354933422517e-19,0.0,0.0,True,low R2 (0.00)
Mahihkan Battery 02-21,ABWI105102806504W400,2,2023-10-01,14,False,harmonic,127.96570314164036,0.05191147717664027,1.0,0.5855516821753094,False,
Mahihkan Battery 02-21,ABWI105102806504W400,3,2024-12-01,12,False,exponential,94.55833333333334,7.622891117047735e-24,0.0,0.0,True,low R2 (0.00)
Mahihkan Battery 02-21,ABWI105102806504W400,4,2025-12-01,7,False,harmonic,145.1539438925351,0.11630942333061002,1.0,0.6350526639744865,False,
Mahihkan Battery 02-21,ABWI105103406504W400,1,2022-08-01,7,False,harmonic,84.16636389075188,0.26403587463114114,1.0,0.4652921801995412,True,low R2 (0.47)
Mahihkan Battery 02-21,ABWI105103406504W400,2,2023-03-01,7,False,harmonic,73.13297651399547,0.4194396811033753,1.0,0.7050871397555083,False,
Mahihkan Battery 02-21,ABWI105103406504W400,3,2023-10-01,33,False,exponential,293.1066666666667,1.046265902742117e-25,0.0,1.1102230246251565e-16,True,low R2 (0.00)
Mahihkan Battery 02-21,ABWI105111506504W400,1,2024-01-01,6,False,harmonic,185.80933230337556,0.19710651302406793,1.0,0.28280140220069183,True,low R2 (0.28)
Mahihkan Battery 02-21,ABWI105111506504W400,2,2024-07-01,15,False,harmonic,218.34835340068423,0.00019338425363975742,1.0,3.6159408505320734e-05,True,low R2 (0.00)
Mahihkan Battery 02-21,ABWI105111506504W400,3,2025-10-01,9,False,exponential,233.10526392595085,0.037177561535396114,0.0,0.40540748260465687,True,low R2 (0.41)
Mahihkan Battery 02-21,ABWI105112206504W400,1,2023-05-01,8,False,exponential,54.02500035375138,5.6606694863059976e-14,0.0,-1.7474910407599964e-13,True,low R2 (-0.00)
Mahihkan Battery 02-21,ABWI105112206504W400,2,2024-01-01,13,False,exponential,198.86803700892992,0.08572649898672192,0.0,0.6940933519181609,False,
Mahihkan Battery 02-21,ABWI105112206504W400,3,2025-02-01,6,False,harmonic,121.5250312158654,0.38390949556923415,1.0,0.4964132613040393,True,low R2 (0.50)
Mahihkan Battery 02-21,ABWI105112206504W400,4,2025-08-01,11,False,harmonic,114.26418387611638,0.09058340082264296,1.0,0.5804195564649013,False,
Mahihkan Battery 02-21,ABWI105112806504W400,1,2023-01-01,9,False,,,,,,True,too few data points to fit
Mahihkan Battery 02-21,ABWI105112806504W400,2,2023-10-01,4,True,,,,,,True,too few data points to fit
Mahihkan Battery 02-21,ABWI105112806504W400,3,2024-02-01,17,False,exponential,174.37487154947974,0.10787933743598228,0.0,0.787892290798061,False,
Mahihkan Battery 02-21,ABWI105112806504W400,4,2025-07-01,12,False,exponential,100.10833333333333,1.4467967556279297e-19,0.0,1.1102230246251565e-16,True,low R2 (0.00)
Mahihkan Battery 02-21,ABWI105112806604W400,1,2022-12-01,13,False,harmonic,107.25384616748609,5.163258882820986e-16,1.0,-5.995204332975845e-15,True,low R2 (-0.00)
Mahihkan Battery 02-21,ABWI105112806604W400,2,2024-01-01,14,False,harmonic,161.9036240563637,0.21386096089301299,1.0,0.7717528391295849,False,
Mahihkan Battery 02-21,ABWI105112806604W400,3,2025-03-01,4,True,,,,,,True,too few data points to fit
Mahihkan Battery 02-21,ABWI105112806604W400,4,2025-07-01,6,False,exponential,108.85346055383134,0.35711145714694,0.0,0.836316428088719,False,
Mahihkan Battery 02-21,ABWI105112806604W400,5,2026-01-01,6,False,harmonic,143.51315907535894,0.2870695420422578,1.0,0.32980028399599437,True,low R2 (0.33)
Mahihkan Battery 02-21,ABWI105113406504W400,1,2024-02-01,29,False,hyperbolic,433.3394453839116,0.41259448454726766,1.8101300398953186,0.7844831800815155,False,
Mahihkan Battery 02-21,ABWI105113506504W400,1,2022-05-01,13,False,,,,,,True,too few data points to fit
Mahihkan Battery 02-21,ABWI105113506504W400,2,2023-06-01,5,True,exponential,6.549999984985117,1.3427813969532628e-15,0.0,-3.552713678800501e-15,True,short cycle (<6mo); low R2 (-0.00)
Mahihkan Battery 02-21,ABWI105113506504W400,3,2023-11-01,14,False,,,,,,True,too few data points to fit
Mahihkan Battery 02-21,ABWI105120306604W400,1,2022-06-01,7,False,exponential,544.3969389972176,0.11335759409501847,0.0,0.8213047829398217,False,
Mahihkan Battery 02-21,ABWI105120306604W400,2,2023-01-01,6,False,harmonic,682.2592725331793,1.267285362311573,1.0,0.9868068932895686,False,
Mahihkan Battery 02-21,ABWI105120306604W400,3,2023-07-01,11,False,exponential,241.24545475412987,1.9652464497427548e-17,0.0,-2.220446049250313e-16,True,low R2 (-0.00)
Mahihkan Battery 02-21,ABWI105120306604W400,4,2024-06-01,25,False,harmonic,603.9417415411125,0.03319039230249031,1.0,0.6057346389071498,False,
Mahihkan Battery 02-21,ABWI105120406604W400,1,2023-08-01,14,False,exponential,2728.254954610383,0.21215654204991408,0.0,0.9111816321639915,False,
Mahihkan Battery 02-21,ABWI105120406604W400,2,2024-10-01,5,True,harmonic,568.2106542114279,4.296712651806955,1.0,0.9786283859003715,True,short cycle (<6mo); very high Di (4.30/month)
Mahihkan Battery 02-21,ABWI105120406604W400,3,2025-03-01,9,False,exponential,242.34999905882736,9.213001380887391e-15,0.0,-2.731148640577885e-14,True,low R2 (-0.00)
Mahihkan Battery 02-21,ABWI105120406604W400,4,2025-12-01,7,False,harmonic,1263.9185662066645,1.5761804156029278,1.0,0.8724197396209441,False,
Mahihkan Battery 02-21,ABWI105121006604W400,1,2024-04-01,5,True,exponential,2005.0000000000005,2.1245021297786047e-23,0.0,0.0,True,short cycle (<6mo); low R2 (0.00)
Mahihkan Battery 02-21,ABWI105121006604W400,2,2024-09-01,16,False,harmonic,3327.651879826177,0.12280910322576402,1.0,0.8362461602558651,False,
Mahihkan Battery 02-21,ABWI105121006604W400,3,2026-01-01,6,False,harmonic,1865.362079660217,1.4038554673798533,1.0,0.7316715112932048,False,
Mahihkan Battery 02-21,ABWI105121506504W400,1,2024-01-01,4,True,,,,,,True,too few data points to fit
Mahihkan Battery 02-21,ABWI105121506504W400,2,2024-05-01,7,False,exponential,57.774160136085285,0.9109052386345806,0.0,0.9971961646991963,False,
Mahihkan Battery 02-21,ABWI105121506504W400,3,2024-12-01,5,True,exponential,5.409116286506871,0.20064126560631956,0.0,0.5310728275386775,True,short cycle (<6mo)
Mahihkan Battery 02-21,ABWI105121506504W400,4,2025-05-01,4,True,,,,,,True,too few data points to fit
Mahihkan Battery 02-21,ABWI105121506504W400,5,2025-09-01,4,True,exponential,11.85,5.5329603459259324e-18,0.0,0.0,True,short cycle (<6mo); low R2 (0.00)
Mahihkan Battery 02-21,ABWI105121506504W400,6,2026-01-01,6,False,harmonic,25.541839488222124,1.5727037523687333,1.0,0.5818297410618982,False,
Mahihkan Battery 02-21,ABWI105122206504W400,1,2022-08-01,18,False,exponential,409.79023203601713,0.08588414387575978,0.0,0.8175083986982421,False,
Mahihkan Battery 02-21,ABWI105122206504W400,2,2024-02-01,11,False,harmonic,124.95852118960781,0.02058480985482279,1.0,0.07979293252560249,True,low R2 (0.08)
Mahihkan Battery 02-21,ABWI105122206504W400,3,2025-01-01,7,False,harmonic,123.13928802640052,0.20692950100546,1.0,0.48095058871734053,True,low R2 (0.48)
Mahihkan Battery 02-21,ABWI105122206504W400,4,2025-08-01,11,False,exponential,53.11818181818182,2.1042308401224696e-23,0.0,0.0,True,low R2 (0.00)
Mahihkan Battery 02-21,ABWI105123406504W400,1,2023-05-01,10,False,harmonic,366.66651543694513,0.000937201063724343,1.0,2.0390727883512483e-05,True,low R2 (0.00)
Mahihkan Battery 02-21,ABWI105123406504W400,2,2024-03-01,8,False,exponential,539.3353690001145,0.2030880510808564,0.0,0.8127669933084865,False,
Mahihkan Battery 02-21,ABWI105123406504W400,3,2024-11-01,20,False,harmonic,164.31186498494364,0.08605310243863208,1.0,0.419104991298485,True,low R2 (0.42)
Mahihkan Battery 02-21,ABWI105123506504W400,1,2023-06-01,5,True,harmonic,220.85026435387297,0.3467039018905151,1.0,0.5459784094197605,True,short cycle (<6mo)
Mahihkan Battery 02-21,ABWI105123506504W400,2,2023-11-01,18,False,harmonic,214.5498249045807,0.02917962357594609,1.0,0.23940065682751133,True,low R2 (0.24)
Mahihkan Battery 02-21,ABWI105123506504W400,3,2025-05-01,14,False,exponential,454.3004643293754,0.09634843534448122,0.0,0.7571211699551131,False,
Mahihkan Battery 02-21,ABWI105130306604W400,1,2022-07-01,18,False,harmonic,1031.9157289866703,0.3083821843120912,1.0,0.8167587072988753,False,
Mahihkan Battery 02-21,ABWI105130306604W400,2,2024-01-01,5,True,harmonic,668.9024472554181,5.3830481967802974,1.0,0.7206577808700625,True,short cycle (<6mo); very high Di (5.38/month)
Mahihkan Battery 02-21,ABWI105130306604W400,3,2024-06-01,21,False,harmonic,501.45586095938506,0.06320192581794058,1.0,0.7417916831015301,False,
Mahihkan Battery 02-21,ABWI105130306604W400,4,2026-03-01,4,True,harmonic,297.3252135990484,0.9868940055819414,1.0,0.9514264497353144,True,short cycle (<6mo)
Mahihkan Battery 02-21,ABWI105131406504W402,1,2023-07-01,7,False,exponential,47.5,2.755249280338897e-21,0.0,0.0,True,low R2 (0.00)
Mahihkan Battery 02-21,ABWI105131406504W402,2,2024-02-01,10,False,harmonic,107.64003742304699,0.03374922718462966,1.0,0.1371298114855427,True,low R2 (0.14)
Mahihkan Battery 02-21,ABWI105131406504W402,3,2024-12-01,4,True,harmonic,117.71699796575552,0.2063459167263317,1.0,0.697263500997493,True,short cycle (<6mo)
Mahihkan Battery 02-21,ABWI105131406504W402,4,2025-04-01,15,False,exponential,80.78666666666668,9.083467674710118e-24,0.0,0.0,True,low R2 (0.00)
Mahihkan Battery 02-21,ABWI105131506504W400,1,2023-01-01,42,False,exponential,425.8407196712085,0.016464612391882412,0.0,0.48602787497361055,True,low R2 (0.49)
Mahihkan Battery 02-21,ABWI105132606504W400,1,2022-08-01,6,False,harmonic,117.44041560596617,0.9681886299070895,1.0,0.9142216805520758,False,
Mahihkan Battery 02-21,ABWI105132606504W400,2,2023-02-01,4,True,,,,,,True,too few data points to fit
Mahihkan Battery 02-21,ABWI105132606504W400,3,2023-06-01,5,True,,,,,,True,too few data points to fit
Mahihkan Battery 02-21,ABWI105132606504W400,4,2023-11-01,13,False,exponential,86.20000001285266,2.1592960101226514e-15,0.0,-1.5987211554602254e-14,True,low R2 (-0.00)
Mahihkan Battery 02-21,ABWI105132606504W400,5,2024-12-01,9,False,harmonic,202.04574241758365,0.5352283314327545,1.0,0.7671607858252627,False,
Mahihkan Battery 02-21,ABWI105132606504W400,6,2025-09-01,7,False,harmonic,140.09855905304377,0.4117658073836391,1.0,0.6295962966852293,False,
Mahihkan Battery 02-21,ABWI105132606504W400,7,2026-04-01,3,True,,,,,,True,too few data points to fit
Mahihkan Battery 02-21,ABWI105132806504W400,1,2022-09-01,10,False,harmonic,142.29833090089275,0.6778606504572924,1.0,0.8969940882502665,False,
Mahihkan Battery 02-21,ABWI105132806504W400,2,2023-07-01,5,True,exponential,55.775000000000006,1.7971246963397038e-23,0.0,0.0,True,short cycle (<6mo); low R2 (0.00)
Mahihkan Battery 02-21,ABWI105132806504W400,3,2023-12-01,17,False,exponential,94.6294120574907,7.509593320340865e-22,0.0,0.0,True,low R2 (0.00)
Mahihkan Battery 02-21,ABWI105132806504W400,4,2025-05-01,14,False,exponential,283.6214285715505,2.155865482419184e-20,0.0,-2.220446049250313e-16,True,low R2 (-0.00)
Mahihkan Battery 02-21,ABWI105133406504W400,1,2023-05-01,10,False,harmonic,516.6325452342688,0.043931168961349985,1.0,0.28583866918939904,True,low R2 (0.29)
Mahihkan Battery 02-21,ABWI105133406504W400,2,2024-03-01,12,False,harmonic,684.0830017810121,0.12567697775097453,1.0,0.464863993959455,True,low R2 (0.46)
Mahihkan Battery 02-21,ABWI105133406504W400,3,2025-03-01,16,False,harmonic,378.0710350278287,0.06971788376648173,1.0,0.2324435973331047,True,low R2 (0.23)
Mahihkan Battery 02-21,ABWI105133506504W400,1,2022-08-01,19,False,exponential,39.923721607326634,0.10826942022142899,0.0,0.987145942649121,False,
Mahihkan Battery 02-21,ABWI105133506504W400,2,2024-03-01,12,False,exponential,32.425,7.199771820245106e-19,0.0,0.0,True,low R2 (0.00)
Mahihkan Battery 02-21,ABWI105133506504W400,3,2025-03-01,16,False,exponential,98.63125,6.123532776778104e-29,0.0,0.0,True,low R2 (0.00)
Mahihkan Battery 02-21,ABWI105141006504W400,1,2023-01-01,4,True,harmonic,102.11682339789692,0.07411008962476699,1.0,0.08622282717741148,True,short cycle (<6mo); low R2 (0.09)
Mahihkan Battery 02-21,ABWI105141006504W400,2,2023-05-01,13,False,harmonic,68.3916666666703,7.522416033474179e-23,1.0,0.0,True,low R2 (0.00)
Mahihkan Battery 02-21,ABWI105141006504W400,3,2024-06-01,14,False,harmonic,117.57405160462197,0.09120554318868439,1.0,0.49886787583264103,True,low R2 (0.50)
Mahihkan Battery 02-21,ABWI105141006504W400,4,2025-08-01,11,False,exponential,96.40000000465893,1.9225385387598288e-16,0.0,-1.3322676295501878e-15,True,low R2 (-0.00)
Mahihkan Battery 02-21,ABWI105141406504W402,1,2025-07-01,12,False,harmonic,527.0155283208805,0.11153663808353763,1.0,0.7234265571879321,False,
Mahihkan Battery 02-21,ABWI105141506504W400,1,2023-04-01,14,False,exponential,94.94285714285715,5.471941557674601e-25,0.0,0.0,True,low R2 (0.00)
Mahihkan Battery 02-21,ABWI105141506504W400,2,2024-06-01,5,True,harmonic,129.92813830735457,0.07683943743093588,1.0,0.1415366325466091,True,short cycle (<6mo); low R2 (0.14)
Mahihkan Battery 02-21,ABWI105141506504W400,3,2024-11-01,8,False,harmonic,185.4832746766315,0.18060570257045314,1.0,0.8558031939462316,False,
Mahihkan Battery 02-21,ABWI105141506504W400,4,2025-07-01,12,False,harmonic,142.99287374052537,0.253250904326143,1.0,0.7919879026109369,False,
Mahihkan Battery 02-21,ABWI105142606504W400,1,2024-12-01,19,False,harmonic,244.5302748073292,0.005200774481430851,1.0,0.011804650188911081,True,low R2 (0.01)
Mahihkan Battery 02-21,ABWI105142706504W400,1,2022-07-01,15,False,exponential,207.38,1.3114473007409843e-18,0.0,0.0,True,low R2 (0.00)
Mahihkan Battery 02-21,ABWI105142706504W400,2,2023-10-01,9,False,harmonic,286.59652837771335,0.10272885023099709,1.0,0.3427441757495555,True,low R2 (0.34)
Mahihkan Battery 02-21,ABWI105142706504W400,3,2024-07-01,24,False,harmonic,246.82151440093457,0.007200785195044196,1.0,0.05659983166748228,True,low R2 (0.06)
Mahihkan Battery 02-21,ABWI105142806604W400,1,2023-04-01,7,False,harmonic,151.90200375820103,0.3235443863853762,1.0,0.8084814354655743,False,
Mahihkan Battery 02-21,ABWI105142806604W400,2,2023-11-01,6,False,harmonic,104.55476761671494,0.7348655723435571,1.0,0.6953558341365007,False,
Mahihkan Battery 02-21,ABWI105142806604W400,3,2024-05-01,11,False,exponential,149.9444450671145,1.257672144200746e-17,0.0,-4.440892098500626e-16,True,low R2 (-0.00)
Mahihkan Battery 02-21,ABWI105142806604W400,4,2025-04-01,9,False,harmonic,661.2713463870915,0.6738322952791616,1.0,0.8374369043349954,False,
Mahihkan Battery 02-21,ABWI105142806604W400,5,2026-01-01,6,False,exponential,177.86951367521567,0.23147292820775417,0.0,0.6510933326220845,False,
Mahihkan Battery 02-21,ABWI105143406504W400,1,2022-10-01,15,False,exponential,194.9666666674113,3.125733773207393e-19,0.0,0.0,True,low R2 (0.00)
Mahihkan Battery 02-21,ABWI105143406504W400,2,2024-01-01,30,False,exponential,317.69259259302726,3.6113994685726276e-20,0.0,1.1102230246251565e-16,True,low R2 (0.00)
Mahihkan Battery 02-21,ABWI105151006504W400,1,2022-08-01,5,True,harmonic,197.0578470587497,1.332418492486123,1.0,0.9200075896048413,True,short cycle (<6mo)
Mahihkan Battery 02-21,ABWI105151006504W400,2,2023-01-01,6,False,harmonic,64.23075858742197,0.3874197587479711,1.0,0.41606771750371485,True,low R2 (0.42)
Mahihkan Battery 02-21,ABWI105151006504W400,3,2023-07-01,6,False,exponential,70.15,1.3304484589021238e-23,0.0,0.0,True,low R2 (0.00)
Mahihkan Battery 02-21,ABWI105151006504W400,4,2024-01-01,9,False,exponential,129.10716381586866,0.24297959666921554,0.0,0.8547050561109968,False,
Mahihkan Battery 02-21,ABWI105151006504W400,5,2024-10-01,7,False,exponential,60.599999918617115,3.615739762794876e-15,0.0,-1.9539925233402755e-14,True,low R2 (-0.00)
Mahihkan Battery 02-21,ABWI105151006504W400,6,2025-05-01,14,False,harmonic,103.08784972360917,0.020692529595770528,1.0,0.0837192672070769,True,low R2 (0.08)
Mahihkan Battery 02-21,ABWI105151606504W400,1,2022-06-01,24,False,harmonic,850.7975664955327,0.024758182897844407,1.0,0.2955905376278348,True,low R2 (0.30)
Mahihkan Battery 02-21,ABWI105151606504W400,2,2024-06-01,6,False,harmonic,675.8883186553506,0.18097963824157012,1.0,0.09637340233332325,True,low R2 (0.10)
Mahihkan Battery 02-21,ABWI105151606504W400,3,2024-12-01,7,False,harmonic,984.2185073620177,0.22116470468361557,1.0,0.4972749273668534,True,low R2 (0.50)
Mahihkan Battery 02-21,ABWI105151606504W400,4,2025-07-01,6,False,harmonic,780.5039177010441,0.09971249547629486,1.0,0.39262305300760947,True,low R2 (0.39)
Mahihkan Battery 02-21,ABWI105151606504W400,5,2026-01-01,6,False,exponential,639.4,4.957497751248296e-29,0.0,0.0,True,low R2 (0.00)
Mahihkan Battery 02-21,ABWI105152906504W400,1,2022-08-01,9,False,exponential,128.35714285715142,7.191098694197581e-21,0.0,0.0,True,low R2 (0.00)
Mahihkan Battery 02-21,ABWI105152906504W400,2,2023-05-01,8,False,exponential,277.0,7.836723852938206e-21,0.0,0.0,True,low R2 (0.00)
Mahihkan Battery 02-21,ABWI105152906504W400,3,2024-01-01,30,False,hyperbolic,382.27328738443566,0.15248772862428553,1.9999999999999998,0.8672295522477892,True,b pinned at bound (2.000)
Mahihkan Battery 02-21,ABWI105160506604W400,1,2022-12-01,11,False,harmonic,264.3659827330835,0.2925588446345187,1.0,0.11578716943950407,True,low R2 (0.12)
Mahihkan Battery 02-21,ABWI105160506604W400,2,2023-11-01,10,False,harmonic,384.59379322461024,0.1532599916683454,1.0,0.5793391788042235,False,
Mahihkan Battery 02-21,ABWI105160506604W400,3,2024-09-01,6,False,harmonic,257.3263743497127,0.15330672135449686,1.0,0.8266200474202068,False,
Mahihkan Battery 02-21,ABWI105160506604W400,4,2025-03-01,4,True,harmonic,227.36523530099703,0.31958840956004225,1.0,0.7507801440691386,True,short cycle (<6mo)
Mahihkan Battery 02-21,ABWI105160506604W400,5,2025-07-01,6,False,harmonic,334.00403260252705,1.4071934398640513,1.0,0.7301316893647531,False,
Mahihkan Battery 02-21,ABWI105160506604W400,6,2026-01-01,6,False,exponential,709.3689910848354,0.35667478392021057,0.0,0.9512958318744394,False,
Mahihkan Battery 02-21,ABWI105160906604W400,1,2022-06-01,6,False,exponential,50.1,2.0032245080330536e-23,0.0,0.0,True,low R2 (0.00)
Mahihkan Battery 02-21,ABWI105160906604W400,2,2022-12-01,5,True,exponential,148.1200000000007,2.2928431519756893e-15,0.0,-1.021405182655144e-14,True,short cycle (<6mo); low R2 (-0.00)
Mahihkan Battery 02-21,ABWI105160906604W400,3,2023-05-01,12,False,exponential,266.91666666666663,2.0295568317774594e-21,0.0,0.0,True,low R2 (0.00)
Mahihkan Battery 02-21,ABWI105160906604W400,4,2024-05-01,26,False,harmonic,609.825917837823,0.22212810739740407,1.0,0.9176248014071383,False,
Mahihkan Battery 02-21,ABWI105161006504W400,1,2022-09-01,6,False,exponential,83.23333345580492,1.3128964713938986e-23,0.0,0.0,True,low R2 (0.00)
Mahihkan Battery 02-21,ABWI105161006504W400,2,2023-03-01,13,False,exponential,130.76264382114414,0.034827806541729754,0.0,0.3036851155362793,True,low R2 (0.30)
Mahihkan Battery 02-21,ABWI105161006504W400,3,2024-04-01,6,False,exponential,167.66666648092615,3.336356252847453e-15,0.0,-2.6867397195928788e-14,True,low R2 (-0.00)
Mahihkan Battery 02-21,ABWI105161006504W400,4,2024-10-01,21,False,exponential,108.12380949463903,1.1047548912380923e-16,0.0,-6.661338147750939e-16,True,low R2 (-0.00)
Mahihkan Battery 02-21,ABWI105161506504W400,1,2022-08-01,7,False,harmonic,135.2845718458085,0.10573513090011144,1.0,0.2193774131049523,True,low R2 (0.22)
Mahihkan Battery 02-21,ABWI105161506504W400,2,2023-03-01,9,False,harmonic,107.47010634738872,0.1528045347612717,1.0,0.4087691012621121,True,low R2 (0.41)
Mahihkan Battery 02-21,ABWI105161506504W400,3,2023-12-01,12,False,harmonic,54.67859901560644,0.02104239285002595,1.0,0.04966612532320014,True,low R2 (0.05)
Mahihkan Battery 02-21,ABWI105161506504W400,4,2024-12-01,11,False,harmonic,58.11249994132234,1.0550751754409507e-14,1.0,-6.150635556423367e-14,True,low R2 (-0.00)
Mahihkan Battery 02-21,ABWI105161506504W400,5,2025-11-01,5,True,harmonic,163.12328645934016,0.3653619748399125,1.0,0.8302522203428573,True,short cycle (<6mo)
Mahihkan Battery 02-21,ABWI105161506504W400,6,2026-04-01,3,True,,,,,,True,too few data points to fit
Mahihkan Battery 02-21,ABWI105161606504W400,1,2022-06-01,9,False,exponential,122.84285714285714,1.3171377839440856e-20,0.0,0.0,True,low R2 (0.00)
Mahihkan Battery 02-21,ABWI105161606504W400,2,2023-03-01,8,False,harmonic,235.98555305886114,0.17621059217708704,1.0,0.5967392621066967,False,
Mahihkan Battery 02-21,ABWI105161606504W400,3,2023-11-01,4,True,exponential,221.58123506708841,0.28304911146961065,0.0,0.8720178995582688,True,short cycle (<6mo)
Mahihkan Battery 02-21,ABWI105161606504W400,4,2024-03-01,12,False,harmonic,206.07434661217167,0.44225720763227583,1.0,0.8308003769220403,False,
Mahihkan Battery 02-21,ABWI105161606504W400,5,2025-03-01,14,False,exponential,55.442857147429464,2.4887517597205363e-17,0.0,-2.220446049250313e-16,True,low R2 (-0.00)
Mahihkan Battery 02-21,ABWI105161606504W400,6,2026-05-01,2,True,,,,,,True,too few data points to fit
Mahihkan Battery 02-21,ABWI105162706504W400,1,2023-01-01,8,False,harmonic,110.93221821040382,0.20594266102006314,1.0,0.27296944705836257,True,low R2 (0.27)
Mahihkan Battery 02-21,ABWI105162706504W400,2,2023-09-01,15,False,exponential,100.07333333333334,1.099106804153409e-22,0.0,-2.220446049250313e-16,True,low R2 (-0.00)
Mahihkan Battery 02-21,ABWI105162706504W400,3,2024-12-01,9,False,harmonic,187.14974209989643,0.12997518254794646,1.0,0.023537955626711127,True,low R2 (0.02)
Mahihkan Battery 02-21,ABWI105162706504W400,4,2025-09-01,10,False,exponential,465.98292564545443,0.0792042414408409,0.0,0.8294785002441103,False,
Mahihkan Battery 02-21,ABWI105162906504W400,1,2022-09-01,7,False,harmonic,145.35223384214564,1.145239688940175,1.0,0.929551480613495,False,
Mahihkan Battery 02-21,ABWI105162906504W400,2,2023-04-01,29,False,,,,,,True,too few data points to fit
Mahihkan Battery 02-21,ABWI105162906504W400,3,2025-09-01,10,False,exponential,97.87777777777778,2.323718228437441e-19,0.0,1.1102230246251565e-16,True,low R2 (0.00)
Mahihkan Battery 02-21,ABWI105163306504W400,1,2022-08-01,10,False,exponential,771.143159185144,0.12500624778374061,0.0,0.46403820559390585,True,low R2 (0.46)
Mahihkan Battery 02-21,ABWI105163306504W400,2,2023-06-01,12,False,exponential,522.9306914912845,0.12414307442494113,0.0,0.6333911275922597,False,
Mahihkan Battery 02-21,ABWI105163306504W400,3,2024-06-01,6,False,harmonic,221.21094097981785,0.18935019406839873,1.0,0.24654162889172115,True,low R2 (0.25)
Mahihkan Battery 02-21,ABWI105163306504W400,4,2024-12-01,13,False,exponential,329.54615384615386,1.6616643605270722e-21,0.0,0.0,True,low R2 (0.00)
Mahihkan Battery 02-21,ABWI105163306504W400,5,2026-01-01,6,False,harmonic,639.0928498521699,0.08047295648472516,1.0,0.4791469497226474,True,low R2 (0.48)
Mahihkan Battery 02-21,ABWI105163406504W402,1,2024-06-01,9,False,exponential,93.62222222222222,4.0094547496643985e-22,0.0,0.0,True,low R2 (0.00)
Mahihkan Battery 02-21,ABWI105163406504W402,2,2025-03-01,16,False,exponential,140.95,3.0363041671790524e-23,0.0,0.0,True,low R2 (0.00)
Mahihkan Battery 02-21,ABWI106010306604W400,1,2022-08-01,7,False,exponential,446.6234115974571,0.2003053201205741,0.0,0.9012317430360451,False,
Mahihkan Battery 02-21,ABWI106010306604W400,2,2023-03-01,4,True,harmonic,355.02292831958965,1.4140024655473382,1.0,0.7929827046887926,True,short cycle (<6mo)
Mahihkan Battery 02-21,ABWI106010306604W400,3,2023-07-01,7,False,harmonic,181.35125333215308,0.780072304359386,1.0,0.7802890959951605,False,
Mahihkan Battery 02-21,ABWI106010306604W400,4,2024-02-01,11,False,exponential,142.42876267657485,0.44896123143623484,0.0,0.822216967002604,False,
Mahihkan Battery 02-21,ABWI106010306604W400,5,2025-01-01,5,True,exponential,47.168135548567186,0.5899744789921741,0.0,0.9192995792316276,True,short cycle (<6mo)
Mahihkan Battery 02-21,ABWI106010306604W400,6,2025-06-01,6,False,,,,,,True,too few data points to fit
Mahihkan Battery 02-21,ABWI106010306604W400,7,2025-12-01,7,False,exponential,70.12226790876319,0.12003049939908651,0.0,0.44886036712726085,True,low R2 (0.45)
Mahihkan Battery 02-21,ABWI106010406604W400,1,2022-12-01,6,False,harmonic,786.1032717219225,0.3737595102677927,1.0,0.9022337116851958,False,
Mahihkan Battery 02-21,ABWI106010406604W400,2,2023-06-01,18,False,harmonic,356.24517595688286,0.04588877246676668,1.0,0.25961541382616615,True,low R2 (0.26)
Mahihkan Battery 02-21,ABWI106010406604W400,3,2024-12-01,8,False,exponential,280.025,4.766420257216115e-24,0.0,0.0,True,low R2 (0.00)
Mahihkan Battery 02-21,ABWI106010406604W400,4,2025-08-01,11,False,harmonic,464.9284195850203,0.09491086450876322,1.0,0.6348750750960663,False,
Mahihkan Battery 02-21,ABWI106011006604W400,1,2022-07-01,8,False,harmonic,815.393497546065,0.6380716419414991,1.0,0.9250054814240205,False,
Mahihkan Battery 02-21,ABWI106011006604W400,2,2023-03-01,9,False,harmonic,181.41111111111113,6.810922187206433e-18,1.0,0.0,True,low R2 (0.00)
Mahihkan Battery 02-21,ABWI106011006604W400,3,2023-12-01,16,False,harmonic,415.1677147373493,0.11724189502431771,1.0,0.6502172037941087,False,
Mahihkan Battery 02-21,ABWI106011006604W400,4,2025-04-01,9,False,exponential,315.42061227256556,0.1955114242325346,0.0,0.8382391447219264,False,
Mahihkan Battery 02-21,ABWI106011006604W400,5,2026-01-01,2,True,,,,,,True,too few data points to fit
Mahihkan Battery 02-21,ABWI106011506504W400,1,2022-08-01,4,True,exponential,34.075,2.1189312335089792e-23,0.0,0.0,True,short cycle (<6mo); low R2 (0.00)
Mahihkan Battery 02-21,ABWI106011506504W400,2,2022-12-01,4,True,harmonic,65.95944532898066,1.4836405757427336,1.0,0.7740174601925136,True,short cycle (<6mo)
Mahihkan Battery 02-21,ABWI106011506504W400,3,2023-04-01,6,False,harmonic,123.1123048922254,0.13868876842399425,1.0,0.15500538044892354,True,low R2 (0.16)
Mahihkan Battery 02-21,ABWI106011506504W400,4,2023-10-01,5,True,harmonic,191.80986917059113,0.8820663789748038,1.0,0.7853852213989795,True,short cycle (<6mo)
Mahihkan Battery 02-21,ABWI106011506504W400,5,2024-03-01,7,False,exponential,223.99999992543337,5.000384048142892e-22,0.0,2.220446049250313e-16,True,low R2 (0.00)
Mahihkan Battery 02-21,ABWI106011506504W400,6,2024-10-01,9,False,harmonic,188.09133850967436,0.06568631799299404,1.0,0.018082509238040334,True,low R2 (0.02)
Mahihkan Battery 02-21,ABWI106011506504W400,7,2025-07-01,4,True,exponential,299.4232788674168,0.3464873830733408,0.0,0.8615887799159785,True,short cycle (<6mo)
Mahihkan Battery 02-21,ABWI106011506504W400,8,2025-11-01,8,False,harmonic,373.1141667288432,0.12694807552721868,1.0,0.9386076210603668,False,
Mahihkan Battery 02-21,ABWI106012206504W400,1,2023-04-01,5,True,harmonic,120.78,2.2362639295004624e-24,1.0,1.1102230246251565e-16,True,short cycle (<6mo); low R2 (0.00)
Mahihkan Battery 02-21,ABWI106012206504W400,2,2023-09-01,17,False,exponential,143.81176478793856,2.1688978434084232e-17,0.0,1.1102230246251565e-16,True,low R2 (0.00)
Mahihkan Battery 02-21,ABWI106012206504W400,3,2025-02-01,10,False,harmonic,187.8819707977094,0.32739209720207874,1.0,0.30986161965738235,True,low R2 (0.31)
Mahihkan Battery 02-21,ABWI106012206504W400,4,2025-12-01,4,True,exponential,159.9250000000997,5.022060877511373e-19,0.0,0.0,True,short cycle (<6mo); low R2 (0.00)
Mahihkan Battery 02-21,ABWI106012906504W400,1,2023-11-01,6,False,exponential,116.89999990441548,1.389082442862633e-15,0.0,-5.551115123125783e-15,True,low R2 (-0.00)
Mahihkan Battery 02-21,ABWI106012906504W400,2,2024-05-01,13,False,harmonic,280.95039038009355,0.06650045066408061,1.0,0.2907333498103686,True,low R2 (0.29)
Mahihkan Battery 02-21,ABWI106012906504W400,3,2025-06-01,13,False,harmonic,253.30221056181588,0.06491121103348091,1.0,0.9193265339921767,False,
Mahihkan Battery 02-21,ABWI106013406504W400,1,2022-07-01,8,False,exponential,308.2425381183066,0.08439886356889133,0.0,0.5543144293586089,False,
Mahihkan Battery 02-21,ABWI106013406504W400,2,2023-03-01,10,False,harmonic,385.3754060748871,0.034311813744768174,1.0,0.1491003352280027,True,low R2 (0.15)
Mahihkan Battery 02-21,ABWI106013406504W400,3,2024-01-01,30,False,harmonic,404.3728766701994,0.008703146906687689,1.0,0.2054188119887983,True,low R2 (0.21)
Mahihkan Battery 02-21,ABWI106021006604W400,1,2022-08-01,4,True,exponential,728.5965402049043,0.48453011173347416,0.0,0.8849733969128135,True,short cycle (<6mo)
Mahihkan Battery 02-21,ABWI106021006604W400,2,2022-12-01,5,True,harmonic,310.64142593844775,0.120218025172792,1.0,0.03254696465099227,True,short cycle (<6mo); low R2 (0.03)
Mahihkan Battery 02-21,ABWI106021006604W400,3,2023-05-01,7,False,exponential,232.8857143007292,2.7932817612686106e-16,0.0,-2.220446049250313e-16,True,low R2 (-0.00)
Mahihkan Battery 02-21,ABWI106021006604W400,4,2023-12-01,15,False,hyperbolic,658.5505962497375,0.5891576984627661,1.7674786062708547,0.9424447695185297,False,
Mahihkan Battery 02-21,ABWI106021006604W400,5,2025-03-01,16,False,harmonic,189.19564790718852,0.12122116991636589,1.0,0.6637231938094308,False,
Mahihkan Battery 02-21,ABWI106021506504W400,1,2022-12-01,20,False,harmonic,238.63721094676217,0.4411491710134048,1.0,0.62145059979464,False,
Mahihkan Battery 02-21,ABWI106021506504W400,2,2024-08-01,4,True,harmonic,104.7209350047716,0.24843267495181623,1.0,0.37486017582330733,True,short cycle (<6mo); low R2 (0.37)
Mahihkan Battery 02-21,ABWI106021506504W400,3,2024-12-01,5,True,exponential,121.6215686997041,0.24606643064444164,0.0,0.8264893420058327,True,short cycle (<6mo)
Mahihkan Battery 02-21,ABWI106021506504W400,4,2025-05-01,14,False,harmonic,108.89999995715172,5.755292506220936e-26,1.0,-2.220446049250313e-16,True,low R2 (-0.00)
Mahihkan Battery 02-21,ABWI106022206504W400,1,2023-10-01,5,True,harmonic,191.80367017744717,0.5691265567366569,1.0,0.8165249115503835,True,short cycle (<6mo)
Mahihkan Battery 02-21,ABWI106022206504W400,2,2024-03-01,4,True,harmonic,100.49312022289959,0.134974224958948,1.0,0.22251302889275038,True,short cycle (<6mo); low R2 (0.22)
Mahihkan Battery 02-21,ABWI106022206504W400,3,2024-07-01,7,False,exponential,114.97648051954934,0.45616620880884795,0.0,0.9281224918293035,False,
Mahihkan Battery 02-21,ABWI106022206504W400,4,2025-02-01,9,False,exponential,145.56666634831498,1.1975934880140269e-15,0.0,-8.43769498715119e-15,True,low R2 (-0.00)
Mahihkan Battery 02-21,ABWI106022206504W400,5,2025-11-01,7,False,exponential,482.782013057619,0.3014746354331863,0.0,0.9470875550651183,False,
Mahihkan Battery 02-21,ABWI106022806604W400,1,2022-08-01,12,False,harmonic,76.41205399698472,0.3718475854429645,1.0,0.7722532267585797,False,
Mahihkan Battery 02-21,ABWI106022806604W400,2,2023-08-01,5,True,harmonic,39.865343082275444,0.27520424865007886,1.0,0.3403787889814123,True,short cycle (<6mo); low R2 (0.34)
Mahihkan Battery 02-21,ABWI106022806604W400,3,2024-01-01,5,True,exponential,41.9883130701554,0.14986249699312967,0.0,0.6434532162727843,True,short cycle (<6mo)
Mahihkan Battery 02-21,ABWI106022806604W400,4,2024-06-01,9,False,,,,,,True,too few data points to fit
Mahihkan Battery 02-21,ABWI106022806604W400,5,2025-03-01,6,False,exponential,133.67354756935077,0.5096622312666406,0.0,0.7995307425081367,False,
Mahihkan Battery 02-21,ABWI106022806604W400,6,2025-09-01,10,False,harmonic,72.29907695470588,0.4839514629214091,1.0,0.3803525629831329,True,low R2 (0.38)
Mahihkan Battery 02-21,ABWI106023406504W400,1,2024-03-01,16,False,exponential,321.6500000000112,2.523202528696891e-23,0.0,-2.220446049250313e-16,True,low R2 (-0.00)
Mahihkan Battery 02-21,ABWI106023406504W400,2,2025-07-01,12,False,harmonic,441.75884356339697,0.001653650095103472,1.0,0.001283300432001977,True,low R2 (0.00)
Mahihkan Battery 02-21,ABWI106023506504W400,1,2023-10-01,22,False,exponential,725.1520257263505,0.07775416144874489,0.0,0.9624046496803292,False,
Mahihkan Battery 02-21,ABWI106023506504W400,2,2025-08-01,11,False,harmonic,248.88692932578059,0.1303084519358664,1.0,0.6084734705977604,False,
Mahihkan Battery 02-21,ABWI106030306604W400,1,2022-11-01,8,False,harmonic,413.5144744464187,0.22943398807830148,1.0,0.7759179409911485,False,
Mahihkan Battery 02-21,ABWI106030306604W400,2,2023-07-01,22,False,harmonic,385.4413658700551,0.2585327807164755,1.0,0.8363114062511929,False,
Mahihkan Battery 02-21,ABWI106030306604W400,3,2025-05-01,11,False,exponential,103.21818169506106,4.140075960248915e-20,0.0,-2.220446049250313e-16,True,low R2 (-0.00)
Mahihkan Battery 02-21,ABWI106030306604W400,4,2026-04-01,3,True,,,,,,True,too few data points to fit
Mahihkan Battery 02-21,ABWI106031006604W400,1,2022-09-01,8,False,harmonic,376.2612720104303,0.1466240268596638,1.0,0.47969267851963526,True,low R2 (0.48)
Mahihkan Battery 02-21,ABWI106031006604W400,2,2023-05-01,8,False,harmonic,457.6183832896895,8.125142155957773,1.0,0.8912456669793187,True,very high Di (8.13/month)
Mahihkan Battery 02-21,ABWI106031006604W400,3,2024-01-01,4,True,exponential,214.5749997530537,2.3496824382537376e-16,0.0,-4.440892098500626e-16,True,short cycle (<6mo); low R2 (-0.00)
Mahihkan Battery 02-21,ABWI106031006604W400,4,2024-05-01,4,True,harmonic,603.9150346507844,11.6292991329779,1.0,0.9982438536105318,True,short cycle (<6mo); very high Di (11.63/month)
Mahihkan Battery 02-21,ABWI106031006604W400,5,2024-09-01,15,False,,,,,,True,too few data points to fit
Mahihkan Battery 02-21,ABWI106031506504W400,1,2023-05-01,13,False,harmonic,142.93654899655527,0.06496707825385126,1.0,0.41308519793397125,True,low R2 (0.41)
Mahihkan Battery 02-21,ABWI106031506504W400,2,2024-06-01,25,False,exponential,131.388,1.6150692368475933e-23,0.0,0.0,True,low R2 (0.00)
Mahihkan Battery 02-21,ABWI106032806504W400,1,2023-01-01,12,False,exponential,324.8006663674893,0.12211020867562188,0.0,0.663657567233038,False,
Mahihkan Battery 02-21,ABWI106032806504W400,2,2024-01-01,5,True,harmonic,75.9244480909642,0.340882434351652,1.0,0.755705726408631,True,short cycle (<6mo)
Mahihkan Battery 02-21,ABWI106032806504W400,3,2024-06-01,7,False,exponential,107.31428569145265,1.065888124476291e-15,0.0,-3.552713678800501e-15,True,low R2 (-0.00)
Mahihkan Battery 02-21,ABWI106032806504W400,4,2025-01-01,18,False,exponential,191.27222222222224,5.581447207240031e-19,0.0,0.0,True,low R2 (0.00)
Mahihkan Battery 02-21,ABWI106033506504W400,1,2022-11-01,16,False,harmonic,158.21006850545157,0.03717058409049863,1.0,0.1956135073014541,True,low R2 (0.20)
Mahihkan Battery 02-21,ABWI106033506504W400,2,2024-03-01,19,False,harmonic,115.43767024537485,0.011292294320933212,1.0,0.0367654262206335,True,low R2 (0.04)
Mahihkan Battery 02-21,ABWI106033506504W400,3,2025-10-01,9,False,harmonic,143.48512864374828,0.12602071354463085,1.0,0.24979707602349654,True,low R2 (0.25)
Mahihkan Battery 02-21,ABWI106040306604W400,1,2023-06-01,7,False,harmonic,493.8460162339792,0.25537685201890464,1.0,0.975300206969332,False,
Mahihkan Battery 02-21,ABWI106040306604W400,2,2024-01-01,5,True,exponential,261.12000000000006,5.67596149814829e-24,0.0,0.0,True,short cycle (<6mo); low R2 (0.00)
Mahihkan Battery 02-21,ABWI106040306604W400,3,2024-06-01,5,True,harmonic,462.81081007648,1.1434592735834055,1.0,0.4663697936031229,True,short cycle (<6mo); low R2 (0.47)
Mahihkan Battery 02-21,ABWI106040306604W400,4,2024-11-01,20,False,exponential,334.835,2.180541380647267e-22,0.0,0.0,True,low R2 (0.00)
Mahihkan Battery 02-21,ABWI106041006604W400,1,2023-12-01,4,True,harmonic,3409.6488866346263,0.7599505210164917,1.0,0.7969183829124518,True,short cycle (<6mo)
Mahihkan Battery 02-21,ABWI106041006604W400,2,2024-04-01,16,False,exponential,2731.537552051462,0.16377751985260883,0.0,0.9521155577775033,False,
Mahihkan Battery 02-21,ABWI106041006604W400,3,2025-08-01,8,False,harmonic,266.80916325251883,0.32927111568504,1.0,0.9509594228506525,False,
Mahihkan Battery 02-21,ABWI106042206504W400,1,2022-05-01,12,False,exponential,341.18095884946035,0.09209044798865322,0.0,0.8813466849146557,False,
Mahihkan Battery 02-21,ABWI106042206504W400,2,2023-05-01,18,False,harmonic,167.45968210992694,0.02817715290254183,1.0,0.1618864919024905,True,low R2 (0.16)
Mahihkan Battery 02-21,ABWI106042206504W400,3,2024-11-01,14,False,harmonic,168.98035955833473,0.1374525144107328,1.0,0.4659811759083723,True,low R2 (0.47)
Mahihkan Battery 02-21,ABWI106042206504W400,4,2026-01-01,6,False,exponential,118.7782409299428,0.4843146797302311,0.0,0.9627965302178672,False,
Mahihkan Battery 02-21,ABWI106042306504W400,1,2023-09-01,24,False,harmonic,386.9485822775053,0.09880299709581358,1.0,0.8939066587170582,False,
Mahihkan Battery 02-21,ABWI106042306504W400,2,2025-09-01,10,False,exponential,141.75555556109816,2.050480278818927e-16,0.0,-3.9968028886505635e-15,True,low R2 (-0.00)
Mahihkan Battery 02-21,ABWI106043506504W400,1,2022-05-01,23,False,hyperbolic,481.2345640244565,0.33143659660784075,1.9999999999999998,0.563401171175161,True,b pinned at bound (2.000)
Mahihkan Battery 02-21,ABWI106043506504W400,2,2024-04-01,27,False,harmonic,390.8846511322769,0.04087711217408522,1.0,0.8241525769023733,False,
Mahihkan Battery 02-21,ABWI106050306604W400,1,2022-07-01,29,False,exponential,329.11034482758623,2.903870125709128e-19,0.0,0.0,True,low R2 (0.00)
Mahihkan Battery 02-21,ABWI106050306604W400,2,2024-12-01,19,False,exponential,573.6506504254431,0.04558806689469027,0.0,0.6855480137571874,False,
Mahihkan Battery 02-21,ABWI106051006604W400,1,2023-05-01,15,False,exponential,190.35454520136352,2.947393863362127e-23,0.0,0.0,True,low R2 (0.00)
Mahihkan Battery 02-21,ABWI106051006604W400,2,2024-08-01,4,True,exponential,600.0699963714372,0.4750556595707825,0.0,0.8626267389475664,True,short cycle (<6mo)
Mahihkan Battery 02-21,ABWI106051006604W400,3,2024-12-01,19,False,,,,,,True,too few data points to fit
Mahihkan Battery 02-21,ABWI106051506504W400,1,2025-01-01,4,True,,,,,,True,too few data points to fit
Mahihkan Battery 02-21,ABWI106052206504W400,1,2022-08-01,9,False,harmonic,136.30097240526797,0.20858933666860668,1.0,0.37615870827008024,True,low R2 (0.38)
Mahihkan Battery 02-21,ABWI106052206504W400,2,2023-05-01,8,False,harmonic,123.61362524477249,0.0006694098187815546,1.0,4.68201239057775e-05,True,low R2 (0.00)
Mahihkan Battery 02-21,ABWI106052206504W400,3,2024-01-01,30,False,exponential,151.65923382692415,0.033741143635260276,0.0,0.5723723017797171,False,
Mahihkan Battery 02-21,ABWI106052306504W400,1,2024-01-01,30,False,exponential,350.55519686143714,0.016280352754443915,0.0,0.29014994002439254,True,low R2 (0.29)
Mahihkan Battery 02-21,ABWI106052706504W400,1,2022-11-01,12,False,exponential,234.06626489395703,0.06020651059407025,0.0,0.32648847878978626,True,low R2 (0.33)
Mahihkan Battery 02-21,ABWI106052706504W400,2,2023-11-01,5,True,harmonic,202.272762167683,0.18003835624142617,1.0,0.11896268928707521,True,short cycle (<6mo); low R2 (0.12)
Mahihkan Battery 02-21,ABWI106052706504W400,3,2024-04-01,8,False,exponential,171.3375,1.0966076237803397e-24,0.0,0.0,True,low R2 (0.00)
Mahihkan Battery 02-21,ABWI106052706504W400,4,2024-12-01,19,False,harmonic,245.10364489681817,0.07123628154948569,1.0,0.49827368370677116,True,low R2 (0.50)
Mahihkan Battery 02-21,ABWI106052806504W400,1,2022-11-01,12,False,exponential,505.9747066036484,0.09546556995276562,0.0,0.7982100502300609,False,
Mahihkan Battery 02-21,ABWI106052806504W400,2,2023-11-01,8,False,harmonic,219.771027297436,0.07641517915580794,1.0,0.07726749498913599,True,low R2 (0.08)
Mahihkan Battery 02-21,ABWI106052806504W400,3,2024-07-01,24,False,exponential,247.25418625344025,0.025453088816025354,0.0,0.5088531202165422,False,
Mahihkan Battery 02-21,ABWI106053506504W400,1,2022-10-01,11,False,harmonic,377.88533876111836,0.030424035798022015,1.0,0.03874404078743865,True,low R2 (0.04)
Mahihkan Battery 02-21,ABWI106053506504W400,2,2023-09-01,19,False,harmonic,430.25044028287914,0.22613506282750634,1.0,0.7931603080170396,False,
Mahihkan Battery 02-21,ABWI106053506504W400,3,2025-04-01,4,True,harmonic,328.58315192055386,2.6365503376172654,1.0,0.9753110394147617,True,short cycle (<6mo); very high Di (2.64/month)
Mahihkan Battery 02-21,ABWI106053506504W400,4,2025-08-01,5,True,exponential,80.27468089638154,0.29194954980486293,0.0,0.6189765418739148,True,short cycle (<6mo)
Mahihkan Battery 02-21,ABWI106053506504W400,5,2026-01-01,6,False,harmonic,71.15251515921996,0.21584236795965397,1.0,0.3364051405800291,True,low R2 (0.34)
Mahihkan Battery 02-21,ABWI106060306604W400,1,2022-08-01,9,False,harmonic,235.24853143846047,0.645042251708157,1.0,0.4728940277831185,True,low R2 (0.47)
Mahihkan Battery 02-21,ABWI106060306604W400,2,2023-05-01,6,False,exponential,125.58333333333334,2.3152375929730122e-17,0.0,0.0,True,low R2 (0.00)
Mahihkan Battery 02-21,ABWI106060306604W400,3,2023-11-01,15,False,harmonic,183.21641460141205,0.2194961993637496,1.0,0.7276039605838958,False,
Mahihkan Battery 02-21,ABWI106060306604W400,4,2025-02-01,17,False,harmonic,127.46378495975772,0.024957965243178587,1.0,0.06612891533865728,True,low R2 (0.07)
Mahihkan Battery 02-21,ABWI106060906604W400,1,2023-06-01,5,True,harmonic,172.40314642530734,0.02535845234076632,1.0,0.018324352535296184,True,short cycle (<6mo); low R2 (0.02)
Mahihkan Battery 02-21,ABWI106060906604W400,2,2023-11-01,11,False,harmonic,167.16363668059597,2.5028534585476276e-17,1.0,-4.440892098500626e-16,True,low R2 (-0.00)
Mahihkan Battery 02-21,ABWI106060906604W400,3,2024-10-01,15,False,harmonic,229.22647350372696,0.04233764291898172,1.0,0.36445659944457587,True,low R2 (0.36)
Mahihkan Battery 02-21,ABWI106060906604W400,4,2026-01-01,6,False,exponential,209.29198270580773,0.21729346028701083,0.0,0.8905831576602496,False,
Mahihkan Battery 02-21,ABWI106062106604W400,1,2022-08-01,14,False,exponential,86.2363636365039,1.1770640772239286e-21,0.0,-2.220446049250313e-16,True,low R2 (-0.00)
Mahihkan Battery 02-21,ABWI106062106604W400,2,2023-10-01,11,False,harmonic,158.27351415835741,0.12980746606287807,1.0,0.013796152795719885,True,low R2 (0.01)
Mahihkan Battery 02-21,ABWI106062106604W400,3,2024-09-01,6,False,harmonic,333.9530195333306,3.693700346135254,1.0,0.4646694045727081,True,low R2 (0.46); very high Di (3.69/month)
Mahihkan Battery 02-21,ABWI106062106604W400,4,2025-03-01,10,False,harmonic,250.09644568651996,0.43441911183276377,1.0,0.3659804511884518,True,low R2 (0.37)
Mahihkan Battery 02-21,ABWI106062106604W400,5,2026-01-01,6,False,exponential,149.25156482274795,0.07979801876438301,0.0,0.4541587854387109,True,low R2 (0.45)
Mahihkan Battery 02-21,ABWI106062206504W400,1,2022-08-01,36,False,hyperbolic,192.58216297548685,0.12373036634515328,1.9999999999999998,0.6932974764372221,True,b pinned at bound (2.000)
Mahihkan Battery 02-21,ABWI106062206504W400,2,2025-08-01,11,False,harmonic,59.14950951344221,0.005308573989309061,1.0,0.002894088246337412,True,low R2 (0.00)
Mahihkan Battery 02-21,ABWI106062706504W400,1,2022-12-01,5,True,exponential,144.20234628144127,0.24600790859000188,0.0,0.5710461149537871,True,short cycle (<6mo)
Mahihkan Battery 02-21,ABWI106062706504W400,2,2023-05-01,4,True,harmonic,129.5335383461043,0.04284782866396421,1.0,0.027977584098360264,True,short cycle (<6mo); low R2 (0.03)
Mahihkan Battery 02-21,ABWI106062706504W400,3,2023-09-01,21,False,harmonic,179.46424751424155,0.23185771629949192,1.0,0.6155229513248124,False,
Mahihkan Battery 02-21,ABWI106062706504W400,4,2025-06-01,6,False,harmonic,72.91665682909725,0.6726381102026603,1.0,0.34559997104000406,True,low R2 (0.35)
Mahihkan Battery 02-21,ABWI106062706504W400,5,2025-12-01,7,False,exponential,80.95714285714286,7.71243132629748e-23,0.0,0.0,True,low R2 (0.00)
Mahihkan Battery 02-21,ABWI106063306604W400,1,2022-08-01,36,False,harmonic,214.2357854436058,0.12577666334079257,1.0,0.8069005249803669,False,
Mahihkan Battery 02-21,ABWI106063306604W400,2,2025-08-01,6,False,harmonic,70.85258121824728,0.13617736181538842,1.0,0.05310882750257084,True,low R2 (0.05)
Mahihkan Battery 02-21,ABWI106063306604W400,3,2026-02-01,5,True,harmonic,209.50704482363872,0.6502783930279007,1.0,0.842646804609735,True,short cycle (<6mo)
Mahihkan Battery 02-21,ABWI106063406504W400,1,2024-01-01,30,False,exponential,356.64,1.6482997841138635e-18,0.0,-2.220446049250313e-16,True,low R2 (-0.00)
Mahihkan Battery 02-21,ABWI106063506504W402,1,2024-05-01,14,False,,,,,,True,too few data points to fit
Mahihkan Battery 02-21,ABWI106063506504W402,2,2025-07-01,7,False,exponential,108.1758481935763,0.42297526301171656,0.0,0.818658537121108,False,
Mahihkan Battery 02-21,ABWI106063506504W402,3,2026-02-01,5,True,harmonic,103.48328060001266,0.10137747931483992,1.0,0.13496776737953087,True,short cycle (<6mo); low R2 (0.13)
Mahihkan Battery 02-21,ABWI106070306604W400,1,2023-06-01,6,False,exponential,58.318398375343634,0.8575449608148725,0.0,0.985874463511516,False,
Mahihkan Battery 02-21,ABWI106070306604W400,2,2023-12-01,7,False,harmonic,44.36303723557153,1.7700136411751104,1.0,0.9629279134670193,False,
Mahihkan Battery 02-21,ABWI106070306604W400,3,2024-07-01,4,True,,,,,,True,too few data points to fit
Mahihkan Battery 02-21,ABWI106070306604W400,4,2024-11-01,7,False,,,,,,True,too few data points to fit
Mahihkan Battery 02-21,ABWI106070306604W400,5,2025-06-01,7,False,harmonic,101.1186658315975,3.7343440078820986,1.0,0.9834235242101849,True,very high Di (3.73/month)
Mahihkan Battery 02-21,ABWI106070306604W400,6,2026-01-01,5,True,exponential,8.757237363454257,0.39819498456785646,0.0,0.8970489107982027,True,short cycle (<6mo)
Mahihkan Battery 02-21,ABWI106071506504W400,1,2023-05-01,6,False,harmonic,39.30114932635061,0.07002291702036059,1.0,0.11956985736976722,True,low R2 (0.12)
Mahihkan Battery 02-21,ABWI106071506504W400,2,2023-11-01,8,False,exponential,74.3000006727402,2.3600786929668732e-15,0.0,-4.218847493575595e-15,True,low R2 (-0.00)
Mahihkan Battery 02-21,ABWI106071506504W400,3,2024-07-01,9,False,exponential,271.7444444444444,2.3419308123748788e-29,0.0,0.0,True,low R2 (0.00)
Mahihkan Battery 02-21,ABWI106071506504W400,4,2025-04-01,15,False,harmonic,481.72083502774376,0.07375410738635602,1.0,0.3110969230356262,True,low R2 (0.31)
Mahihkan Battery 02-21,ABWI106072006604W400,1,2023-01-01,6,False,harmonic,3886.0055224940106,1.0303376397920434,1.0,0.6919831660664639,False,
Mahihkan Battery 02-21,ABWI106072006604W400,2,2023-07-01,16,False,harmonic,1678.454978718812,0.4925650032311196,1.0,0.8542922706760592,False,
Mahihkan Battery 02-21,ABWI106072006604W400,3,2024-11-01,6,False,exponential,951.5166666666668,9.532268787491171e-25,0.0,0.0,True,low R2 (0.00)
Mahihkan Battery 02-21,ABWI106072006604W400,4,2025-05-01,7,False,harmonic,1716.7550598154507,2.572204249889857,1.0,0.8864722916804553,True,very high Di (2.57/month)
Mahihkan Battery 02-21,ABWI106072006604W400,5,2025-12-01,7,False,harmonic,598.5495596420585,0.4201843092256017,1.0,0.7343051068438754,False,
Mahihkan Battery 02-21,ABWI106072206504W400,1,2022-07-01,5,True,harmonic,857.7907199297847,0.5338029280540105,1.0,0.6979531788370787,True,short cycle (<6mo)
Mahihkan Battery 02-21,ABWI106072206504W400,2,2022-12-01,22,False,hyperbolic,621.4676293934249,0.20696595501776763,1.9999999999999998,0.6999514719068703,True,b pinned at bound (2.000)
Mahihkan Battery 02-21,ABWI106072206504W400,3,2024-10-01,21,False,harmonic,309.90748887715284,0.035162413432264394,1.0,0.5861144703975658,False,
Mahihkan Battery 02-21,ABWI106072706504W400,1,2023-02-01,11,False,exponential,1608.4307997329572,0.19676398591123145,0.0,0.8700214722216922,False,
Mahihkan Battery 02-21,ABWI106072706504W400,2,2024-01-01,30,False,exponential,533.2866666666666,1.8303623881708867e-22,0.0,1.1102230246251565e-16,True,low R2 (0.00)
Mahihkan Battery 02-21,ABWI106073406504W400,1,2022-09-01,6,False,exponential,515.3308057994254,0.3421575639111939,0.0,0.8841663101860683,False,
Mahihkan Battery 02-21,ABWI106073406504W400,2,2023-03-01,7,False,harmonic,376.0416198602136,0.06615968419108384,1.0,0.13505018529387547,True,low R2 (0.14)
Mahihkan Battery 02-21,ABWI106073406504W400,3,2023-10-01,12,False,harmonic,499.31208888546934,0.09303882524814491,1.0,0.2977089561086347,True,low R2 (0.30)
Mahihkan Battery 02-21,ABWI106073406504W400,4,2024-10-01,21,False,harmonic,597.184315885174,0.029889670749492857,1.0,0.42062376408056046,True,low R2 (0.42)
Mahihkan Battery 02-21,ABWI106080406604W400,1,2023-06-01,13,False,harmonic,411.47335048410673,0.08632173503513563,1.0,0.5473837314038175,False,
Mahihkan Battery 02-21,ABWI106080406604W400,2,2024-07-01,24,False,harmonic,341.6223949903726,0.007256143543481698,1.0,0.029468359788672682,True,low R2 (0.03)
Mahihkan Battery 02-21,ABWI106081506504W400,1,2023-01-01,9,False,harmonic,59.55904569754538,0.078100111728834,1.0,0.20030696616629518,True,low R2 (0.20)
Mahihkan Battery 02-21,ABWI106081506504W400,2,2023-10-01,7,False,harmonic,74.50514070983446,0.39870074354096807,1.0,0.5838999632739993,False,
Mahihkan Battery 02-21,ABWI106081506504W400,3,2024-05-01,9,False,exponential,57.77777777777778,2.3981348483980326e-22,0.0,0.0,True,low R2 (0.00)
Mahihkan Battery 02-21,ABWI106081506504W400,4,2025-02-01,17,False,harmonic,120.80876566400349,0.1278226583012619,1.0,0.7182595596411447,False,
Mahihkan Battery 02-21,ABWI106082106504W400,1,2022-08-01,22,False,harmonic,154.14800894609397,0.06980161100027807,1.0,0.5225339375095238,False,
Mahihkan Battery 02-21,ABWI106082106504W400,2,2024-06-01,10,False,exponential,103.0766534637839,0.10472420625013901,0.0,0.7370198221005554,False,
Mahihkan Battery 02-21,ABWI106082106504W400,3,2025-04-01,4,True,exponential,36.20000000000098,1.7673957647220263e-14,0.0,-3.9968028886505635e-15,True,short cycle (<6mo); low R2 (-0.00)
Mahihkan Battery 02-21,ABWI106082106504W400,4,2025-08-01,4,True,exponential,84.97475955086186,0.5286695927312252,0.0,0.8005124324078055,True,short cycle (<6mo)
Mahihkan Battery 02-21,ABWI106082106504W400,5,2025-12-01,4,True,exponential,33.48894695235202,0.383709681827744,0.0,0.7818119352624835,True,short cycle (<6mo)
Mahihkan Battery 02-21,ABWI106082106504W400,6,2026-04-01,3,True,,,,,,True,too few data points to fit
Mahihkan Battery 02-21,ABWI106082706504W400,1,2023-03-01,9,False,harmonic,212.7498531938113,0.24606501760589453,1.0,0.36411314785652693,True,low R2 (0.36)
Mahihkan Battery 02-21,ABWI106082706504W400,2,2023-12-01,17,False,hyperbolic,162.25352037957262,2.7348055630612245,1.9999999999999998,0.4014288855345589,True,low R2 (0.40); very high Di (2.73/month); b pinned at bound (2.000)
Mahihkan Battery 02-21,ABWI106082706504W400,3,2025-05-01,7,False,exponential,252.80240223847886,0.1801837689375664,0.0,0.7307397819250884,False,
Mahihkan Battery 02-21,ABWI106082706504W400,4,2025-12-01,7,False,harmonic,135.07142857142858,1.0245928039715027e-18,1.0,0.0,True,low R2 (0.00)
Mahihkan Battery 02-21,ABWI106083406504W400,1,2023-03-01,17,False,exponential,262.5706990590326,0.08969842658412407,0.0,0.7274529011185152,False,
Mahihkan Battery 02-21,ABWI106083406504W400,2,2024-08-01,10,False,exponential,78.67,2.089693249192696e-18,0.0,0.0,True,low R2 (0.00)
Mahihkan Battery 02-21,ABWI106083406504W400,3,2025-06-01,13,False,exponential,150.2615384648881,2.0904669740659563e-18,0.0,0.0,True,low R2 (0.00)
Mahihkan Battery 02-21,ABWI106091506504W400,1,2022-05-01,17,False,exponential,262.5623184618636,0.09692336827044022,0.0,0.8305553717424152,False,
Mahihkan Battery 02-21,ABWI106091506504W400,2,2023-10-01,7,False,exponential,99.071428571459,2.4388459086781355e-22,0.0,-2.220446049250313e-16,True,low R2 (-0.00)
Mahihkan Battery 02-21,ABWI106091506504W400,3,2024-05-01,4,True,harmonic,155.71020852731155,1.866060212708441,1.0,0.9474275849107862,True,short cycle (<6mo)
Mahihkan Battery 02-21,ABWI106091506504W400,4,2024-09-01,11,False,exponential,86.28181818184466,7.254949525006502e-22,0.0,-2.220446049250313e-16,True,low R2 (-0.00)
Mahihkan Battery 02-21,ABWI106091506504W400,5,2025-08-01,11,False,harmonic,165.84223557237175,0.1693907230006763,1.0,0.7207876243580713,False,
Mahihkan Battery 02-21,ABWI106091606504W400,1,2022-08-01,19,False,exponential,244.70112877514453,0.07324400273176745,0.0,0.5941497864584525,False,
Mahihkan Battery 02-21,ABWI106091606504W400,2,2024-03-01,5,True,harmonic,196.00708899607912,0.2200650720093528,1.0,0.42715681939872074,True,short cycle (<6mo); low R2 (0.43)
Mahihkan Battery 02-21,ABWI106091606504W400,3,2024-08-01,12,False,exponential,225.4677760760882,0.09419184481170735,0.0,0.7440927812835676,False,
Mahihkan Battery 02-21,ABWI106091606504W400,4,2025-08-01,11,False,harmonic,124.60494364590687,0.1079723805335966,1.0,0.5383366757677045,False,
Mahihkan Battery 02-21,ABWI106092106504W400,1,2025-05-01,14,False,exponential,54.164285714439224,7.613589819294335e-19,0.0,2.220446049250313e-16,True,low R2 (0.00)
Mahihkan Battery 02-21,ABWI106092706504W400,1,2023-03-01,33,False,hyperbolic,351.02364844531326,0.05959961818019792,1.9999999999999998,0.3217263769785411,True,low R2 (0.32); b pinned at bound (2.000)
Mahihkan Battery 02-21,ABWI106092706504W400,2,2025-12-01,5,True,harmonic,305.68178374658584,0.3087664039900867,1.0,0.8208984632368944,True,short cycle (<6mo)
Mahihkan Battery 02-21,ABWI106092706504W400,3,2026-05-01,2,True,,,,,,True,too few data points to fit
Mahihkan Battery 02-21,ABWI106092806504W400,1,2022-06-01,11,False,harmonic,238.927828048896,0.43552127291511594,1.0,0.5386050385321244,False,
Mahihkan Battery 02-21,ABWI106092806504W400,2,2023-05-01,11,False,harmonic,261.5318692028585,0.1456282416695518,1.0,0.720664613535109,False,
Mahihkan Battery 02-21,ABWI106092806504W400,3,2024-04-01,7,False,harmonic,141.71830497648742,0.011548240863387469,1.0,0.001333357577570915,True,low R2 (0.00)
Mahihkan Battery 02-21,ABWI106092806504W400,4,2024-11-01,7,False,harmonic,165.31609745484712,0.13598898752767527,1.0,0.08036895199845961,True,low R2 (0.08)
Mahihkan Battery 02-21,ABWI106092806504W400,5,2025-06-01,13,False,exponential,111.90000000944688,1.5201723525917662e-15,0.0,-4.440892098500626e-15,True,low R2 (-0.00)
Mahihkan Battery 02-21,ABWI106092906504W400,1,2022-06-01,25,False,harmonic,363.6533041865106,0.0358640887895883,1.0,0.30510149060907865,True,low R2 (0.31)
Mahihkan Battery 02-21,ABWI106092906504W400,2,2024-07-01,13,False,exponential,258.6923076923096,1.1889466471943542e-15,0.0,-4.440892098500626e-16,True,low R2 (-0.00)
Mahihkan Battery 02-21,ABWI106092906504W400,3,2025-08-01,11,False,harmonic,324.6193388147622,0.06367996018081623,1.0,0.7191808395560775,False,
Mahihkan Battery 02-21,ABWI106101006504W400,1,2023-04-01,11,False,exponential,54.68181818181818,1.3065134500798684e-20,0.0,0.0,True,low R2 (0.00)
Mahihkan Battery 02-21,ABWI106101006504W400,2,2024-03-01,7,False,exponential,110.47142910007145,5.680223496106645e-16,0.0,-1.1102230246251565e-15,True,low R2 (-0.00)
Mahihkan Battery 02-21,ABWI106101006504W400,3,2024-10-01,21,False,harmonic,259.45761203552627,0.05635819050775683,1.0,0.19033850327575186,True,low R2 (0.19)
Mahihkan Battery 02-21,ABWI106101406504W400,1,2023-07-01,11,False,harmonic,156.80391446990646,0.161015413313641,1.0,0.08277243026298742,True,low R2 (0.08)
Mahihkan Battery 02-21,ABWI106101406504W400,2,2024-06-01,9,False,exponential,117.13333333333347,2.844650853584834e-16,0.0,-2.220446049250313e-16,True,low R2 (-0.00)
Mahihkan Battery 02-21,ABWI106101406504W400,3,2025-03-01,16,False,harmonic,131.7319708326852,0.06243955225908317,1.0,0.4846636044041316,True,low R2 (0.48)
Mahihkan Battery 02-21,ABWI106101506504W400,1,2022-09-01,18,False,exponential,68.25555561317661,1.3341183317355074e-20,0.0,0.0,True,low R2 (0.00)
Mahihkan Battery 02-21,ABWI106101506504W400,2,2024-03-01,18,False,harmonic,370.1406712380304,0.14655280916202582,1.0,0.43054672992511533,True,low R2 (0.43)
Mahihkan Battery 02-21,ABWI106101506504W400,3,2025-09-01,5,True,harmonic,335.5565969196993,0.4680052333925323,1.0,0.2310718330319479,True,short cycle (<6mo); low R2 (0.23)
Mahihkan Battery 02-21,ABWI106101506504W400,4,2026-02-01,5,True,exponential,345.6945316005423,0.1287233315240454,0.0,0.8500893440185889,True,short cycle (<6mo)
Mahihkan Battery 02-21,ABWI106102106504W400,1,2023-07-01,22,False,harmonic,53.67166559367638,0.08819510643928734,1.0,0.3534171559188024,True,low R2 (0.35)
Mahihkan Battery 02-21,ABWI106102106504W400,2,2025-05-01,12,False,exponential,40.21111111111111,1.4405344372268097e-21,0.0,-2.220446049250313e-16,True,low R2 (-0.00)
Mahihkan Battery 02-21,ABWI106102106504W400,3,2026-05-01,2,True,,,,,,True,too few data points to fit
Mahihkan Battery 02-21,ABWI106102706504W400,1,2022-05-01,7,False,exponential,188.17142857142858,4.00253385995045e-23,0.0,0.0,True,low R2 (0.00)
Mahihkan Battery 02-21,ABWI106102706504W400,2,2022-12-01,17,False,harmonic,275.3478358205742,0.004880010011801016,1.0,0.007673176348568678,True,low R2 (0.01)
Mahihkan Battery 02-21,ABWI106102706504W400,3,2024-05-01,6,False,harmonic,365.23665754074943,0.386256977365916,1.0,0.6918094141128487,False,
Mahihkan Battery 02-21,ABWI106102706504W400,4,2024-11-01,4,True,harmonic,236.81209409746896,0.44610153570224764,1.0,0.8706649488403932,True,short cycle (<6mo)
Mahihkan Battery 02-21,ABWI106102706504W400,5,2025-03-01,16,False,harmonic,295.7529662562627,0.048878478393350286,1.0,0.2633506280205907,True,low R2 (0.26)
Mahihkan Battery 02-21,ABWI106102806504W400,1,2023-11-01,9,False,harmonic,255.85555555555592,1.4190219289732813e-24,1.0,1.1102230246251565e-16,True,low R2 (0.00)
Mahihkan Battery 02-21,ABWI106102806504W400,2,2024-08-01,23,False,hyperbolic,391.20760183088805,0.06351233470406917,1.9999999999999998,0.355279959778514,True,low R2 (0.36); b pinned at bound (2.000)
Mahihkan Battery 02-21,ABWI106103406504W400,1,2022-07-01,13,False,harmonic,96.87875581352175,0.5074232213703637,1.0,0.8453446368791373,False,
Mahihkan Battery 02-21,ABWI106103406504W400,2,2023-08-01,13,False,exponential,15.928571428614838,1.2433928228773932e-19,0.0,1.1102230246251565e-16,True,low R2 (0.00)
Mahihkan Battery 02-21,ABWI106103406504W400,3,2024-09-01,4,True,harmonic,160.9931920048055,0.6984790035770588,1.0,0.31016969798878,True,short cycle (<6mo); low R2 (0.31)
Mahihkan Battery 02-21,ABWI106103406504W400,4,2025-01-01,4,True,harmonic,125.57276981579507,0.4114745501785532,1.0,0.38674729939553765,True,short cycle (<6mo); low R2 (0.39)
Mahihkan Battery 02-21,ABWI106103406504W400,5,2025-05-01,14,False,harmonic,125.74196802849167,0.0065458400065906246,1.0,0.022564799045919348,True,low R2 (0.02)
Mahihkan Battery 02-21,ABWI106103506504W400,1,2023-02-01,10,False,harmonic,219.79114817398687,0.25919101627086355,1.0,0.23759334896890616,True,low R2 (0.24)
Mahihkan Battery 02-21,ABWI106103506504W400,2,2023-12-01,13,False,harmonic,153.87813064567706,0.04063653598387258,1.0,0.02571058653697189,True,low R2 (0.03)
Mahihkan Battery 02-21,ABWI106103506504W400,3,2025-01-01,3,True,,,,,,True,too few data points to fit
Mahihkan Battery 02-21,ABWI106111006504W400,1,2022-07-01,5,True,exponential,30.200000000000003,1.218607956894335e-21,0.0,-2.220446049250313e-16,True,short cycle (<6mo); low R2 (-0.00)
Mahihkan Battery 02-21,ABWI106111006504W400,2,2022-12-01,12,False,exponential,75.52756364481102,0.17263712883198917,0.0,0.8667673572600811,False,
Mahihkan Battery 02-21,ABWI106111006504W400,3,2023-12-01,10,False,harmonic,18.2071732228535,0.059730311918345255,1.0,0.27309813124920335,True,low R2 (0.27)
Mahihkan Battery 02-21,ABWI106111006504W400,4,2024-10-01,10,False,harmonic,21.24999999141708,1.4684936835627472e-15,1.0,-2.042810365310288e-14,True,low R2 (-0.00)
Mahihkan Battery 02-21,ABWI106111006504W400,5,2025-08-01,8,False,harmonic,37.258139339258605,0.2153363386796664,1.0,0.4017944203939956,True,low R2 (0.40)
Mahihkan Battery 02-21,ABWI106111006504W400,6,2026-04-01,3,True,,,,,,True,too few data points to fit
Mahihkan Battery 02-21,ABWI106111506504W400,1,2022-09-01,6,False,harmonic,32.08662651957284,0.46052732738269947,1.0,0.7932412552214655,False,
Mahihkan Battery 02-21,ABWI106111506504W400,2,2023-03-01,14,False,exponential,21.366666605233277,3.1157684927446806e-22,0.0,-4.440892098500626e-16,True,low R2 (-0.00)
Mahihkan Battery 02-21,ABWI106111506504W400,3,2024-05-01,4,True,harmonic,196.87727853395336,0.3035046309362345,1.0,0.06192550442029743,True,short cycle (<6mo); low R2 (0.06)
Mahihkan Battery 02-21,ABWI106111506504W400,4,2024-09-01,7,False,harmonic,282.96751112368577,0.8734345738227489,1.0,0.8962021320153711,False,
Mahihkan Battery 02-21,ABWI106111506504W400,5,2025-04-01,15,False,harmonic,67.08780105372739,0.11463411701859591,1.0,0.5186543486456361,False,
Mahihkan Battery 02-21,ABWI106112206504W400,1,2022-09-01,16,False,exponential,313.0579264214633,0.17738300660014253,0.0,0.7446995070734171,False,
Mahihkan Battery 02-21,ABWI106112206504W400,2,2024-01-01,19,False,hyperbolic,60.722722570673874,0.16362252224173549,1.999999999999999,0.6241792356427746,True,b pinned at bound (2.000)
Mahihkan Battery 02-21,ABWI106112206504W400,3,2025-08-01,8,False,exponential,33.5000000000003,2.1187163083553517e-24,0.0,0.0,True,low R2 (0.00)
Mahihkan Battery 02-21,ABWI106112206504W400,4,2026-04-01,3,True,,,,,,True,too few data points to fit
Mahihkan Battery 02-21,ABWI106112706504W400,1,2022-08-01,12,False,exponential,64.74999995940483,8.473330800718918e-16,0.0,-9.103828801926284e-15,True,low R2 (-0.00)
Mahihkan Battery 02-21,ABWI106112706504W400,2,2023-08-01,7,False,harmonic,116.26972940607945,0.8296646221475623,1.0,0.5943176256766687,False,
Mahihkan Battery 02-21,ABWI106112706504W400,3,2024-03-01,21,False,harmonic,82.56190476323295,5.580077737711056e-17,1.0,-4.440892098500626e-16,True,low R2 (-0.00)
Mahihkan Battery 02-21,ABWI106112706504W400,4,2025-12-01,7,False,harmonic,106.73228911420446,0.15207128399514838,1.0,0.8066881329728386,False,
Mahihkan Battery 02-21,ABWI106112806504W400,1,2024-02-01,10,False,harmonic,334.8167199310236,0.33436884385800025,1.0,0.7633921179600398,False,
Mahihkan Battery 02-21,ABWI106112806504W400,2,2024-12-01,11,False,harmonic,147.4901899486393,0.03012814204613823,1.0,0.034506691020955715,True,low R2 (0.03)
Mahihkan Battery 02-21,ABWI106112806504W400,3,2025-11-01,8,False,harmonic,146.2501171168526,0.07074776185247611,1.0,0.37986743252049393,True,low R2 (0.38)
Mahihkan Battery 02-21,ABWI106113406504W400,1,2024-01-01,30,False,hyperbolic,464.43350642678877,0.16341302357860427,1.9999999999999643,0.7497891719097964,True,b pinned at bound (2.000)
Mahihkan Battery 02-21,ABWI106113506504W400,1,2022-08-01,9,False,,,,,,True,too few data points to fit
Mahihkan Battery 02-21,ABWI106113506504W400,2,2023-05-01,9,False,harmonic,22.4994090761009,2.14068424460718,1.0,0.9984239446165619,True,very high Di (2.14/month)
Mahihkan Battery 02-21,ABWI106120306604W400,1,2023-04-01,15,False,exponential,233.6866666911524,9.848345326190291e-21,0.0,-2.220446049250313e-16,True,low R2 (-0.00)
Mahihkan Battery 02-21,ABWI106120306604W400,2,2024-07-01,24,False,harmonic,431.2455830543304,0.07201799757632125,1.0,0.7719552217495551,False,
Mahihkan Battery 02-21,ABWI106121006604W400,1,2022-10-01,22,False,harmonic,7084.230589209642,0.22335975936626926,1.0,0.8854185852390447,False,
Mahihkan Battery 02-21,ABWI106121006604W400,2,2024-08-01,23,False,hyperbolic,3180.900213406772,0.3039981648200316,1.999999999999945,0.5065252739870187,True,b pinned at bound (2.000)
Mahihkan Battery 02-21,ABWI106122606504W400,1,2023-11-01,4,True,exponential,294.9484432476809,0.2445813275939299,0.0,0.7729474755220835,True,short cycle (<6mo)
Mahihkan Battery 02-21,ABWI106122606504W400,2,2024-03-01,15,False,harmonic,215.75844861353198,0.0030208374331872107,1.0,0.00043279660962025623,True,low R2 (0.00)
Mahihkan Battery 02-21,ABWI106122606504W400,3,2025-06-01,5,True,harmonic,412.07610646550864,0.15519728507342853,1.0,0.2966628336543389,True,short cycle (<6mo); low R2 (0.30)
Mahihkan Battery 02-21,ABWI106122606504W400,4,2025-11-01,4,True,exponential,463.8338194625887,0.8566233080780277,0.0,0.9402135830435101,True,short cycle (<6mo)
Mahihkan Battery 02-21,ABWI106122606504W400,5,2026-03-01,4,True,exponential,57.124999531405685,1.0587470291667773e-16,0.0,-2.220446049250313e-16,True,short cycle (<6mo); low R2 (-0.00)
Mahihkan Battery 02-21,ABWI106122806504W400,1,2022-09-01,11,False,exponential,11.237499999999999,2.0208608677397227e-18,0.0,2.220446049250313e-16,True,low R2 (0.00)
Mahihkan Battery 02-21,ABWI106123406504W400,1,2023-05-01,9,False,exponential,475.06666666668167,1.8014680067116696e-24,0.0,0.0,True,low R2 (0.00)
Mahihkan Battery 02-21,ABWI106123406504W400,2,2024-02-01,13,False,harmonic,847.319859265782,0.10254359365169195,1.0,0.4132460756127343,True,low R2 (0.41)
Mahihkan Battery 02-21,ABWI106123406504W400,3,2025-03-01,16,False,harmonic,748.3986298481547,0.010077639134579836,1.0,0.034909762400526234,True,low R2 (0.03)
Mahihkan Battery 02-21,ABWI106123506504W400,1,2024-05-01,14,False,harmonic,665.5166721692792,0.11288596510775056,1.0,0.5988478407096884,False,
Mahihkan Battery 02-21,ABWI106123506504W400,2,2025-07-01,12,False,exponential,569.2655915249587,0.09162616274000651,0.0,0.5714013012888082,False,
Mahihkan Battery 02-21,ABWI106130306604W400,1,2024-01-01,6,False,harmonic,930.1585896757897,0.4274352911088988,1.0,0.5066343386614012,False,
Mahihkan Battery 02-21,ABWI106130306604W400,2,2024-07-01,24,False,exponential,571.8870357980487,0.042707249417988646,0.0,0.5946986988046681,False,
Mahihkan Battery 02-21,ABWI106131406504W400,1,2022-08-01,19,False,exponential,87.28333338151228,9.611800433580597e-17,0.0,-2.220446049250313e-16,True,low R2 (-0.00)
Mahihkan Battery 02-21,ABWI106131406504W400,2,2024-03-01,12,False,exponential,147.77349250010695,8.398665121106313e-06,0.0,3.2876428246453315e-09,True,low R2 (0.00)
Mahihkan Battery 02-21,ABWI106131406504W400,3,2025-03-01,16,False,exponential,206.22250006758043,0.10123857490271021,0.0,0.6462436354852639,False,
Mahihkan Battery 02-21,ABWI106131506504W400,1,2022-08-01,5,True,exponential,113.69999996175257,5.600630573353392e-16,0.0,-1.3322676295501878e-15,True,short cycle (<6mo); low R2 (-0.00)
Mahihkan Battery 02-21,ABWI106131506504W400,2,2023-01-01,7,False,harmonic,209.58571509466177,3.2492224488028735e-23,1.0,-2.220446049250313e-16,True,low R2 (-0.00)
Mahihkan Battery 02-21,ABWI106131506504W400,3,2023-08-01,4,True,exponential,838.4850813055075,0.15481144687391207,0.0,0.6549424299054505,True,short cycle (<6mo)
Mahihkan Battery 02-21,ABWI106131506504W400,4,2023-12-01,6,False,harmonic,720.8198876262902,0.25332351230161015,1.0,0.6842339375102723,False,
Mahihkan Battery 02-21,ABWI106131506504W400,5,2024-06-01,7,False,harmonic,572.904867848522,0.2783829506115646,1.0,0.6191286614930249,False,
Mahihkan Battery 02-21,ABWI106131506504W400,6,2025-01-01,8,False,exponential,465.4945832864418,0.03797085572014333,0.0,0.4226851170661551,True,low R2 (0.42)
Mahihkan Battery 02-21,ABWI106131506504W400,7,2025-09-01,10,False,harmonic,638.2964641339181,0.16733301338967418,1.0,0.8314541006527992,False,
Mahihkan Battery 02-21,ABWI106132606504W400,1,2022-05-01,4,True,,,,,,True,too few data points to fit
Mahihkan Battery 02-21,ABWI106132606504W400,2,2022-09-01,14,False,harmonic,292.4481094867585,0.382019569418523,1.0,0.9420294085853372,False,
Mahihkan Battery 02-21,ABWI106132606504W400,3,2023-11-01,6,False,exponential,68.78333333333343,5.920843830522803e-16,0.0,-1.9984014443252818e-15,True,low R2 (-0.00)
Mahihkan Battery 02-21,ABWI106132606504W400,4,2024-05-01,6,False,exponential,148.91666653477864,1.0020346613460162e-15,0.0,-3.3306690738754696e-15,True,low R2 (-0.00)
Mahihkan Battery 02-21,ABWI106132606504W400,5,2024-11-01,10,False,exponential,529.1986446648782,0.17239146837277944,0.0,0.8142321414224639,False,
Mahihkan Battery 02-21,ABWI106132606504W400,6,2025-09-01,6,False,harmonic,300.8517175332513,0.3328253967459665,1.0,0.5529820015641385,False,
Mahihkan Battery 02-21,ABWI106132606504W400,7,2026-03-01,4,True,harmonic,223.82528530398196,0.3948917354865126,1.0,0.5410468509732423,True,short cycle (<6mo)
Mahihkan Battery 02-21,ABWI106132806504W400,1,2023-07-01,11,False,exponential,112.75315888869909,0.0473396651270821,0.0,0.3440665255197495,True,low R2 (0.34)
Mahihkan Battery 02-21,ABWI106132806504W400,2,2024-06-01,25,False,exponential,321.044,7.344674706361303e-23,0.0,0.0,True,low R2 (0.00)
Mahihkan Battery 02-21,ABWI106133406504W400,1,2023-05-01,11,False,harmonic,383.43636363637523,3.249846920956208e-23,1.0,0.0,True,low R2 (0.00)
Mahihkan Battery 02-21,ABWI106133406504W400,2,2024-04-01,11,False,harmonic,554.3199015499769,0.2578079923228046,1.0,0.507876835173945,False,
Mahihkan Battery 02-21,ABWI106133406504W400,3,2025-03-01,6,False,harmonic,335.12713332081904,0.4246360312283,1.0,0.6359419545651736,False,
Mahihkan Battery 02-21,ABWI106133406504W400,4,2025-09-01,10,False,harmonic,180.93213463916047,0.19077259642325176,1.0,0.2240775242533477,True,low R2 (0.22)
Mahihkan Battery 02-21,ABWI106140306604W400,1,2023-02-01,10,False,harmonic,334.3755297482267,0.4316700695159331,1.0,0.7562400066831981,False,
Mahihkan Battery 02-21,ABWI106140306604W400,2,2023-12-01,7,False,exponential,117.91428555798086,8.595061685008751e-21,0.0,0.0,True,low R2 (0.00)
Mahihkan Battery 02-21,ABWI106140306604W400,3,2024-07-01,24,False,exponential,253.74334105377065,0.034193769636788864,0.0,0.5711045818446125,False,
Mahihkan Battery 02-21,ABWI106141006504W400,1,2023-04-01,17,False,hyperbolic,490.23607962993856,1.2848813471236935,1.999999999999834,0.962951370516357,True,b pinned at bound (2.000)
Mahihkan Battery 02-21,ABWI106141006504W400,2,2024-09-01,11,False,harmonic,107.54545454545455,2.2852314348121186e-29,1.0,0.0,True,low R2 (0.00)
Mahihkan Battery 02-21,ABWI106141006504W400,3,2025-08-01,11,False,harmonic,153.03995892853544,0.15415036449373945,1.0,0.13333660548099147,True,low R2 (0.13)
Mahihkan Battery 02-21,ABWI106141406504W400,1,2022-08-01,33,False,harmonic,146.22121212121212,1.8903293239072117e-19,1.0,0.0,True,low R2 (0.00)
Mahihkan Battery 02-21,ABWI106141406504W400,2,2025-05-01,14,False,harmonic,362.6443032377764,0.047046900084124765,1.0,0.1640500021747492,True,low R2 (0.16)
Mahihkan Battery 02-21,ABWI106141506504W400,1,2023-09-01,23,False,harmonic,827.5394275342311,0.032800861624154035,1.0,0.6151206582672142,False,
Mahihkan Battery 02-21,ABWI106141506504W400,2,2025-08-01,11,False,exponential,678.2996673261696,0.10335766474066228,0.0,0.8068995851322623,False,
Mahihkan Battery 02-21,ABWI106142106504W400,1,2022-05-01,3,True,,,,,,True,too few data points to fit
Mahihkan Battery 02-21,ABWI106142606504W400,1,2022-09-01,4,True,exponential,76.83395204329994,0.41317763224511034,0.0,0.6819842594682985,True,short cycle (<6mo)
Mahihkan Battery 02-21,ABWI106142606504W400,2,2023-01-01,4,True,,,,,,True,too few data points to fit
Mahihkan Battery 02-21,ABWI106142606504W400,3,2023-05-01,23,False,,,,,,True,too few data points to fit
Mahihkan Battery 02-21,ABWI106142606504W400,4,2025-04-01,4,True,,,,,,True,too few data points to fit
Mahihkan Battery 02-21,ABWI106142606504W400,5,2025-08-01,5,True,,,,,,True,too few data points to fit
Mahihkan Battery 02-21,ABWI106142606504W400,6,2026-01-01,6,False,exponential,53.14000001172039,2.1098895884390077e-18,0.0,0.0,True,low R2 (0.00)
Mahihkan Battery 02-21,ABWI106142706504W400,1,2022-12-01,12,False,exponential,304.5999998193474,3.7985470847800647e-16,0.0,-5.329070518200751e-15,True,low R2 (-0.00)
Mahihkan Battery 02-21,ABWI106142706504W400,2,2023-12-01,18,False,hyperbolic,515.546632793647,0.3627782743203298,1.9999999999997893,0.5689784621732368,True,b pinned at bound (2.000)
Mahihkan Battery 02-21,ABWI106142706504W400,3,2025-06-01,11,False,exponential,322.4454545454552,4.3319343666238356e-23,0.0,0.0,True,low R2 (0.00)
Mahihkan Battery 02-21,ABWI106142706504W400,4,2026-05-01,2,True,,,,,,True,too few data points to fit
Mahihkan Battery 02-21,ABWI106142806504W400,1,2022-10-01,9,False,exponential,227.8322716271589,0.13290133131002482,0.0,0.6590231634057889,False,
Mahihkan Battery 02-21,ABWI106142806504W400,2,2023-07-01,24,False,exponential,115.0208333496468,9.913740740340748e-23,0.0,1.1102230246251565e-16,True,low R2 (0.00)
Mahihkan Battery 02-21,ABWI106142806504W400,3,2025-07-01,12,False,exponential,217.4319874076364,0.022312187961903956,0.0,0.2589275987935934,True,low R2 (0.26)
Mahihkan Battery 02-21,ABWI106150406604W400,1,2023-09-01,20,False,harmonic,5116.992444997775,0.31964169393237585,1.0,0.9299956075035036,False,
Mahihkan Battery 02-21,ABWI106150406604W400,2,2025-05-01,7,False,harmonic,686.1081667967512,0.13691558991504083,1.0,0.06347943352543894,True,low R2 (0.06)
Mahihkan Battery 02-21,ABWI106150406604W400,3,2025-12-01,4,True,exponential,817.4500000000122,1.6515040592597662e-21,0.0,0.0,True,short cycle (<6mo); low R2 (0.00)
Mahihkan Battery 02-21,ABWI106150406604W400,4,2026-04-01,3,True,,,,,,True,too few data points to fit
Mahihkan Battery 02-21,ABWI106151006504W400,1,2022-08-01,12,False,exponential,76.12727274444856,4.100209143998679e-17,0.0,0.0,True,low R2 (0.00)
Mahihkan Battery 02-21,ABWI106151006504W400,2,2023-08-01,4,True,exponential,100.97500001478684,2.338480115265618e-16,0.0,-2.220446049250313e-16,True,short cycle (<6mo); low R2 (-0.00)
Mahihkan Battery 02-21,ABWI106151006504W400,3,2023-12-01,10,False,exponential,160.48834112822442,0.11111184872745246,0.0,0.7407384966265795,False,
Mahihkan Battery 02-21,ABWI106151006504W400,4,2024-10-01,5,True,exponential,47.24000000000229,5.178308962121075e-21,0.0,0.0,True,short cycle (<6mo); low R2 (0.00)
Mahihkan Battery 02-21,ABWI106151006504W400,5,2025-03-01,9,False,exponential,99.96749314517429,0.13832884167754675,0.0,0.7580072119284333,False,
Mahihkan Battery 02-21,ABWI106151406504W400,1,2023-10-01,16,False,exponential,146.225,3.6386111399225954e-19,0.0,0.0,True,low R2 (0.00)
Mahihkan Battery 02-21,ABWI106151406504W400,2,2025-02-01,12,False,hyperbolic,293.8886822709878,3.3515755517340335,1.9803110224236102,0.9613648308675091,True,very high Di (3.35/month)
Mahihkan Battery 02-21,ABWI106151406504W400,3,2026-02-01,5,True,harmonic,59.22056583250679,0.4165307656551274,1.0,0.19859289996329577,True,short cycle (<6mo); low R2 (0.20)
Mahihkan Battery 02-21,ABWI106151506504W400,1,2022-09-01,10,False,harmonic,181.38026853990652,0.2942810512924173,1.0,0.4804553747544823,True,low R2 (0.48)
Mahihkan Battery 02-21,ABWI106151506504W400,2,2023-07-01,8,False,harmonic,140.84418155154071,0.11413064883516952,1.0,0.26541371930713287,True,low R2 (0.27)
Mahihkan Battery 02-21,ABWI106151506504W400,3,2024-03-01,10,False,harmonic,100.85103529897813,0.03398456217948434,1.0,0.17577398574873093,True,low R2 (0.18)
Mahihkan Battery 02-21,ABWI106151506504W400,4,2025-01-01,7,False,exponential,115.37142857142858,3.7307492353717447e-19,0.0,0.0,True,low R2 (0.00)
Mahihkan Battery 02-21,ABWI106151506504W400,5,2025-08-01,11,False,harmonic,190.74473420365493,0.0714425156480463,1.0,0.10272514910789166,True,low R2 (0.10)
Mahihkan Battery 02-21,ABWI106152706504W400,1,2023-06-01,22,False,harmonic,150.329721395958,0.0044542525317207435,1.0,0.014236098324393653,True,low R2 (0.01)
Mahihkan Battery 02-21,ABWI106152706504W400,2,2025-04-01,8,False,harmonic,209.19548276805386,0.1859501701737883,1.0,0.38525072704083496,True,low R2 (0.39)
Mahihkan Battery 02-21,ABWI106152706504W400,3,2025-12-01,7,False,harmonic,213.3520886519788,0.32258371797298857,1.0,0.6068153336902755,False,
Mahihkan Battery 02-21,ABWI106161006504W400,1,2022-09-01,7,False,harmonic,135.9590709737559,0.04545656868234017,1.0,0.1315814042474257,True,low R2 (0.13)
Mahihkan Battery 02-21,ABWI106161006504W400,2,2023-04-01,11,False,exponential,73.68181818322176,2.6827878921883593e-17,0.0,0.0,True,low R2 (0.00)
Mahihkan Battery 02-21,ABWI106161006504W400,3,2024-03-01,14,False,harmonic,247.21679493180238,0.344618033943134,1.0,0.3427838452659244,True,low R2 (0.34)
Mahihkan Battery 02-21,ABWI106161006504W400,4,2025-05-01,14,False,exponential,92.91428571428571,5.0968829256553355e-23,0.0,0.0,True,low R2 (0.00)
Mahihkan Battery 02-21,ABWI106161506504W400,1,2022-08-01,8,False,harmonic,320.63733202329144,0.19323439819706048,1.0,0.6944683905138895,False,
Mahihkan Battery 02-21,ABWI106161506504W400,2,2023-04-01,11,False,harmonic,249.65869317896693,0.14993718283360574,1.0,0.8169136665335108,False,
Mahihkan Battery 02-21,ABWI106161506504W400,3,2024-03-01,7,False,harmonic,202.02405239135697,0.3662115602961033,1.0,0.694190778550563,False,
Mahihkan Battery 02-21,ABWI106161506504W400,4,2024-10-01,21,False,exponential,116.64285714285714,7.26645381490892e-21,0.0,0.0,True,low R2 (0.00)
Mahihkan Battery 02-21,ABWI106161606504W400,1,2022-05-01,4,True,harmonic,333.2842908600294,0.4979339106088103,1.0,0.2853751073661197,True,short cycle (<6mo); low R2 (0.29)
Mahihkan Battery 02-21,ABWI106161606504W400,2,2022-09-01,15,False,exponential,242.1800000000011,2.976914537271217e-26,0.0,0.0,True,low R2 (0.00)
Mahihkan Battery 02-21,ABWI106161606504W400,3,2023-12-01,12,False,exponential,245.16244756172912,0.05966448744486909,0.0,0.3142410768750259,True,low R2 (0.31)
Mahihkan Battery 02-21,ABWI106161606504W400,4,2024-12-01,9,False,harmonic,403.27128293154726,0.8492143447821251,1.0,0.47065132267722565,True,low R2 (0.47)
Mahihkan Battery 02-21,ABWI106161606504W400,5,2025-09-01,10,False,harmonic,164.41836974735065,0.08625065387319729,1.0,0.2149230673795821,True,low R2 (0.21)
Mahihkan Battery 02-21,ABWI106162906504W400,1,2024-05-01,26,False,exponential,134.17692312984926,1.479280289282123e-15,0.0,-6.195044477408373e-14,True,low R2 (-0.00)
Mahihkan Battery 02-21,ABWI106163306504W400,1,2023-12-01,6,False,exponential,162.86119098739223,0.16916604133706054,0.0,0.3787520444827521,True,low R2 (0.38)
Mahihkan Battery 02-21,ABWI106163306504W400,2,2024-06-01,13,False,,,,,,True,too few data points to fit
Mahihkan Battery 02-21,ABWI106163306504W400,3,2025-07-01,12,False,exponential,132.59166666666667,1.6363676408506672e-17,0.0,-2.220446049250313e-16,True,low R2 (-0.00)
Mahihkan Battery 02-21,ABWI106163406504W400,1,2023-01-01,17,False,exponential,316.7393296911931,0.18779782475387818,0.0,0.85659629775152,False,
Mahihkan Battery 02-21,ABWI106163406504W400,2,2024-06-01,11,False,exponential,315.46363636363634,1.4628233202951513e-22,0.0,0.0,True,low R2 (0.00)
Mahihkan Battery 02-21,ABWI106163406504W400,3,2025-05-01,14,False,hyperbolic,727.7493317678178,0.30791225388704624,1.9999999999999993,0.8070861331425665,True,b pinned at bound (2.000)
Mahihkan Battery 02-21,ABWI107010306604W400,1,2022-08-01,8,False,exponential,109.22237272971203,0.18660787646462504,0.0,0.7639169017705354,False,
Mahihkan Battery 02-21,ABWI107010306604W400,2,2023-04-01,16,False,exponential,97.12499995180998,3.7523946733773433e-22,0.0,0.0,True,low R2 (0.00)
Mahihkan Battery 02-21,ABWI107010306604W400,3,2024-08-01,12,False,harmonic,260.0536914477562,0.010548312464545597,1.0,0.020125624563971045,True,low R2 (0.02)
Mahihkan Battery 02-21,ABWI107010306604W400,4,2025-08-01,11,False,harmonic,279.770646451509,0.008397310337280816,1.0,0.0036359528359344306,True,low R2 (0.00)
Mahihkan Battery 02-21,ABWI107010406604W400,1,2023-06-01,14,False,exponential,490.2032720249869,0.09512470254968226,0.0,0.6580330756727257,False,
Mahihkan Battery 02-21,ABWI107010406604W400,2,2024-08-01,12,False,exponential,222.35833331138627,1.6131633711296699e-16,0.0,-2.220446049250313e-16,True,low R2 (-0.00)
Mahihkan Battery 02-21,ABWI107010406604W400,3,2025-08-01,8,False,exponential,512.4875001347998,2.729173847161064e-14,0.0,-2.5979218776228663e-14,True,low R2 (-0.00)
Mahihkan Battery 02-21,ABWI107010406604W400,4,2026-04-01,3,True,,,,,,True,too few data points to fit
Mahihkan Battery 02-21,ABWI107011006604W402,1,2022-07-01,8,False,harmonic,461.13519917034085,0.37105077212987314,1.0,0.5430934561660301,False,
Mahihkan Battery 02-21,ABWI107011006604W402,2,2023-03-01,10,False,exponential,219.6299992367074,7.363170184286039e-17,0.0,-2.220446049250313e-16,True,low R2 (-0.00)
Mahihkan Battery 02-21,ABWI107011006604W402,3,2024-01-01,25,False,exponential,540.909953709014,0.07565233089087081,0.0,0.8786468410271551,False,
Mahihkan Battery 02-21,ABWI107011506504W400,1,2023-10-01,7,False,harmonic,349.76846042542496,0.24523139718120712,1.0,0.528096820128579,False,
Mahihkan Battery 02-21,ABWI107011506504W400,2,2024-05-01,20,False,harmonic,352.6782371329922,0.25808049332025007,1.0,0.9197509062788148,False,
Mahihkan Battery 02-21,ABWI107011506504W400,3,2026-01-01,4,True,exponential,97.55000000000001,6.391635222468116e-17,0.0,-4.440892098500626e-16,True,short cycle (<6mo); low R2 (-0.00)
Mahihkan Battery 02-21,ABWI107011506504W400,4,2026-05-01,2,True,,,,,,True,too few data points to fit
Mahihkan Battery 02-21,ABWI107012106504W400,1,2022-05-01,30,False,harmonic,469.9337746850397,0.04408852672103482,1.0,0.42876422864455543,True,low R2 (0.43)
Mahihkan Battery 02-21,ABWI107012106504W400,2,2024-11-01,20,False,hyperbolic,689.7451703504945,12.616355010664073,1.9999999999999998,0.9383828685403115,True,very high Di (12.62/month); b pinned at bound (2.000)
Mahihkan Battery 02-21,ABWI107012206504W400,1,2023-07-01,9,False,harmonic,142.19282310900869,0.2796634899406245,1.0,0.7770407710001204,False,
Mahihkan Battery 02-21,ABWI107012206504W400,2,2024-04-01,8,False,exponential,106.2374999171468,1.2514060985845724e-21,0.0,0.0,True,low R2 (0.00)
Mahihkan Battery 02-21,ABWI107012206504W400,3,2024-12-01,15,False,harmonic,257.77183795546955,0.10380619887859732,1.0,0.6797197331998537,False,
Mahihkan Battery 02-21,ABWI107012206504W400,4,2026-03-01,4,True,harmonic,156.7967023397035,0.8926260006598326,1.0,0.7335630042685759,True,short cycle (<6mo)
Mahihkan Battery 02-21,ABWI107012706504W400,1,2022-12-01,17,False,harmonic,237.5882353022912,2.638721325861374e-17,1.0,0.0,True,low R2 (0.00)
Mahihkan Battery 02-21,ABWI107012706504W400,2,2024-05-01,9,False,harmonic,329.6664989197742,0.17276293172450818,1.0,0.5442132771394863,False,
Mahihkan Battery 02-21,ABWI107012706504W400,3,2025-02-01,17,False,exponential,313.90123929965125,0.06336071764896326,0.0,0.6508294901332574,False,
Mahihkan Battery 02-21,ABWI107012906504W400,1,2022-07-01,9,False,harmonic,109.22499987904652,4.141193465737952e-15,1.0,-3.2862601528904634e-14,True,low R2 (-0.00)
Mahihkan Battery 02-21,ABWI107012906504W400,2,2023-04-01,15,False,exponential,113.93333322191322,3.746102065620471e-21,0.0,0.0,True,low R2 (0.00)
Mahihkan Battery 02-21,ABWI107012906504W400,3,2024-07-01,24,False,harmonic,454.80585193935457,0.06522956147822209,1.0,0.8314567657733587,False,
Mahihkan Battery 02-21,ABWI107013406504W400,1,2023-01-01,6,False,exponential,10.500000000058721,1.98692617549546e-18,0.0,0.0,True,low R2 (0.00)
Mahihkan Battery 02-21,ABWI107013406504W400,2,2023-07-01,6,False,harmonic,200.06395972770542,1.165777631304068,1.0,0.5827802147412066,False,
Mahihkan Battery 02-21,ABWI107013406504W400,3,2024-01-01,4,True,exponential,85.30279900326897,0.6019586395582085,0.0,0.8154213404175112,True,short cycle (<6mo)
Mahihkan Battery 02-21,ABWI107013406504W400,4,2024-05-01,4,True,exponential,22.27499993751883,1.2020767735883458e-16,0.0,-4.440892098500626e-16,True,short cycle (<6mo); low R2 (-0.00)
Mahihkan Battery 02-21,ABWI107013406504W400,5,2024-09-01,8,False,harmonic,131.78960804617728,0.6577329712276643,1.0,0.2446889887467658,True,low R2 (0.24)
Mahihkan Battery 02-21,ABWI107013406504W400,6,2025-05-01,4,True,exponential,98.54324006889337,0.8450616777939776,0.0,0.9905469001050353,True,short cycle (<6mo)
Mahihkan Battery 02-21,ABWI107013406504W400,7,2025-09-01,10,False,harmonic,119.00147691397224,0.9863411130663681,1.0,0.8998563795178078,False,
Mahihkan Battery 02-21,ABWI107020306604W400,1,2023-07-01,6,False,harmonic,37.498366538985756,3.758604045889056,1.0,0.6016234883983196,True,very high Di (3.76/month)
Mahihkan Battery 02-21,ABWI107020306604W400,2,2024-01-01,20,False,exponential,63.865,5.6060111948202e-21,0.0,-2.220446049250313e-16,True,low R2 (-0.00)
Mahihkan Battery 02-21,ABWI107020306604W400,3,2025-09-01,5,True,harmonic,160.32143876721912,2.288556896653794,1.0,0.8954334496389401,True,short cycle (<6mo); very high Di (2.29/month)
Mahihkan Battery 02-21,ABWI107020306604W400,4,2026-02-01,5,True,exponential,89.46000000000002,1.6932115565225618e-16,0.0,0.0,True,short cycle (<6mo); low R2 (0.00)
Mahihkan Battery 02-21,ABWI107021006604W400,1,2022-09-01,8,False,harmonic,414.49138621799017,0.30140707464040317,1.0,0.45396515552967664,True,low R2 (0.45)
Mahihkan Battery 02-21,ABWI107021006604W400,2,2023-05-01,12,False,hyperbolic,528.8068831581197,13.098752720966829,1.9999999999998903,0.77747017023328,True,very high Di (13.10/month); b pinned at bound (2.000)
Mahihkan Battery 02-21,ABWI107021006604W400,3,2024-05-01,5,True,harmonic,148.4211729736528,0.7720268361691455,1.0,0.6889877211462412,True,short cycle (<6mo)
Mahihkan Battery 02-21,ABWI107021006604W400,4,2024-10-01,4,True,harmonic,96.93979126015755,0.9075480753871425,1.0,0.6613046359026737,True,short cycle (<6mo)
Mahihkan Battery 02-21,ABWI107021006604W400,5,2025-02-01,12,False,hyperbolic,46.99694474183206,0.36541675963938625,1.9999999999999998,0.6821835408494901,True,b pinned at bound (2.000)
Mahihkan Battery 02-21,ABWI107021006604W400,6,2026-02-01,5,True,exponential,53.50000000007343,8.50351221055648e-19,0.0,1.1102230246251565e-16,True,short cycle (<6mo); low R2 (0.00)
Mahihkan Battery 02-21,ABWI107021506504W400,1,2022-11-01,10,False,exponential,141.24486286227437,0.11223290262090903,0.0,0.6669628373152363,False,
Mahihkan Battery 02-21,ABWI107021506504W400,2,2023-09-01,4,True,harmonic,85.54336103762971,0.20116898581428977,1.0,0.7358206579232256,True,short cycle (<6mo)
Mahihkan Battery 02-21,ABWI107021506504W400,3,2024-01-01,9,False,exponential,94.29852485449551,0.04235192917848631,0.0,0.2828525125205893,True,low R2 (0.28)
Mahihkan Battery 02-21,ABWI107021506504W400,4,2024-10-01,5,True,exponential,152.39668147267665,0.22080756708798877,0.0,0.8929623500967138,True,short cycle (<6mo)
Mahihkan Battery 02-21,ABWI107021506504W400,5,2025-03-01,16,False,harmonic,206.79285702814855,0.038390700288353105,1.0,0.37778172446453984,True,low R2 (0.38)
Mahihkan Battery 02-21,ABWI107022206504W400,1,2023-12-01,20,False,harmonic,312.13257696501,0.21026073157072778,1.0,0.6251460486674315,False,
Mahihkan Battery 02-21,ABWI107022206504W400,2,2025-08-01,7,False,exponential,116.52857152669638,2.2091889007079696e-21,0.0,0.0,True,low R2 (0.00)
Mahihkan Battery 02-21,ABWI107022206504W400,3,2026-03-01,4,True,,,,,,True,too few data points to fit
Mahihkan Battery 02-21,ABWI107023406504W400,1,2024-04-01,24,False,harmonic,187.55833343914102,1.5677139679271698e-15,1.0,-3.4638958368304884e-14,True,low R2 (-0.00)
Mahihkan Battery 02-21,ABWI107023406504W400,2,2026-04-01,3,True,,,,,,True,too few data points to fit
Mahihkan Battery 02-21,ABWI107023506504W400,1,2023-11-01,5,True,,,,,,True,too few data points to fit
Mahihkan Battery 02-21,ABWI107023506504W400,2,2024-04-01,6,False,,,,,,True,too few data points to fit
Mahihkan Battery 02-21,ABWI107023506504W400,3,2024-10-01,9,False,harmonic,194.02110134538674,0.3806364063216577,1.0,0.6823006595778363,False,
Mahihkan Battery 02-21,ABWI107023506504W400,4,2025-07-01,5,True,harmonic,110.84006277996424,0.008429388081921719,1.0,0.0014111143670733073,True,short cycle (<6mo); low R2 (0.00)
Mahihkan Battery 02-21,ABWI107023506504W400,5,2025-12-01,4,True,,,,,,True,too few data points to fit
Mahihkan Battery 02-21,ABWI107023506504W400,6,2026-04-01,3,True,,,,,,True,too few data points to fit
Mahihkan Battery 02-21,ABWI107030306604W402,1,2024-06-01,11,False,exponential,141.72987031017286,0.16576736391429556,0.0,0.9376890411332431,False,
Mahihkan Battery 02-21,ABWI107030306604W402,2,2025-05-01,11,False,exponential,61.236363636365915,7.761502734451115e-23,0.0,0.0,True,low R2 (0.00)
Mahihkan Battery 02-21,ABWI107030306604W402,3,2026-04-01,3,True,,,,,,True,too few data points to fit
Mahihkan Battery 02-21,ABWI107031506504W400,1,2022-10-01,15,False,exponential,151.4214285714286,2.6812067540169742e-17,0.0,-2.220446049250313e-16,True,low R2 (-0.00)
Mahihkan Battery 02-21,ABWI107031506504W400,2,2024-01-01,30,False,harmonic,479.0073125965289,0.030142911552011827,1.0,0.6955946519696022,False,
Mahihkan Battery 02-21,ABWI107032206504W400,1,2024-07-01,11,False,hyperbolic,326.64171991489764,1.3242635405830503,1.9999999999999998,0.5712022038714148,True,b pinned at bound (2.000)
Mahihkan Battery 02-21,ABWI107032206504W400,2,2025-06-01,13,False,harmonic,134.7930620908346,0.0011843382579950004,1.0,0.0002244596175206004,True,low R2 (0.00)
Mahihkan Battery 02-21,ABWI107032306504W400,1,2025-03-01,5,True,exponential,135.84051203858886,0.2809841467044498,0.0,0.8636466800123671,True,short cycle (<6mo)
Mahihkan Battery 02-21,ABWI107032306504W400,2,2025-08-01,7,False,exponential,134.9589246823334,0.1538261476136816,0.0,0.7359402182193928,False,
Mahihkan Battery 02-21,ABWI107032306504W400,3,2026-03-01,4,True,exponential,90.46532038759497,0.29400459656052513,0.0,0.9929181017770745,True,short cycle (<6mo)
Mahihkan Battery 02-21,ABWI107033306604W400,1,2024-02-01,6,False,exponential,348.9331176153964,0.3506774172552947,0.0,0.9577852090369842,False,
Mahihkan Battery 02-21,ABWI107033506504W400,1,2024-03-01,20,False,harmonic,233.68353912116967,0.02723714888935724,1.0,0.23647741345592121,True,low R2 (0.24)
Mahihkan Battery 02-21,ABWI107033506504W400,2,2025-11-01,8,False,harmonic,163.97659368471867,0.19794942522276948,1.0,0.15234322100906694,True,low R2 (0.15)
Mahihkan Battery 02-21,ABWI107040306604W400,1,2022-12-01,13,False,exponential,544.7947901691361,0.12269826974174074,0.0,0.9276719279967164,False,
Mahihkan Battery 02-21,ABWI107040306604W400,2,2024-01-01,11,False,harmonic,185.5936273073905,0.029007840405265082,1.0,0.12863007451077435,True,low R2 (0.13)
Mahihkan Battery 02-21,ABWI107040306604W400,3,2024-12-01,8,False,harmonic,301.3630395805948,0.07758103815270731,1.0,0.48859522653903353,True,low R2 (0.49)
Mahihkan Battery 02-21,ABWI107040306604W400,4,2025-08-01,11,False,exponential,244.9727272728481,3.5337026767419233e-19,0.0,-2.220446049250313e-16,True,low R2 (-0.00)
Mahihkan Battery 02-21,ABWI107041006604W400,1,2024-05-01,10,False,harmonic,2247.118904203779,0.2487804192470708,1.0,0.9655522511659609,False,
Mahihkan Battery 02-21,ABWI107041006604W400,2,2025-03-01,13,False,hyperbolic,1320.468524359627,1.2114945769441363,1.9999999999997335,0.8075204466238731,True,b pinned at bound (2.000)
Mahihkan Battery 02-21,ABWI107042306504W400,1,2023-08-01,26,False,hyperbolic,368.1406312296785,0.24991386035706856,1.9999999999999984,0.70687564990063,True,b pinned at bound (2.000)
Mahihkan Battery 02-21,ABWI107042306504W400,2,2025-10-01,9,False,harmonic,170.761219887592,0.08004846940425667,1.0,0.2547449677582282,True,low R2 (0.25)
Mahihkan Battery 02-21,ABWI107042806504W400,1,2023-06-01,9,False,exponential,206.58888888888887,3.353326972932977e-23,0.0,0.0,True,low R2 (0.00)
Mahihkan Battery 02-21,ABWI107042806504W400,2,2024-03-01,13,False,harmonic,400.25623549195,0.2740577271301663,1.0,0.5932483353930216,False,
Mahihkan Battery 02-21,ABWI107042806504W400,3,2025-04-01,15,False,harmonic,329.24780896862535,0.13783026686643082,1.0,0.612392575035033,False,
Mahihkan Battery 02-21,ABWI107043506504W402,1,2024-03-01,7,False,harmonic,487.47387325678875,0.07318025106235115,1.0,0.24049694122140486,True,low R2 (0.24)
Mahihkan Battery 02-21,ABWI107043506504W402,2,2024-10-01,15,False,harmonic,581.1945077867756,0.14501537644720294,1.0,0.7588823928376938,False,
Mahihkan Battery 02-21,ABWI107043506504W402,3,2026-01-01,6,False,exponential,228.28333333333333,1.6065667495075806e-19,0.0,-2.220446049250313e-16,True,low R2 (-0.00)
Mahihkan Battery 02-21,ABWI107051006604W400,1,2024-03-01,20,False,exponential,3479.2196369400713,0.14967208277062416,0.0,0.9511988137885034,False,
Mahihkan Battery 02-21,ABWI107051506504W400,1,2022-12-01,12,False,,,,,,True,too few data points to fit
Mahihkan Battery 02-21,ABWI107051506504W400,2,2023-12-01,7,False,exponential,94.29010054185746,0.6010526061687255,0.0,0.9869117242917073,False,
Mahihkan Battery 02-21,ABWI107051506504W400,3,2024-07-01,4,True,harmonic,12.732063397716676,0.3858374563824111,1.0,0.37694210353522684,True,short cycle (<6mo); low R2 (0.38)
Mahihkan Battery 02-21,ABWI107051506504W400,4,2024-11-01,6,False,harmonic,12.017108687063157,1.1792158012298422,1.0,0.8806919179070113,False,
Mahihkan Battery 02-21,ABWI107051506504W400,5,2025-05-01,3,True,,,,,,True,too few data points to fit
Mahihkan Battery 02-21,ABWI107052206504W400,1,2022-06-01,11,False,exponential,144.3782814363482,0.12008431698593106,0.0,0.9332518661694771,False,
Mahihkan Battery 02-21,ABWI107052206504W400,2,2023-05-01,15,False,exponential,78.28,1.309729133722716e-22,0.0,0.0,True,low R2 (0.00)
Mahihkan Battery 02-21,ABWI107052206504W400,3,2024-08-01,11,False,harmonic,181.14376210817383,0.14294352232385224,1.0,0.6103312513489306,False,
Mahihkan Battery 02-21,ABWI107052206504W400,4,2025-07-01,12,False,harmonic,95.43107288393651,0.003559429114735562,1.0,0.00019651021257416357,True,low R2 (0.00)
Mahihkan Battery 02-21,ABWI107052306504W400,1,2023-01-01,18,False,harmonic,118.97264417680768,0.015823804575003153,1.0,0.057232471511294514,True,low R2 (0.06)
Mahihkan Battery 02-21,ABWI107052306504W400,2,2024-07-01,14,False,exponential,125.32413751518374,0.03569756931618307,0.0,0.35594169334962167,True,low R2 (0.36)
Mahihkan Battery 02-21,ABWI107052706504W400,1,2022-08-01,7,False,exponential,129.32857143729535,2.825937057597289e-16,0.0,-4.440892098500626e-16,True,low R2 (-0.00)
Mahihkan Battery 02-21,ABWI107052706504W400,2,2023-03-01,8,False,harmonic,211.30246023369133,0.16637969811220027,1.0,0.0629559487162541,True,low R2 (0.06)
Mahihkan Battery 02-21,ABWI107052706504W400,3,2023-11-01,5,True,harmonic,258.8889253015101,0.7538281613438962,1.0,0.8214763416427121,True,short cycle (<6mo)
Mahihkan Battery 02-21,ABWI107052706504W400,4,2024-04-01,7,False,harmonic,109.96787570228334,0.05469302587822479,1.0,0.05335904431494609,True,low R2 (0.05)
Mahihkan Battery 02-21,ABWI107052706504W400,5,2024-11-01,6,False,harmonic,238.21084204320374,0.09457076835072474,1.0,0.17886450110920094,True,low R2 (0.18)
Mahihkan Battery 02-21,ABWI107052706504W400,6,2025-05-01,14,False,harmonic,160.60381523844308,0.05083743262621851,1.0,0.06667649066441883,True,low R2 (0.07)
Mahihkan Battery 02-21,ABWI107052806504W400,1,2022-09-01,4,True,harmonic,216.9147915952583,0.4124134842091238,1.0,0.7715391186419336,True,short cycle (<6mo)
Mahihkan Battery 02-21,ABWI107052806504W400,2,2023-01-01,19,False,exponential,108.52105263157895,1.3597852243083836e-18,0.0,0.0,True,low R2 (0.00)
Mahihkan Battery 02-21,ABWI107052806504W400,3,2024-08-01,9,False,harmonic,204.90700317311382,0.07867822868477789,1.0,0.3362747941614309,True,low R2 (0.34)
Mahihkan Battery 02-21,ABWI107052806504W400,4,2025-05-01,14,False,harmonic,143.48519469824333,0.01901196840116633,1.0,0.03509510993937537,True,low R2 (0.04)
Mahihkan Battery 02-21,ABWI107053406504W400,1,2023-06-01,7,False,exponential,389.8285714285714,7.191394496526655e-23,0.0,0.0,True,low R2 (0.00)
Mahihkan Battery 02-21,ABWI107053406504W400,2,2024-01-01,7,False,harmonic,416.32857072101194,9.464050309345836e-14,1.0,-2.3092638912203256e-14,True,low R2 (-0.00)
Mahihkan Battery 02-21,ABWI107053406504W400,3,2024-08-01,23,False,harmonic,471.3044850509834,0.016687490160868013,1.0,0.06699005315781859,True,low R2 (0.07)
Mahihkan Battery 02-21,ABWI107053506504W402,1,2024-05-01,4,True,,,,,,True,too few data points to fit
Mahihkan Battery 02-21,ABWI107053506504W402,2,2024-09-01,22,False,exponential,187.94545454545477,1.0799513558926122e-16,0.0,-1.7763568394002505e-15,True,low R2 (-0.00)
Mahihkan Battery 02-21,ABWI107060306604W400,1,2022-12-01,10,False,exponential,237.45577027972246,0.1534277179880114,0.0,0.6769334811816519,False,
Mahihkan Battery 02-21,ABWI107060306604W400,2,2023-10-01,8,False,exponential,143.4875,1.1036856052828015e-22,0.0,0.0,True,low R2 (0.00)
Mahihkan Battery 02-21,ABWI107060306604W400,3,2024-06-01,15,False,harmonic,324.7115495893154,0.25886756271148814,1.0,0.7803674054565012,False,
Mahihkan Battery 02-21,ABWI107060306604W400,4,2025-09-01,10,False,exponential,256.71111111111105,1.68382576367313e-22,0.0,0.0,True,low R2 (0.00)
Mahihkan Battery 02-21,ABWI107061506504W402,1,2022-11-01,8,False,exponential,18.61428556199709,3.058128613034763e-15,0.0,-8.43769498715119e-15,True,low R2 (-0.00)
Mahihkan Battery 02-21,ABWI107061506504W402,2,2023-07-01,4,True,exponential,65.12500000057972,1.591406248736611e-16,0.0,0.0,True,short cycle (<6mo); low R2 (0.00)
Mahihkan Battery 02-21,ABWI107061506504W402,3,2023-11-01,6,False,harmonic,88.1212844661484,1.258499892934834,1.0,0.4896646586129084,True,low R2 (0.49)
Mahihkan Battery 02-21,ABWI107061506504W402,4,2024-05-01,6,False,harmonic,55.48619330452362,3.6425566800718774,1.0,0.9484295276953228,True,very high Di (3.64/month)
Mahihkan Battery 02-21,ABWI107061506504W402,5,2024-11-01,8,False,exponential,43.091795654225166,0.2735762752758452,0.0,0.8834506340733408,False,
Mahihkan Battery 02-21,ABWI107061506504W402,6,2025-07-01,8,False,exponential,13.150000040680737,3.0813471759116794e-18,0.0,0.0,True,low R2 (0.00)
Mahihkan Battery 02-21,ABWI107062206504W400,1,2025-07-01,12,False,harmonic,153.06042401357843,0.17605760699532041,1.0,0.5640210250024096,False,
Mahihkan Battery 02-21,ABWI107062306504W400,1,2023-04-01,6,False,harmonic,31.928762828306485,0.07236141769848055,1.0,0.0854732492105651,True,low R2 (0.09)
Mahihkan Battery 02-21,ABWI107062306504W400,2,2023-10-01,4,True,,,,,,True,too few data points to fit
Mahihkan Battery 02-21,ABWI107062306504W400,3,2024-02-01,4,True,harmonic,15.818605858939804,1.167459010159586,1.0,0.32216375227736316,True,short cycle (<6mo); low R2 (0.32)
Mahihkan Battery 02-21,ABWI107062306504W400,4,2024-06-01,4,True,exponential,29.45000003907302,4.03690627317043e-17,0.0,0.0,True,short cycle (<6mo); low R2 (0.00)
Mahihkan Battery 02-21,ABWI107062306504W400,5,2024-10-01,9,False,harmonic,114.85061933110264,1.5232829870943578,1.0,0.38342921940901276,True,low R2 (0.38)
Mahihkan Battery 02-21,ABWI107062306504W400,6,2025-07-01,5,True,,,,,,True,too few data points to fit
Mahihkan Battery 02-21,ABWI107062306504W400,7,2025-12-01,5,True,exponential,32.480000000000025,3.4129825621271485e-16,0.0,-6.661338147750939e-16,True,short cycle (<6mo); low R2 (-0.00)
Mahihkan Battery 02-21,ABWI107062306504W400,8,2026-05-01,2,True,,,,,,True,too few data points to fit
Mahihkan Battery 02-21,ABWI107062706504W400,1,2024-10-01,11,False,exponential,100.39090894883891,5.581870034791963e-23,0.0,2.220446049250313e-16,True,low R2 (0.00)
Mahihkan Battery 02-21,ABWI107062706504W400,2,2025-09-01,10,False,harmonic,287.740337121824,0.2763651076813612,1.0,0.9441565504632496,False,
Mahihkan Battery 02-21,ABWI107062806504W400,1,2023-03-01,12,False,harmonic,101.90510019830107,0.3263679942113488,1.0,0.8700733698051528,False,
Mahihkan Battery 02-21,ABWI107062806504W400,2,2024-03-01,4,True,harmonic,33.47021083322199,0.5572163473928211,1.0,0.948127293945858,True,short cycle (<6mo)
Mahihkan Battery 02-21,ABWI107062806504W400,3,2024-07-01,24,False,exponential,61.38333331906468,5.420131732610679e-19,0.0,0.0,True,low R2 (0.00)
Mahihkan Battery 02-21,ABWI107063306604W400,1,2022-08-01,19,False,harmonic,305.9596881728109,0.08095608444404355,1.0,0.4943454171976822,True,low R2 (0.49)
Mahihkan Battery 02-21,ABWI107063306604W400,2,2024-03-01,7,False,exponential,229.07395745252828,0.730729461784437,0.0,0.8692246693259368,False,
Mahihkan Battery 02-21,ABWI107063306604W400,3,2024-10-01,18,False,exponential,144.62,5.315873502356849e-21,0.0,0.0,True,low R2 (0.00)
Mahihkan Battery 02-21,ABWI107063306604W400,4,2026-04-01,3,True,,,,,,True,too few data points to fit
Mahihkan Battery 02-21,ABWI107063406504W400,1,2023-08-01,5,True,exponential,221.1000000044642,1.4514148304688567e-16,0.0,0.0,True,short cycle (<6mo); low R2 (0.00)
Mahihkan Battery 02-21,ABWI107063406504W400,2,2024-01-01,30,False,exponential,283.82666666666665,2.5189491040946944e-25,0.0,0.0,True,low R2 (0.00)
Mahihkan Battery 02-21,ABWI107070306604W400,1,2022-06-01,4,True,harmonic,15.286957223111038,0.0726242670111482,1.0,0.021831794137183058,True,short cycle (<6mo); low R2 (0.02)
Mahihkan Battery 02-21,ABWI107070306604W400,2,2022-10-01,6,False,exponential,13.739999984064461,1.8773880193273484e-17,0.0,-2.220446049250313e-16,True,low R2 (-0.00)
Mahihkan Battery 02-21,ABWI107070306604W400,3,2023-04-01,12,False,harmonic,44.9166364918768,0.5229218771004237,1.0,0.7728633489446757,False,
Mahihkan Battery 02-21,ABWI107070306604W400,4,2024-04-01,5,True,harmonic,25.59623066083532,10.225412606562497,1.0,0.9942441019941869,True,short cycle (<6mo); very high Di (10.23/month)
Mahihkan Battery 02-21,ABWI107070306604W400,5,2024-09-01,5,True,exponential,2.44,2.9761019612350328e-24,0.0,0.0,True,short cycle (<6mo); low R2 (0.00)
Mahihkan Battery 02-21,ABWI107070306604W400,6,2025-02-01,11,False,exponential,102.19435992877897,0.24784816926836567,0.0,0.906756393779614,False,
Mahihkan Battery 02-21,ABWI107071506504W400,1,2023-03-01,7,False,exponential,28.27470034804194,0.8707679269311066,0.0,0.9947103522108992,False,
Mahihkan Battery 02-21,ABWI107071506504W400,2,2023-10-01,4,True,exponential,34.225000236067565,7.477622399905295e-19,0.0,0.0,True,short cycle (<6mo); low R2 (0.00)
Mahihkan Battery 02-21,ABWI107071506504W400,3,2024-02-01,6,False,exponential,378.91723562914797,0.23228972598079717,0.0,0.9024174124583473,False,
Mahihkan Battery 02-21,ABWI107071506504W400,4,2024-08-01,12,False,harmonic,272.7350825516141,0.06840393884741446,1.0,0.27905059024502576,True,low R2 (0.28)
Mahihkan Battery 02-21,ABWI107071506504W400,5,2025-08-01,7,False,harmonic,257.1526658154303,0.497006826176599,1.0,0.8272779943736572,False,
Mahihkan Battery 02-21,ABWI107071506504W400,6,2026-03-01,4,True,harmonic,379.0958145081004,1.8108513688056147,1.0,0.9411507905138283,True,short cycle (<6mo)
Mahihkan Battery 02-21,ABWI107072706504W400,1,2022-08-01,7,False,exponential,210.04285714285712,4.4674298693759946e-18,0.0,0.0,True,low R2 (0.00)
Mahihkan Battery 02-21,ABWI107072706504W400,2,2023-03-01,6,False,harmonic,459.3876149296309,0.6037991605895676,1.0,0.7837638768039865,False,
Mahihkan Battery 02-21,ABWI107072706504W400,3,2023-09-01,8,False,exponential,260.8142857396419,3.261963992691491e-16,0.0,-1.9984014443252818e-15,True,low R2 (-0.00)
Mahihkan Battery 02-21,ABWI107072706504W400,4,2024-05-01,12,False,harmonic,501.4134739731862,0.4331889279606793,1.0,0.47842195260249,True,low R2 (0.48)
Mahihkan Battery 02-21,ABWI107072706504W400,5,2025-05-01,5,True,exponential,287.5272124380608,0.6513383944604261,0.0,0.9417604301518236,True,short cycle (<6mo)
Mahihkan Battery 02-21,ABWI107072706504W400,6,2025-10-01,9,False,exponential,262.1666666666667,7.45843171477832e-22,0.0,0.0,True,low R2 (0.00)
Mahihkan Battery 02-21,ABWI107073406504W400,1,2022-09-01,4,True,,,,,,True,too few data points to fit
Mahihkan Battery 02-21,ABWI107073406504W400,2,2023-01-01,14,False,exponential,239.14285715060015,1.0877947142394389e-16,0.0,-8.881784197001252e-16,True,low R2 (-0.00)
Mahihkan Battery 02-21,ABWI107073406504W400,3,2024-03-01,28,False,harmonic,507.6962962942081,1.1659027293383103e-16,1.0,-3.9968028886505635e-15,True,low R2 (-0.00)
Mahihkan Battery 02-21,ABWI107080406604W400,1,2022-10-01,8,False,harmonic,381.236264120793,0.22250406536401254,1.0,0.31467537370224696,True,low R2 (0.31)
Mahihkan Battery 02-21,ABWI107080406604W400,2,2023-06-01,19,False,exponential,361.3157894736867,2.3309222584425196e-25,0.0,0.0,True,low R2 (0.00)
Mahihkan Battery 02-21,ABWI107080406604W400,3,2025-01-01,18,False,harmonic,350.29108464505777,0.02737816248926835,1.0,0.29943730092066634,True,low R2 (0.30)
Mahihkan Battery 02-21,ABWI107081506504W400,1,2022-09-01,11,False,exponential,420.1853986243807,0.11445818160484819,0.0,0.7268349194532222,False,
Mahihkan Battery 02-21,ABWI107081506504W400,2,2023-08-01,10,False,harmonic,171.24374334283544,0.02440379438020057,1.0,0.18191705963146976,True,low R2 (0.18)
Mahihkan Battery 02-21,ABWI107081506504W400,3,2024-06-01,13,False,harmonic,179.11593699074095,0.32384375673120297,1.0,0.8864926976190686,False,
Mahihkan Battery 02-21,ABWI107081506504W400,4,2025-07-01,12,False,exponential,118.0916666159188,1.762916401007447e-16,0.0,-1.5543122344752192e-15,True,low R2 (-0.00)
Mahihkan Battery 02-21,ABWI107082106504W400,1,2024-03-01,8,False,exponential,134.63132782493568,0.27659032537436756,0.0,0.8773264638051808,False,
Mahihkan Battery 02-21,ABWI107082106504W400,2,2024-11-01,9,False,exponential,89.6173281139565,0.09753803612700489,0.0,0.6498112347126108,False,
Mahihkan Battery 02-21,ABWI107082106504W400,3,2025-08-01,11,False,harmonic,42.48406126664863,0.05890199144552336,1.0,0.399251208201733,True,low R2 (0.40)
Mahihkan Battery 02-21,ABWI107082206504W400,1,2022-05-01,5,True,exponential,470.1531839996378,0.13087507379259544,0.0,0.7706305361525116,True,short cycle (<6mo)
Mahihkan Battery 02-21,ABWI107082206504W400,2,2022-10-01,18,False,exponential,363.95555555556,3.7963631927705933e-22,0.0,0.0,True,low R2 (0.00)
Mahihkan Battery 02-21,ABWI107082206504W400,3,2024-04-01,27,False,exponential,508.54773439402254,0.030678016204420254,0.0,0.8449212720356833,False,
Mahihkan Battery 02-21,ABWI107082906504W400,1,2023-03-01,7,False,harmonic,232.962322617485,0.10122772250184484,1.0,0.29050296886456106,True,low R2 (0.29)
Mahihkan Battery 02-21,ABWI107082906504W400,2,2023-10-01,9,False,harmonic,181.41483649837926,0.05068320430306616,1.0,0.09733300995068694,True,low R2 (0.10)
Mahihkan Battery 02-21,ABWI107082906504W400,3,2024-07-01,5,True,harmonic,279.29560986220184,0.3549706955088291,1.0,0.7901378953992327,True,short cycle (<6mo)
Mahihkan Battery 02-21,ABWI107082906504W400,4,2024-12-01,19,False,exponential,202.49473684244273,1.4593394370238422e-19,0.0,0.0,True,low R2 (0.00)
Mahihkan Battery 02-21,ABWI107083406504W400,1,2024-07-01,10,False,harmonic,118.77622146740677,0.09943777708120421,1.0,0.4463985661176899,True,low R2 (0.45)
Mahihkan Battery 02-21,ABWI107083406504W400,2,2025-05-01,14,False,exponential,139.82857142857142,2.6008626702077108e-24,0.0,-2.220446049250313e-16,True,low R2 (-0.00)
Mahihkan Battery 02-21,ABWI107091006504W400,1,2022-05-01,18,False,harmonic,80.49444444841681,1.786014583732441e-16,1.0,-3.1086244689504383e-15,True,low R2 (-0.00)
Mahihkan Battery 02-21,ABWI107091006504W400,2,2023-11-01,4,True,exponential,114.20148597655518,0.2706764820114056,0.0,0.6362220696123565,True,short cycle (<6mo)
Mahihkan Battery 02-21,ABWI107091006504W400,3,2024-03-01,7,False,harmonic,79.87646609885114,0.386482744492151,1.0,0.15884709727922508,True,low R2 (0.16)
Mahihkan Battery 02-21,ABWI107091006504W400,4,2024-10-01,5,True,exponential,78.89025716096852,0.34669507031704216,0.0,0.800308985211641,True,short cycle (<6mo)
Mahihkan Battery 02-21,ABWI107091506504W400,1,2022-08-01,7,False,exponential,151.3556847606435,0.4272105392085615,0.0,0.8523374618208336,False,
Mahihkan Battery 02-21,ABWI107091506504W400,2,2023-03-01,14,False,exponential,46.46923076923077,1.273901637177672e-23,0.0,0.0,True,low R2 (0.00)
Mahihkan Battery 02-21,ABWI107091506504W400,3,2024-05-01,12,False,harmonic,221.06089536850388,0.8145082000724178,1.0,0.6129613980767775,False,
Mahihkan Battery 02-21,ABWI107091506504W400,4,2025-05-01,14,False,harmonic,121.88985859676735,0.3471803099028475,1.0,0.8021520344085302,False,
Mahihkan Battery 02-21,ABWI107091606504W400,1,2023-07-01,15,False,exponential,51.4,5.690103723140549e-22,0.0,0.0,True,low R2 (0.00)
Mahihkan Battery 02-21,ABWI107091606504W400,2,2024-10-01,12,False,exponential,118.89166671331874,1.2313825905331976e-20,0.0,1.1102230246251565e-16,True,low R2 (0.00)
Mahihkan Battery 02-21,ABWI107091606504W400,3,2025-10-01,9,False,harmonic,448.55202495778803,0.5638063809934957,1.0,0.8863854291496361,False,
Mahihkan Battery 02-21,ABWI107092706504W400,1,2023-10-01,14,False,harmonic,323.06000554229865,0.10004650807044807,1.0,0.6688160175382031,False,
Mahihkan Battery 02-21,ABWI107092706504W400,2,2024-12-01,12,False,exponential,207.65,9.58866877498546e-21,0.0,0.0,True,low R2 (0.00)
Mahihkan Battery 02-21,ABWI107092706504W400,3,2025-12-01,7,False,harmonic,245.0021786662692,0.11805960330444305,1.0,0.680698876733189,False,
Mahihkan Battery 02-21,ABWI107092806504W400,1,2022-06-01,11,False,harmonic,114.36885149956133,0.10004226129755975,1.0,0.2393722528369976,True,low R2 (0.24)
Mahihkan Battery 02-21,ABWI107092806504W400,2,2023-05-01,6,False,harmonic,161.7074166560214,0.5920313636108993,1.0,0.3623321664863395,True,low R2 (0.36)
Mahihkan Battery 02-21,ABWI107092806504W400,3,2023-11-01,4,True,exponential,136.5098233402692,1.1298960797209454,0.0,0.9927384238501992,True,short cycle (<6mo)
Mahihkan Battery 02-21,ABWI107092806504W400,4,2024-03-01,6,False,exponential,80.08333328824634,6.2267869972521325e-19,0.0,0.0,True,low R2 (0.00)
Mahihkan Battery 02-21,ABWI107092806504W400,5,2024-09-01,9,False,exponential,96.53333334427428,1.1371842140049483e-15,0.0,-1.5543122344752192e-15,True,low R2 (-0.00)
Mahihkan Battery 02-21,ABWI107092806504W400,6,2025-06-01,5,True,exponential,220.4275350575414,0.23950716618518844,0.0,0.9135088447832492,True,short cycle (<6mo)
Mahihkan Battery 02-21,ABWI107092806504W400,7,2025-11-01,4,True,harmonic,118.15000004897718,2.3693694891164504e-13,1.0,-5.306866057708248e-14,True,short cycle (<6mo); low R2 (-0.00)
Mahihkan Battery 02-21,ABWI107092806504W400,8,2026-03-01,4,True,harmonic,158.99319395982633,0.3870158076488222,1.0,0.46928360805777447,True,short cycle (<6mo); low R2 (0.47)
Mahihkan Battery 02-21,ABWI107092906504W400,1,2022-09-01,22,False,exponential,301.0205045993612,0.04146311160808016,0.0,0.6591129317895279,False,
Mahihkan Battery 02-21,ABWI107092906504W400,2,2024-07-01,5,True,exponential,260.2207795206045,0.2009464940074967,0.0,0.8115307408525276,True,short cycle (<6mo)
Mahihkan Battery 02-21,ABWI107092906504W400,3,2024-12-01,19,False,harmonic,258.63883446065495,0.09587335362672048,1.0,0.725202788025227,False,
Mahihkan Battery 02-21,ABWI107100306604W400,1,2023-04-01,9,False,harmonic,351.29980720948305,0.0015238706912233792,1.0,7.697768843473174e-05,True,low R2 (0.00)
Mahihkan Battery 02-21,ABWI107100306604W400,2,2024-01-01,4,True,exponential,408.37499993983016,6.60483908147922e-17,0.0,0.0,True,short cycle (<6mo); low R2 (0.00)
Mahihkan Battery 02-21,ABWI107100306604W400,3,2024-05-01,12,False,harmonic,781.4768401188542,0.14855915474764456,1.0,0.5670072517740834,False,
Mahihkan Battery 02-21,ABWI107100306604W400,4,2025-05-01,9,False,exponential,454.59350265179495,0.11009122963822379,0.0,0.5997864460542393,False,
Mahihkan Battery 02-21,ABWI107100306604W400,5,2026-02-01,5,True,harmonic,201.1200000720013,3.761789620350473e-15,1.0,-2.220446049250313e-16,True,short cycle (<6mo); low R2 (-0.00)
Mahihkan Battery 02-21,ABWI107101006504W400,1,2022-05-01,7,False,harmonic,224.85520909562544,0.9245451789171097,1.0,0.8997045781156375,False,
Mahihkan Battery 02-21,ABWI107101006504W400,2,2022-12-01,16,False,harmonic,114.51245102555666,0.5900087512838281,1.0,0.3779552035698933,True,low R2 (0.38)
Mahihkan Battery 02-21,ABWI107101006504W400,3,2024-04-01,12,False,harmonic,90.10833335984887,7.349479725796803e-15,1.0,-4.707345624410664e-14,True,low R2 (-0.00)
Mahihkan Battery 02-21,ABWI107101006504W400,4,2025-04-01,15,False,exponential,259.98000000999707,8.797610715125545e-17,0.0,-1.5543122344752192e-15,True,low R2 (-0.00)
Mahihkan Battery 02-21,ABWI107101406504W400,1,2024-01-01,9,False,harmonic,193.20104578194034,0.006859204268245129,1.0,0.007447337823563216,True,low R2 (0.01)
Mahihkan Battery 02-21,ABWI107101406504W400,2,2024-10-01,14,False,exponential,191.11254205079663,0.005025638728004879,0.0,0.01835943727984657,True,low R2 (0.02)
Mahihkan Battery 02-21,ABWI107101406504W400,3,2025-12-01,7,False,exponential,270.02364272117353,0.2964660431490567,0.0,0.92410451554502,False,
Mahihkan Battery 02-21,ABWI107101506504W400,1,2022-05-01,13,False,exponential,119.49143813640211,0.21531414743346727,0.0,0.9207489364376212,False,
Mahihkan Battery 02-21,ABWI107101506504W400,2,2023-06-01,5,True,exponential,60.96413589606662,0.38170725490762947,0.0,0.7299073999519773,True,short cycle (<6mo)
Mahihkan Battery 02-21,ABWI107101506504W400,3,2023-11-01,6,False,harmonic,56.04123743434001,0.2527895175648017,1.0,0.8636403183042181,False,
Mahihkan Battery 02-21,ABWI107101506504W400,4,2024-05-01,11,False,exponential,52.09090909091094,8.47773037622917e-24,0.0,-2.220446049250313e-16,True,low R2 (-0.00)
Mahihkan Battery 02-21,ABWI107101506504W400,5,2025-04-01,7,False,exponential,239.72027574550563,0.21111515988711324,0.0,0.8523182244726027,False,
Mahihkan Battery 02-21,ABWI107101506504W400,6,2025-11-01,8,False,exponential,158.72500001586124,7.126125850838842e-16,0.0,-2.4424906541753444e-15,True,low R2 (-0.00)
Mahihkan Battery 02-21,ABWI107102106504W400,1,2023-10-01,14,False,exponential,56.20577187849064,0.28465305410972797,0.0,0.9028248735718744,False,
Mahihkan Battery 02-21,ABWI107102106504W400,2,2024-12-01,5,True,exponential,11.12543704027061,0.17560960233307038,0.0,0.6863295461717807,True,short cycle (<6mo)
Mahihkan Battery 02-21,ABWI107102106504W400,3,2025-05-01,10,False,harmonic,8.212500000000002,5.2204883090546647e-17,1.0,-2.220446049250313e-16,True,low R2 (-0.00)
Mahihkan Battery 02-21,ABWI107102106504W400,4,2026-03-01,4,True,harmonic,53.23710964433791,3.1286006850336583,1.0,0.976861257172452,True,short cycle (<6mo); very high Di (3.13/month)
Mahihkan Battery 02-21,ABWI107102806504W400,1,2022-07-01,4,True,harmonic,54.74075926699918,0.41353263937010004,1.0,0.6963866535459935,True,short cycle (<6mo)
Mahihkan Battery 02-21,ABWI107102806504W400,2,2022-11-01,5,True,,,,,,True,too few data points to fit
Mahihkan Battery 02-21,ABWI107102806504W400,3,2023-04-01,7,False,exponential,93.11428571428583,3.63431432420358e-16,0.0,-1.9984014443252818e-15,True,low R2 (-0.00)
Mahihkan Battery 02-21,ABWI107102806504W400,4,2023-11-01,12,False,harmonic,224.60404858264923,0.7101089098858027,1.0,0.8075245466530163,False,
Mahihkan Battery 02-21,ABWI107102806504W400,5,2024-11-01,7,False,harmonic,73.1072011315006,0.16235430793712047,1.0,0.2768835003503163,True,low R2 (0.28)
Mahihkan Battery 02-21,ABWI107102806504W400,6,2025-06-01,13,False,harmonic,77.29638199929244,0.04574564272539987,1.0,0.4757394234308646,True,low R2 (0.48)
Mahihkan Battery 02-21,ABWI107103406504W400,1,2023-01-01,11,False,exponential,71.69766077931858,0.3505239400997071,0.0,0.9850005308368119,False,
Mahihkan Battery 02-21,ABWI107103406504W400,2,2023-12-01,4,True,harmonic,38.60560792820977,2.5124933979092408,1.0,0.9394915695159711,True,short cycle (<6mo); very high Di (2.51/month)
Mahihkan Battery 02-21,ABWI107103406504W400,3,2024-04-01,4,True,exponential,10.0,3.4512664603419266e-31,0.0,0.0,True,short cycle (<6mo); low R2 (0.00)
Mahihkan Battery 02-21,ABWI107103406504W400,4,2024-08-01,5,True,exponential,30.040000112161557,4.863154622670825e-16,0.0,-1.7763568394002505e-15,True,short cycle (<6mo); low R2 (-0.00)
Mahihkan Battery 02-21,ABWI107103406504W400,5,2025-01-01,7,False,harmonic,99.67142857142858,1.0521432323385245e-28,1.0,-2.220446049250313e-16,True,low R2 (-0.00)
Mahihkan Battery 02-21,ABWI107103406504W400,6,2025-08-01,5,True,harmonic,403.5949664313629,2.473044124114129,1.0,0.9798588035377054,True,short cycle (<6mo); very high Di (2.47/month)
Mahihkan Battery 02-21,ABWI107103406504W400,7,2026-01-01,6,False,exponential,60.31666665865138,3.9737535650916685e-16,0.0,-3.552713678800501e-15,True,low R2 (-0.00)
Mahihkan Battery 02-21,ABWI107111406504W400,1,2023-07-01,7,False,exponential,18.1,2.7233203292598593e-23,0.0,0.0,True,low R2 (0.00)
Mahihkan Battery 02-21,ABWI107111406504W400,2,2024-02-01,5,True,exponential,47.45920661747259,1.1381655447463528,0.0,0.9891873609760866,True,short cycle (<6mo)
Mahihkan Battery 02-21,ABWI107111406504W400,3,2024-07-01,16,False,exponential,55.59374984019173,5.967582735493839e-14,0.0,-3.375077994860476e-13,True,low R2 (-0.00)
Mahihkan Battery 02-21,ABWI107111406504W400,4,2025-11-01,8,False,harmonic,469.63492120652296,2.6636476958679647,1.0,0.5039414225633978,True,very high Di (2.66/month)
Mahihkan Battery 02-21,ABWI107111506504W400,1,2024-02-01,9,False,exponential,104.83333342019333,9.116793285089188e-22,0.0,0.0,True,low R2 (0.00)
Mahihkan Battery 02-21,ABWI107111506504W400,2,2024-11-01,20,False,harmonic,239.53050091191807,0.07123952779072383,1.0,0.5012022150745683,False,
Mahihkan Battery 02-21,ABWI107112206504W400,1,2022-08-01,6,False,exponential,267.8129846631131,0.11959553230673996,0.0,0.9181129007166232,False,
Mahihkan Battery 02-21,ABWI107112206504W400,2,2023-02-01,7,False,harmonic,226.35456075353497,0.3080620374451318,1.0,0.7066324316681404,False,
Mahihkan Battery 02-21,ABWI107112206504W400,3,2023-09-01,8,False,harmonic,125.01082733427853,0.29573436533933356,1.0,0.21770794306592411,True,low R2 (0.22)
Mahihkan Battery 02-21,ABWI107112206504W400,4,2024-05-01,20,False,exponential,140.0,1.2548384026715319e-18,0.0,0.0,True,low R2 (0.00)
Mahihkan Battery 02-21,ABWI107112206504W400,5,2026-01-01,6,False,harmonic,312.70197918630316,7.284035912933774,1.0,0.9562636705644393,True,very high Di (7.28/month)
Mahihkan Battery 02-21,ABWI107112606504W400,1,2022-08-01,5,True,exponential,88.0736818945738,0.17984004235492915,0.0,0.5744295004721713,True,short cycle (<6mo)
Mahihkan Battery 02-21,ABWI107112606504W400,2,2023-01-01,11,False,exponential,28.616666720867435,5.861672213670071e-23,0.0,0.0,True,low R2 (0.00)
Mahihkan Battery 02-21,ABWI107112606504W400,3,2023-12-01,8,False,harmonic,51.170021967451135,0.05179199906374204,1.0,0.08379563538138557,True,low R2 (0.08)
Mahihkan Battery 02-21,ABWI107112606504W400,4,2024-08-01,4,True,harmonic,73.03922994865592,0.6724627151521068,1.0,0.6832899901870054,True,short cycle (<6mo)
Mahihkan Battery 02-21,ABWI107112606504W400,5,2024-12-01,12,False,exponential,73.45454518833641,7.212140883579416e-22,0.0,0.0,True,low R2 (0.00)
Mahihkan Battery 02-21,ABWI107112606504W400,6,2025-12-01,7,False,exponential,433.7029162142463,0.7350639924383761,0.0,0.8197326553560926,False,
Mahihkan Battery 02-21,ABWI107112806504W400,1,2023-12-01,15,False,harmonic,129.83163416421502,0.08011522428162947,1.0,0.48527342840853915,True,low R2 (0.49)
Mahihkan Battery 02-21,ABWI107112806504W400,2,2025-03-01,4,True,harmonic,95.29446120715119,0.37012505906905746,1.0,0.6480116190539544,True,short cycle (<6mo)
Mahihkan Battery 02-21,ABWI107112806504W400,3,2025-07-01,12,False,exponential,107.87981242075492,0.08782797039351639,0.0,0.724515646297614,False,
Mahihkan Battery 02-21,ABWI107113406504W400,1,2024-01-01,16,False,exponential,239.06875,5.9164567891575885e-31,0.0,-2.220446049250313e-16,True,low R2 (-0.00)
Mahihkan Battery 02-21,ABWI107113406504W400,2,2025-05-01,14,False,harmonic,377.68394678327576,0.1070470331465842,1.0,0.6616949695425169,False,
Mahihkan Battery 02-21,ABWI107121006604W402,1,2024-04-01,27,False,exponential,3028.781082568094,0.05955665224726956,0.0,0.5138952390829971,False,
Mahihkan Battery 02-21,ABWI107122606504W400,1,2022-10-01,20,False,harmonic,73.55506457181757,0.42511448299188254,1.0,0.6761270834721174,False,
Mahihkan Battery 02-21,ABWI107122606504W400,2,2024-06-01,5,True,exponential,60.25781309990314,0.22317348805895518,0.0,0.6223157562598322,True,short cycle (<6mo)
Mahihkan Battery 02-21,ABWI107122606504W400,3,2024-11-01,5,True,exponential,44.08,2.3665827156630354e-30,0.0,0.0,True,short cycle (<6mo); low R2 (0.00)
Mahihkan Battery 02-21,ABWI107122606504W400,4,2025-04-01,4,True,exponential,71.27069561234482,0.41487038864701986,0.0,0.9046630745169213,True,short cycle (<6mo)
Mahihkan Battery 02-21,ABWI107122606504W400,5,2025-08-01,10,False,exponential,56.27333177113665,0.2582326631985091,0.0,0.8818596908220576,False,
Mahihkan Battery 02-21,ABWI107122806504W400,1,2023-03-01,16,False,exponential,283.82500000024197,3.7906630782447933e-20,0.0,-2.220446049250313e-16,True,low R2 (-0.00)
Mahihkan Battery 02-21,ABWI107122806504W400,2,2024-07-01,24,False,harmonic,698.2171774368204,0.11775674017420856,1.0,0.7967674835896059,False,
Mahihkan Battery 02-21,ABWI107123406504W400,1,2023-06-01,10,False,exponential,324.6800000041055,1.4876486609061478e-17,0.0,0.0,True,low R2 (0.00)
Mahihkan Battery 02-21,ABWI107123406504W400,2,2024-04-01,11,False,harmonic,516.1666590113651,0.078990109788384,1.0,0.03823558781770342,True,low R2 (0.04)
Mahihkan Battery 02-21,ABWI107123406504W400,3,2025-03-01,16,False,harmonic,719.5997656655585,0.12567553219177385,1.0,0.6116920779842023,False,
Mahihkan Battery 02-21,ABWI107123506504W400,1,2023-08-01,21,False,exponential,698.9905249530252,0.053289458727878616,0.0,0.7851225890827103,False,
Mahihkan Battery 02-21,ABWI107123506504W400,2,2025-05-01,6,False,exponential,649.4500000000104,2.9722885464824742e-21,0.0,2.220446049250313e-16,True,low R2 (0.00)
Mahihkan Battery 02-21,ABWI107123506504W400,3,2025-11-01,8,False,exponential,738.7950631887411,0.052381183934612774,0.0,0.5408823686245502,False,
Mahihkan Battery 02-21,ABWI107130306604W400,1,2022-07-01,18,False,harmonic,1366.9013727668103,0.38594809342544567,1.0,0.7435071436456993,False,
Mahihkan Battery 02-21,ABWI107130306604W400,2,2024-01-01,12,False,exponential,516.5083333333333,7.557090547091801e-21,0.0,0.0,True,low R2 (0.00)
Mahihkan Battery 02-21,ABWI107130306604W400,3,2025-01-01,18,False,hyperbolic,1035.7900364545987,0.3461370677851668,1.9999999999999707,0.849528743218001,True,b pinned at bound (2.000)
Mahihkan Battery 02-21,ABWI107131406504W400,1,2022-11-01,8,False,exponential,242.72831219924046,0.08408954992282039,0.0,0.6273226371999003,False,
Mahihkan Battery 02-21,ABWI107131406504W400,2,2023-07-01,4,True,harmonic,135.83054901221598,2.0296986954474883,1.0,0.36610652519262954,True,short cycle (<6mo); low R2 (0.37); very high Di (2.03/month)
Mahihkan Battery 02-21,ABWI107131406504W400,3,2023-11-01,4,True,harmonic,87.25995898897828,0.05120914204821236,1.0,0.04753291088798173,True,short cycle (<6mo); low R2 (0.05)
Mahihkan Battery 02-21,ABWI107131406504W400,4,2024-03-01,16,False,exponential,133.3625,8.313429502563743e-19,0.0,0.0,True,low R2 (0.00)
Mahihkan Battery 02-21,ABWI107131406504W400,5,2025-07-01,6,False,harmonic,182.13578763808263,0.2995104506507885,1.0,0.739088452766923,False,
Mahihkan Battery 02-21,ABWI107131406504W400,6,2026-01-01,6,False,harmonic,112.63033737188962,0.13547959917368566,1.0,0.23050157918587433,True,low R2 (0.23)
Mahihkan Battery 02-21,ABWI107131506504W400,1,2022-10-01,34,False,harmonic,597.5663306457706,0.02066915782194514,1.0,0.2924810106500175,True,low R2 (0.29)
Mahihkan Battery 02-21,ABWI107131506504W400,2,2025-08-01,11,False,harmonic,627.5300058463791,0.28583288688888536,1.0,0.8106975326081619,False,
Mahihkan Battery 02-21,ABWI107132606504W400,1,2023-08-01,16,False,harmonic,309.425,5.787594324145077e-19,1.0,0.0,True,low R2 (0.00)
Mahihkan Battery 02-21,ABWI107132606504W400,2,2024-12-01,9,False,harmonic,467.0333983703591,0.44600978165162564,1.0,0.8926516194500869,False,
Mahihkan Battery 02-21,ABWI107132606504W400,3,2025-09-01,5,True,exponential,299.104559965053,0.2752517554328727,0.0,0.8697469077485345,True,short cycle (<6mo)
Mahihkan Battery 02-21,ABWI107132606504W400,4,2026-02-01,5,True,exponential,121.42575790948557,0.24521753208648392,0.0,0.8295178647395789,True,short cycle (<6mo)
Mahihkan Battery 02-21,ABWI107132806504W400,1,2022-09-01,4,True,,,,,,True,too few data points to fit
Mahihkan Battery 02-21,ABWI107132806504W400,2,2023-01-01,24,False,exponential,105.21111111111111,5.889483031188442e-19,0.0,0.0,True,low R2 (0.00)
Mahihkan Battery 02-21,ABWI107132806504W400,3,2025-01-01,18,False,harmonic,149.97124891501272,0.018246682478459605,1.0,0.04698041219702587,True,low R2 (0.05)
Mahihkan Battery 02-21,ABWI107133406504W400,1,2023-06-01,9,False,exponential,546.4111111111112,1.3290723624448776e-21,0.0,0.0,True,low R2 (0.00)
Mahihkan Battery 02-21,ABWI107133406504W400,2,2024-03-01,12,False,harmonic,1011.2503797294053,0.44358786521654464,1.0,0.6347201039544195,False,
Mahihkan Battery 02-21,ABWI107133406504W400,3,2025-03-01,4,True,exponential,455.7246570919644,0.3080587029646612,0.0,0.8692960546801166,True,short cycle (<6mo)
Mahihkan Battery 02-21,ABWI107133406504W400,4,2025-07-01,12,False,harmonic,273.68930144055906,0.007122317644077988,1.0,0.013251855191909412,True,low R2 (0.01)
Mahihkan Battery 02-21,ABWI107140306604W400,1,2022-07-01,18,False,harmonic,3218.0165421016964,0.30656216015408283,1.0,0.8889098143910222,False,
Mahihkan Battery 02-21,ABWI107140306604W400,2,2024-01-01,24,False,exponential,1386.8656683696427,0.06706473725431339,0.0,0.849565884733859,False,
Mahihkan Battery 02-21,ABWI107140306604W400,3,2026-01-01,3,True,,,,,,True,too few data points to fit
Mahihkan Battery 02-21,ABWI107141006504W400,1,2022-11-01,22,False,harmonic,434.58801294385756,0.05849947287648269,1.0,0.8623625846774456,False,
Mahihkan Battery 02-21,ABWI107141006504W400,2,2024-09-01,22,False,exponential,372.9363448921227,0.05957604960259619,0.0,0.7933203544889941,False,
Mahihkan Battery 02-21,ABWI107141406504W400,1,2024-03-01,9,False,exponential,165.7222222223145,7.473824988600371e-20,0.0,0.0,True,low R2 (0.00)
Mahihkan Battery 02-21,ABWI107141406504W400,2,2024-12-01,19,False,harmonic,259.914359507097,0.011427667487520733,1.0,0.0465187714235924,True,low R2 (0.05)
Mahihkan Battery 02-21,ABWI107141506504W400,1,2022-05-01,17,False,hyperbolic,226.7228804077376,1.4697541530564127,1.9999999999999978,0.8479557171769612,True,b pinned at bound (2.000)
Mahihkan Battery 02-21,ABWI107141506504W400,2,2023-10-01,12,False,exponential,79.38333303768961,3.766366514077305e-17,0.0,0.0,True,low R2 (0.00)
Mahihkan Battery 02-21,ABWI107141506504W400,3,2024-10-01,21,False,hyperbolic,201.6903998941716,0.4917173105706762,1.9999999999999998,0.4186683028957989,True,low R2 (0.42); b pinned at bound (2.000)
Mahihkan Battery 02-21,ABWI107142106504W400,1,2022-08-01,10,False,exponential,477.9900001042592,1.4238531495721825e-15,0.0,-7.771561172376096e-15,True,low R2 (-0.00)
Mahihkan Battery 02-21,ABWI107142106504W400,2,2023-06-01,6,False,harmonic,967.208313135746,0.16335308689543646,1.0,0.5360158585564645,False,
Mahihkan Battery 02-21,ABWI107142106504W400,3,2023-12-01,7,False,exponential,478.99999982115503,6.617599060524019e-16,0.0,-2.220446049250313e-16,True,low R2 (-0.00)
Mahihkan Battery 02-21,ABWI107142106504W400,4,2024-07-01,10,False,exponential,1097.8654741653831,0.07975996518981893,0.0,0.6891398834721736,False,
Mahihkan Battery 02-21,ABWI107142106504W400,5,2025-05-01,7,False,harmonic,774.479905137873,1.5140733793958456,1.0,0.9110631855051795,False,
Mahihkan Battery 02-21,ABWI107142106504W400,6,2025-12-01,7,False,harmonic,243.2150570656417,0.8182671639099394,1.0,0.11268900450734354,True,low R2 (0.11)
Mahihkan Battery 02-21,ABWI107142206504W400,1,2023-03-01,5,True,exponential,122.53703750013386,0.2901029813560438,0.0,0.913020155025704,True,short cycle (<6mo)
Mahihkan Battery 02-21,ABWI107142606504W400,1,2022-05-01,10,False,exponential,315.3200000047043,4.5950687955038007e-17,0.0,-4.440892098500626e-16,True,low R2 (-0.00)
Mahihkan Battery 02-21,ABWI107142606504W400,2,2023-03-01,5,True,harmonic,350.5136251404192,0.3085475342068795,1.0,0.866778652412624,True,short cycle (<6mo)
Mahihkan Battery 02-21,ABWI107142606504W400,3,2023-08-01,7,False,exponential,221.31428564376284,1.2325398254997853e-20,0.0,0.0,True,low R2 (0.00)
Mahihkan Battery 02-21,ABWI107142606504W400,4,2024-03-01,17,False,exponential,252.94465040667018,0.059507298680280374,0.0,0.6857646435855629,False,
Mahihkan Battery 02-21,ABWI107142606504W400,5,2025-08-01,11,False,exponential,212.52727272789346,4.117394290714089e-21,0.0,0.0,True,low R2 (0.00)
Mahihkan Battery 02-21,ABWI107142706504W400,1,2022-10-01,17,False,exponential,100.56470587194494,4.0488140240567406e-18,0.0,-4.440892098500626e-16,True,low R2 (-0.00)
Mahihkan Battery 02-21,ABWI107142706504W400,2,2024-03-01,7,False,exponential,139.3,1.1391927160010832e-17,0.0,-2.220446049250313e-16,True,low R2 (-0.00)
Mahihkan Battery 02-21,ABWI107142706504W400,3,2024-10-01,17,False,exponential,219.49067075153113,0.12940012937463977,0.0,0.8499380505824581,False,
Mahihkan Battery 02-21,ABWI107142806504W400,1,2023-11-01,20,False,harmonic,384.444364894092,0.1395872316949055,1.0,0.9559456245432978,False,
Mahihkan Battery 02-21,ABWI107142806504W400,2,2025-07-01,4,True,exponential,189.0657929461428,0.47638265339175967,0.0,0.7923576549948081,True,short cycle (<6mo)
Mahihkan Battery 02-21,ABWI107142806504W400,3,2025-11-01,8,False,exponential,150.5625000000011,2.0626058414153716e-15,0.0,-1.532107773982716e-14,True,low R2 (-0.00)
Mahihkan Battery 02-21,ABWI107143406504W400,1,2022-12-01,4,True,exponential,87.02797664998172,0.5981502492731402,0.0,0.8370673676801171,True,short cycle (<6mo)
Mahihkan Battery 02-21,ABWI107143406504W400,2,2023-04-01,7,False,exponential,54.757142655397075,2.860736868331958e-15,0.0,-9.325873406851315e-15,True,low R2 (-0.00)
Mahihkan Battery 02-21,ABWI107143406504W400,3,2023-11-01,10,False,exponential,213.75243734235997,0.3340182279888603,0.0,0.7315271035567101,False,
Mahihkan Battery 02-21,ABWI107143406504W400,4,2024-09-01,10,False,exponential,57.06,3.635020889171181e-21,0.0,0.0,True,low R2 (0.00)
Mahihkan Battery 02-21,ABWI107143406504W400,5,2025-07-01,12,False,harmonic,137.21666666666667,4.264819408416359e-18,1.0,0.0,True,low R2 (0.00)
Mahihkan Battery 02-21,ABWI107150406604W400,1,2023-09-01,6,False,harmonic,4196.437351317076,1.9376229853940587,1.0,0.986341044578169,False,
Mahihkan Battery 02-21,ABWI107150406604W400,2,2024-03-01,9,False,exponential,2338.9112002029156,0.14669628474240537,0.0,0.9234196698275866,False,
Mahihkan Battery 02-21,ABWI107150406604W400,3,2024-12-01,12,False,harmonic,925.9029838518471,0.5334430049086403,1.0,0.3321981193688972,True,low R2 (0.33)
Mahihkan Battery 02-21,ABWI107150406604W400,4,2025-12-01,7,False,harmonic,663.1576227386632,0.03131525058349155,1.0,0.002465948707901622,True,low R2 (0.00)
Mahihkan Battery 02-21,ABWI107151006504W400,1,2022-06-01,5,True,harmonic,71.0184738324103,0.0458894758903995,1.0,0.03925242025677822,True,short cycle (<6mo); low R2 (0.04)
Mahihkan Battery 02-21,ABWI107151006504W400,2,2022-11-01,8,False,harmonic,120.73923925230042,0.4846875669915896,1.0,0.6629450697258265,False,
Mahihkan Battery 02-21,ABWI107151006504W400,3,2023-07-01,6,False,harmonic,81.05000000125857,4.271150404871183e-20,1.0,1.1102230246251565e-16,True,low R2 (0.00)
Mahihkan Battery 02-21,ABWI107151006504W400,4,2024-01-01,9,False,exponential,146.82727716066154,0.8887619271385704,0.0,0.9819297546170107,False,
Mahihkan Battery 02-21,ABWI107151006504W400,5,2024-10-01,10,False,exponential,156.8888888888889,1.5634652711590806e-17,0.0,-4.440892098500626e-16,True,low R2 (-0.00)
Mahihkan Battery 02-21,ABWI107151006504W400,6,2025-08-01,11,False,exponential,217.29000000008133,1.0665227782455104e-22,0.0,0.0,True,low R2 (0.00)
Mahihkan Battery 02-21,ABWI107151406504W400,1,2022-06-01,13,False,exponential,190.91991280710698,0.0637502051820474,0.0,0.9057586478356904,False,
Mahihkan Battery 02-21,ABWI107151406504W400,2,2023-07-01,9,False,exponential,68.14444444879939,1.5684405386393662e-16,0.0,-2.220446049250313e-16,True,low R2 (-0.00)
Mahihkan Battery 02-21,ABWI107151406504W400,3,2024-04-01,8,False,exponential,169.7515733909037,0.0908359021904014,0.0,0.525453378039338,False,
Mahihkan Battery 02-21,ABWI107151406504W400,4,2024-12-01,8,False,harmonic,109.04191758984501,0.12199745425885743,1.0,0.5668609637340467,False,
Mahihkan Battery 02-21,ABWI107151406504W400,5,2025-08-01,8,False,harmonic,95.24677591996698,0.09702251062699026,1.0,0.16375564778840024,True,low R2 (0.16)
Mahihkan Battery 02-21,ABWI107151406504W400,6,2026-04-01,3,True,,,,,,True,too few data points to fit
Mahihkan Battery 02-21,ABWI107151506504W400,1,2022-07-01,15,False,harmonic,111.65153669281678,0.15829710320876866,1.0,0.5159230617590125,False,
Mahihkan Battery 02-21,ABWI107151506504W400,2,2023-10-01,4,True,harmonic,67.32500004614901,5.0662389500063624e-17,1.0,-4.440892098500626e-16,True,short cycle (<6mo); low R2 (-0.00)
Mahihkan Battery 02-21,ABWI107151506504W400,3,2024-02-01,15,False,harmonic,119.71166790036105,0.26065630675622886,1.0,0.5334463637496027,False,
Mahihkan Battery 02-21,ABWI107151506504W400,4,2025-05-01,5,True,exponential,108.02410433459778,0.013694271929139905,0.0,0.001212472408947174,True,short cycle (<6mo); low R2 (0.00)
Mahihkan Battery 02-21,ABWI107151506504W400,5,2025-10-01,9,False,exponential,218.53249054545745,0.14522836916515552,0.0,0.8307959647950284,False,
Mahihkan Battery 02-21,ABWI107152706504W400,1,2022-12-01,5,True,harmonic,213.833946910143,0.20662997433967767,1.0,0.7026256709208982,True,short cycle (<6mo)
Mahihkan Battery 02-21,ABWI107152706504W400,2,2023-05-01,14,False,harmonic,171.8188471315133,0.010478832067269406,1.0,0.051286731516148376,True,low R2 (0.05)
Mahihkan Battery 02-21,ABWI107152706504W400,3,2024-07-01,9,False,harmonic,245.30567680980664,0.13413404866521975,1.0,0.47726566815407645,True,low R2 (0.48)
Mahihkan Battery 02-21,ABWI107152706504W400,4,2025-04-01,8,False,harmonic,171.5084830947897,0.11592039660355004,1.0,0.08249586914848173,True,low R2 (0.08)
Mahihkan Battery 02-21,ABWI107152706504W400,5,2025-12-01,7,False,harmonic,157.2095850008528,0.05284444363088178,1.0,0.0679784756805688,True,low R2 (0.07)
Mahihkan Battery 02-21,ABWI107160306604W400,1,2023-05-01,8,False,harmonic,153.1125012954332,1.5124422637923732e-14,1.0,-5.728750807065808e-14,True,low R2 (-0.00)
Mahihkan Battery 02-21,ABWI107160306604W400,2,2024-01-01,4,True,harmonic,495.1458698174243,1.525470225734566,1.0,0.9349921396468335,True,short cycle (<6mo)
Mahihkan Battery 02-21,ABWI107160306604W400,3,2024-05-01,21,False,,,,,,True,too few data points to fit
Mahihkan Battery 02-21,ABWI107160306604W400,4,2026-02-01,5,True,harmonic,9.582797946372198,0.5310417067631767,1.0,0.3528882434588617,True,short cycle (<6mo); low R2 (0.35)
Mahihkan Battery 02-21,ABWI107161006504W400,1,2022-09-01,10,False,harmonic,220.4330125880791,3.7930833592784317,1.0,0.9897803449088477,True,very high Di (3.79/month)
Mahihkan Battery 02-21,ABWI107161006504W400,2,2023-07-01,8,False,harmonic,34.874883014545944,0.1445622103650374,1.0,0.7094419496482052,False,
Mahihkan Battery 02-21,ABWI107161006504W400,3,2024-03-01,13,False,exponential,50.86666666666667,2.0686181125365937e-21,0.0,0.0,True,low R2 (0.00)
Mahihkan Battery 02-21,ABWI107161006504W400,4,2025-04-01,15,False,harmonic,183.5285505364313,0.039392897010593876,1.0,0.2933984348641615,True,low R2 (0.29)
Mahihkan Battery 02-21,ABWI107161506504W400,1,2022-07-01,14,False,harmonic,262.93473231695356,0.3762231687025132,1.0,0.7812358454933691,False,
Mahihkan Battery 02-21,ABWI107161506504W400,2,2023-09-01,5,True,exponential,83.01268503064576,0.4041591427306931,0.0,0.9172182036948675,True,short cycle (<6mo)
Mahihkan Battery 02-21,ABWI107161506504W400,3,2024-02-01,4,True,exponential,94.05139008726358,0.22640934817405067,0.0,0.7702784418720992,True,short cycle (<6mo)
Mahihkan Battery 02-21,ABWI107161506504W400,4,2024-06-01,10,False,harmonic,80.42902781014105,0.24041139608266,1.0,0.4683906139424121,True,low R2 (0.47)
Mahihkan Battery 02-21,ABWI107161506504W400,5,2025-04-01,4,True,harmonic,91.91059067038333,1.514851815882457,1.0,0.9765886745405021,True,short cycle (<6mo)
Mahihkan Battery 02-21,ABWI107161506504W400,6,2025-08-01,4,True,harmonic,38.135157841038904,0.30555808855278405,1.0,0.16601090019129539,True,short cycle (<6mo); low R2 (0.17)
Mahihkan Battery 02-21,ABWI107161506504W400,7,2025-12-01,7,False,exponential,32.82857143304289,1.1129701157233354e-15,0.0,-5.329070518200751e-15,True,low R2 (-0.00)
Mahihkan Battery 02-21,ABWI107161606504W400,1,2022-05-01,22,False,hyperbolic,826.3089853700646,0.24381649085169893,1.9999999999999951,0.73143828427499,True,b pinned at bound (2.000)
Mahihkan Battery 02-21,ABWI107161606504W400,2,2024-03-01,8,False,exponential,487.5203935587148,0.25465256689595817,0.0,0.8972535071397297,False,
Mahihkan Battery 02-21,ABWI107161606504W400,3,2024-11-01,10,False,harmonic,187.38998058816503,0.001823742226849127,1.0,0.00048692079073231476,True,low R2 (0.00)
Mahihkan Battery 02-21,ABWI107161606504W400,4,2025-09-01,10,False,harmonic,199.65331849606682,0.01250636208021201,1.0,0.03041732261328478,True,low R2 (0.03)
Mahihkan Battery 02-21,ABWI107162706504W400,1,2023-11-01,32,False,exponential,306.8852705277354,0.036970493662067595,0.0,0.6835223204325374,False,
Mahihkan Battery 02-21,ABWI107162906504W400,1,2022-11-01,4,True,exponential,262.90651386880273,0.8529624065700107,0.0,0.9817743400091016,True,short cycle (<6mo)
Mahihkan Battery 02-21,ABWI107162906504W400,2,2023-03-01,13,False,exponential,57.92307692307692,1.3258625562733132e-19,0.0,0.0,True,low R2 (0.00)
Mahihkan Battery 02-21,ABWI107162906504W400,3,2024-04-01,27,False,harmonic,235.15593098589306,0.024326324275508168,1.0,0.7204272190329951,False,
Mahihkan Battery 02-21,ABWI107163406504W400,1,2023-01-01,9,False,,,,,,True,too few data points to fit
Mahihkan Battery 02-21,ABWI107163406504W400,2,2023-10-01,16,False,exponential,79.05384628000012,7.7377957187083e-17,0.0,-8.881784197001252e-16,True,low R2 (-0.00)
Mahihkan Battery 02-21,ABWI107163406504W400,3,2025-02-01,5,True,harmonic,198.583146086272,0.28554403872249806,1.0,0.5670481151757161,True,short cycle (<6mo)
Mahihkan Battery 02-21,ABWI107163406504W400,4,2025-07-01,12,False,exponential,120.05833333333334,9.735396649540572e-25,0.0,0.0,True,low R2 (0.00)
Mahihkan Battery 02-21,ABWI108010406604W400,1,2024-03-01,4,True,exponential,211.65,7.395570986446986e-32,0.0,0.0,True,short cycle (<6mo); low R2 (0.00)
Mahihkan Battery 02-21,ABWI108010406604W400,2,2024-07-01,20,False,exponential,326.87,8.299757378338914e-20,0.0,0.0,True,low R2 (0.00)
Mahihkan Battery 02-21,ABWI108010406604W400,3,2026-03-01,4,True,harmonic,527.7254154218653,0.4440950482838282,1.0,0.9350205866785223,True,short cycle (<6mo)
Mahihkan Battery 02-21,ABWI108011006604W400,1,2022-11-01,12,False,exponential,182.98000100029824,2.5116699527667664e-19,0.0,0.0,True,low R2 (0.00)
Mahihkan Battery 02-21,ABWI108011006604W400,2,2023-11-01,5,True,harmonic,629.794186546703,0.8794590853399161,1.0,0.9283335787368734,True,short cycle (<6mo)
Mahihkan Battery 02-21,ABWI108011006604W400,3,2024-04-01,9,False,exponential,325.2489688219626,0.20170307830410625,0.0,0.8687049687677608,False,
Mahihkan Battery 02-21,ABWI108011506504W400,1,2022-08-01,9,False,harmonic,150.92372444540436,0.0665028145139958,1.0,0.018219904321224334,True,low R2 (0.02)
Mahihkan Battery 02-21,ABWI108011506504W400,2,2023-05-01,4,True,harmonic,198.89333439662212,0.27697222450902875,1.0,0.32533862170152694,True,short cycle (<6mo); low R2 (0.33)
Mahihkan Battery 02-21,ABWI108011506504W400,3,2023-09-01,14,False,harmonic,224.41762916378747,0.12096116596605204,1.0,0.42716383336294506,True,low R2 (0.43)
Mahihkan Battery 02-21,ABWI108011506504W400,4,2024-11-01,18,False,harmonic,227.91166322402944,0.14705092806659678,1.0,0.5470584729311774,False,
Mahihkan Battery 02-21,ABWI108011506504W400,5,2026-05-01,2,True,,,,,,True,too few data points to fit
Mahihkan Battery 02-21,ABWI108012106504W400,1,2022-05-01,11,False,harmonic,391.6876462827096,0.2664168834792539,1.0,0.6283400331144922,False,
Mahihkan Battery 02-21,ABWI108012106504W400,2,2023-04-01,19,False,harmonic,222.182645375011,0.06990712783403821,1.0,0.6122321204764642,False,
Mahihkan Battery 02-21,ABWI108012106504W400,3,2024-11-01,13,False,hyperbolic,542.0547110375494,4.880971479591151,1.9999999999999996,0.9049098589141269,True,very high Di (4.88/month); b pinned at bound (2.000)
Mahihkan Battery 02-21,ABWI108012106504W400,4,2025-12-01,7,False,harmonic,124.15863699146584,0.18130215270152159,1.0,0.3778356879842203,True,low R2 (0.38)
Mahihkan Battery 02-21,ABWI108012206504W400,1,2023-05-01,6,False,exponential,129.8752651673029,0.177621787632028,0.0,0.4961428978371203,True,low R2 (0.50)
Mahihkan Battery 02-21,ABWI108012206504W400,2,2023-11-01,4,True,harmonic,78.13172941480704,0.211071583715807,1.0,0.3768823955735162,True,short cycle (<6mo); low R2 (0.38)
Mahihkan Battery 02-21,ABWI108012206504W400,3,2024-03-01,14,False,exponential,189.35714285714286,5.496300446468122e-21,0.0,0.0,True,low R2 (0.00)
Mahihkan Battery 02-21,ABWI108012206504W400,4,2025-05-01,14,False,harmonic,441.92636009594014,0.02912900023261173,1.0,0.1482980332617665,True,low R2 (0.15)
Mahihkan Battery 02-21,ABWI108012706504W400,1,2022-06-01,6,False,harmonic,148.19426656453905,0.18665913777205184,1.0,0.21897068182690127,True,low R2 (0.22)
Mahihkan Battery 02-21,ABWI108012706504W400,2,2022-12-01,17,False,exponential,186.41176479027263,7.305454672078158e-23,0.0,0.0,True,low R2 (0.00)
Mahihkan Battery 02-21,ABWI108012706504W400,3,2024-05-01,6,False,harmonic,328.37096418481946,0.2953863567906073,1.0,0.8256985811527897,False,
Mahihkan Battery 02-21,ABWI108012706504W400,4,2024-11-01,6,False,harmonic,210.18440608878768,0.09448327265922352,1.0,0.20461739035908244,True,low R2 (0.20)
Mahihkan Battery 02-21,ABWI108012706504W400,5,2025-05-01,7,False,exponential,213.2400000024736,3.654375482201455e-18,0.0,-2.220446049250313e-16,True,low R2 (-0.00)
Mahihkan Battery 02-21,ABWI108012706504W400,6,2025-12-01,7,False,harmonic,450.6831214831946,0.3181532474303503,1.0,0.7323737279445879,False,
Mahihkan Battery 02-21,ABWI108012906504W400,1,2023-01-01,18,False,exponential,69.78571427660886,4.734527422203249e-16,0.0,-7.105427357601002e-15,True,low R2 (-0.00)
Mahihkan Battery 02-21,ABWI108012906504W400,2,2024-07-01,8,False,harmonic,177.15580028223636,0.17504883231747903,1.0,0.5179384600730331,False,
Mahihkan Battery 02-21,ABWI108012906504W400,3,2025-03-01,16,False,harmonic,146.6217182621208,0.025961922943178544,1.0,0.3585002226952433,True,low R2 (0.36)
Mahihkan Battery 02-21,ABWI108013406504W400,1,2022-08-01,4,True,exponential,319.79044273899314,0.2572986161194659,0.0,0.7102990411596684,True,short cycle (<6mo)
Mahihkan Battery 02-21,ABWI108013406504W400,2,2022-12-01,4,True,harmonic,203.87812635839254,0.41710007129879284,1.0,0.4464722907723605,True,short cycle (<6mo); low R2 (0.45)
Mahihkan Battery 02-21,ABWI108013406504W400,3,2023-04-01,14,False,exponential,227.01428571428573,4.041309765543955e-28,0.0,0.0,True,low R2 (0.00)
Mahihkan Battery 02-21,ABWI108013406504W400,4,2024-06-01,25,False,exponential,325.09200000687696,3.612529956151257e-17,0.0,-4.440892098500626e-16,True,low R2 (-0.00)
Mahihkan Battery 02-21,ABWI108021006604W400,1,2022-09-01,7,False,harmonic,243.67289632468174,0.2152599759886989,1.0,0.6076446752226206,False,
Mahihkan Battery 02-21,ABWI108021006604W400,2,2023-04-01,11,False,harmonic,104.62727260598338,2.570101635808343e-19,1.0,-2.220446049250313e-16,True,low R2 (-0.00)
Mahihkan Battery 02-21,ABWI108021006604W400,3,2024-03-01,28,False,harmonic,166.17943758599876,0.022064351543347717,1.0,0.040706357769377255,True,low R2 (0.04)
Mahihkan Battery 02-21,ABWI108021506504W400,1,2023-09-01,8,False,harmonic,332.07867513727524,0.02332075287417173,1.0,0.011656123162477217,True,low R2 (0.01)
Mahihkan Battery 02-21,ABWI108021506504W400,2,2024-05-01,5,True,harmonic,402.4435719972877,0.306260607127096,1.0,0.6220984457199988,True,short cycle (<6mo)
Mahihkan Battery 02-21,ABWI108021506504W400,3,2024-10-01,9,False,exponential,273.771027312424,0.6189493250706926,0.0,0.8856022230295338,False,
Mahihkan Battery 02-21,ABWI108021506504W400,4,2025-07-01,11,False,exponential,68.56363636363636,1.2216577152420247e-21,0.0,0.0,True,low R2 (0.00)
Mahihkan Battery 02-21,ABWI108022206504W400,1,2023-06-01,18,False,harmonic,159.3475411972176,0.02002471334834127,1.0,0.12068656515681597,True,low R2 (0.12)
Mahihkan Battery 02-21,ABWI108022206504W400,2,2024-12-01,15,False,harmonic,161.76002759960244,0.02220751435314281,1.0,0.07426130858837543,True,low R2 (0.07)
Mahihkan Battery 02-21,ABWI108022206504W400,3,2026-03-01,4,True,harmonic,283.89149247107014,2.971260799279467,1.0,0.42465894290740636,True,short cycle (<6mo); low R2 (0.42); very high Di (2.97/month)
Mahihkan Battery 02-21,ABWI108023406504W400,1,2023-11-01,4,True,harmonic,385.2565701389243,0.1609700568911317,1.0,0.35840125820065205,True,short cycle (<6mo); low R2 (0.36)
Mahihkan Battery 02-21,ABWI108023406504W400,2,2024-03-01,28,False,exponential,215.19642857171266,2.436067856114309e-22,0.0,-2.220446049250313e-16,True,low R2 (-0.00)
Mahihkan Battery 02-21,ABWI108031506504W400,1,2022-05-01,15,False,exponential,276.16234761410993,0.0483056177651511,0.0,0.6763663522822554,False,
Mahihkan Battery 02-21,ABWI108031506504W400,2,2023-08-01,12,False,harmonic,183.94472105519256,0.11467127011315319,1.0,0.7540574864168785,False,
Mahihkan Battery 02-21,ABWI108031506504W400,3,2024-08-01,23,False,harmonic,149.8350495296473,0.09856325914237687,1.0,0.513781930978641,False,
Mahihkan Battery 02-21,ABWI108032206504W400,1,2022-05-01,8,False,harmonic,345.80387659699534,0.16704005330277222,1.0,0.3821129923043194,True,low R2 (0.38)
Mahihkan Battery 02-21,ABWI108032206504W400,2,2023-01-01,24,False,harmonic,193.1465805882723,0.011951934577539377,1.0,0.07991354797422368,True,low R2 (0.08)
Mahihkan Battery 02-21,ABWI108032206504W400,3,2025-01-01,11,False,exponential,268.2961378734394,0.11956887212756685,0.0,0.8470797871007152,False,
Mahihkan Battery 02-21,ABWI108032206504W400,4,2025-12-01,7,False,harmonic,91.38470582982309,0.15311405605936376,1.0,0.4389644932267427,True,low R2 (0.44)
Mahihkan Battery 02-21,ABWI108032806504W400,1,2023-01-01,20,False,exponential,93.835,6.639206616148596e-21,0.0,-2.220446049250313e-16,True,low R2 (-0.00)
Mahihkan Battery 02-21,ABWI108032806504W400,2,2024-09-01,22,False,harmonic,134.9283103858141,0.03559037802489721,1.0,0.4548333275931673,True,low R2 (0.45)
Mahihkan Battery 02-21,ABWI108033506504W400,1,2022-10-01,6,False,harmonic,171.45066492750092,0.14040300101035721,1.0,0.8329542822161279,False,
Mahihkan Battery 02-21,ABWI108033506504W400,2,2023-04-01,6,False,exponential,189.93333333333334,9.053648338062311e-24,0.0,-2.220446049250313e-16,True,low R2 (-0.00)
Mahihkan Battery 02-21,ABWI108033506504W400,3,2023-10-01,20,False,harmonic,252.16027757489294,0.026000284773447107,1.0,0.15866617473541056,True,low R2 (0.16)
Mahihkan Battery 02-21,ABWI108033506504W400,4,2025-06-01,6,False,harmonic,273.1934400956006,0.3184717963544104,1.0,0.5575014654242973,False,
Mahihkan Battery 02-21,ABWI108033506504W400,5,2025-12-01,7,False,harmonic,204.7857142857143,1.5803430254419627e-18,1.0,1.1102230246251565e-16,True,low R2 (0.00)
Mahihkan Battery 02-21,ABWI108040306604W400,1,2023-01-01,35,False,harmonic,219.33428575626755,2.7425734626451674e-16,1.0,-8.215650382226158e-15,True,low R2 (-0.00)
Mahihkan Battery 02-21,ABWI108040306604W400,2,2025-12-01,7,False,exponential,489.04577310061103,0.08341456628551948,0.0,0.720447358298757,False,
Mahihkan Battery 02-21,ABWI108041006604W402,1,2022-08-01,19,False,harmonic,4244.658562494352,0.3681418296991711,1.0,0.7195852632919177,False,
Mahihkan Battery 02-21,ABWI108041006604W402,2,2024-03-01,5,True,harmonic,1833.4290914945666,0.0033485427345911955,1.0,0.00022776915734101788,True,short cycle (<6mo); low R2 (0.00)
Mahihkan Battery 02-21,ABWI108041006604W402,3,2024-08-01,20,False,exponential,2438.0908381457853,0.10033973920994935,0.0,0.9168496722199311,False,
Mahihkan Battery 02-21,ABWI108042206504W400,1,2022-09-01,4,True,exponential,38.32022265320868,0.5370205280132185,0.0,0.9962546879043308,True,short cycle (<6mo)
Mahihkan Battery 02-21,ABWI108042206504W400,2,2023-01-01,4,True,,,,,,True,too few data points to fit
Mahihkan Battery 02-21,ABWI108042206504W400,3,2023-05-01,8,False,exponential,129.50000000000003,6.037122478657566e-17,0.0,-4.440892098500626e-16,True,low R2 (-0.00)
Mahihkan Battery 02-21,ABWI108042206504W400,4,2024-01-01,22,False,harmonic,407.9480405299047,0.1061017574518459,1.0,0.5234830071335425,False,
Mahihkan Battery 02-21,ABWI108042206504W400,5,2025-11-01,8,False,harmonic,328.5783041947767,0.263316585374138,1.0,0.8127966692628004,False,
Mahihkan Battery 02-21,ABWI108042306504W400,1,2023-08-01,28,False,hyperbolic,437.41114307722574,0.18026510093148554,1.9999999999999998,0.16036147512849264,True,low R2 (0.16); b pinned at bound (2.000)
Mahihkan Battery 02-21,ABWI108042306504W400,2,2025-12-01,7,False,harmonic,233.53451898659034,0.11152153996374889,1.0,0.6005546906057082,False,
Mahihkan Battery 02-21,ABWI108042806504W400,1,2023-03-01,10,False,harmonic,457.52469939034785,0.49053131981740355,1.0,0.9618267553971208,False,
Mahihkan Battery 02-21,ABWI108042806504W400,2,2024-01-01,6,False,harmonic,139.50849695627343,0.14236007109190674,1.0,0.17264269095762097,True,low R2 (0.17)
Mahihkan Battery 02-21,ABWI108042806504W400,3,2024-07-01,9,False,exponential,86.14444654454208,6.083216033108008e-09,0.0,-3.0950353391290264e-11,True,low R2 (-0.00)
Mahihkan Battery 02-21,ABWI108042806504W400,4,2025-04-01,8,False,harmonic,124.1986775248189,0.6852630031949213,1.0,0.8232632020958065,False,
Mahihkan Battery 02-21,ABWI108042806504W400,5,2025-12-01,2,True,,,,,,True,too few data points to fit
Mahihkan Battery 02-21,ABWI108050306604W400,1,2022-11-01,6,False,exponential,292.8166665404092,1.7235208620279073e-15,0.0,-5.551115123125783e-15,True,low R2 (-0.00)
Mahihkan Battery 02-21,ABWI108050306604W400,2,2023-05-01,10,False,exponential,564.2553468426653,0.132182908377515,0.0,0.7759786991676322,False,
Mahihkan Battery 02-21,ABWI108050306604W400,3,2024-03-01,8,False,harmonic,776.4150615241384,0.9011728721266302,1.0,0.5174764158289302,False,
Mahihkan Battery 02-21,ABWI108050306604W400,4,2024-11-01,9,False,harmonic,365.3869474574023,0.24036193559866495,1.0,0.17936364463645926,True,low R2 (0.18)
Mahihkan Battery 02-21,ABWI108050306604W400,5,2025-08-01,9,False,harmonic,319.8911706886483,0.06354046857249938,1.0,0.23401301101117677,True,low R2 (0.23)
Mahihkan Battery 02-21,ABWI108050306604W400,6,2026-05-01,2,True,,,,,,True,too few data points to fit
Mahihkan Battery 02-21,ABWI108051006604W400,1,2023-11-01,10,False,exponential,551.8200000002502,8.290228867566446e-22,0.0,-2.220446049250313e-16,True,low R2 (-0.00)
Mahihkan Battery 02-21,ABWI108051006604W400,2,2024-09-01,19,False,exponential,1632.801442953031,0.13451076388811622,0.0,0.9227169122363865,False,
Mahihkan Battery 02-21,ABWI108052206504W400,1,2023-06-01,12,False,hyperbolic,215.89785434573537,0.3047945720384493,1.9999999999999996,0.7912091954938492,True,b pinned at bound (2.000)
Mahihkan Battery 02-21,ABWI108052206504W400,2,2024-06-01,25,False,exponential,140.96062029561173,0.06371417162597887,0.0,0.8955168015736528,False,
Mahihkan Battery 02-21,ABWI108052306504W400,1,2022-05-01,6,False,exponential,174.21792598815358,0.340022176678129,0.0,0.9557287959432585,False,
Mahihkan Battery 02-21,ABWI108052306504W400,2,2022-11-01,6,False,exponential,127.38000000000038,1.0569344364588984e-15,0.0,-4.6629367034256575e-15,True,low R2 (-0.00)
Mahihkan Battery 02-21,ABWI108052306504W400,3,2023-05-01,13,False,exponential,248.93586463779727,0.09979151606711587,0.0,0.9053022821429572,False,
Mahihkan Battery 02-21,ABWI108052306504W400,4,2024-06-01,17,False,harmonic,79.59626374446512,0.03509702966960668,1.0,0.4731420883502221,True,low R2 (0.47)
Mahihkan Battery 02-21,ABWI108052306504W400,5,2025-11-01,8,False,exponential,79.04074775237385,0.09772340493065279,0.0,0.8856947231546829,False,
Mahihkan Battery 02-21,ABWI108052606504W400,1,2022-06-01,9,False,exponential,160.01111111111112,3.708021543313055e-19,0.0,0.0,True,low R2 (0.00)
Mahihkan Battery 02-21,ABWI108052606504W400,2,2023-03-01,9,False,exponential,501.69531084173633,0.18422731672699771,0.0,0.9646932744651352,False,
Mahihkan Battery 02-21,ABWI108052606504W400,3,2023-12-01,5,True,harmonic,213.6233582927312,0.024946066221710948,1.0,0.0027727442840619343,True,short cycle (<6mo); low R2 (0.00)
Mahihkan Battery 02-21,ABWI108052606504W400,4,2024-05-01,14,False,harmonic,448.4462387690068,0.3002903674616857,1.0,0.9011018563782509,False,
Mahihkan Battery 02-21,ABWI108052606504W400,5,2025-07-01,5,True,harmonic,154.46077414209478,0.528036769502787,1.0,0.9637343054889993,True,short cycle (<6mo)
Mahihkan Battery 02-21,ABWI108052606504W400,6,2025-12-01,7,False,exponential,70.37142857142864,2.7154485623879757e-25,0.0,0.0,True,low R2 (0.00)
Mahihkan Battery 02-21,ABWI108052706504W400,1,2022-12-01,5,True,harmonic,160.65255477614224,0.20002767589704504,1.0,0.11285952230349594,True,short cycle (<6mo); low R2 (0.11)
Mahihkan Battery 02-21,ABWI108052706504W400,2,2023-05-01,14,False,harmonic,254.68615589215534,0.11362224418247473,1.0,0.5750272830801251,False,
Mahihkan Battery 02-21,ABWI108052706504W400,3,2024-07-01,5,True,harmonic,331.9640150821248,17.264490717501996,1.0,0.9429568865718667,True,short cycle (<6mo); very high Di (17.26/month)
Mahihkan Battery 02-21,ABWI108052706504W400,4,2024-12-01,5,True,harmonic,61.88622935855546,0.01198175719384464,1.0,0.0002884526994956227,True,short cycle (<6mo); low R2 (0.00)
Mahihkan Battery 02-21,ABWI108052706504W400,5,2025-05-01,14,False,harmonic,75.4112702962538,0.0020288190769393267,1.0,0.0002898737525113271,True,low R2 (0.00)
Mahihkan Battery 02-21,ABWI108052806504W400,1,2022-12-01,19,False,harmonic,333.75546968768333,0.025728407362329123,1.0,0.4461301936758333,True,low R2 (0.45)
Mahihkan Battery 02-21,ABWI108052806504W400,2,2024-07-01,24,False,harmonic,453.4317432292059,0.17851304962174055,1.0,0.7506746727143728,False,
Mahihkan Battery 02-21,ABWI108053506504W400,1,2022-05-01,14,False,exponential,322.0666300459778,0.14380272615745215,0.0,0.8987735985976558,False,
Mahihkan Battery 02-21,ABWI108053506504W400,2,2023-07-01,4,True,,,,,,True,too few data points to fit
Mahihkan Battery 02-21,ABWI108053506504W400,3,2023-11-01,5,True,harmonic,194.15325185536074,0.5129769842937899,1.0,0.6430614283151743,True,short cycle (<6mo)
Mahihkan Battery 02-21,ABWI108053506504W400,4,2024-04-01,22,False,harmonic,228.75736068171503,0.09074681109902821,1.0,0.536927809059569,False,
Mahihkan Battery 02-21,ABWI108053506504W400,5,2026-02-01,5,True,harmonic,200.26102968557979,0.8980446816908625,1.0,0.9478336387777329,True,short cycle (<6mo)
Mahihkan Battery 02-21,ABWI108062206504W400,1,2022-05-01,7,False,harmonic,97.7175513932173,0.29708443021131437,1.0,0.9017953501880035,False,
Mahihkan Battery 02-21,ABWI108062206504W400,2,2022-12-01,24,False,harmonic,84.90640641039539,0.1415581780440157,1.0,0.8541411829419943,False,
Mahihkan Battery 02-21,ABWI108062206504W400,3,2024-12-01,11,False,exponential,31.236363636363635,2.038730873897509e-21,0.0,0.0,True,low R2 (0.00)
Mahihkan Battery 02-21,ABWI108062206504W400,4,2025-11-01,8,False,harmonic,106.66765077366023,1.6894621580740994,1.0,0.9750336859439442,False,
Mahihkan Battery 02-21,ABWI108062806504W400,1,2023-02-01,13,False,exponential,29.116666722188487,6.168641648252393e-21,0.0,0.0,True,low R2 (0.00)
Mahihkan Battery 02-21,ABWI108062806504W400,2,2024-03-01,9,False,harmonic,103.45335588715454,0.41661840818523393,1.0,0.8525690574117426,False,
Mahihkan Battery 02-21,ABWI108062806504W400,3,2024-12-01,7,False,harmonic,42.48836514604464,0.8254205664242024,1.0,0.9024068697048497,False,
Mahihkan Battery 02-21,ABWI108062806504W400,4,2025-07-01,5,True,,,,,,True,too few data points to fit
Mahihkan Battery 02-21,ABWI108062806504W400,5,2025-12-01,7,False,exponential,5.880000006325439,2.1339427065279814e-15,0.0,-3.3306690738754696e-15,True,low R2 (-0.00)
Mahihkan Battery 02-21,ABWI108063406504W400,1,2023-11-01,4,True,harmonic,336.2853213473092,0.4227930157830425,1.0,0.7184726572072557,True,short cycle (<6mo)
Mahihkan Battery 02-21,ABWI108063406504W400,2,2024-03-01,17,False,exponential,411.61764705882354,2.4711644292488858e-21,0.0,0.0,True,low R2 (0.00)
Mahihkan Battery 02-21,ABWI108063406504W400,3,2025-08-01,11,False,exponential,634.3636363940299,3.642078062854079e-16,0.0,-3.774758283725532e-15,True,low R2 (-0.00)
Mahihkan Battery 02-21,ABWI108063506504W400,1,2023-08-01,12,False,harmonic,416.3202154868871,0.015267757557315171,1.0,0.03674957035253523,True,low R2 (0.04)
Mahihkan Battery 02-21,ABWI108063506504W400,2,2024-08-01,23,False,harmonic,333.00236646828444,0.011995767584569538,1.0,0.046689238042823766,True,low R2 (0.05)
Mahihkan Battery 02-21,ABWI108070306604W400,1,2022-06-01,7,False,exponential,67.9285714285715,3.535876823991255e-16,0.0,-1.3322676295501878e-15,True,low R2 (-0.00)
Mahihkan Battery 02-21,ABWI108070306604W400,2,2023-01-01,17,False,exponential,203.34117647215945,1.2286406513198417e-17,0.0,-2.220446049250313e-16,True,low R2 (-0.00)
Mahihkan Battery 02-21,ABWI108070306604W400,3,2024-06-01,11,False,exponential,233.2636363636754,2.1924426174685833e-23,0.0,1.1102230246251565e-16,True,low R2 (0.00)
Mahihkan Battery 02-21,ABWI108070306604W400,4,2025-05-01,14,False,harmonic,297.8541543429249,0.08064156841365464,1.0,0.4982007552861376,True,low R2 (0.50)
Mahihkan Battery 02-21,ABWI108071506504W400,1,2022-06-01,10,False,harmonic,653.6824052435009,0.21457076368928488,1.0,0.7344743578018571,False,
Mahihkan Battery 02-21,ABWI108071506504W400,2,2023-04-01,5,True,exponential,289.2506891735764,0.3657369365639806,0.0,0.9055419854713721,True,short cycle (<6mo)
Mahihkan Battery 02-21,ABWI108071506504W400,3,2023-09-01,8,False,harmonic,269.57167451255873,0.19776868306580858,1.0,0.36015104034208956,True,low R2 (0.36)
Mahihkan Battery 02-21,ABWI108071506504W400,4,2024-05-01,6,False,harmonic,308.0836416646631,3.05652677625621,1.0,0.8813115223068814,True,very high Di (3.06/month)
Mahihkan Battery 02-21,ABWI108071506504W400,5,2024-11-01,6,False,exponential,97.02531293171096,0.32662174966097846,0.0,0.9679304888013186,False,
Mahihkan Battery 02-21,ABWI108071506504W400,6,2025-05-01,4,True,,,,,,True,too few data points to fit
Mahihkan Battery 02-21,ABWI108071506504W400,7,2025-09-01,4,True,harmonic,9.234250767224363,0.011866506684932785,1.0,4.8963439681859455e-05,True,short cycle (<6mo); low R2 (0.00)
Mahihkan Battery 02-21,ABWI108071506504W400,8,2026-01-01,6,False,exponential,25.566666666666702,5.379269568374355e-16,0.0,-1.9984014443252818e-15,True,low R2 (-0.00)
Mahihkan Battery 02-21,ABWI108072206504W400,1,2022-08-01,6,False,harmonic,293.62102164244834,0.6818452331491883,1.0,0.42153049636145756,True,low R2 (0.42)
Mahihkan Battery 02-21,ABWI108072206504W400,2,2023-02-01,10,False,harmonic,253.0092707110209,0.9622796224965312,1.0,0.8470364409249496,False,
Mahihkan Battery 02-21,ABWI108072206504W400,3,2023-12-01,9,False,harmonic,147.71420948487074,0.5390743127858107,1.0,0.8526509774273204,False,
Mahihkan Battery 02-21,ABWI108072206504W400,4,2024-09-01,8,False,exponential,88.58965322931057,0.24239637019955892,0.0,0.5899809423864443,False,
Mahihkan Battery 02-21,ABWI108072206504W400,5,2025-05-01,14,False,exponential,112.98333333333333,1.3651371282342592e-23,0.0,2.220446049250313e-16,True,low R2 (0.00)
Mahihkan Battery 02-21,ABWI108072706504W400,1,2022-06-01,6,False,harmonic,150.38333333333333,3.9775994852936565e-24,1.0,0.0,True,low R2 (0.00)
Mahihkan Battery 02-21,ABWI108072706504W400,2,2022-12-01,8,False,exponential,374.282505564201,0.223527836771577,0.0,0.79659280994457,False,
Mahihkan Battery 02-21,ABWI108072706504W400,3,2023-08-01,6,False,harmonic,114.34921261430343,0.05070831269939097,1.0,0.0385742500120928,True,low R2 (0.04)
Mahihkan Battery 02-21,ABWI108072706504W400,4,2024-02-01,15,False,harmonic,86.41333333418672,1.1860396002479791e-17,1.0,-2.220446049250313e-16,True,low R2 (-0.00)
Mahihkan Battery 02-21,ABWI108072706504W400,5,2025-05-01,8,False,exponential,200.87602132574918,1.0537737527958557,0.0,0.9458853160758555,False,
Mahihkan Battery 02-21,ABWI108072706504W400,6,2026-01-01,6,False,harmonic,87.15221747176845,0.38947289819100966,1.0,0.6953127502433535,False,
Mahihkan Battery 02-21,ABWI108073406504W400,1,2022-09-01,7,False,harmonic,476.1558076333744,0.250231367512714,1.0,0.32292898845494145,True,low R2 (0.32)
Mahihkan Battery 02-21,ABWI108073406504W400,2,2023-04-01,10,False,harmonic,451.8843812196405,0.12289267026453764,1.0,0.5408393299158014,False,
Mahihkan Battery 02-21,ABWI108073406504W400,3,2024-02-01,7,False,exponential,346.89620511542466,0.2187029889845053,0.0,0.7917513652148331,False,
Mahihkan Battery 02-21,ABWI108073406504W400,4,2024-09-01,4,True,harmonic,201.6530350422315,0.3362739463329055,1.0,0.4331479479883118,True,short cycle (<6mo); low R2 (0.43)
Mahihkan Battery 02-21,ABWI108073406504W400,5,2025-01-01,18,False,exponential,178.72777778590353,3.348227820785819e-19,0.0,0.0,True,low R2 (0.00)
Mahihkan Battery 02-21,ABWI108073506504W400,1,2022-06-01,5,True,exponential,426.61719637473925,0.2965567537564971,0.0,0.957052983924274,True,short cycle (<6mo)
Mahihkan Battery 02-21,ABWI108073506504W400,2,2022-11-01,8,False,harmonic,243.56253438397206,0.2649792595752378,1.0,0.5956547955107678,False,
Mahihkan Battery 02-21,ABWI108073506504W400,3,2023-07-01,5,True,harmonic,177.32096890334384,0.05144719477900132,1.0,0.05844230243239634,True,short cycle (<6mo); low R2 (0.06)
Mahihkan Battery 02-21,ABWI108073506504W400,4,2023-12-01,18,False,exponential,179.50000008158327,1.1302725244180365e-21,0.0,1.1102230246251565e-16,True,low R2 (0.00)
Mahihkan Battery 02-21,ABWI108073506504W400,5,2025-06-01,8,False,harmonic,584.6609446582939,0.48572255727744484,1.0,0.8436175565084839,False,
Mahihkan Battery 02-21,ABWI108073506504W400,6,2026-02-01,5,True,exponential,145.50000000072612,6.665009662211061e-17,0.0,0.0,True,short cycle (<6mo); low R2 (0.00)
Mahihkan Battery 02-21,ABWI108080406604W400,1,2022-12-01,19,False,exponential,198.80526312749944,2.50355260258735e-17,0.0,0.0,True,low R2 (0.00)
Mahihkan Battery 02-21,ABWI108080406604W400,2,2024-07-01,13,False,harmonic,459.5718367348939,0.08153314340859402,1.0,0.4115576948797057,True,low R2 (0.41)
Mahihkan Battery 02-21,ABWI108080406604W400,3,2025-08-01,11,False,harmonic,401.4695123332605,0.03677760170437913,1.0,0.37194257617612425,True,low R2 (0.37)
Mahihkan Battery 02-21,ABWI108081506504W400,1,2023-01-01,8,False,harmonic,181.15564012600186,0.0018600909890892237,1.0,0.00035156614245479556,True,low R2 (0.00)
Mahihkan Battery 02-21,ABWI108081506504W400,2,2023-09-01,11,False,exponential,224.74545455104436,4.549001156187505e-17,0.0,-4.440892098500626e-16,True,low R2 (-0.00)
Mahihkan Battery 02-21,ABWI108081506504W400,3,2024-08-01,21,False,hyperbolic,410.8718820664412,0.9085267517360679,1.579959499752786,0.9540861388124834,False,
Mahihkan Battery 02-21,ABWI108081506504W400,4,2026-05-01,2,True,,,,,,True,too few data points to fit
Mahihkan Battery 02-21,ABWI108082206504W400,1,2022-12-01,32,False,harmonic,227.3521302985027,0.02547475779843262,1.0,0.39554750824175666,True,low R2 (0.40)
Mahihkan Battery 02-21,ABWI108082206504W400,2,2025-08-01,11,False,harmonic,447.6229465097541,0.28012964715810884,1.0,0.7872880793826518,False,
Mahihkan Battery 02-21,ABWI108082706504W400,1,2022-05-01,8,False,harmonic,440.0455741184628,0.3134794025969704,1.0,0.5572320226970501,False,
Mahihkan Battery 02-21,ABWI108082706504W400,2,2023-01-01,15,False,exponential,301.7400000066017,9.985215373283048e-17,0.0,-6.661338147750939e-16,True,low R2 (-0.00)
Mahihkan Battery 02-21,ABWI108082706504W400,3,2024-04-01,8,False,exponential,538.5667444362524,0.19439853579678007,0.0,0.9036568174671872,False,
Mahihkan Battery 02-21,ABWI108082706504W400,4,2024-12-01,7,False,harmonic,232.20940614487208,0.035315602908735,1.0,0.06638613056010312,True,low R2 (0.07)
Mahihkan Battery 02-21,ABWI108082706504W400,5,2025-07-01,12,False,exponential,215.3666666822716,6.116578062036855e-16,0.0,-9.547918011776346e-15,True,low R2 (-0.00)
Mahihkan Battery 02-21,ABWI108082906504W400,1,2023-08-01,16,False,harmonic,437.65430520586756,0.13222204454155773,1.0,0.732678126595945,False,
Mahihkan Battery 02-21,ABWI108082906504W400,2,2024-12-01,19,False,harmonic,136.41052631578947,2.8945633906214974e-19,1.0,0.0,True,low R2 (0.00)
Mahihkan Battery 02-21,ABWI108083406504W400,1,2022-07-01,11,False,exponential,475.39795195818397,0.2011577484202846,0.0,0.8737878811630644,False,
Mahihkan Battery 02-21,ABWI108083406504W400,2,2023-06-01,5,True,harmonic,165.11676657563382,1.3510967794526527,1.0,0.7338501364630345,True,short cycle (<6mo)
Mahihkan Battery 02-21,ABWI108083406504W400,3,2023-11-01,7,False,harmonic,111.9787838659907,1.2357048476156758,1.0,0.793925278289426,False,
Mahihkan Battery 02-21,ABWI108083406504W400,4,2024-06-01,11,False,exponential,31.987499932802105,3.250756067372257e-22,0.0,2.220446049250313e-16,True,low R2 (0.00)
Mahihkan Battery 02-21,ABWI108083406504W400,5,2025-05-01,8,False,harmonic,68.04998398302406,0.1346959410441597,1.0,0.536929481869182,False,
Mahihkan Battery 02-21,ABWI108083406504W400,6,2026-01-01,6,False,exponential,77.925,2.0869892378260127e-22,0.0,0.0,True,low R2 (0.00)
Mahihkan Battery 02-21,ABWI108090306604W400,1,2022-10-01,4,True,,,,,,True,too few data points to fit
Mahihkan Battery 02-21,ABWI108090306604W400,2,2023-02-01,4,True,exponential,105.31484778328172,0.6970116687187172,0.0,0.9022228409550336,True,short cycle (<6mo)
Mahihkan Battery 02-21,ABWI108091006504W400,1,2022-08-01,19,False,exponential,76.60526315789474,2.958577409362458e-20,0.0,-2.220446049250313e-16,True,low R2 (-0.00)
Mahihkan Battery 02-21,ABWI108091006504W400,2,2024-03-01,9,False,exponential,220.76437223638823,0.23535993935719685,0.0,0.7361367863494075,False,
Mahihkan Battery 02-21,ABWI108091006504W400,3,2024-12-01,11,False,exponential,125.17857251828255,0.12622364889755708,0.0,0.8691014588836646,False,
Mahihkan Battery 02-21,ABWI108091006504W400,4,2025-11-01,8,False,exponential,68.3375,1.6509606350702648e-22,0.0,-2.220446049250313e-16,True,low R2 (-0.00)
Mahihkan Battery 02-21,ABWI108091506504W400,1,2022-12-01,15,False,exponential,266.1936718410317,0.3406411244747938,0.0,0.9124345966449574,False,
Mahihkan Battery 02-21,ABWI108091506504W400,2,2024-03-01,4,True,harmonic,90.28022944661348,0.35410963506568327,1.0,0.6010043749280016,True,short cycle (<6mo)
Mahihkan Battery 02-21,ABWI108091506504W400,3,2024-07-01,5,True,exponential,93.00000000032855,3.945826625673862e-18,0.0,1.1102230246251565e-16,True,short cycle (<6mo); low R2 (0.00)
Mahihkan Battery 02-21,ABWI108091506504W400,4,2024-12-01,7,False,exponential,192.289852074064,0.3835236428804496,0.0,0.8731775588221771,False,
Mahihkan Battery 02-21,ABWI108091506504W400,5,2025-07-01,8,False,harmonic,21.770295833954094,0.142074204070763,1.0,0.0806636961839794,True,low R2 (0.08)
Mahihkan Battery 02-21,ABWI108091506504W400,6,2026-03-01,4,True,harmonic,95.07516758406857,5.0749580815695845,1.0,0.9401833257305163,True,short cycle (<6mo); very high Di (5.07/month)
Mahihkan Battery 02-21,ABWI108091606504W400,1,2022-11-01,4,True,harmonic,23.29001616533554,0.06420388591932129,1.0,0.044821050588544575,True,short cycle (<6mo); low R2 (0.04)
Mahihkan Battery 02-21,ABWI108091606504W400,2,2023-03-01,12,False,exponential,42.53333333333333,6.431971079832278e-21,0.0,0.0,True,low R2 (0.00)
Mahihkan Battery 02-21,ABWI108091606504W400,3,2024-03-01,4,True,exponential,76.82367500278522,0.27859811399884993,0.0,0.8122733526991885,True,short cycle (<6mo)
Mahihkan Battery 02-21,ABWI108091606504W400,4,2024-07-01,4,True,exponential,66.20000000067016,4.809624921282175e-18,0.0,0.0,True,short cycle (<6mo); low R2 (0.00)
Mahihkan Battery 02-21,ABWI108091606504W400,5,2024-11-01,4,True,,,,,,True,too few data points to fit
Mahihkan Battery 02-21,ABWI108091606504W400,6,2025-03-01,11,False,exponential,51.62913777289964,0.5359957125703704,0.0,0.8697179545801479,False,
Mahihkan Battery 02-21,ABWI108091606504W400,7,2026-02-01,5,True,,,,,,True,too few data points to fit
Mahihkan Battery 02-21,ABWI108092706504W400,1,2023-09-01,15,False,exponential,197.07333334461666,2.175453722520052e-16,0.0,-1.7763568394002505e-15,True,low R2 (-0.00)
Mahihkan Battery 02-21,ABWI108092706504W400,2,2024-12-01,19,False,exponential,314.6365071548396,0.026781882472602735,0.0,0.5227064525321399,False,
Mahihkan Battery 02-21,ABWI108093406504W400,1,2022-08-01,6,False,harmonic,16.120000000928314,3.4743051284477453e-17,1.0,-2.220446049250313e-16,True,low R2 (-0.00)
Mahihkan Battery 02-21,ABWI108093406504W400,2,2023-02-01,4,True,exponential,45.483226612639776,0.3700657733578966,0.0,0.9646099100776515,True,short cycle (<6mo)
Mahihkan Battery 02-21,ABWI108093406504W400,3,2023-06-01,5,True,,,,,,True,too few data points to fit
Mahihkan Battery 02-21,ABWI108093406504W400,4,2023-11-01,5,True,,,,,,True,too few data points to fit
Mahihkan Battery 02-21,ABWI108093406504W400,5,2024-04-01,5,True,,,,,,True,too few data points to fit
Mahihkan Battery 02-21,ABWI108093406504W400,6,2024-09-01,5,True,harmonic,43.59236032516814,1.925173809120929,1.0,0.8799399883755912,True,short cycle (<6mo)
Mahihkan Battery 02-21,ABWI108093406504W400,7,2025-02-01,6,False,exponential,23.811484039561424,0.13729817195808672,0.0,0.13533613127059696,True,low R2 (0.14)
Mahihkan Battery 02-21,ABWI108093406504W400,8,2025-08-01,11,False,harmonic,88.38690177861952,0.2227358456163224,1.0,0.3271567222434536,True,low R2 (0.33)
Mahihkan Battery 02-21,ABWI108100306604W400,1,2022-08-01,5,True,,,,,,True,too few data points to fit
Mahihkan Battery 02-21,ABWI108100306604W400,2,2023-01-01,5,True,,,,,,True,too few data points to fit
Mahihkan Battery 02-21,ABWI108100306604W400,3,2023-06-01,7,False,exponential,135.5857148327668,2.6517904388123853e-19,0.0,0.0,True,low R2 (0.00)
Mahihkan Battery 02-21,ABWI108100306604W400,4,2024-01-01,10,False,harmonic,447.68000000000234,1.1339286287842566e-15,1.0,-1.7541523789077473e-14,True,low R2 (-0.00)
Mahihkan Battery 02-21,ABWI108100306604W400,5,2024-11-01,17,False,harmonic,596.0460116789213,0.34183628201837185,1.0,0.8793029331346058,False,
Mahihkan Battery 02-21,ABWI108100306604W400,6,2026-04-01,3,True,,,,,,True,too few data points to fit
Mahihkan Battery 02-21,ABWI108101006504W400,1,2022-08-01,5,True,harmonic,170.67524082520697,0.6596399709615168,1.0,0.9419036156728812,True,short cycle (<6mo)
Mahihkan Battery 02-21,ABWI108101006504W400,2,2023-01-01,9,False,exponential,69.32222222222222,2.832732408167903e-24,0.0,0.0,True,low R2 (0.00)
Mahihkan Battery 02-21,ABWI108101006504W400,3,2023-10-01,14,False,harmonic,139.43442289651782,0.056604461388827396,1.0,0.18634722276277915,True,low R2 (0.19)
Mahihkan Battery 02-21,ABWI108101006504W400,4,2024-12-01,9,False,exponential,197.68859181486806,0.28606937790907555,0.0,0.9171367299080283,False,
Mahihkan Battery 02-21,ABWI108101006504W400,5,2025-09-01,4,True,exponential,28.700000000000006,1.8530533898590343e-16,0.0,-4.440892098500626e-16,True,short cycle (<6mo); low R2 (-0.00)
Mahihkan Battery 02-21,ABWI108101006504W400,6,2026-01-01,6,False,exponential,60.45000016985885,1.9301742606042055e-21,0.0,0.0,True,low R2 (0.00)
Mahihkan Battery 02-21,ABWI108101406504W400,1,2022-10-01,13,False,harmonic,149.9522859083775,0.0816528841931384,1.0,0.3493912645056495,True,low R2 (0.35)
Mahihkan Battery 02-21,ABWI108101406504W400,2,2023-11-01,4,True,harmonic,159.17318158286125,0.3024361968563113,1.0,0.45349794272552946,True,short cycle (<6mo); low R2 (0.45)
Mahihkan Battery 02-21,ABWI108101406504W400,3,2024-03-01,9,False,exponential,150.9151586754921,0.10526795089951699,0.0,0.45377109406865623,True,low R2 (0.45)
Mahihkan Battery 02-21,ABWI108101406504W400,4,2024-12-01,5,True,exponential,97.58000000082882,5.41183649885612e-18,0.0,1.1102230246251565e-16,True,short cycle (<6mo); low R2 (0.00)
Mahihkan Battery 02-21,ABWI108101406504W400,5,2025-05-01,6,False,exponential,153.59566784561932,0.39158033582992763,0.0,0.8829327082230153,False,
Mahihkan Battery 02-21,ABWI108101406504W400,6,2025-11-01,8,False,harmonic,38.508786222235344,0.14268203970862361,1.0,0.3182691588153318,True,low R2 (0.32)
Mahihkan Battery 02-21,ABWI108102106504W400,1,2023-09-01,18,False,hyperbolic,57.47657188193346,0.3187097764336828,1.9999999999999998,0.4725229842079951,True,low R2 (0.47); b pinned at bound (2.000)
Mahihkan Battery 02-21,ABWI108102106504W400,2,2025-03-01,4,True,exponential,39.75244130273378,0.270431577987283,0.0,0.8519446156939293,True,short cycle (<6mo)
Mahihkan Battery 02-21,ABWI108102106504W400,3,2025-07-01,6,False,exponential,46.78265206610502,0.264891871942605,0.0,0.790978677749307,False,
Mahihkan Battery 02-21,ABWI108102206504W400,1,2022-08-01,5,True,harmonic,547.2754733211691,0.6976362887734214,1.0,0.5670019785851239,True,short cycle (<6mo)
Mahihkan Battery 02-21,ABWI108102206504W400,2,2023-01-01,5,True,harmonic,440.28559397576004,1.02286080905532,1.0,0.9371829082450638,True,short cycle (<6mo)
Mahihkan Battery 02-21,ABWI108102206504W400,3,2023-06-01,7,False,harmonic,212.9056915861941,1.3778429225217796,1.0,0.46959488807430105,True,low R2 (0.47)
Mahihkan Battery 02-21,ABWI108102206504W400,4,2024-01-01,12,False,exponential,192.2591309507828,0.07167222003670977,0.0,0.8803899947198609,False,
Mahihkan Battery 02-21,ABWI108102206504W400,5,2025-01-01,18,False,harmonic,127.18573345047218,0.022195039215033716,1.0,0.15755494110197799,True,low R2 (0.16)
Mahihkan Battery 02-21,ABWI108102806504W400,1,2022-06-01,7,False,exponential,345.387686460482,0.40726431074830355,0.0,0.9534804636065121,False,
Mahihkan Battery 02-21,ABWI108102806504W400,2,2023-01-01,10,False,exponential,339.64289231066937,0.2872955619270648,0.0,0.5382003711646546,False,
Mahihkan Battery 02-21,ABWI108102806504W400,3,2023-11-01,10,False,exponential,87.08888888888889,3.466533124513044e-21,0.0,0.0,True,low R2 (0.00)
Mahihkan Battery 02-21,ABWI108102806504W400,4,2024-09-01,16,False,harmonic,118.32666666760083,7.020701963091146e-18,1.0,1.1102230246251565e-16,True,low R2 (0.00)
Mahihkan Battery 02-21,ABWI108102806504W400,5,2026-01-01,6,False,exponential,148.3500000466465,9.327662555502875e-17,0.0,0.0,True,low R2 (0.00)
Mahihkan Battery 02-21,ABWI108103406504W400,1,2023-10-01,8,False,exponential,275.525,2.7018081318175276e-23,0.0,0.0,True,low R2 (0.00)
Mahihkan Battery 02-21,ABWI108103406504W400,2,2024-06-01,25,False,exponential,374.580000000004,7.484775377609378e-25,0.0,1.1102230246251565e-16,True,low R2 (0.00)
Mahihkan Battery 02-21,ABWI108110306604W400,1,2023-04-01,13,False,exponential,183.22307692307692,8.628756580299543e-19,0.0,-2.220446049250313e-16,True,low R2 (-0.00)
Mahihkan Battery 02-21,ABWI108110306604W400,2,2024-05-01,15,False,exponential,353.09649073332935,0.044161837954535516,0.0,0.34281744973401307,True,low R2 (0.34)
Mahihkan Battery 02-21,ABWI108110306604W400,3,2025-08-01,11,False,harmonic,191.01757233559363,0.03262306652518211,1.0,0.14325670036422666,True,low R2 (0.14)
Mahihkan Battery 02-21,ABWI108111006504W400,1,2024-01-01,8,False,,,,,,True,too few data points to fit
Mahihkan Battery 02-21,ABWI108111506504W400,1,2022-08-01,12,False,exponential,135.75555555555556,1.8463607302979277e-21,0.0,0.0,True,low R2 (0.00)
Mahihkan Battery 02-21,ABWI108111506504W400,2,2023-08-01,13,False,hyperbolic,267.927609904158,0.40884032992452385,1.999999999999987,0.6558641408304637,True,b pinned at bound (2.000)
Mahihkan Battery 02-21,ABWI108111506504W400,3,2024-09-01,8,False,harmonic,152.26676416980408,0.010042339173362374,1.0,0.0018395888407090055,True,low R2 (0.00)
Mahihkan Battery 02-21,ABWI108111506504W400,4,2025-05-01,14,False,harmonic,205.17936525978826,0.07052111130564091,1.0,0.23825133033236257,True,low R2 (0.24)
Mahihkan Battery 02-21,ABWI108112206504W400,1,2022-07-01,34,False,exponential,333.43777706250614,0.19343364687826436,0.0,0.7311041346034386,False,
Mahihkan Battery 02-21,ABWI108112206504W400,2,2025-05-01,7,False,harmonic,308.63649448215233,0.16441623423612636,1.0,0.7735588534179699,False,
Mahihkan Battery 02-21,ABWI108112206504W400,3,2025-12-01,7,False,exponential,270.31989770726756,0.0669363399553647,0.0,0.5856270551466175,False,
Mahihkan Battery 02-21,ABWI108112606504W400,1,2023-07-01,5,True,exponential,142.62000000000023,1.3176753907577275e-24,0.0,0.0,True,short cycle (<6mo); low R2 (0.00)
Mahihkan Battery 02-21,ABWI108112606504W400,2,2023-12-01,15,False,exponential,114.67500000000167,2.050196050110077e-15,0.0,-1.7763568394002505e-15,True,low R2 (-0.00)
Mahihkan Battery 02-21,ABWI108112606504W400,3,2025-03-01,6,False,exponential,229.3350873895874,0.6169816377839323,0.0,0.9862607251414243,False,
Mahihkan Battery 02-21,ABWI108112606504W400,4,2025-09-01,5,True,harmonic,7.67500000499943,4.715491606273421e-16,1.0,-1.1102230246251565e-15,True,short cycle (<6mo); low R2 (-0.00)
Mahihkan Battery 02-21,ABWI108112606504W400,5,2026-02-01,2,True,,,,,,True,too few data points to fit
Mahihkan Battery 02-21,ABWI108112806504W400,1,2022-05-01,10,False,exponential,132.2787178593021,0.17299413492961258,0.0,0.7310035753649862,False,
Mahihkan Battery 02-21,ABWI108112806504W400,2,2023-03-01,8,False,harmonic,138.99733584019884,0.16952066881876854,1.0,0.4653466974882413,True,low R2 (0.47)
Mahihkan Battery 02-21,ABWI108112806504W400,3,2023-11-01,12,False,exponential,116.7686898728012,0.319046600802154,0.0,0.9335907089682782,False,
Mahihkan Battery 02-21,ABWI108112806504W400,4,2024-11-01,6,False,,,,,,True,too few data points to fit
Mahihkan Battery 02-21,ABWI108112806504W400,5,2025-05-01,6,False,harmonic,6.401579065810512,0.46091070229576053,1.0,0.8006211121877747,False,
Mahihkan Battery 02-21,ABWI108112806504W400,6,2025-11-01,7,False,exponential,6.199999999038642,2.2440225501096344e-16,0.0,-2.886579864025407e-15,True,low R2 (-0.00)
Mahihkan Battery 02-21,ABWI108113406504W400,1,2022-08-01,17,False,exponential,523.6856209861543,0.05754711708721571,0.0,0.8151180478928087,False,
Mahihkan Battery 02-21,ABWI108113406504W400,2,2024-01-01,22,False,harmonic,240.41157655424973,0.00938811680992492,1.0,0.007550446135348832,True,low R2 (0.01)
Mahihkan Battery 02-21,ABWI108113406504W400,3,2025-11-01,8,False,harmonic,267.0479412231547,0.007384568626352855,1.0,0.0036893717942784177,True,low R2 (0.00)
Mahihkan Battery 02-21,ABWI108113506504W400,1,2022-11-01,16,False,exponential,20.2375,1.9544908033443346e-20,0.0,0.0,True,low R2 (0.00)
Mahihkan Battery 02-21,ABWI108113506504W400,2,2024-03-01,9,False,harmonic,32.18748759930348,0.03179419614096512,1.0,0.07166949468458439,True,low R2 (0.07)
Mahihkan Battery 02-21,ABWI108113506504W400,3,2024-12-01,4,True,harmonic,37.778706370109546,0.9716619487147906,1.0,0.9134541823456226,True,short cycle (<6mo)
Mahihkan Battery 02-21,ABWI108120306604W400,1,2022-06-01,4,True,harmonic,458.20745518067736,0.3321374477509704,1.0,0.9874111441794113,True,short cycle (<6mo)
Mahihkan Battery 02-21,ABWI108120306604W400,2,2022-10-01,11,False,harmonic,579.9668308343537,0.22364598794152682,1.0,0.4917442826748051,True,low R2 (0.49)
Mahihkan Battery 02-21,ABWI108120306604W400,3,2023-09-01,4,True,harmonic,162.9249999954782,5.947025534694767e-14,1.0,-1.7763568394002505e-15,True,short cycle (<6mo); low R2 (-0.00)
Mahihkan Battery 02-21,ABWI108120306604W400,4,2024-01-01,5,True,exponential,224.9600000003152,1.870599660535067e-18,0.0,-4.440892098500626e-16,True,short cycle (<6mo); low R2 (-0.00)
Mahihkan Battery 02-21,ABWI108120306604W400,5,2024-06-01,10,False,harmonic,305.39731889409916,0.04760139881002609,1.0,0.031425870173892534,True,low R2 (0.03)
Mahihkan Battery 02-21,ABWI108120306604W400,6,2025-04-01,9,False,harmonic,310.1107539632877,0.03587760939230646,1.0,0.15249503320250857,True,low R2 (0.15)
Mahihkan Battery 02-21,ABWI108120306604W400,7,2026-01-01,6,False,harmonic,381.6484037575273,0.8315144254240504,1.0,0.861330722623799,False,
Mahihkan Battery 02-21,ABWI108121506504W400,1,2023-08-01,12,False,harmonic,676.521705341704,0.3056017210656238,1.0,0.9390845158817696,False,
Mahihkan Battery 02-21,ABWI108121506504W400,2,2024-08-01,9,False,exponential,302.32222222222225,5.825073011972342e-23,0.0,0.0,True,low R2 (0.00)
Mahihkan Battery 02-21,ABWI108121506504W400,3,2025-05-01,7,False,exponential,770.2285714285714,9.944864300723156e-23,0.0,0.0,True,low R2 (0.00)
Mahihkan Battery 02-21,ABWI108121506504W400,4,2025-12-01,7,False,harmonic,1217.9171989288811,0.3142546517179576,1.0,0.5141043359319858,False,
Mahihkan Battery 02-21,ABWI108122606504W400,1,2022-06-01,4,True,harmonic,56.7291114285297,0.632815085380205,1.0,0.6257632161699903,True,short cycle (<6mo)
Mahihkan Battery 02-21,ABWI108122606504W400,2,2022-10-01,9,False,exponential,42.857141216299645,0.3616016528942703,0.0,0.780960197251581,False,
Mahihkan Battery 02-21,ABWI108122606504W400,3,2023-07-01,4,True,,,,,,True,too few data points to fit
Mahihkan Battery 02-21,ABWI108122606504W400,4,2023-11-01,4,True,exponential,165.0805415132925,0.4460642027214082,0.0,0.945442435687515,True,short cycle (<6mo)
Mahihkan Battery 02-21,ABWI108122606504W400,5,2024-03-01,6,False,harmonic,268.49998696645036,72.64157397406466,1.0,0.9999407449407635,True,very high Di (72.64/month)
Mahihkan Battery 02-21,ABWI108122606504W400,6,2024-09-01,4,True,,,,,,True,too few data points to fit
Mahihkan Battery 02-21,ABWI108122606504W400,7,2025-01-01,4,True,exponential,43.005063850455464,0.45286242453931447,0.0,0.7656471893054704,True,short cycle (<6mo)
Mahihkan Battery 02-21,ABWI108122606504W400,8,2025-05-01,7,False,harmonic,51.49964036575432,1.1807952666153874,1.0,0.7348554507820024,False,
Mahihkan Battery 02-21,ABWI108122606504W400,9,2025-12-01,4,True,exponential,174.23620287894136,0.726224577348726,0.0,0.9059777767321721,True,short cycle (<6mo)
Mahihkan Battery 02-21,ABWI108122806504W400,1,2022-08-01,5,True,harmonic,223.31870294090118,0.7361312745425374,1.0,0.8988307905111863,True,short cycle (<6mo)
Mahihkan Battery 02-21,ABWI108122806504W400,2,2023-01-01,4,True,exponential,142.13629224437344,0.4758652436708971,0.0,0.9071591980710737,True,short cycle (<6mo)
Mahihkan Battery 02-21,ABWI108122806504W400,3,2023-05-01,8,False,exponential,101.14285737173128,8.685915513490562e-18,0.0,0.0,True,low R2 (0.00)
Mahihkan Battery 02-21,ABWI108122806504W400,4,2024-01-01,18,False,harmonic,386.3848769327364,0.08036737214294035,1.0,0.34745284010022615,True,low R2 (0.35)
Mahihkan Battery 02-21,ABWI108123406504W400,1,2023-05-01,10,False,harmonic,706.1844264386605,0.014280500090634274,1.0,0.013147626578345006,True,low R2 (0.01)
Mahihkan Battery 02-21,ABWI108123406504W400,2,2024-03-01,13,False,harmonic,898.0880089926428,0.14862069679145723,1.0,0.18720653415034072,True,low R2 (0.19)
Mahihkan Battery 02-21,ABWI108123406504W400,3,2025-04-01,5,True,exponential,1226.1532081233368,0.5029211150723605,0.0,0.9284629209991002,True,short cycle (<6mo)
Mahihkan Battery 02-21,ABWI108123406504W400,4,2025-09-01,10,False,harmonic,263.2702727727569,0.004365457132213992,1.0,0.004319811215819924,True,low R2 (0.00)
Mahihkan Battery 02-21,ABWI108123506504W400,1,2022-05-01,11,False,harmonic,163.03864964603562,0.12318260393190861,1.0,0.7595676863983001,False,
Mahihkan Battery 02-21,ABWI108123506504W400,2,2023-04-01,9,False,exponential,132.34444444444446,3.345263276202853e-29,0.0,0.0,True,low R2 (0.00)
Mahihkan Battery 02-21,ABWI108123506504W400,3,2024-01-01,8,False,exponential,201.61449687775357,0.07259917610346679,0.0,0.7077891633687367,False,
Mahihkan Battery 02-21,ABWI108123506504W400,4,2024-09-01,9,False,exponential,205.3555555558301,1.6017334095960175e-19,0.0,1.1102230246251565e-16,True,low R2 (0.00)
Mahihkan Battery 02-21,ABWI108123506504W400,5,2025-06-01,5,True,harmonic,503.4001684627934,0.23875584651300905,1.0,0.8779833295653858,True,short cycle (<6mo)
Mahihkan Battery 02-21,ABWI108123506504W400,6,2025-11-01,8,False,harmonic,425.3500000000002,1.216289351452906e-16,1.0,-2.220446049250313e-16,True,low R2 (-0.00)
Mahihkan Battery 02-21,ABWI108131406504W400,1,2022-07-01,17,False,exponential,123.19360887460107,0.1519540113732125,0.0,0.8870872457980545,False,
Mahihkan Battery 02-21,ABWI108131406504W400,2,2023-12-01,5,True,exponential,12.520000032335044,1.2975254295654233e-20,0.0,0.0,True,short cycle (<6mo); low R2 (0.00)
Mahihkan Battery 02-21,ABWI108131406504W400,3,2024-05-01,16,False,harmonic,25.050000005723465,4.537773301300427e-16,1.0,-2.220446049250313e-15,True,low R2 (-0.00)
Mahihkan Battery 02-21,ABWI108131406504W400,4,2025-09-01,8,False,exponential,94.43400906045292,0.1984738102940801,0.0,0.7513477124926649,False,
Mahihkan Battery 02-21,ABWI108131406504W400,5,2026-05-01,2,True,,,,,,True,too few data points to fit
Mahihkan Battery 02-21,ABWI108132606504W400,1,2022-07-01,29,False,harmonic,228.274778479313,0.0017720075865955691,1.0,0.0002969867402683457,True,low R2 (0.00)
Mahihkan Battery 02-21,ABWI108132606504W400,2,2024-12-01,11,False,exponential,546.6044034089649,0.359806290585712,0.0,0.9406877899250684,False,
Mahihkan Battery 02-21,ABWI108132606504W400,3,2025-11-01,8,False,exponential,155.58608232674774,0.3332485618317651,0.0,0.9339510253674935,False,
Mahihkan Battery 02-21,ABWI108132806504W400,1,2024-01-01,30,False,harmonic,332.44046417613094,0.02257963211326539,1.0,0.7285632748290566,False,
Mahihkan Battery 02-21,ABWI108133406504W400,1,2022-12-01,15,False,exponential,428.3933333356203,1.8956319636083958e-19,0.0,2.220446049250313e-16,True,low R2 (0.00)
Mahihkan Battery 02-21,ABWI108133406504W400,2,2024-03-01,12,False,harmonic,1322.8110626623445,0.3898202366943518,1.0,0.8507299046201328,False,
Mahihkan Battery 02-21,ABWI108133406504W400,3,2025-03-01,9,False,exponential,291.52222222223435,8.989194667638229e-21,0.0,0.0,True,low R2 (0.00)
Mahihkan Battery 02-21,ABWI108133406504W400,4,2025-12-01,7,False,harmonic,365.66638959403525,0.0897621487534311,1.0,0.056404382268694375,True,low R2 (0.06)
Mahihkan Battery 02-21,ABWI108141006504W400,1,2026-01-01,6,False,exponential,281.5338172826399,0.1111991144822994,0.0,0.5805920736831678,False,
Mahihkan Battery 02-21,ABWI108141506504W400,1,2022-05-01,15,False,exponential,27.86666663577114,1.179680400258338e-16,0.0,0.0,True,low R2 (0.00)
Mahihkan Battery 02-21,ABWI108141506504W400,2,2023-08-01,14,False,harmonic,143.0221699943795,0.39481354913161915,1.0,0.6474204842973288,False,
Mahihkan Battery 02-21,ABWI108141506504W400,3,2024-10-01,6,False,harmonic,119.08828618979611,0.1513594221597901,1.0,0.16429465344292138,True,low R2 (0.16)
Mahihkan Battery 02-21,ABWI108141506504W400,4,2025-04-01,15,False,harmonic,106.52628693961437,0.025173365678636105,1.0,0.28671151653289817,True,low R2 (0.29)
Mahihkan Battery 02-21,ABWI108142606504W400,1,2022-08-01,5,True,harmonic,82.53586161558096,1.2815058593714481,1.0,0.5515666451634997,True,short cycle (<6mo)
Mahihkan Battery 02-21,ABWI108142606504W400,2,2023-01-01,11,False,harmonic,26.104874555344747,0.05791759926235455,1.0,0.06694536998515299,True,low R2 (0.07)
Mahihkan Battery 02-21,ABWI108142606504W400,3,2023-12-01,10,False,exponential,58.01111116504844,3.5121758810466056e-15,0.0,-1.4210854715202004e-14,True,low R2 (-0.00)
Mahihkan Battery 02-21,ABWI108142606504W400,4,2024-10-01,9,False,exponential,118.8888888888889,1.4674214875937354e-17,0.0,0.0,True,low R2 (0.00)
Mahihkan Battery 02-21,ABWI108142606504W400,5,2025-07-01,9,False,harmonic,186.430929407217,0.20083574205794855,1.0,0.47025129598656024,True,low R2 (0.47)
Mahihkan Battery 02-21,ABWI108142606504W400,6,2026-04-01,3,True,,,,,,True,too few data points to fit
Mahihkan Battery 02-21,ABWI108142806504W400,1,2022-05-01,6,False,exponential,358.9234750516783,0.2632005123807563,0.0,0.8529450751538002,False,
Mahihkan Battery 02-21,ABWI108142806504W400,2,2022-11-01,5,True,harmonic,148.0708077444809,0.1564907417682812,1.0,0.23899830557162705,True,short cycle (<6mo); low R2 (0.24)
Mahihkan Battery 02-21,ABWI108142806504W400,3,2023-04-01,10,False,exponential,160.84,4.0503077102441325e-29,0.0,-2.220446049250313e-16,True,low R2 (-0.00)
Mahihkan Battery 02-21,ABWI108142806504W400,4,2024-02-01,6,False,exponential,284.9698451188678,0.3466168970050389,0.0,0.86492097343965,False,
Mahihkan Battery 02-21,ABWI108142806504W400,5,2024-08-01,7,False,harmonic,116.64521301651845,0.24343736622757503,1.0,0.21301160594842838,True,low R2 (0.21)
Mahihkan Battery 02-21,ABWI108142806504W400,6,2025-03-01,5,True,harmonic,302.8362199116499,1.4391925264976406,1.0,0.7797001371223183,True,short cycle (<6mo)
Mahihkan Battery 02-21,ABWI108142806504W400,7,2025-08-01,11,False,harmonic,211.73627959007715,0.962208735318859,1.0,0.5384414352761948,False,
Mahihkan Battery 02-21,ABWI108150306604W400,1,2022-12-01,16,False,exponential,147.7000000029513,2.917469323138527e-18,0.0,0.0,True,low R2 (0.00)
Mahihkan Battery 02-21,ABWI108150306604W400,2,2024-04-01,8,False,harmonic,532.0953748130888,0.14429936676641225,1.0,0.7963561002899368,False,
Mahihkan Battery 02-21,ABWI108150306604W400,3,2024-12-01,19,False,harmonic,659.366125922438,0.4261830634185602,1.0,0.8499675401342552,False,
Mahihkan Battery 02-21,ABWI108150406604W400,1,2023-10-01,7,False,harmonic,4786.276746526286,2.3923117612620945,1.0,0.9907879678194814,True,very high Di (2.39/month)
Mahihkan Battery 02-21,ABWI108150406604W400,2,2024-05-01,7,False,harmonic,2043.7177833771325,0.4071582591372909,1.0,0.9672134641147458,False,
Mahihkan Battery 02-21,ABWI108150406604W400,3,2024-12-01,12,False,harmonic,779.5073206972355,0.10055478283820551,1.0,0.10833176072804385,True,low R2 (0.11)
Mahihkan Battery 02-21,ABWI108150406604W400,4,2025-12-01,7,False,harmonic,619.8428571428572,1.5890675134278547e-19,1.0,2.220446049250313e-16,True,low R2 (0.00)
Mahihkan Battery 02-21,ABWI108151006504W400,1,2022-07-01,14,False,harmonic,77.1323874869908,0.24505575899403,1.0,0.5340374564541215,False,
Mahihkan Battery 02-21,ABWI108151006504W400,2,2023-09-01,10,False,exponential,47.35000009667699,1.8478790114782383e-15,0.0,-2.220446049250313e-16,True,low R2 (-0.00)
Mahihkan Battery 02-21,ABWI108151006504W400,3,2024-07-01,6,False,exponential,93.28333340903902,1.855770708673556e-17,0.0,1.1102230246251565e-16,True,low R2 (0.00)
Mahihkan Battery 02-21,ABWI108151006504W400,4,2025-01-01,8,False,exponential,236.8875,3.267747910389664e-23,0.0,0.0,True,low R2 (0.00)
Mahihkan Battery 02-21,ABWI108151006504W400,5,2025-09-01,10,False,exponential,386.5856927776864,0.14171980043502239,0.0,0.7431084487286796,False,
Mahihkan Battery 02-21,ABWI108151406504W400,1,2024-07-01,6,False,harmonic,316.99260477598096,0.20258492201012276,1.0,0.15114474958342472,True,low R2 (0.15)
Mahihkan Battery 02-21,ABWI108151406504W400,2,2025-01-01,18,False,harmonic,307.61920858019096,0.08968346404121796,1.0,0.5856510946619327,False,
Mahihkan Battery 02-21,ABWI108151506504W400,1,2022-10-01,15,False,harmonic,98.27530174132372,0.0575553122985489,1.0,0.399903306599633,True,low R2 (0.40)
Mahihkan Battery 02-21,ABWI108151506504W400,2,2024-01-01,20,False,exponential,55.40000003619315,1.4140331726086637e-28,0.0,-2.220446049250313e-16,True,low R2 (-0.00)
Mahihkan Battery 02-21,ABWI108151506504W400,3,2025-09-01,6,False,exponential,159.28333333333333,8.034840561213171e-18,0.0,0.0,True,low R2 (0.00)
Mahihkan Battery 02-21,ABWI108151506504W400,4,2026-03-01,4,True,harmonic,346.70802805864105,0.2967068312715447,1.0,0.5183873524006973,True,short cycle (<6mo)
Mahihkan Battery 02-21,ABWI108151606604W400,1,2022-08-01,6,False,,,,,,True,too few data points to fit
Mahihkan Battery 02-21,ABWI108151606604W400,2,2023-02-01,9,False,harmonic,46.77777746302148,6.629761397026756e-15,1.0,-3.086420008457935e-14,True,low R2 (-0.00)
Mahihkan Battery 02-21,ABWI108151606604W400,3,2023-11-01,4,True,exponential,191.27685885592305,0.7703225499835654,0.0,0.9174000880320645,True,short cycle (<6mo)
Mahihkan Battery 02-21,ABWI108151606604W400,4,2024-03-01,5,True,exponential,56.8399998884602,1.485794663540714e-14,0.0,-2.7533531010703882e-14,True,short cycle (<6mo); low R2 (-0.00)
Mahihkan Battery 02-21,ABWI108151606604W400,5,2024-08-01,13,False,harmonic,149.51645229226193,0.06541856149765467,1.0,0.07570549445863195,True,low R2 (0.08)
Mahihkan Battery 02-21,ABWI108151606604W400,6,2025-09-01,10,False,hyperbolic,326.7286679834156,2.4057682986417728,1.9999999999999998,0.9054159576326171,True,very high Di (2.41/month); b pinned at bound (2.000)
Mahihkan Battery 02-21,ABWI108152706504W400,1,2022-10-01,12,False,exponential,84.16666666666667,8.162598110028943e-19,0.0,0.0,True,low R2 (0.00)
Mahihkan Battery 02-21,ABWI108152706504W400,2,2023-10-01,7,False,harmonic,164.55950174354246,0.13792103272867062,1.0,0.0910790197133362,True,low R2 (0.09)
Mahihkan Battery 02-21,ABWI108152706504W400,3,2024-05-01,13,False,exponential,137.7307692307693,7.226360322277079e-27,0.0,0.0,True,low R2 (0.00)
Mahihkan Battery 02-21,ABWI108152706504W400,4,2025-06-01,5,True,harmonic,199.78638424198948,0.31382306421836526,1.0,0.8988658944927912,True,short cycle (<6mo)
Mahihkan Battery 02-21,ABWI108152706504W400,5,2025-11-01,8,False,harmonic,175.3820849543841,0.06691146936306465,1.0,0.33041771793032404,True,low R2 (0.33)
Mahihkan Battery 02-21,ABWI108152906504W400,1,2022-07-01,8,False,exponential,156.92476383986508,0.3184526041600669,0.0,0.8773822981693205,False,
Mahihkan Battery 02-21,ABWI108152906504W400,2,2023-03-01,7,False,harmonic,115.96053692786018,0.8525778734146457,1.0,0.8381656347912225,False,
Mahihkan Battery 02-21,ABWI108152906504W400,3,2023-10-01,23,False,exponential,150.9391304347826,1.8406830774819986e-21,0.0,0.0,True,low R2 (0.00)
Mahihkan Battery 02-21,ABWI108152906504W400,4,2025-09-01,10,False,harmonic,237.74919321746552,0.2773600860923029,1.0,0.89077369777156,False,
Mahihkan Battery 02-21,ABWI108153406504W400,1,2023-04-01,5,True,,,,,,True,too few data points to fit
Mahihkan Battery 02-21,ABWI108153406504W400,2,2023-09-01,8,False,exponential,89.50000000000087,7.849970617462261e-22,0.0,0.0,True,low R2 (0.00)
Mahihkan Battery 02-21,ABWI108153406504W400,3,2024-05-01,14,False,exponential,175.47857142857143,8.22568679265616e-22,0.0,0.0,True,low R2 (0.00)
Mahihkan Battery 02-21,ABWI108153406504W400,4,2025-07-01,9,False,harmonic,377.34537066353965,0.06101155281601512,1.0,0.21574000442561625,True,low R2 (0.22)
Mahihkan Battery 02-21,ABWI108153406504W400,5,2026-04-01,3,True,,,,,,True,too few data points to fit
Mahihkan Battery 02-21,ABWI108160306604W400,1,2023-05-01,8,False,exponential,126.51428564993716,3.7128157612522585e-15,0.0,-2.90878432451791e-14,True,low R2 (-0.00)
Mahihkan Battery 02-21,ABWI108160306604W400,2,2024-01-01,4,True,exponential,490.7819546449126,0.1859943257606093,0.0,0.917959325960832,True,short cycle (<6mo)
Mahihkan Battery 02-21,ABWI108160306604W400,3,2024-05-01,10,False,harmonic,462.60932169732496,0.5304928993065937,1.0,0.8366660234326234,False,
Mahihkan Battery 02-21,ABWI108160306604W400,4,2025-03-01,16,False,harmonic,133.14094208030852,0.24560278378139466,1.0,0.7510068096105985,False,
Mahihkan Battery 02-21,ABWI108161006504W400,1,2022-08-01,14,False,exponential,49.89285714285714,4.8514945671092226e-29,0.0,1.1102230246251565e-16,True,low R2 (0.00)
Mahihkan Battery 02-21,ABWI108161006504W400,2,2023-10-01,5,True,exponential,100.48426883729567,0.44350785967746753,0.0,0.8674874349193179,True,short cycle (<6mo)
Mahihkan Battery 02-21,ABWI108161006504W400,3,2024-03-01,7,False,harmonic,66.9000000000002,1.0286367489002812e-15,1.0,-2.220446049250313e-16,True,low R2 (-0.00)
Mahihkan Battery 02-21,ABWI108161006504W400,4,2024-10-01,5,True,harmonic,173.30191588702954,0.4460887675180699,1.0,0.7555111028713999,True,short cycle (<6mo)
Mahihkan Battery 02-21,ABWI108161006504W400,5,2025-03-01,6,False,harmonic,149.63132667934875,0.6432187106987252,1.0,0.5426833048199657,False,
Mahihkan Battery 02-21,ABWI108161006504W400,6,2025-09-01,10,False,exponential,220.3711043977185,0.28000828333935224,0.0,0.754874546846634,False,
Mahihkan Battery 02-21,ABWI108161506504W400,1,2022-07-01,7,False,harmonic,104.88600271789974,0.0028080278699003495,1.0,2.0400745014970134e-05,True,low R2 (0.00)
Mahihkan Battery 02-21,ABWI108161506504W400,2,2023-02-01,15,False,exponential,223.38416205798444,0.12612339091415686,0.0,0.8414268767043152,False,
Mahihkan Battery 02-21,ABWI108161506504W400,3,2024-05-01,5,True,harmonic,115.74472491444948,1.507694729362944,1.0,0.8956571538802667,True,short cycle (<6mo)
Mahihkan Battery 02-21,ABWI108161506504W400,4,2024-10-01,5,True,harmonic,20.308737440895786,0.5212437548856609,1.0,0.5772877222111213,True,short cycle (<6mo)
Mahihkan Battery 02-21,ABWI108161506504W400,5,2025-03-01,5,True,exponential,140.84251882867463,0.6211932017303412,0.0,0.9758600136507147,True,short cycle (<6mo)
Mahihkan Battery 02-21,ABWI108161506504W400,6,2025-08-01,5,True,exponential,41.92,3.946071574532754e-25,0.0,0.0,True,short cycle (<6mo); low R2 (0.00)
Mahihkan Battery 02-21,ABWI108161506504W400,7,2026-01-01,6,False,harmonic,96.08294930447428,0.10914503730061877,1.0,0.052557108491973814,True,low R2 (0.05)
Mahihkan Battery 02-21,ABWI108161606504W400,1,2022-09-01,8,False,harmonic,78.11103812412185,0.6609627387424554,1.0,0.6406557663025245,False,
Mahihkan Battery 02-21,ABWI108161606504W400,2,2023-05-01,10,False,harmonic,41.451518737421324,0.0940886365615925,1.0,0.12762691165113504,True,low R2 (0.13)
Mahihkan Battery 02-21,ABWI108161606504W400,3,2024-03-01,8,False,exponential,87.20000019521997,2.386994375444705e-15,0.0,-6.8833827526759706e-15,True,low R2 (-0.00)
Mahihkan Battery 02-21,ABWI108161606504W400,4,2024-11-01,6,False,harmonic,606.5790890301203,1.7444207477221607,1.0,0.9457298827278788,False,
Mahihkan Battery 02-21,ABWI108161606504W400,5,2025-05-01,14,False,exponential,221.59648617223039,0.12157044765739702,0.0,0.8565854964465094,False,
Mahihkan Battery 02-21,ABWI108162706504W400,1,2023-01-01,4,True,exponential,15.200000000000529,7.819570975011051e-22,0.0,-2.220446049250313e-16,True,short cycle (<6mo); low R2 (-0.00)
Mahihkan Battery 02-21,ABWI108162706504W400,2,2023-05-01,6,False,exponential,29.96,3.1076437397582144e-21,0.0,0.0,True,low R2 (0.00)
Mahihkan Battery 02-21,ABWI108162706504W400,3,2023-11-01,17,False,harmonic,90.68518568265765,0.06066760531795523,1.0,0.11102651474331315,True,low R2 (0.11)
Mahihkan Battery 02-21,ABWI108162706504W400,4,2025-04-01,8,False,exponential,116.87899386956711,0.5999594109780508,0.0,0.8288538694168958,False,
Mahihkan Battery 02-21,ABWI108162706504W400,5,2025-12-01,4,True,harmonic,104.98790500844893,0.8220268511564293,1.0,0.34356305457685343,True,short cycle (<6mo); low R2 (0.34)
Mahihkan Battery 02-21,ABWI108162706504W400,6,2026-04-01,3,True,,,,,,True,too few data points to fit
Mahihkan Battery 02-21,ABWI108162806504W400,1,2023-04-01,18,False,exponential,1151.1099653734163,0.08090112193918463,0.0,0.7557736860075287,False,
Mahihkan Battery 02-21,ABWI108162806504W400,2,2024-10-01,17,False,exponential,692.1294117647059,3.991823790474243e-19,0.0,0.0,True,low R2 (0.00)
Mahihkan Battery 02-21,ABWI108162806504W400,3,2026-03-01,2,True,,,,,,True,too few data points to fit
Mahihkan Battery 02-21,ABWI108162906504W400,1,2022-07-01,4,True,harmonic,114.18510506875914,3.1325125406331873,1.0,0.7389092615454709,True,short cycle (<6mo); very high Di (3.13/month)
Mahihkan Battery 02-21,ABWI108162906504W400,2,2022-11-01,4,True,,,,,,True,too few data points to fit
Mahihkan Battery 02-21,ABWI108162906504W400,3,2023-03-01,7,False,harmonic,112.8502728007139,0.5651726107193651,1.0,0.6019871590787786,False,
Mahihkan Battery 02-21,ABWI108162906504W400,4,2023-10-01,6,False,exponential,67.46666666670396,1.7249953408346948e-19,0.0,0.0,True,low R2 (0.00)
Mahihkan Battery 02-21,ABWI108162906504W400,5,2024-04-01,27,False,harmonic,270.6021516014678,0.02985244869830661,1.0,0.5442841611400346,False,
Mahihkan Battery 02-21,ABWI108163306504W400,1,2023-08-01,18,False,harmonic,191.02189886515396,0.017206465563369213,1.0,0.004283890335953333,True,low R2 (0.00)
Mahihkan Battery 02-21,ABWI108163306504W400,2,2025-02-01,11,False,harmonic,257.3358684901415,0.11537886969161926,1.0,0.4773797792270601,True,low R2 (0.48)
Mahihkan Battery 02-21,ABWI108163306504W400,3,2026-01-01,6,False,harmonic,127.14337018044897,0.013953038976107756,1.0,0.0030784605500333573,True,low R2 (0.00)
Mahihkan Battery 02-21,ABWI108163406504W400,1,2022-09-01,9,False,harmonic,53.9860467283258,0.31065680809313445,1.0,0.5885929452920438,False,
Mahihkan Battery 02-21,ABWI109010406604W400,1,2022-12-01,19,False,exponential,420.08778077529865,0.06263280206353339,0.0,0.6339264537929786,False,
Mahihkan Battery 02-21,ABWI109010406604W400,2,2024-07-01,18,False,exponential,314.6722222222222,1.0910919822867443e-23,0.0,0.0,True,low R2 (0.00)
Mahihkan Battery 02-21,ABWI109010406604W400,3,2026-01-01,6,False,exponential,535.8115918227853,0.12121788560223887,0.0,0.813547023150134,False,
Mahihkan Battery 02-21,ABWI109011506504W400,1,2022-08-01,8,False,exponential,82.65,5.1595152472001724e-23,0.0,0.0,True,low R2 (0.00)
Mahihkan Battery 02-21,ABWI109011506504W400,2,2023-04-01,5,True,harmonic,138.81262240694267,0.4459773908544569,1.0,0.7519188564251293,True,short cycle (<6mo)
Mahihkan Battery 02-21,ABWI109011506504W400,3,2023-09-01,6,False,harmonic,91.18173330631642,0.295284183605522,1.0,0.5088968456812518,False,
Mahihkan Battery 02-21,ABWI109011506504W400,4,2024-03-01,7,False,exponential,161.04285708941794,1.2662697641679813e-17,0.0,0.0,True,low R2 (0.00)
Mahihkan Battery 02-21,ABWI109011506504W400,5,2024-10-01,11,False,harmonic,205.0525723889417,0.723643069455138,1.0,0.9396194646671214,False,
Mahihkan Battery 02-21,ABWI109011506504W400,6,2025-09-01,4,True,harmonic,69.44006692906818,0.5412848165290501,1.0,0.4525647240511492,True,short cycle (<6mo); low R2 (0.45)
Mahihkan Battery 02-21,ABWI109011506504W400,7,2026-01-01,6,False,harmonic,52.19458441821599,0.10326795791592663,1.0,0.2229822390356122,True,low R2 (0.22)
Mahihkan Battery 02-21,ABWI109012106504W400,1,2022-05-01,10,False,harmonic,580.7708065410718,0.16632473777746187,1.0,0.6078476411062332,False,
Mahihkan Battery 02-21,ABWI109012106504W400,2,2023-03-01,40,False,harmonic,439.187694892082,0.01569932760857281,1.0,0.3577052665731091,True,low R2 (0.36)
Mahihkan Battery 02-21,ABWI109012706504W400,1,2022-08-01,7,False,exponential,59.35714290150669,4.964605871175962e-17,0.0,-2.220446049250313e-16,True,low R2 (-0.00)
Mahihkan Battery 02-21,ABWI109012706504W400,2,2023-03-01,15,False,exponential,142.60666666666668,4.270446155934339e-25,0.0,0.0,True,low R2 (0.00)
Mahihkan Battery 02-21,ABWI109012706504W400,3,2024-06-01,7,False,harmonic,284.170135343048,0.5258598994354178,1.0,0.8850888814441605,False,
Mahihkan Battery 02-21,ABWI109012706504W400,4,2025-01-01,4,True,,,,,,True,too few data points to fit
Mahihkan Battery 02-21,ABWI109012706504W400,5,2025-05-01,5,True,harmonic,163.7242609035311,0.1235312662261175,1.0,0.051890974291169845,True,short cycle (<6mo); low R2 (0.05)
Mahihkan Battery 02-21,ABWI109012706504W400,6,2025-10-01,5,True,exponential,190.92106743009037,0.6022454511904776,0.0,0.9205385054996588,True,short cycle (<6mo)
Mahihkan Battery 02-21,ABWI109012706504W400,7,2026-03-01,4,True,harmonic,40.47336102350139,1.2894550966059477,1.0,0.9983395857369224,True,short cycle (<6mo)
Mahihkan Battery 02-21,ABWI109013406504W400,1,2022-05-01,31,False,harmonic,513.0593646404583,0.06770881442590243,1.0,0.8356590842093599,False,
Mahihkan Battery 02-21,ABWI109013406504W400,2,2024-12-01,13,False,harmonic,238.2494201181944,0.012606294703264246,1.0,0.05257313318862833,True,low R2 (0.05)
Mahihkan Battery 02-21,ABWI109013406504W400,3,2026-01-01,6,False,harmonic,278.431147433458,0.01981312432944466,1.0,0.033730992474219956,True,low R2 (0.03)
Mahihkan Battery 02-21,ABWI109020306604W400,1,2022-11-01,14,False,harmonic,358.6573768142409,0.15506388569177193,1.0,0.7853437694234002,False,
Mahihkan Battery 02-21,ABWI109020306604W400,2,2024-01-01,7,False,harmonic,217.42719733303952,0.03995615194913088,1.0,0.0982134223320471,True,low R2 (0.10)
Mahihkan Battery 02-21,ABWI109020306604W400,3,2024-08-01,9,False,harmonic,270.6540317440987,0.05247867326855995,1.0,0.16089802589241098,True,low R2 (0.16)
Mahihkan Battery 02-21,ABWI109020306604W400,4,2025-05-01,14,False,harmonic,228.72623249377642,0.049417409302392946,1.0,0.4641721642451775,True,low R2 (0.46)
Mahihkan Battery 02-21,ABWI109021506504W400,1,2022-07-01,4,True,harmonic,118.58868024563571,2.5925769937863343,1.0,0.7727773479155468,True,short cycle (<6mo); very high Di (2.59/month)
Mahihkan Battery 02-21,ABWI109021506504W400,2,2022-11-01,8,False,harmonic,108.60087073911832,0.09682299313249784,1.0,0.45513878790710627,True,low R2 (0.46)
Mahihkan Battery 02-21,ABWI109021506504W400,3,2023-07-01,4,True,harmonic,121.83420660524445,0.363253979377328,1.0,0.487144335269989,True,short cycle (<6mo); low R2 (0.49)
Mahihkan Battery 02-21,ABWI109021506504W400,4,2023-11-01,4,True,harmonic,194.7335522741761,0.07268132506327839,1.0,0.03121360617784985,True,short cycle (<6mo); low R2 (0.03)
Mahihkan Battery 02-21,ABWI109021506504W400,5,2024-03-01,5,True,exponential,298.28,3.8604880549253265e-29,0.0,1.1102230246251565e-16,True,short cycle (<6mo); low R2 (0.00)
Mahihkan Battery 02-21,ABWI109021506504W400,6,2024-08-01,10,False,exponential,597.2679348590203,0.2308038210541524,0.0,0.8742553598042994,False,
Mahihkan Battery 02-21,ABWI109021506504W400,7,2025-06-01,13,False,exponential,194.98333333333335,4.838598682393784e-21,0.0,0.0,True,low R2 (0.00)
Mahihkan Battery 02-21,ABWI109022206504W400,1,2022-08-01,6,False,exponential,43.4500000069077,7.013135664479941e-18,0.0,0.0,True,low R2 (0.00)
Mahihkan Battery 02-21,ABWI109022206504W400,2,2023-02-01,9,False,harmonic,153.04802955622011,0.050125775461876604,1.0,0.17442303499227385,True,low R2 (0.17)
Mahihkan Battery 02-21,ABWI109022206504W400,3,2023-11-01,4,True,exponential,155.72500000037573,1.0892901881709297e-17,0.0,0.0,True,short cycle (<6mo); low R2 (0.00)
Mahihkan Battery 02-21,ABWI109022206504W400,4,2024-03-01,14,False,harmonic,102.67894006949453,0.04877452604275336,1.0,0.022150249646757714,True,low R2 (0.02)
Mahihkan Battery 02-21,ABWI109022206504W400,5,2025-05-01,8,False,exponential,158.40000000000109,3.9893289200427293e-22,0.0,0.0,True,low R2 (0.00)
Mahihkan Battery 02-21,ABWI109022206504W400,6,2026-01-01,6,False,harmonic,332.69079792524445,0.3623100160875073,1.0,0.8518700684736136,False,
Mahihkan Battery 02-21,ABWI109022306504W400,1,2024-05-01,26,False,harmonic,204.92284094644276,0.099779777533888,1.0,0.701523664151884,False,
Mahihkan Battery 02-21,ABWI109023406504W400,1,2022-10-01,14,False,harmonic,389.36465473817725,0.06758488651215694,1.0,0.7490470833980278,False,
Mahihkan Battery 02-21,ABWI109023406504W400,2,2023-12-01,10,False,exponential,300.1131422868949,0.14957517031296827,0.0,0.8369225383458402,False,
Mahihkan Battery 02-21,ABWI109023406504W400,3,2024-10-01,5,True,harmonic,193.08565654053862,0.22468392268185466,1.0,0.38628652702955224,True,short cycle (<6mo); low R2 (0.39)
Mahihkan Battery 02-21,ABWI109023406504W400,4,2025-03-01,16,False,exponential,141.8062500000001,1.6446270759660807e-27,0.0,0.0,True,low R2 (0.00)
Mahihkan Battery 02-21,ABWI109032206504W400,1,2023-04-01,6,False,harmonic,153.0977151935853,2.1555431278233734,1.0,0.9752321076691671,True,very high Di (2.16/month)
Mahihkan Battery 02-21,ABWI109032206504W400,2,2023-10-01,11,False,harmonic,68.38505492170856,0.06400575085293184,1.0,0.19636135126692866,True,low R2 (0.20)
Mahihkan Battery 02-21,ABWI109032206504W400,3,2024-09-01,5,True,harmonic,104.62867647412355,0.6776589753661236,1.0,0.7794506570607176,True,short cycle (<6mo)
Mahihkan Battery 02-21,ABWI109032206504W400,4,2025-02-01,17,False,harmonic,83.08241802194762,0.0939172183557152,1.0,0.6045663446770746,False,
Mahihkan Battery 02-21,ABWI109032806504W400,1,2023-11-01,18,False,exponential,270.24444444444447,2.061174986490425e-20,0.0,0.0,True,low R2 (0.00)
Mahihkan Battery 02-21,ABWI109032806504W400,2,2025-05-01,4,True,exponential,495.97914536158476,0.6551498624173349,0.0,0.7700105475644126,True,short cycle (<6mo)
Mahihkan Battery 02-21,ABWI109032806504W400,3,2025-09-01,6,False,,,,,,True,too few data points to fit
Mahihkan Battery 02-21,ABWI109032806504W400,4,2026-03-01,4,True,,,,,,True,too few data points to fit
Mahihkan Battery 02-21,ABWI109033506504W400,1,2022-05-01,15,False,harmonic,539.4729251571173,0.2783640870999457,1.0,0.5142169520581759,False,
Mahihkan Battery 02-21,ABWI109033506504W400,2,2023-08-01,11,False,harmonic,337.5651133413416,0.05450455948398536,1.0,0.1844157488605842,True,low R2 (0.18)
Mahihkan Battery 02-21,ABWI109033506504W400,3,2024-07-01,14,False,harmonic,409.821645510503,0.14100505599413576,1.0,0.4273080063593929,True,low R2 (0.43)
Mahihkan Battery 02-21,ABWI109033506504W400,4,2025-09-01,5,True,harmonic,1247.0995490291764,2.115878503103937,1.0,0.9907245640905875,True,short cycle (<6mo); very high Di (2.12/month)
Mahihkan Battery 02-21,ABWI109033506504W400,5,2026-02-01,5,True,exponential,110.24,2.0766193969584793e-23,0.0,1.1102230246251565e-16,True,short cycle (<6mo); low R2 (0.00)
Mahihkan Battery 02-21,ABWI109040306604W400,1,2022-05-01,11,False,hyperbolic,758.9106809278186,18.189306200268554,1.731316793200323,0.9971756794188271,True,very high Di (18.19/month)
Mahihkan Battery 02-21,ABWI109040306604W400,2,2023-04-01,5,True,harmonic,65.18634051380909,0.17453551132283657,1.0,0.992250560934134,True,short cycle (<6mo)
Mahihkan Battery 02-21,ABWI109040306604W400,3,2023-09-01,5,True,,,,,,True,too few data points to fit
Mahihkan Battery 02-21,ABWI109040306604W400,4,2024-02-01,13,False,exponential,61.5444445712605,1.459358090996787e-21,0.0,-2.220446049250313e-16,True,low R2 (-0.00)
Mahihkan Battery 02-21,ABWI109040306604W400,5,2025-03-01,16,False,harmonic,127.9345791999546,0.0834627855775827,1.0,0.3166500816705533,True,low R2 (0.32)
Mahihkan Battery 02-21,ABWI109042206504W400,1,2022-08-01,12,False,harmonic,336.93699368658906,0.03552584226730715,1.0,0.1166009707840937,True,low R2 (0.12)
Mahihkan Battery 02-21,ABWI109042206504W400,2,2023-08-01,4,True,exponential,531.3560737458968,0.1520039307318286,0.0,0.7690122570795687,True,short cycle (<6mo)
Mahihkan Battery 02-21,ABWI109042206504W400,3,2023-12-01,15,False,harmonic,441.7851905320442,0.06967184400713011,1.0,0.6207664560668642,False,
Mahihkan Battery 02-21,ABWI109042206504W400,4,2025-03-01,8,False,exponential,431.823594724116,0.11185167368467912,0.0,0.8531426171710772,False,
Mahihkan Battery 02-21,ABWI109042206504W400,5,2025-11-01,8,False,harmonic,370.04869970101464,0.4291445386471709,1.0,0.9123426285610848,False,
Mahihkan Battery 02-21,ABWI109042306504W400,1,2023-08-01,26,False,hyperbolic,586.8691115258802,0.2774464954530392,1.9999999999999998,0.1665244586915161,True,low R2 (0.17); b pinned at bound (2.000)
Mahihkan Battery 02-21,ABWI109042306504W400,2,2025-10-01,9,False,harmonic,447.1558844721598,0.090263395484605,1.0,0.7721671387585474,False,
Mahihkan Battery 02-21,ABWI109042806504W400,1,2023-06-01,18,False,harmonic,350.9199511643103,0.10060683661829799,1.0,0.5558015147971103,False,
Mahihkan Battery 02-21,ABWI109042806504W400,2,2024-12-01,5,True,exponential,152.34000000005054,1.5076809706206922e-19,0.0,0.0,True,short cycle (<6mo); low R2 (0.00)
Mahihkan Battery 02-21,ABWI109042806504W400,3,2025-05-01,14,False,harmonic,253.06315009681308,0.020136519372877984,1.0,0.039824593361560745,True,low R2 (0.04)
Mahihkan Battery 02-21,ABWI109043506504W400,1,2022-06-01,14,False,harmonic,526.3514151914115,0.2956424858540074,1.0,0.8289312131905595,False,
Mahihkan Battery 02-21,ABWI109043506504W400,2,2023-08-01,19,False,exponential,200.74736842105264,1.2478728000564183e-21,0.0,1.1102230246251565e-16,True,low R2 (0.00)
Mahihkan Battery 02-21,ABWI109043506504W400,3,2025-03-01,16,False,exponential,300.5500000007324,9.13348772565206e-18,0.0,-2.220446049250313e-16,True,low R2 (-0.00)
Mahihkan Battery 02-21,ABWI109050306604W400,1,2023-06-01,9,False,exponential,422.06760996493404,0.10356405460725686,0.0,0.8912195193100112,False,
Mahihkan Battery 02-21,ABWI109050306604W400,2,2024-03-01,8,False,harmonic,1022.7138892915718,1.7250615211168978,1.0,0.6192521906082556,False,
Mahihkan Battery 02-21,ABWI109050306604W400,3,2024-11-01,8,False,exponential,402.8125000486556,5.424161616665871e-14,0.0,-2.6645352591003757e-15,True,low R2 (-0.00)
Mahihkan Battery 02-21,ABWI109050306604W400,4,2025-07-01,12,False,harmonic,519.0961788044723,0.06887799681273225,1.0,0.45061829402965914,True,low R2 (0.45)
Mahihkan Battery 02-21,ABWI109051006604W400,1,2024-06-01,22,False,exponential,4145.174314640237,0.13544105422134273,0.0,0.9864020963946374,False,
Mahihkan Battery 02-21,ABWI109051506504W400,1,2022-10-01,5,True,,,,,,True,too few data points to fit
Mahihkan Battery 02-21,ABWI109052206504W400,1,2022-09-01,11,False,exponential,120.10000010675496,3.090982642914496e-17,0.0,-2.220446049250313e-16,True,low R2 (-0.00)
Mahihkan Battery 02-21,ABWI109052206504W400,2,2023-08-01,9,False,exponential,174.0666670389126,6.542393314522183e-17,0.0,-4.440892098500626e-16,True,low R2 (-0.00)
Mahihkan Battery 02-21,ABWI109052206504W400,3,2024-05-01,10,False,exponential,201.71669122624346,0.07176654035944498,0.0,0.5521512581593215,False,
Mahihkan Battery 02-21,ABWI109052206504W400,4,2025-03-01,4,True,harmonic,187.1372577669428,0.7239895276951522,1.0,0.9522614267717049,True,short cycle (<6mo)
Mahihkan Battery 02-21,ABWI109052206504W400,5,2025-07-01,12,False,harmonic,103.47325348877835,0.021905331933271346,1.0,0.1885948684369192,True,low R2 (0.19)
Mahihkan Battery 02-21,ABWI109052606504W400,1,2022-06-01,4,True,exponential,32.87517115963277,0.48458496706283716,0.0,0.8835005983579799,True,short cycle (<6mo)
Mahihkan Battery 02-21,ABWI109052606504W400,2,2022-10-01,40,False,exponential,47.20000015578029,1.144990413524578e-19,0.0,0.0,True,low R2 (0.00)
Mahihkan Battery 02-21,ABWI109052606504W400,3,2026-02-01,5,True,exponential,137.5466932625893,0.5594565691627107,0.0,0.8799698951387763,True,short cycle (<6mo)
Mahihkan Battery 02-21,ABWI109052706504W400,1,2022-06-01,6,False,harmonic,92.11165820766362,0.06769181038317544,1.0,0.40327304548075993,True,low R2 (0.40)
Mahihkan Battery 02-21,ABWI109052706504W400,2,2022-12-01,5,True,exponential,131.24000001086662,9.432644358640144e-16,0.0,-6.217248937900877e-15,True,short cycle (<6mo); low R2 (-0.00)
Mahihkan Battery 02-21,ABWI109052706504W400,3,2023-05-01,6,False,exponential,343.65016398078734,0.28758611742946977,0.0,0.8250863964878815,False,
Mahihkan Battery 02-21,ABWI109052706504W400,4,2023-11-01,5,True,harmonic,179.2157029366249,1.4574800855980832,1.0,0.6722715710438085,True,short cycle (<6mo)
Mahihkan Battery 02-21,ABWI109052706504W400,5,2024-04-01,7,False,exponential,190.39345474373292,0.47052733919183704,0.0,0.8126896733150215,False,
Mahihkan Battery 02-21,ABWI109052706504W400,6,2024-11-01,7,False,exponential,49.042857142905405,3.761452099641278e-19,0.0,2.220446049250313e-16,True,low R2 (0.00)
Mahihkan Battery 02-21,ABWI109052706504W400,7,2025-06-01,5,True,harmonic,105.73551531062161,0.2602091216090049,1.0,0.5615706012916084,True,short cycle (<6mo)
Mahihkan Battery 02-21,ABWI109052706504W400,8,2025-11-01,8,False,exponential,67.61250000172004,1.5687257624537634e-16,0.0,-6.661338147750939e-16,True,low R2 (-0.00)
Mahihkan Battery 02-21,ABWI109052806504W400,1,2022-07-01,8,False,,,,,,True,too few data points to fit
Mahihkan Battery 02-21,ABWI109052806504W400,2,2023-03-01,4,True,harmonic,8.305968788191047,0.31088711366899496,1.0,0.24009099533089984,True,short cycle (<6mo); low R2 (0.24)
Mahihkan Battery 02-21,ABWI109052806504W400,3,2023-07-01,4,True,,,,,,True,too few data points to fit
Mahihkan Battery 02-21,ABWI109052806504W400,4,2023-11-01,4,True,harmonic,50.21715822227792,2.9489049448373787,1.0,0.6204826103246821,True,short cycle (<6mo); very high Di (2.95/month)
Mahihkan Battery 02-21,ABWI109052806504W400,5,2024-03-01,4,True,harmonic,28.281203299960872,0.13547517091760494,1.0,0.19990770705204108,True,short cycle (<6mo); low R2 (0.20)
Mahihkan Battery 02-21,ABWI109052806504W400,6,2024-07-01,11,False,exponential,29.581818181818182,5.342825149122803e-19,0.0,1.1102230246251565e-16,True,low R2 (0.00)
Mahihkan Battery 02-21,ABWI109052806504W400,7,2025-06-01,8,False,harmonic,91.69343561691409,0.8685545155105602,1.0,0.8723164814407645,False,
Mahihkan Battery 02-21,ABWI109052806504W400,8,2026-02-01,5,True,harmonic,29.001011630537498,0.5692771512253433,1.0,0.5910511114307053,True,short cycle (<6mo)
Mahihkan Battery 02-21,ABWI109061506504W400,1,2022-06-01,6,False,exponential,5.65,1.7851545279008074e-17,0.0,0.0,True,low R2 (0.00)
Mahihkan Battery 02-21,ABWI109061506504W400,2,2022-12-01,6,False,exponential,11.750000016148212,1.5194092123280864e-25,0.0,1.1102230246251565e-16,True,low R2 (0.00)
Mahihkan Battery 02-21,ABWI109061506504W400,3,2023-06-01,11,False,exponential,43.76363614886615,7.206506418877857e-15,0.0,-3.352873534367973e-14,True,low R2 (-0.00)
Mahihkan Battery 02-21,ABWI109061506504W400,4,2024-05-01,6,False,harmonic,133.98664707951312,0.5509091753813182,1.0,0.867777921384561,False,
Mahihkan Battery 02-21,ABWI109061506504W400,5,2024-11-01,8,False,exponential,75.32475005300799,0.12736509208967642,0.0,0.5649111424777932,False,
Mahihkan Battery 02-21,ABWI109061506504W400,6,2025-07-01,7,False,,,,,,True,too few data points to fit
Mahihkan Battery 02-21,ABWI109061506504W400,7,2026-02-01,5,True,,,,,,True,too few data points to fit
Mahihkan Battery 02-21,ABWI109062206504W400,1,2022-12-01,19,False,harmonic,151.9424856266059,0.007264168566977589,1.0,0.015359156111418915,True,low R2 (0.02)
Mahihkan Battery 02-21,ABWI109062206504W400,2,2024-07-01,24,False,hyperbolic,196.14921659834764,0.12400017336883619,1.9999999999999998,0.6196499103420884,True,b pinned at bound (2.000)
Mahihkan Battery 02-21,ABWI109062706504W400,1,2024-03-01,7,False,exponential,8.67142857142857,1.7242118826800415e-21,0.0,1.1102230246251565e-16,True,low R2 (0.00)
Mahihkan Battery 02-21,ABWI109062706504W400,2,2024-10-01,10,False,exponential,18.43000000642274,8.531911083914106e-17,0.0,-4.440892098500626e-16,True,low R2 (-0.00)
Mahihkan Battery 02-21,ABWI109062706504W400,3,2025-08-01,8,False,harmonic,16.133810546386005,0.12041232974325337,1.0,0.05215776775636549,True,low R2 (0.05)
Mahihkan Battery 02-21,ABWI109062706504W400,4,2026-04-01,2,True,,,,,,True,too few data points to fit
Mahihkan Battery 02-21,ABWI109063406504W400,1,2022-12-01,4,True,harmonic,583.8664562354093,1.5241232334416468,1.0,0.9230062318463257,True,short cycle (<6mo)
Mahihkan Battery 02-21,ABWI109063406504W400,2,2023-04-01,4,True,harmonic,470.3887442680976,2.671847375087905,1.0,0.9982351048312152,True,short cycle (<6mo); very high Di (2.67/month)
Mahihkan Battery 02-21,ABWI109063406504W400,3,2023-08-01,35,False,exponential,249.08000000621368,2.079127596265313e-17,0.0,-1.3322676295501878e-15,True,low R2 (-0.00)
Mahihkan Battery 02-21,ABWI109063506504W402,1,2025-04-01,15,False,harmonic,392.3126099273064,0.04089968371077349,1.0,0.28353977098225736,True,low R2 (0.28)
Mahihkan Battery 02-21,ABWI109070306604W400,1,2022-08-01,15,False,exponential,216.64666628592082,1.8685287668175653e-20,0.0,2.220446049250313e-16,True,low R2 (0.00)
Mahihkan Battery 02-21,ABWI109070306604W400,2,2023-11-01,8,False,harmonic,655.7518572471704,1.1185093865490636,1.0,0.9544148689116095,False,
Mahihkan Battery 02-21,ABWI109070306604W400,3,2024-07-01,5,True,exponential,118.46516984570076,0.4367707265646808,0.0,0.795410592170644,True,short cycle (<6mo)
Mahihkan Battery 02-21,ABWI109070306604W400,4,2024-12-01,15,False,exponential,90.06,2.572971211004651e-23,0.0,0.0,True,low R2 (0.00)
Mahihkan Battery 02-21,ABWI109070306604W400,5,2026-03-01,4,True,exponential,192.2,1.490344852780616e-17,0.0,0.0,True,short cycle (<6mo); low R2 (0.00)
Mahihkan Battery 02-21,ABWI109071006504W400,1,2024-05-01,26,False,hyperbolic,920.3828534425659,0.164413498779558,1.9999999999999998,0.308177513917562,True,low R2 (0.31); b pinned at bound (2.000)
Mahihkan Battery 02-21,ABWI109071506504W400,1,2022-07-01,8,False,exponential,279.87894662497695,0.1482107170513872,0.0,0.874323838438646,False,
Mahihkan Battery 02-21,ABWI109071506504W400,2,2023-03-01,14,False,harmonic,148.36970858370566,0.11200686659716949,1.0,0.187485072854901,True,low R2 (0.19)
Mahihkan Battery 02-21,ABWI109071506504W400,3,2024-05-01,8,False,exponential,150.06338099794564,0.12093062767647833,0.0,0.8275979979219781,False,
Mahihkan Battery 02-21,ABWI109071506504W400,4,2025-01-01,7,False,harmonic,118.20905239195162,0.020518598214482982,1.0,0.026536297697069222,True,low R2 (0.03)
Mahihkan Battery 02-21,ABWI109071506504W400,5,2025-08-01,9,False,harmonic,117.26139308030405,0.01705509781872521,1.0,0.01758516574050517,True,low R2 (0.02)
Mahihkan Battery 02-21,ABWI109071506504W400,6,2026-05-01,2,True,,,,,,True,too few data points to fit
Mahihkan Battery 02-21,ABWI109072106504W400,1,2022-12-01,9,False,harmonic,71.78872286337402,0.23736495106559102,1.0,0.7338159734538459,False,
Mahihkan Battery 02-21,ABWI109072106504W400,2,2023-09-01,11,False,exponential,65.57250208531147,0.15083776239472327,0.0,0.7550046588427158,False,
Mahihkan Battery 02-21,ABWI109072106504W400,3,2024-08-01,9,False,exponential,21.444444444449037,3.847298616134393e-23,0.0,0.0,True,low R2 (0.00)
Mahihkan Battery 02-21,ABWI109072106504W400,4,2025-05-01,7,False,harmonic,34.938747180001265,0.07115510609246352,1.0,0.041063865783265596,True,low R2 (0.04)
Mahihkan Battery 02-21,ABWI109072106504W400,5,2025-12-01,7,False,exponential,49.313725420377104,0.1835321507578165,0.0,0.8087012462518809,False,
Mahihkan Battery 02-21,ABWI109072206504W400,1,2022-08-01,5,True,harmonic,434.0774064510128,0.29614926537502206,1.0,0.3978195464041995,True,short cycle (<6mo); low R2 (0.40)
Mahihkan Battery 02-21,ABWI109072206504W400,2,2023-01-01,42,False,hyperbolic,446.7193920123595,1.234974150681195,1.9999999999999998,0.6455555481512574,True,b pinned at bound (2.000)
Mahihkan Battery 02-21,ABWI109072706504W400,1,2022-07-01,4,True,exponential,141.42500000000004,1.884822997329444e-16,0.0,-4.440892098500626e-16,True,short cycle (<6mo); low R2 (-0.00)
Mahihkan Battery 02-21,ABWI109072706504W400,2,2022-11-01,13,False,harmonic,239.04619007787684,0.0804090375600686,1.0,0.015139126334894448,True,low R2 (0.02)
Mahihkan Battery 02-21,ABWI109072706504W400,3,2023-12-01,6,False,harmonic,695.3255401767669,0.2595387717803189,1.0,0.3337706760841782,True,low R2 (0.33)
Mahihkan Battery 02-21,ABWI109072706504W400,4,2024-06-01,9,False,harmonic,481.7291531432792,0.2552240591702431,1.0,0.5107846873416824,False,
Mahihkan Battery 02-21,ABWI109072706504W400,5,2025-03-01,7,False,harmonic,330.2020865823747,0.17650384020473034,1.0,0.21823907244544039,True,low R2 (0.22)
Mahihkan Battery 02-21,ABWI109072706504W400,6,2025-10-01,9,False,harmonic,273.3446602959912,0.12622224493496542,1.0,0.6907421204942074,False,
Mahihkan Battery 02-21,ABWI109081506504W400,1,2022-08-01,13,False,exponential,273.4000000000005,2.7167307919868473e-16,0.0,-4.440892098500626e-16,True,low R2 (-0.00)
Mahihkan Battery 02-21,ABWI109081506504W400,2,2023-09-01,10,False,exponential,337.7900000000099,3.1775923107477565e-23,0.0,-2.220446049250313e-16,True,low R2 (-0.00)
Mahihkan Battery 02-21,ABWI109081506504W400,3,2024-07-01,19,False,harmonic,636.4665345816948,0.4200705719967291,1.0,0.8000746853519607,False,
Mahihkan Battery 02-21,ABWI109081506504W400,4,2026-02-01,4,True,exponential,154.79394433001636,0.20384344275582153,0.0,0.9242416544376603,True,short cycle (<6mo)
Mahihkan Battery 02-21,ABWI109082106504W400,1,2023-11-01,13,False,harmonic,157.6757992907264,0.2638130225582044,1.0,0.868375555391639,False,
Mahihkan Battery 02-21,ABWI109082106504W400,2,2024-12-01,12,False,exponential,67.22500001749113,1.5787752480323877e-15,0.0,-1.4432899320127035e-14,True,low R2 (-0.00)
Mahihkan Battery 02-21,ABWI109082106504W400,3,2025-12-01,7,False,harmonic,98.94176207119659,0.3253767792135494,1.0,0.8708980199271583,False,
Mahihkan Battery 02-21,ABWI109082206504W400,1,2022-12-01,13,False,harmonic,280.37112369509106,0.1370053950806637,1.0,0.5691519361225619,False,
Mahihkan Battery 02-21,ABWI109082206504W400,2,2024-01-01,11,False,exponential,177.92727273792644,3.264416185373418e-16,0.0,-1.7763568394002505e-15,True,low R2 (-0.00)
Mahihkan Battery 02-21,ABWI109082206504W400,3,2024-12-01,19,False,exponential,361.2399022347506,0.07206748119541398,0.0,0.7413704547993022,False,
Mahihkan Battery 02-21,ABWI109082906504W400,1,2024-01-01,30,False,hyperbolic,486.7381322309967,0.1127029536503284,1.9999999999999998,0.28938704752949285,True,low R2 (0.29); b pinned at bound (2.000)
Mahihkan Battery 02-21,ABWI109083406504W400,1,2023-07-01,25,False,harmonic,395.5564745407811,0.09762377913662375,1.0,0.7894390468932998,False,
Mahihkan Battery 02-21,ABWI109083406504W400,2,2025-08-01,11,False,exponential,324.1545454545455,3.951435828688257e-22,0.0,-2.220446049250313e-16,True,low R2 (-0.00)
Mahihkan Battery 02-21,ABWI109091006504W400,1,2022-07-01,22,False,hyperbolic,163.75843697212278,0.4663456973037768,1.9999999999999991,0.64071637246826,True,b pinned at bound (2.000)
Mahihkan Battery 02-21,ABWI109091006504W400,2,2024-05-01,14,False,harmonic,63.70000000000122,3.5717804252881785e-22,1.0,0.0,True,low R2 (0.00)
Mahihkan Battery 02-21,ABWI109091006504W400,3,2025-07-01,8,False,exponential,109.41435165805815,0.2266355776484391,0.0,0.9055875334750321,False,
Mahihkan Battery 02-21,ABWI109091006504W400,4,2026-03-01,4,True,,,,,,True,too few data points to fit
Mahihkan Battery 02-21,ABWI109091506504W400,1,2022-07-01,7,False,harmonic,189.45504711000174,0.8601171008782512,1.0,0.8678154590404528,False,
Mahihkan Battery 02-21,ABWI109091506504W400,2,2023-02-01,5,True,exponential,142.2712793314688,0.6596163378091071,0.0,0.81425349903296,True,short cycle (<6mo)
Mahihkan Battery 02-21,ABWI109091506504W400,3,2023-07-01,11,False,exponential,31.79455382444115,0.3528326975089821,0.0,0.9994664279043707,False,
Mahihkan Battery 02-21,ABWI109091506504W400,4,2024-06-01,6,False,,,,,,True,too few data points to fit
Mahihkan Battery 02-21,ABWI109091506504W400,5,2024-12-01,9,False,exponential,9.322222222222223,2.503275428914465e-22,0.0,0.0,True,low R2 (0.00)
Mahihkan Battery 02-21,ABWI109091506504W400,6,2025-09-01,10,False,exponential,107.81999993152154,5.081738511690365e-17,0.0,-4.440892098500626e-16,True,low R2 (-0.00)
Mahihkan Battery 02-21,ABWI109091606504W400,1,2022-05-01,14,False,exponential,137.2905461278703,0.08944278661625389,0.0,0.62118604822684,False,
Mahihkan Battery 02-21,ABWI109091606504W400,2,2023-07-01,8,False,harmonic,48.342857145590486,6.983228807907654e-17,1.0,1.1102230246251565e-16,True,low R2 (0.00)
Mahihkan Battery 02-21,ABWI109091606504W400,3,2024-03-01,6,False,exponential,87.02000000013332,4.292545092141569e-19,0.0,0.0,True,low R2 (0.00)
Mahihkan Battery 02-21,ABWI109091606504W400,4,2024-09-01,12,False,exponential,172.39116062872588,0.25245748644083843,0.0,0.7904576857983888,False,
Mahihkan Battery 02-21,ABWI109091606504W400,5,2025-09-01,4,True,harmonic,54.475409515506946,0.3442037306852727,1.0,0.23337665850069222,True,short cycle (<6mo); low R2 (0.23)
Mahihkan Battery 02-21,ABWI109091606504W400,6,2026-01-01,6,False,exponential,48.089575815768676,0.25481598713640297,0.0,0.559323752864308,False,
Mahihkan Battery 02-21,ABWI109092706504W400,1,2022-11-01,13,False,harmonic,23.65866703566443,0.005417866912513929,1.0,0.0006399460973928184,True,low R2 (0.00)
Mahihkan Battery 02-21,ABWI109092706504W400,2,2023-12-01,4,True,,,,,,True,too few data points to fit
Mahihkan Battery 02-21,ABWI109092706504W400,3,2024-04-01,6,False,exponential,73.66585002505245,0.2945338944134114,0.0,0.6308518376118624,False,
Mahihkan Battery 02-21,ABWI109092706504W400,4,2024-10-01,13,False,exponential,75.04615384615384,1.9869680932163133e-21,0.0,0.0,True,low R2 (0.00)
Mahihkan Battery 02-21,ABWI109092706504W400,5,2025-11-01,8,False,exponential,224.7618911745664,0.2454038848678192,0.0,0.8853947854123894,False,
Mahihkan Battery 02-21,ABWI109092806504W400,1,2022-08-01,10,False,exponential,150.3000000000001,1.0444144359741035e-16,0.0,-8.881784197001252e-16,True,low R2 (-0.00)
Mahihkan Battery 02-21,ABWI109092806504W400,2,2023-06-01,17,False,harmonic,277.0266455945237,0.1414445365126934,1.0,0.5269888872378488,False,
Mahihkan Battery 02-21,ABWI109092806504W400,3,2024-11-01,4,True,harmonic,227.33545562515667,0.06188385742974526,1.0,0.010996817813284099,True,short cycle (<6mo); low R2 (0.01)
Mahihkan Battery 02-21,ABWI109092806504W400,4,2025-03-01,16,False,harmonic,269.1306733967429,0.050589376334207216,1.0,0.437548825623974,True,low R2 (0.44)
Mahihkan Battery 02-21,ABWI109093406504W400,1,2022-09-01,4,True,,,,,,True,too few data points to fit
Mahihkan Battery 02-21,ABWI109093406504W400,2,2023-01-01,5,True,exponential,44.89120111068568,0.5857056983376399,0.0,0.9221846862226223,True,short cycle (<6mo)
Mahihkan Battery 02-21,ABWI109093406504W400,3,2023-06-01,4,True,,,,,,True,too few data points to fit
Mahihkan Battery 02-21,ABWI109093406504W400,4,2023-10-01,5,True,exponential,9.787237590856373,0.3460985165198218,0.0,0.801344430130692,True,short cycle (<6mo)
Mahihkan Battery 02-21,ABWI109093406504W400,5,2024-03-01,7,False,exponential,43.885714285714286,1.3528960820806848e-17,0.0,-4.440892098500626e-16,True,low R2 (-0.00)
Mahihkan Battery 02-21,ABWI109093406504W400,6,2024-10-01,11,False,harmonic,131.97672799811997,0.05338196502962569,1.0,0.25347510827802733,True,low R2 (0.25)
Mahihkan Battery 02-21,ABWI109093406504W400,7,2025-09-01,10,False,harmonic,115.87987704246876,0.01859969352309071,1.0,0.03753444298726272,True,low R2 (0.04)
Mahihkan Battery 02-21,ABWI109100306604W400,1,2022-07-01,9,False,harmonic,336.9348534259181,0.003672357534865038,1.0,0.0011274429626185745,True,low R2 (0.00)
Mahihkan Battery 02-21,ABWI109100306604W400,2,2023-04-01,13,False,exponential,388.36153819022906,1.7682848404060436e-17,0.0,-2.220446049250313e-16,True,low R2 (-0.00)
Mahihkan Battery 02-21,ABWI109100306604W400,3,2024-05-01,8,False,exponential,789.9629118050501,0.16883766911782785,0.0,0.7604298154207549,False,
Mahihkan Battery 02-21,ABWI109100306604W400,4,2025-01-01,18,False,hyperbolic,254.79617171446966,0.11729278274898132,1.9999999999997724,0.8714969096866187,True,b pinned at bound (2.000)
Mahihkan Battery 02-21,ABWI109102106504W400,1,2023-06-01,10,False,exponential,25.129036025427563,0.26295064609089297,0.0,0.8018483911272025,False,
Mahihkan Battery 02-21,ABWI109102106504W400,2,2024-04-01,11,False,exponential,6.033333317965666,2.9009179269724995e-16,0.0,-2.4424906541753444e-15,True,low R2 (-0.00)
Mahihkan Battery 02-21,ABWI109102106504W400,3,2025-03-01,5,True,harmonic,14.699418144802376,0.35060067623318225,1.0,0.049278698704124047,True,short cycle (<6mo); low R2 (0.05)
Mahihkan Battery 02-21,ABWI109102106504W400,4,2025-08-01,5,True,exponential,21.839999908784474,6.601510881510521e-19,0.0,0.0,True,short cycle (<6mo); low R2 (0.00)
Mahihkan Battery 02-21,ABWI109102106504W400,5,2026-01-01,4,True,exponential,74.18873457109311,1.247707510591593,0.0,0.9988008233396544,True,short cycle (<6mo)
Mahihkan Battery 02-21,ABWI109102206504W400,1,2022-08-01,5,True,exponential,157.66000000001262,2.5909384123737816e-20,0.0,0.0,True,short cycle (<6mo); low R2 (0.00)
Mahihkan Battery 02-21,ABWI109102206504W400,2,2023-01-01,5,True,harmonic,460.9335429815069,1.7915455527237296,1.0,0.8939566199533766,True,short cycle (<6mo)
Mahihkan Battery 02-21,ABWI109102206504W400,3,2023-06-01,6,False,harmonic,93.25000000206035,9.221704242307254e-18,1.0,0.0,True,low R2 (0.00)
Mahihkan Battery 02-21,ABWI109102206504W400,4,2023-12-01,18,False,harmonic,217.3881351944229,0.12829316545174063,1.0,0.5508887182705658,False,
Mahihkan Battery 02-21,ABWI109102206504W400,5,2025-06-01,13,False,harmonic,125.3376267220995,0.029202399043009575,1.0,0.23489215617040382,True,low R2 (0.23)
Mahihkan Battery 02-21,ABWI109102706504W400,1,2022-08-01,7,False,harmonic,114.84537136470867,0.030049949482865147,1.0,0.02689186049910175,True,low R2 (0.03)
Mahihkan Battery 02-21,ABWI109102706504W400,2,2023-03-01,6,False,harmonic,288.46642571508886,0.09542504862168823,1.0,0.9277220095804617,False,
Mahihkan Battery 02-21,ABWI109102706504W400,3,2023-09-01,6,False,harmonic,190.63333333333333,2.742459159782743e-25,1.0,-2.220446049250313e-16,True,low R2 (-0.00)
Mahihkan Battery 02-21,ABWI109102706504W400,4,2024-03-01,28,False,exponential,270.7444444444444,3.726489617209589e-23,0.0,-2.220446049250313e-16,True,low R2 (-0.00)
Mahihkan Battery 02-21,ABWI109103406504W400,1,2026-01-01,6,False,harmonic,797.3493368031094,0.27986515754526015,1.0,0.5191003948532585,False,
Mahihkan Battery 02-21,ABWI109110306604W400,1,2023-02-01,14,False,harmonic,208.90161787752817,0.01619025610410498,1.0,0.003961516025697831,True,low R2 (0.00)
Mahihkan Battery 02-21,ABWI109110306604W400,2,2024-04-01,27,False,harmonic,506.8408630127842,0.038952114781746504,1.0,0.2888322803476018,True,low R2 (0.29)
Mahihkan Battery 02-21,ABWI109111006504W400,1,2022-10-01,9,False,exponential,97.97196636250119,1.3073217518548281,0.0,0.9788314588867908,False,
Mahihkan Battery 02-21,ABWI109111006504W400,2,2023-07-01,19,False,,,,,,True,too few data points to fit
Mahihkan Battery 02-21,ABWI109111006504W400,3,2025-02-01,10,False,exponential,41.98,1.728839513289725e-19,0.0,0.0,True,low R2 (0.00)
Mahihkan Battery 02-21,ABWI109111406504W400,1,2024-01-01,19,False,harmonic,215.91084401661408,0.020926704286621994,1.0,0.09030648750299419,True,low R2 (0.09)
Mahihkan Battery 02-21,ABWI109111406504W400,2,2025-08-01,5,True,exponential,262.50903658737,0.32235263308922446,0.0,0.7826845093059821,True,short cycle (<6mo)
Mahihkan Battery 02-21,ABWI109111406504W400,3,2026-01-01,6,False,harmonic,175.7726524186468,0.1502402388219001,1.0,0.7919964177914294,False,
Mahihkan Battery 02-21,ABWI109112206504W400,1,2022-07-01,6,False,exponential,395.4449694019109,0.3360059372460086,0.0,0.7024183810644434,False,
Mahihkan Battery 02-21,ABWI109112206504W400,2,2023-01-01,7,False,harmonic,481.07916507112935,0.4138282428627955,1.0,0.6738476551896211,False,
Mahihkan Battery 02-21,ABWI109112206504W400,3,2023-08-01,4,True,harmonic,216.63199777474767,0.5340571333276999,1.0,0.8463401728048097,True,short cycle (<6mo)
Mahihkan Battery 02-21,ABWI109112206504W400,4,2023-12-01,6,False,harmonic,164.8233674776735,0.41800435487043325,1.0,0.7330757990735556,False,
Mahihkan Battery 02-21,ABWI109112206504W400,5,2024-06-01,16,False,exponential,66.50000000000016,2.750984879207807e-16,0.0,-4.440892098500626e-16,True,low R2 (-0.00)
Mahihkan Battery 02-21,ABWI109112206504W400,6,2025-10-01,9,False,exponential,130.36942612475488,0.0827873826428309,0.0,0.6689654468632251,False,
Mahihkan Battery 02-21,ABWI109113506504W400,1,2022-07-01,8,False,exponential,105.325,2.6462447421048427e-19,0.0,0.0,True,low R2 (0.00)
Mahihkan Battery 02-21,ABWI109113506504W400,2,2023-03-01,7,False,harmonic,129.60914207252114,0.09207917412571648,1.0,0.10525390700258952,True,low R2 (0.11)
Mahihkan Battery 02-21,ABWI109113506504W400,3,2023-10-01,12,False,harmonic,163.10643499678204,0.06800245092518734,1.0,0.3320741874054013,True,low R2 (0.33)
Mahihkan Battery 02-21,ABWI109113506504W400,4,2024-10-01,6,False,exponential,179.83067195489042,0.19914294698808108,0.0,0.9275965828649997,False,
Mahihkan Battery 02-21,ABWI109120306604W400,1,2022-06-01,6,False,exponential,254.43333378291263,2.495572473658244e-16,0.0,-4.440892098500626e-16,True,low R2 (-0.00)
Mahihkan Battery 02-21,ABWI109120306604W400,2,2022-12-01,8,False,exponential,853.2503553246278,0.30680182125150113,0.0,0.9453032838245654,False,
Mahihkan Battery 02-21,ABWI109120306604W400,3,2023-08-01,13,False,exponential,235.11666543524763,1.3898818586616174e-14,0.0,-7.30526750203353e-14,True,low R2 (-0.00)
Mahihkan Battery 02-21,ABWI109120306604W400,4,2024-09-01,11,False,hyperbolic,815.7145185116309,0.7465606390439795,1.999999999999995,0.9630122241842909,True,b pinned at bound (2.000)
Mahihkan Battery 02-21,ABWI109120306604W400,5,2025-08-01,11,False,harmonic,402.06391242713687,0.19494092644250013,1.0,0.799647152101569,False,
Mahihkan Battery 02-21,ABWI109121406504W400,1,2022-09-01,18,False,,,,,,True,too few data points to fit
Mahihkan Battery 02-21,ABWI109121406504W400,2,2024-03-01,12,False,exponential,8.308333333333335,4.7726153135903133e-17,0.0,0.0,True,low R2 (0.00)
Mahihkan Battery 02-21,ABWI109121406504W400,3,2025-03-01,8,False,harmonic,43.53030325451454,0.3488613891449176,1.0,0.8344550954161605,False,
Mahihkan Battery 02-21,ABWI109121406504W400,4,2025-11-01,5,True,harmonic,239.97674123644967,5.28137444709659,1.0,0.9318462710069078,True,short cycle (<6mo); very high Di (5.28/month)
Mahihkan Battery 02-21,ABWI109121406504W400,5,2026-04-01,3,True,,,,,,True,too few data points to fit
Mahihkan Battery 02-21,ABWI109121506504W400,1,2022-10-01,7,False,exponential,237.78571428574674,1.5478137584968156e-22,0.0,0.0,True,low R2 (0.00)
Mahihkan Battery 02-21,ABWI109121506504W400,2,2023-05-01,9,False,exponential,382.51674906742335,0.2165522531409027,0.0,0.8470548260022357,False,
Mahihkan Battery 02-21,ABWI109121506504W400,3,2024-02-01,11,False,harmonic,242.35454545143665,1.4967003934290482e-16,1.0,-1.3322676295501878e-15,True,low R2 (-0.00)
Mahihkan Battery 02-21,ABWI109121506504W400,4,2025-01-01,6,False,harmonic,591.961086304376,0.20318501218143545,1.0,0.6101978032912753,False,
Mahihkan Battery 02-21,ABWI109121506504W400,5,2025-07-01,12,False,exponential,682.0096752428859,0.07665716590714555,0.0,0.5905852886952071,False,
Mahihkan Battery 02-21,ABWI109122606504W400,1,2024-01-01,16,False,harmonic,168.19145117401408,0.0740648435128461,1.0,0.08141822024455703,True,low R2 (0.08)
Mahihkan Battery 02-21,ABWI109122606504W400,2,2025-05-01,7,False,harmonic,187.7975782973391,0.01795507832044487,1.0,0.02556861021212231,True,low R2 (0.03)
Mahihkan Battery 02-21,ABWI109122606504W400,3,2025-12-01,7,False,harmonic,267.1150605774906,0.5120390641025123,1.0,0.7935642380611251,False,
Mahihkan Battery 02-21,ABWI109122806504W400,1,2023-07-01,4,True,,,,,,True,too few data points to fit
Mahihkan Battery 02-21,ABWI109122806504W400,2,2023-11-01,9,False,exponential,89.12500005544176,3.5007492509747923e-16,0.0,-3.1086244689504383e-15,True,low R2 (-0.00)
Mahihkan Battery 02-21,ABWI109122806504W400,3,2024-08-01,23,False,harmonic,137.2470001895334,0.1605333061290391,1.0,0.816645107868323,False,
Mahihkan Battery 02-21,ABWI109123506504W400,1,2022-06-01,10,False,harmonic,94.15505484173799,0.12196290545965849,1.0,0.15615978249223827,True,low R2 (0.16)
Mahihkan Battery 02-21,ABWI109123506504W400,2,2023-04-01,9,False,exponential,126.73333333333333,1.9592998934823445e-21,0.0,-2.220446049250313e-16,True,low R2 (-0.00)
Mahihkan Battery 02-21,ABWI109123506504W400,3,2024-01-01,8,False,exponential,176.4,2.303516303683578e-23,0.0,0.0,True,low R2 (0.00)
Mahihkan Battery 02-21,ABWI109123506504W400,4,2024-09-01,7,False,harmonic,252.8906906263827,0.10635405707344239,1.0,0.15938615533761835,True,low R2 (0.16)
Mahihkan Battery 02-21,ABWI109123506504W400,5,2025-04-01,15,False,harmonic,238.48666668381063,3.3744144257555666e-16,1.0,-4.884981308350689e-15,True,low R2 (-0.00)
Mahihkan Battery 02-21,ABWI109131106504W400,1,2022-07-01,4,True,harmonic,38.712687651612626,3.1372534707929685,1.0,0.8295560748491749,True,short cycle (<6mo); very high Di (3.14/month)
Mahihkan Battery 02-21,ABWI109131106504W400,2,2022-11-01,11,False,harmonic,33.4107191327043,0.08263184443640019,1.0,0.1887792536078613,True,low R2 (0.19)
Mahihkan Battery 02-21,ABWI109131106504W400,3,2023-10-01,7,False,exponential,183.83651866032866,1.40286736101457,0.0,0.9683732071269513,False,
Mahihkan Battery 02-21,ABWI109131106504W400,4,2024-05-01,6,False,exponential,30.950000000001157,8.2692817706335695e-25,0.0,0.0,True,low R2 (0.00)
Mahihkan Battery 02-21,ABWI109131106504W400,5,2024-11-01,4,True,harmonic,55.41336682824789,0.17582399996851747,1.0,0.19559680707578575,True,short cycle (<6mo); low R2 (0.20)
Mahihkan Battery 02-21,ABWI109131106504W400,6,2025-03-01,5,True,harmonic,44.726137564808624,0.35663438956824056,1.0,0.07206928119836953,True,short cycle (<6mo); low R2 (0.07)
Mahihkan Battery 02-21,ABWI109131106504W400,7,2025-08-01,4,True,exponential,77.35000000000407,1.044181732538672e-23,0.0,1.1102230246251565e-16,True,short cycle (<6mo); low R2 (0.00)
Mahihkan Battery 02-21,ABWI109131106504W400,8,2025-12-01,7,False,exponential,84.34285714285714,9.86832563937394e-22,0.0,0.0,True,low R2 (0.00)
Mahihkan Battery 02-21,ABWI109131406504W400,1,2023-08-01,9,False,harmonic,46.873398351798784,0.002807217072627082,1.0,0.0006110524508680104,True,low R2 (0.00)
Mahihkan Battery 02-21,ABWI109131406504W400,2,2024-05-01,12,False,harmonic,249.51141057296604,0.3372018284388579,1.0,0.4524000024054615,True,low R2 (0.45)
Mahihkan Battery 02-21,ABWI109131406504W400,3,2025-05-01,14,False,exponential,401.7617295945694,0.03246625822917021,0.0,0.23636229303972367,True,low R2 (0.24)
Mahihkan Battery 02-21,ABWI109131506504W400,1,2023-08-01,21,False,harmonic,349.95238095238153,1.502469265146068e-16,1.0,-4.440892098500626e-16,True,low R2 (-0.00)
Mahihkan Battery 02-21,ABWI109131506504W400,2,2025-05-01,14,False,exponential,762.482390675668,0.1538267540191305,0.0,0.8162319667328868,False,
Mahihkan Battery 02-21,ABWI109132606504W400,1,2022-07-01,12,False,harmonic,336.0981991591592,0.5943969572799905,1.0,0.9113666293490026,False,
Mahihkan Battery 02-21,ABWI109132606504W400,2,2023-07-01,8,False,exponential,143.42499999999998,6.306153287475863e-24,0.0,-2.220446049250313e-16,True,low R2 (-0.00)
Mahihkan Battery 02-21,ABWI109132606504W400,3,2024-03-01,7,False,harmonic,326.23846455343295,0.14353534406917165,1.0,0.3743418140048723,True,low R2 (0.37)
Mahihkan Battery 02-21,ABWI109132606504W400,4,2024-10-01,18,False,exponential,462.0436820727209,0.19401875038425231,0.0,0.8449287296197416,False,
Mahihkan Battery 02-21,ABWI109132606504W400,5,2026-04-01,3,True,,,,,,True,too few data points to fit
Mahihkan Battery 02-21,ABWI109132806504W400,1,2025-07-01,12,False,harmonic,447.3614350006441,0.03369763508230662,1.0,0.37322786127517216,True,low R2 (0.37)
Mahihkan Battery 02-21,ABWI109133406504W400,1,2022-05-01,12,False,exponential,224.5083330875316,3.6602352392250567e-16,0.0,-3.9968028886505635e-15,True,low R2 (-0.00)
Mahihkan Battery 02-21,ABWI109133406504W400,2,2023-05-01,11,False,exponential,585.1454545454545,3.5622148833337813e-22,0.0,0.0,True,low R2 (0.00)
Mahihkan Battery 02-21,ABWI109133406504W400,3,2024-04-01,12,False,harmonic,883.4648333151144,0.04618800224520343,1.0,0.08341123949462848,True,low R2 (0.08)
Mahihkan Battery 02-21,ABWI109133406504W400,4,2025-04-01,5,True,harmonic,954.167981001193,0.38804299330529146,1.0,0.692556185623707,True,short cycle (<6mo)
Mahihkan Battery 02-21,ABWI109133406504W400,5,2025-09-01,10,False,exponential,861.9590974163226,0.13507828211881664,0.0,0.5999871287034895,False,
Mahihkan Battery 02-21,ABWI109141006504W400,1,2025-05-01,14,False,harmonic,366.65371800602685,0.04601096101032249,1.0,0.41851450183742966,True,low R2 (0.42)
Mahihkan Battery 02-21,ABWI109141406504W400,1,2022-05-01,10,False,harmonic,148.46057235252096,0.02669435243601004,1.0,0.021255250753029142,True,low R2 (0.02)
Mahihkan Battery 02-21,ABWI109141406504W400,2,2023-03-01,6,False,harmonic,272.7864984269127,0.08360087266484136,1.0,0.39785527102033824,True,low R2 (0.40)
Mahihkan Battery 02-21,ABWI109141406504W400,3,2023-09-01,17,False,exponential,170.5705882352941,7.028048238525657e-20,0.0,0.0,True,low R2 (0.00)
Mahihkan Battery 02-21,ABWI109141406504W400,4,2025-02-01,9,False,harmonic,205.30693821398032,0.3256432742417263,1.0,0.22321259413294492,True,low R2 (0.22)
Mahihkan Battery 02-21,ABWI109141406504W400,5,2025-11-01,8,False,exponential,125.66250005749097,4.054970297897273e-15,0.0,-2.1538326677728037e-14,True,low R2 (-0.00)
Mahihkan Battery 02-21,ABWI109142806504W400,1,2023-07-01,7,False,harmonic,232.24524836476448,0.399244759436873,1.0,0.6294470195764279,False,
Mahihkan Battery 02-21,ABWI109142806504W400,2,2024-02-01,13,False,exponential,128.5984215641466,0.04621728921793766,0.0,0.4572546947052777,True,low R2 (0.46)
Mahihkan Battery 02-21,ABWI109142806504W400,3,2025-03-01,7,False,exponential,79.01428571428572,9.935835710670078e-20,0.0,0.0,True,low R2 (0.00)
Mahihkan Battery 02-21,ABWI109142806504W400,4,2025-10-01,9,False,harmonic,113.92640105384478,0.16822884716805217,1.0,0.09398956710793005,True,low R2 (0.09)
Mahihkan Battery 02-21,ABWI109143406504W400,1,2023-06-01,7,False,harmonic,514.545018229776,0.10473008297489719,1.0,0.34695896325187037,True,low R2 (0.35)
Mahihkan Battery 02-21,ABWI109143406504W400,2,2024-01-01,9,False,harmonic,591.8684975219196,0.08595472299283527,1.0,0.4584123356325711,True,low R2 (0.46)
Mahihkan Battery 02-21,ABWI109143406504W400,3,2024-10-01,21,False,exponential,545.157142972678,6.240029683876489e-18,0.0,-2.220446049250313e-16,True,low R2 (-0.00)
Mahihkan Battery 02-21,ABWI109150306604W400,1,2024-01-01,14,False,harmonic,393.7533558644272,0.11179733734879611,1.0,0.717513273038549,False,
Mahihkan Battery 02-21,ABWI109150306604W400,2,2025-03-01,4,True,exponential,285.58870254254896,0.37422021116268733,0.0,0.9704858883068367,True,short cycle (<6mo)
Mahihkan Battery 02-21,ABWI109150306604W400,3,2025-07-01,8,False,exponential,137.79476400356356,0.2553362477945425,0.0,0.9212424744156773,False,
Mahihkan Battery 02-21,ABWI109150306604W400,4,2026-03-01,4,True,exponential,66.17500000000003,2.241591836969653e-16,0.0,-4.440892098500626e-16,True,short cycle (<6mo); low R2 (-0.00)
Mahihkan Battery 02-21,ABWI109150406604W400,1,2023-10-01,7,False,harmonic,5128.9625919853825,1.1091339893113012,1.0,0.9277000196943385,False,
Mahihkan Battery 02-21,ABWI109150406604W400,2,2024-05-01,7,False,exponential,1790.0868089880453,0.15748278986789938,0.0,0.9370193840151888,False,
Mahihkan Battery 02-21,ABWI109150406604W400,3,2024-12-01,11,False,exponential,1458.3576557980373,0.20552192061273372,0.0,0.9752846780770952,False,
Mahihkan Battery 02-21,ABWI109150406604W400,4,2025-11-01,5,True,exponential,1500.4577806892287,0.4410378283435465,0.0,0.7684819120927907,True,short cycle (<6mo)
Mahihkan Battery 02-21,ABWI109150406604W400,5,2026-04-01,3,True,,,,,,True,too few data points to fit
Mahihkan Battery 02-21,ABWI109151406504W400,1,2023-08-01,9,False,exponential,52.483333333333334,7.046531984753349e-23,0.0,0.0,True,low R2 (0.00)
Mahihkan Battery 02-21,ABWI109151406504W400,2,2024-05-01,7,False,harmonic,122.97798090876283,1.8579151109150132,1.0,0.2273253968176857,True,low R2 (0.23)
Mahihkan Battery 02-21,ABWI109151406504W400,3,2024-12-01,4,True,harmonic,252.9792160694239,0.046702084611564304,1.0,0.007045269846442492,True,short cycle (<6mo); low R2 (0.01)
Mahihkan Battery 02-21,ABWI109151406504W400,4,2025-04-01,6,False,exponential,354.45544068494803,0.21449204975570416,0.0,0.9177847005828776,False,
Mahihkan Battery 02-21,ABWI109151406504W400,5,2025-10-01,9,False,harmonic,114.1874260196976,0.040279606756580835,1.0,0.006650201404865053,True,low R2 (0.01)
Mahihkan Battery 02-21,ABWI109151506504W400,1,2023-04-01,4,True,exponential,22.824999861923523,3.7039387647942203e-20,0.0,-2.220446049250313e-16,True,short cycle (<6mo); low R2 (-0.00)
Mahihkan Battery 02-21,ABWI109151506504W400,2,2023-08-01,8,False,exponential,116.83311205825173,0.31939344687592114,0.0,0.7726366261002806,False,
Mahihkan Battery 02-21,ABWI109151506504W400,3,2024-04-01,5,True,exponential,61.17999983910059,1.9975670359830197e-19,0.0,0.0,True,short cycle (<6mo); low R2 (0.00)
Mahihkan Battery 02-21,ABWI109151506504W400,4,2024-09-01,11,False,exponential,145.0181818181818,1.2148751002229871e-23,0.0,2.220446049250313e-16,True,low R2 (0.00)
Mahihkan Battery 02-21,ABWI109151506504W400,5,2025-08-01,11,False,exponential,309.499999921653,1.6373330659617977e-19,0.0,0.0,True,low R2 (0.00)
Mahihkan Battery 02-21,ABWI109152706504W400,1,2022-09-01,33,False,harmonic,815.033318679412,0.08079920492390524,1.0,0.7302071375157466,False,
Mahihkan Battery 02-21,ABWI109152706504W400,2,2025-06-01,13,False,harmonic,327.6986171626507,0.021126283091131386,1.0,0.1632184513601479,True,low R2 (0.16)
Mahihkan Battery 02-21,ABWI109152906504W400,1,2022-08-01,7,False,harmonic,198.3532358409007,1.265646493642055,1.0,0.980818063465044,False,
Mahihkan Battery 02-21,ABWI109152906504W400,2,2023-03-01,10,False,exponential,135.25,8.63257399004883e-23,0.0,0.0,True,low R2 (0.00)
Mahihkan Battery 02-21,ABWI109152906504W400,3,2024-01-01,30,False,hyperbolic,359.80835554903626,0.42945157966085995,1.9999999999999996,0.7810275494178089,True,b pinned at bound (2.000)
Mahihkan Battery 02-21,ABWI109160306604W400,1,2023-05-01,8,False,harmonic,98.8500000469528,1.2011009885311816e-15,1.0,-6.439293542825908e-15,True,low R2 (-0.00)
Mahihkan Battery 02-21,ABWI109160306604W400,2,2024-01-01,8,False,exponential,319.47499999999997,2.5287132333017263e-21,0.0,0.0,True,low R2 (0.00)
Mahihkan Battery 02-21,ABWI109160306604W400,3,2024-09-01,4,True,harmonic,429.93418490482634,1.6311635963154418,1.0,0.840304747618969,True,short cycle (<6mo)
Mahihkan Battery 02-21,ABWI109160306604W400,4,2025-01-01,9,False,exponential,172.0344979299196,0.3942194935083759,0.0,0.8204681214677588,False,
Mahihkan Battery 02-21,ABWI109160306604W400,5,2025-10-01,4,True,,,,,,True,too few data points to fit
Mahihkan Battery 02-21,ABWI109161006504W400,1,2023-03-01,8,False,harmonic,179.02449823946677,0.16478305091382273,1.0,0.5390569622924771,False,
Mahihkan Battery 02-21,ABWI109161006504W400,2,2023-11-01,6,False,exponential,109.8833333333726,3.2815559001913086e-19,0.0,-2.220446049250313e-16,True,low R2 (-0.00)
Mahihkan Battery 02-21,ABWI109161006504W400,3,2024-05-01,12,False,harmonic,64.99166669991789,2.092192111862802e-15,1.0,-3.1086244689504383e-15,True,low R2 (-0.00)
Mahihkan Battery 02-21,ABWI109161006504W400,4,2025-05-01,14,False,harmonic,92.10387329629506,0.00603950364035886,1.0,0.00272081048459083,True,low R2 (0.00)
Mahihkan Battery 02-21,ABWI109161406504W400,1,2022-07-01,8,False,exponential,137.73166774162448,1.05870523548974,0.0,0.9838706633284148,False,
Mahihkan Battery 02-21,ABWI109161406504W400,2,2023-03-01,4,True,harmonic,73.58865247608526,7.31958881471746,1.0,0.9973359081278125,True,short cycle (<6mo); very high Di (7.32/month)
Mahihkan Battery 02-21,ABWI109161506504W400,1,2022-07-01,15,False,harmonic,199.1477237479006,0.7942767310061812,1.0,0.8745944760380527,False,
Mahihkan Battery 02-21,ABWI109161506504W400,2,2023-10-01,4,True,exponential,15.400000072377095,1.3014929830446978e-16,0.0,-2.220446049250313e-16,True,short cycle (<6mo); low R2 (-0.00)
Mahihkan Battery 02-21,ABWI109161506504W400,3,2024-02-01,4,True,exponential,80.08721557043786,0.3506680966536377,0.0,0.9600621116380211,True,short cycle (<6mo)
Mahihkan Battery 02-21,ABWI109161506504W400,4,2024-06-01,9,False,exponential,52.82103650749055,0.19206528655295474,0.0,0.6546215075412294,False,
Mahihkan Battery 02-21,ABWI109161506504W400,5,2025-03-01,9,False,exponential,157.12226502791077,0.2954811294463076,0.0,0.9708678763886481,False,
Mahihkan Battery 02-21,ABWI109161506504W400,6,2025-12-01,7,False,harmonic,34.326112841580155,0.6419904256214086,1.0,0.5189277968730241,False,
Mahihkan Battery 02-21,ABWI109161606504W400,1,2022-09-01,15,False,exponential,265.3641042539916,0.30626381188735036,0.0,0.8942681442254882,False,
Mahihkan Battery 02-21,ABWI109161606504W400,2,2023-12-01,16,False,exponential,112.96249992896512,1.2622258685339974e-16,0.0,-6.661338147750939e-16,True,low R2 (-0.00)
Mahihkan Battery 02-21,ABWI109161606504W400,3,2025-04-01,15,False,exponential,557.2148897829396,0.08188467780212516,0.0,0.9155087069559604,False,
Mahihkan Battery 02-21,ABWI109162706504W400,1,2022-10-01,9,False,exponential,253.09890086495537,0.5022589868824565,0.0,0.9501607372114868,False,
Mahihkan Battery 02-21,ABWI109162706504W400,2,2023-07-01,10,False,harmonic,141.2111107221614,5.176653135959104e-15,1.0,-2.9531932455029164e-14,True,low R2 (-0.00)
Mahihkan Battery 02-21,ABWI109162706504W400,3,2024-05-01,16,False,harmonic,367.7072802146913,0.23979321927080213,1.0,0.7783982915109087,False,
Mahihkan Battery 02-21,ABWI109162706504W400,4,2025-09-01,10,False,harmonic,233.9180645637509,0.37646722444274217,1.0,0.8829555822400548,False,
Mahihkan Battery 02-21,ABWI109162806504W404,1,2022-11-01,32,False,harmonic,1258.5815617479354,0.006566309540453011,1.0,0.03363912411643899,True,low R2 (0.03)
Mahihkan Battery 02-21,ABWI109162806504W404,2,2025-07-01,12,False,harmonic,1374.3076544879318,0.0720435393913225,1.0,0.2617293028464164,True,low R2 (0.26)
Mahihkan Battery 02-21,ABWI109162906504W400,1,2024-04-01,20,False,,,,,,True,too few data points to fit
Mahihkan Battery 02-21,ABWI109162906504W400,2,2025-12-01,4,True,,,,,,True,too few data points to fit
Mahihkan Battery 02-21,ABWI109162906504W400,3,2026-04-01,3,True,,,,,,True,too few data points to fit
Mahihkan Battery 02-21,ABWI109163406504W400,1,2022-08-01,10,False,harmonic,76.46865090139758,0.06684285861133853,1.0,0.10778035163074318,True,low R2 (0.11)
Mahihkan Battery 02-21,ABWI109163406504W400,2,2023-06-01,8,False,harmonic,92.93546147716702,1.9107555862054038,1.0,0.831818671252058,False,
Mahihkan Battery 02-21,ABWI109163406504W400,3,2024-02-01,5,True,harmonic,93.08940254020723,1.0804266241515803,1.0,0.5246721351960218,True,short cycle (<6mo)
Mahihkan Battery 02-21,ABWI109163406504W400,4,2024-07-01,8,False,harmonic,78.52451606877213,0.03339854949427581,1.0,0.09910039283780259,True,low R2 (0.10)
Mahihkan Battery 02-21,ABWI109163406504W400,5,2025-03-01,5,True,harmonic,108.03146004973789,0.10879119147270495,1.0,0.24046931590451281,True,short cycle (<6mo); low R2 (0.24)
Mahihkan Battery 02-21,ABWI109163406504W400,6,2025-08-01,11,False,harmonic,80.2002988143001,0.035220719562601165,1.0,0.12227344108625826,True,low R2 (0.12)
Mahihkan Battery 02-21,ABWI110010406604W400,1,2022-09-01,9,False,harmonic,690.845989981355,0.06979758394518701,1.0,0.3138926675808019,True,low R2 (0.31)
Mahihkan Battery 02-21,ABWI110010406604W400,2,2023-06-01,10,False,exponential,550.9271934249585,0.048628763709592786,0.0,0.6783611538396128,False,
Mahihkan Battery 02-21,ABWI110010406604W400,3,2024-04-01,23,False,exponential,336.39130434783715,1.9744368042340496e-23,0.0,0.0,True,low R2 (0.00)
Mahihkan Battery 02-21,ABWI110010406604W400,4,2026-03-01,4,True,harmonic,670.8742988523178,0.5755757993241626,1.0,0.9512846790866136,True,short cycle (<6mo)
Mahihkan Battery 02-21,ABWI110012106504W400,1,2023-01-01,26,False,exponential,378.0944591422732,0.015094159859597662,0.0,0.36036519222682106,True,low R2 (0.36)
Mahihkan Battery 02-21,ABWI110012106504W400,2,2025-03-01,16,False,hyperbolic,344.17495976161365,0.07315274309647071,1.9999999999999962,0.7894579104380566,True,b pinned at bound (2.000)
Mahihkan Battery 02-21,ABWI110012206504W400,1,2023-01-01,4,True,exponential,243.55,2.5485076482576158e-24,0.0,0.0,True,short cycle (<6mo); low R2 (0.00)
Mahihkan Battery 02-21,ABWI110012206504W400,2,2023-05-01,8,False,exponential,421.8413507876903,0.18867041319278147,0.0,0.5799158667097052,False,
Mahihkan Battery 02-21,ABWI110012206504W400,3,2024-01-01,4,True,exponential,94.77500000000008,5.880961500819257e-16,0.0,-2.4424906541753444e-15,True,short cycle (<6mo); low R2 (-0.00)
Mahihkan Battery 02-21,ABWI110012206504W400,4,2024-05-01,15,False,exponential,200.09333333333333,3.580213815370647e-21,0.0,0.0,True,low R2 (0.00)
Mahihkan Battery 02-21,ABWI110012206504W400,5,2025-08-01,11,False,exponential,438.53210935635565,0.17606744919118011,0.0,0.9218067895489677,False,
Mahihkan Battery 02-21,ABWI110012706504W400,1,2022-05-01,9,False,exponential,174.0888888888999,2.047529540657886e-20,0.0,-2.220446049250313e-16,True,low R2 (-0.00)
Mahihkan Battery 02-21,ABWI110012706504W400,2,2023-02-01,13,False,harmonic,206.92438705674363,0.008759333970752467,1.0,0.00562608495121153,True,low R2 (0.01)
Mahihkan Battery 02-21,ABWI110012706504W400,3,2024-03-01,12,False,harmonic,299.0787712203951,0.2512741350571936,1.0,0.8855341018770186,False,
Mahihkan Battery 02-21,ABWI110012706504W400,4,2025-03-01,6,False,exponential,156.08381743241517,0.5699458602854646,0.0,0.9872808810994559,False,
Mahihkan Battery 02-21,ABWI110012706504W400,5,2025-09-01,6,False,harmonic,87.16666658436827,3.559461668724813e-15,1.0,-1.7763568394002505e-14,True,low R2 (-0.00)
Mahihkan Battery 02-21,ABWI110012706504W400,6,2026-03-01,4,True,harmonic,146.9009277932716,1.030717753126412,1.0,0.6917390219002253,True,short cycle (<6mo)
Mahihkan Battery 02-21,ABWI110013406504W400,1,2022-10-01,45,False,hyperbolic,400.1356617928952,0.03299782184345652,1.9999999999999862,0.5466766630528347,True,b pinned at bound (2.000)
Mahihkan Battery 02-21,ABWI110021506504W400,1,2023-07-01,15,False,harmonic,197.8368154738857,0.014663450556977315,1.0,0.042185824016124696,True,low R2 (0.04)
Mahihkan Battery 02-21,ABWI110021506504W400,2,2024-10-01,4,True,exponential,224.21667998690452,0.5301450902070505,0.0,0.936543155976646,True,short cycle (<6mo)
Mahihkan Battery 02-21,ABWI110021506504W400,3,2025-02-01,10,False,harmonic,61.04208040701167,0.32048550837117157,1.0,0.7660160482225791,False,
Mahihkan Battery 02-21,ABWI110021506504W400,4,2025-12-01,4,True,harmonic,122.50000019054045,3.6870162411378297e-16,1.0,-1.3322676295501878e-15,True,short cycle (<6mo); low R2 (-0.00)
Mahihkan Battery 02-21,ABWI110021506504W400,5,2026-04-01,3,True,,,,,,True,too few data points to fit
Mahihkan Battery 02-21,ABWI110022306504W400,1,2022-09-01,4,True,,,,,,True,too few data points to fit
Mahihkan Battery 02-21,ABWI110032206504W400,1,2023-04-01,5,True,harmonic,57.974219845899434,0.07332716186402434,1.0,0.02199870442642282,True,short cycle (<6mo); low R2 (0.02)
Mahihkan Battery 02-21,ABWI110032206504W400,2,2023-09-01,9,False,hyperbolic,117.61054025149049,0.9110347585025298,1.9999999999992866,0.8748152116269907,True,b pinned at bound (2.000)
Mahihkan Battery 02-21,ABWI110032206504W400,3,2024-06-01,11,False,exponential,28.966666654691696,3.1439022670651275e-14,0.0,-2.6201263381153694e-14,True,low R2 (-0.00)
Mahihkan Battery 02-21,ABWI110032206504W400,4,2025-05-01,5,True,harmonic,43.07441507877883,0.030359643503270792,1.0,0.027428845132725144,True,short cycle (<6mo); low R2 (0.03)
Mahihkan Battery 02-21,ABWI110032206504W400,5,2025-10-01,9,False,exponential,76.10024768542031,0.4477287876049395,0.0,0.9352394133120686,False,
Mahihkan Battery 02-21,ABWI110032306504W400,1,2022-09-01,7,False,harmonic,91.96317927007412,9.689793887280384,1.0,0.9766348718797454,True,very high Di (9.69/month)
Mahihkan Battery 02-21,ABWI110032306504W400,2,2023-04-01,8,False,exponential,39.614285714286424,4.797621625529194e-15,0.0,-1.354472090042691e-14,True,low R2 (-0.00)
Mahihkan Battery 02-21,ABWI110032306504W400,3,2023-12-01,9,False,harmonic,103.42482715544901,0.09086711992425307,1.0,0.06260793684787425,True,low R2 (0.06)
Mahihkan Battery 02-21,ABWI110032306504W400,4,2024-09-01,14,False,harmonic,151.91466165391532,0.023433334931127456,1.0,0.1743310502748232,True,low R2 (0.17)
Mahihkan Battery 02-21,ABWI110032306504W400,5,2025-11-01,8,False,exponential,104.85665260394732,0.05871280234630393,0.0,0.07592337831171869,True,low R2 (0.08)
Mahihkan Battery 02-21,ABWI110033506504W400,1,2023-08-01,4,True,harmonic,223.0177278765128,0.44628656513540377,1.0,0.7589844223656901,True,short cycle (<6mo)
Mahihkan Battery 02-21,ABWI110033506504W400,2,2023-12-01,10,False,harmonic,126.35905463162597,0.007693169745522325,1.0,0.0017771844161909023,True,low R2 (0.00)
Mahihkan Battery 02-21,ABWI110033506504W400,3,2024-10-01,12,False,exponential,187.21666666666667,9.639122008698666e-23,0.0,1.1102230246251565e-16,True,low R2 (0.00)
Mahihkan Battery 02-21,ABWI110033506504W400,4,2025-10-01,9,False,harmonic,289.34465076547804,0.06980227560348744,1.0,0.267543973501118,True,low R2 (0.27)
Mahihkan Battery 02-21,ABWI110042206504W400,1,2023-01-01,24,False,exponential,270.03636363719744,2.237338996648898e-18,0.0,-2.220446049250313e-16,True,low R2 (-0.00)
Mahihkan Battery 02-21,ABWI110042206504W400,2,2025-01-01,6,False,harmonic,277.10046672833874,0.10559568185032575,1.0,0.03673413032454731,True,low R2 (0.04)
Mahihkan Battery 02-21,ABWI110042206504W400,3,2025-07-01,12,False,exponential,297.8734746800693,0.1184592013342527,0.0,0.7951818145851106,False,
Mahihkan Battery 02-21,ABWI110042306504W400,1,2024-06-01,16,False,exponential,465.01249942576624,1.4548855420555667e-15,0.0,-2.3314683517128287e-14,True,low R2 (-0.00)
Mahihkan Battery 02-21,ABWI110042306504W400,2,2025-10-01,9,False,exponential,918.5796192012333,0.15409617937406322,0.0,0.8864332018335771,False,
Mahihkan Battery 02-21,ABWI110043506504W400,1,2022-11-01,11,False,exponential,40.18888892100101,4.420507828762839e-17,0.0,0.0,True,low R2 (0.00)
Mahihkan Battery 02-21,ABWI110043506504W400,2,2023-10-01,12,False,exponential,199.96666666666667,4.741281320671406e-21,0.0,0.0,True,low R2 (0.00)
Mahihkan Battery 02-21,ABWI110043506504W400,3,2024-10-01,9,False,exponential,362.30801702091276,0.1330352516809462,0.0,0.7739895353920088,False,
Mahihkan Battery 02-21,ABWI110043506504W400,4,2025-07-01,8,False,exponential,201.2372673166501,0.3395748779721412,0.0,0.9297741377272428,False,
Mahihkan Battery 02-21,ABWI110050306604W400,1,2024-03-01,9,False,exponential,289.0222217966073,1.2197988362843263e-13,0.0,-1.6342482922482304e-13,True,low R2 (-0.00)
Mahihkan Battery 02-21,ABWI110050306604W400,2,2024-12-01,5,True,harmonic,425.94852901826545,0.386763305011132,1.0,0.9855482678025833,True,short cycle (<6mo)
Mahihkan Battery 02-21,ABWI110050306604W400,3,2025-05-01,14,False,harmonic,287.83467156681695,0.06495222819112499,1.0,0.6984204176684295,False,
Mahihkan Battery 02-21,ABWI110051006604W400,1,2024-04-01,24,False,hyperbolic,2857.6542649838316,0.2538310311311634,0.5697457036626736,0.9433499211040954,False,
Mahihkan Battery 02-21,ABWI110052206504W400,1,2023-05-01,24,False,harmonic,96.75475267625609,0.008438035992738749,1.0,0.08014974492142923,True,low R2 (0.08)
Mahihkan Battery 02-21,ABWI110052206504W400,2,2025-05-01,14,False,hyperbolic,126.08965250338385,0.9638751636304298,1.9999999999999774,0.8610104479152875,True,b pinned at bound (2.000)
Mahihkan Battery 02-21,ABWI110052706504W400,1,2022-10-01,7,False,harmonic,216.58450580357874,1.5022858755478017,1.0,0.8175017181609776,False,
Mahihkan Battery 02-21,ABWI110052706504W400,2,2023-05-01,7,False,harmonic,145.63948987681317,0.002638616858882259,1.0,0.00040443042584481503,True,low R2 (0.00)
Mahihkan Battery 02-21,ABWI110052706504W400,3,2023-12-01,7,False,exponential,213.32857144708723,6.556272775768075e-16,0.0,-5.773159728050814e-15,True,low R2 (-0.00)
Mahihkan Battery 02-21,ABWI110052706504W400,4,2024-07-01,4,True,harmonic,455.5544999415097,5.181886897708312,1.0,0.8370256831202492,True,short cycle (<6mo); very high Di (5.18/month)
Mahihkan Battery 02-21,ABWI110052706504W400,5,2024-11-01,4,True,exponential,269.01586898961364,0.6528888357254319,0.0,0.8747681363738182,True,short cycle (<6mo)
Mahihkan Battery 02-21,ABWI110052706504W400,6,2025-03-01,7,False,harmonic,117.65626802698392,0.06747425293881562,1.0,0.21446681475216767,True,low R2 (0.21)
Mahihkan Battery 02-21,ABWI110052706504W400,7,2025-10-01,9,False,harmonic,94.94575520099292,0.06813712764464248,1.0,0.03559534432512579,True,low R2 (0.04)
Mahihkan Battery 02-21,ABWI110061506504W400,1,2023-11-01,26,False,harmonic,201.27170852865402,0.10382488934192352,1.0,0.7719467135659858,False,
Mahihkan Battery 02-21,ABWI110061506504W400,2,2026-01-01,6,False,exponential,74.99331442790988,0.11774610130172096,0.0,0.9776825981646192,False,
Mahihkan Battery 02-21,ABWI110062206504W400,1,2022-07-01,6,False,exponential,297.07928553308955,0.4456533874611974,0.0,0.7479670544462607,False,
Mahihkan Battery 02-21,ABWI110062206504W400,2,2023-01-01,4,True,exponential,123.9901523018743,0.9983125230376093,0.0,0.998304405604388,True,short cycle (<6mo)
Mahihkan Battery 02-21,ABWI110062206504W400,3,2023-05-01,9,False,exponential,52.114285581108916,2.9459675523583893e-21,0.0,-2.220446049250313e-16,True,low R2 (-0.00)
Mahihkan Battery 02-21,ABWI110062206504W400,4,2024-02-01,29,False,exponential,267.9533698507116,0.03727482111664553,0.0,0.759434840167714,False,
Mahihkan Battery 02-21,ABWI110063506504W400,1,2023-06-01,26,False,exponential,273.6115384615385,5.80049723376154e-23,0.0,0.0,True,low R2 (0.00)
Mahihkan Battery 02-21,ABWI110063506504W400,2,2025-08-01,11,False,harmonic,770.1919582562434,0.09490586472055791,1.0,0.3485333776692682,True,low R2 (0.35)
Mahihkan Battery 02-21,ABWI110071006504W400,1,2022-05-01,8,False,exponential,275.64,4.926331592377005e-22,0.0,0.0,True,low R2 (0.00)
Mahihkan Battery 02-21,ABWI110071006504W400,2,2023-01-01,14,False,exponential,534.0357142859073,9.476085777766585e-21,0.0,1.1102230246251565e-16,True,low R2 (0.00)
Mahihkan Battery 02-21,ABWI110071006504W400,3,2024-03-01,10,False,exponential,872.3753650068085,0.13705966314883392,0.0,0.7551159780112539,False,
Mahihkan Battery 02-21,ABWI110071006504W400,4,2025-01-01,8,False,exponential,241.3875,9.217466940729806e-25,0.0,0.0,True,low R2 (0.00)
Mahihkan Battery 02-21,ABWI110071006504W400,5,2025-09-01,10,False,exponential,394.89000000000004,1.355975692111475e-23,0.0,0.0,True,low R2 (0.00)
Mahihkan Battery 02-21,ABWI110071506504W400,1,2022-07-01,16,False,harmonic,272.5836314945086,0.0037970014845158566,1.0,0.00824685497882549,True,low R2 (0.01)
Mahihkan Battery 02-21,ABWI110071506504W400,2,2023-11-01,32,False,harmonic,348.36788854016896,0.07257507662996922,1.0,0.5946654707687415,False,
Mahihkan Battery 02-21,ABWI110072206504W400,1,2022-08-01,5,True,exponential,561.9000000003081,2.462726914875387e-19,0.0,2.220446049250313e-16,True,short cycle (<6mo); low R2 (0.00)
Mahihkan Battery 02-21,ABWI110072206504W400,2,2023-01-01,32,False,harmonic,607.9535655970805,0.10280643665271495,1.0,0.687646220188697,False,
Mahihkan Battery 02-21,ABWI110072206504W400,3,2025-09-01,10,False,harmonic,282.5803941268303,0.058415605699209325,1.0,0.11354921019559083,True,low R2 (0.11)
Mahihkan Battery 02-21,ABWI110081506504W400,1,2023-09-01,7,False,harmonic,208.26929514064554,0.09159547956267247,1.0,0.0898062549686568,True,low R2 (0.09)
Mahihkan Battery 02-21,ABWI110081506504W400,2,2024-04-01,20,False,exponential,354.41418150548293,0.10355181424760758,0.0,0.8377235835639116,False,
Mahihkan Battery 02-21,ABWI110081506504W400,3,2025-12-01,7,False,exponential,97.62857142857143,1.67632942359465e-30,0.0,0.0,True,low R2 (0.00)
Mahihkan Battery 02-21,ABWI110082106504W400,1,2022-11-01,6,False,harmonic,70.40763512877035,0.11897875377791241,1.0,0.10410401750332665,True,low R2 (0.10)
Mahihkan Battery 02-21,ABWI110082106504W400,2,2023-05-01,5,True,harmonic,76.81338983874092,0.08182753825785914,1.0,0.028834150953731874,True,short cycle (<6mo); low R2 (0.03)
Mahihkan Battery 02-21,ABWI110082106504W400,3,2023-10-01,6,False,exponential,152.7666666666667,7.819851554674829e-17,0.0,0.0,True,low R2 (0.00)
Mahihkan Battery 02-21,ABWI110082106504W400,4,2024-04-01,17,False,exponential,373.23367433966627,0.11862200838846,0.0,0.8923570076198057,False,
Mahihkan Battery 02-21,ABWI110082106504W400,5,2025-09-01,7,False,exponential,147.73557061442753,0.3385034314791863,0.0,0.944373968923271,False,
Mahihkan Battery 02-21,ABWI110082106504W400,6,2026-04-01,3,True,,,,,,True,too few data points to fit
Mahihkan Battery 02-21,ABWI110082206504W400,1,2024-10-01,21,False,harmonic,302.2808510784312,0.053993084901119995,1.0,0.7110475771758665,False,
Mahihkan Battery 02-21,ABWI110082706504W400,1,2023-01-01,12,False,harmonic,1211.3169118582402,0.3463605668152984,1.0,0.7915079462131452,False,
Mahihkan Battery 02-21,ABWI110082706504W400,2,2024-01-01,11,False,harmonic,1016.6027242733559,0.480900117581197,1.0,0.7466286616193614,False,
Mahihkan Battery 02-21,ABWI110082706504W400,3,2024-12-01,4,True,harmonic,538.3354973331609,0.3934498715982165,1.0,0.5940420381516007,True,short cycle (<6mo)
Mahihkan Battery 02-21,ABWI110082706504W400,4,2025-04-01,9,False,exponential,349.98888888888973,5.6656616049100355e-16,0.0,-3.774758283725532e-15,True,low R2 (-0.00)
Mahihkan Battery 02-21,ABWI110082706504W400,5,2026-01-01,6,False,harmonic,489.8145780642626,0.1496849000150491,1.0,0.0830158184874642,True,low R2 (0.08)
Mahihkan Battery 02-21,ABWI110082906504W400,1,2022-07-01,5,True,exponential,61.26000001778611,1.2512180776171882e-16,0.0,-2.220446049250313e-16,True,short cycle (<6mo); low R2 (-0.00)
Mahihkan Battery 02-21,ABWI110082906504W400,2,2022-12-01,5,True,harmonic,110.19152070351385,1.1195722855599672,1.0,0.8194012714210662,True,short cycle (<6mo)
Mahihkan Battery 02-21,ABWI110082906504W400,3,2023-05-01,7,False,exponential,83.20000006779246,7.920908392607155e-16,0.0,-2.220446049250313e-15,True,low R2 (-0.00)
Mahihkan Battery 02-21,ABWI110082906504W400,4,2023-12-01,19,False,exponential,98.35384621788248,1.4737008991268557e-16,0.0,-4.440892098500626e-16,True,low R2 (-0.00)
Mahihkan Battery 02-21,ABWI110082906504W400,5,2025-07-01,5,True,exponential,168.9636913124754,0.22587854316506087,0.0,0.5467213029684521,True,short cycle (<6mo)
Mahihkan Battery 02-21,ABWI110082906504W400,6,2025-12-01,7,False,harmonic,136.99751473774992,8.74394215316867,1.0,0.9981102335773738,True,very high Di (8.74/month)
Mahihkan Battery 02-21,ABWI110083406504W400,1,2023-01-01,10,False,harmonic,308.3316228732631,0.24416986358064188,1.0,0.8574864859306605,False,
Mahihkan Battery 02-21,ABWI110083406504W400,2,2023-11-01,32,False,exponential,142.3812500283213,1.4245394058164594e-18,0.0,0.0,True,low R2 (0.00)
Mahihkan Battery 02-21,ABWI110091006504W400,1,2022-08-01,8,False,harmonic,112.27823446838393,1.0553392795829961,1.0,0.6414150120503385,False,
Mahihkan Battery 02-21,ABWI110091006504W400,2,2023-04-01,14,False,exponential,94.80000000804789,1.831943918601779e-21,0.0,1.1102230246251565e-16,True,low R2 (0.00)
Mahihkan Battery 02-21,ABWI110091006504W400,3,2024-06-01,23,False,exponential,283.8699451288494,0.058979450111136415,0.0,0.7266255294531632,False,
Mahihkan Battery 02-21,ABWI110091006504W400,4,2026-05-01,2,True,,,,,,True,too few data points to fit
Mahihkan Battery 02-21,ABWI110091506504W400,1,2022-05-01,4,True,exponential,106.4000000000001,5.881668812104306e-16,0.0,-2.220446049250313e-16,True,short cycle (<6mo); low R2 (-0.00)
Mahihkan Battery 02-21,ABWI110091506504W400,2,2022-09-01,9,False,exponential,84.03333333412623,1.3117912317768087e-18,0.0,1.1102230246251565e-16,True,low R2 (0.00)
Mahihkan Battery 02-21,ABWI110091506504W400,3,2023-06-01,8,False,harmonic,226.79436127709556,0.15514926900751308,1.0,0.45862569628553185,True,low R2 (0.46)
Mahihkan Battery 02-21,ABWI110091506504W400,4,2024-02-01,7,False,harmonic,258.1704987976669,0.30327727450749326,1.0,0.7193744765671631,False,
Mahihkan Battery 02-21,ABWI110091506504W400,5,2024-09-01,22,False,harmonic,122.98327623292522,0.029567413000511092,1.0,0.1558849202794994,True,low R2 (0.16)
Mahihkan Battery 02-21,ABWI110092106504W400,1,2024-03-01,7,False,harmonic,90.66784171464427,0.1465247276410191,1.0,0.5197264622960944,False,
Mahihkan Battery 02-21,ABWI110092106504W400,2,2024-10-01,8,False,harmonic,73.45703256884988,0.09553720348595328,1.0,0.11963903405468901,True,low R2 (0.12)
Mahihkan Battery 02-21,ABWI110092106504W400,3,2025-06-01,4,True,harmonic,112.51950478667244,0.9379331825003678,1.0,0.5843728498198166,True,short cycle (<6mo)
Mahihkan Battery 02-21,ABWI110092106504W400,4,2025-10-01,9,False,exponential,65.60383416060543,0.16261127357344304,0.0,0.9289262166662936,False,
Mahihkan Battery 02-21,ABWI110092706504W400,1,2022-06-01,15,False,exponential,570.9996136450408,0.0792145926748996,0.0,0.8007027325682287,False,
Mahihkan Battery 02-21,ABWI110092706504W400,2,2023-09-01,8,False,exponential,398.0375,4.685171646612013e-23,0.0,0.0,True,low R2 (0.00)
Mahihkan Battery 02-21,ABWI110092706504W400,3,2024-05-01,26,False,exponential,674.3230770953571,5.346922867533242e-16,0.0,-2.353672812205332e-14,True,low R2 (-0.00)
Mahihkan Battery 02-21,ABWI110092906504W400,1,2022-09-01,6,False,exponential,321.67035411011665,0.7385544180946769,0.0,0.84500769189483,False,
Mahihkan Battery 02-21,ABWI110092906504W400,2,2023-03-01,10,False,exponential,332.14000000005507,4.623887370025063e-23,0.0,-2.220446049250313e-16,True,low R2 (-0.00)
Mahihkan Battery 02-21,ABWI110092906504W400,3,2024-01-01,30,False,hyperbolic,476.63538672037726,0.3253051112350961,1.320251755946501,0.9414696163923031,False,
Mahihkan Battery 02-21,ABWI110100306604W400,1,2022-07-01,7,False,exponential,75.75714285714285,2.543135743729054e-21,0.0,0.0,True,low R2 (0.00)
Mahihkan Battery 02-21,ABWI110100306604W400,2,2023-02-01,15,False,exponential,245.83333350798503,2.2423980806069266e-18,0.0,0.0,True,low R2 (0.00)
Mahihkan Battery 02-21,ABWI110100306604W400,3,2024-05-01,8,False,exponential,684.3999566016944,0.06452102262602588,0.0,0.5653263786776981,False,
Mahihkan Battery 02-21,ABWI110100306604W400,4,2025-01-01,18,False,hyperbolic,661.8756205934836,0.32274760306296757,0.6036130452938334,0.960810720886821,False,
Mahihkan Battery 02-21,ABWI110101506504W400,1,2022-05-01,13,False,harmonic,61.81972389235664,0.14034796097437768,1.0,0.7751445285662761,False,
Mahihkan Battery 02-21,ABWI110101506504W400,2,2023-06-01,10,False,harmonic,53.46038901540164,0.012745801589942977,1.0,0.012454977959082347,True,low R2 (0.01)
Mahihkan Battery 02-21,ABWI110101506504W400,3,2024-04-01,4,True,exponential,59.80000000009951,2.392330615390392e-18,0.0,0.0,True,short cycle (<6mo); low R2 (0.00)
Mahihkan Battery 02-21,ABWI110101506504W400,4,2024-08-01,5,True,harmonic,80.17940193075589,0.22281134841075328,1.0,0.21595572561729304,True,short cycle (<6mo); low R2 (0.22)
Mahihkan Battery 02-21,ABWI110101506504W400,5,2025-01-01,6,False,harmonic,124.22890388184156,0.5613736516946239,1.0,0.44975498482918785,True,low R2 (0.45)
Mahihkan Battery 02-21,ABWI110101506504W400,6,2025-07-01,12,False,harmonic,184.10350495009186,0.04755077407033858,1.0,0.13008765754816287,True,low R2 (0.13)
Mahihkan Battery 02-21,ABWI110102106504W400,1,2022-12-01,6,False,exponential,54.56267120847593,0.7575168890717433,0.0,0.9373244392352863,False,
Mahihkan Battery 02-21,ABWI110102106504W400,2,2023-06-01,4,True,,,,,,True,too few data points to fit
Mahihkan Battery 02-21,ABWI110102106504W400,3,2023-10-01,15,False,harmonic,44.94233732081103,0.2646476799794688,1.0,0.7570865446817029,False,
Mahihkan Battery 02-21,ABWI110102106504W400,4,2025-01-01,4,True,harmonic,26.15623260216189,0.21790597318820698,1.0,0.3205551241965513,True,short cycle (<6mo); low R2 (0.32)
Mahihkan Battery 02-21,ABWI110102106504W400,5,2025-05-01,4,True,harmonic,23.45479116398471,0.013352462070986379,1.0,0.0028548657419702472,True,short cycle (<6mo); low R2 (0.00)
Mahihkan Battery 02-21,ABWI110102106504W400,6,2025-09-01,10,False,exponential,31.060000064923777,7.627006926644371e-17,0.0,-2.220446049250313e-16,True,low R2 (-0.00)
Mahihkan Battery 02-21,ABWI110102206504W400,1,2022-08-01,4,True,harmonic,724.1731162813246,2.891876892830554,1.0,0.9856582395224968,True,short cycle (<6mo); very high Di (2.89/month)
Mahihkan Battery 02-21,ABWI110102206504W400,2,2022-12-01,5,True,exponential,263.95419698613824,0.42983700381489426,0.0,0.888359112211648,True,short cycle (<6mo)
Mahihkan Battery 02-21,ABWI110102206504W400,3,2023-05-01,7,False,exponential,72.24289244162853,0.4420723616370725,0.0,0.8857809336682998,False,
Mahihkan Battery 02-21,ABWI110102206504W400,4,2023-12-01,10,False,exponential,89.27,1.4983451494110708e-21,0.0,0.0,True,low R2 (0.00)
Mahihkan Battery 02-21,ABWI110102206504W400,5,2024-10-01,10,False,harmonic,125.90728684947706,0.28698919798052125,1.0,0.8315441257809353,False,
Mahihkan Battery 02-21,ABWI110102206504W400,6,2025-08-01,11,False,exponential,47.41818181818182,7.535978110435216e-23,0.0,0.0,True,low R2 (0.00)
Mahihkan Battery 02-21,ABWI110103406504W400,1,2022-05-01,22,False,exponential,462.9863631619331,5.1139500493533835e-20,0.0,0.0,True,low R2 (0.00)
Mahihkan Battery 02-21,ABWI110103406504W400,2,2024-03-01,28,False,hyperbolic,897.8748366551987,0.1569268803951589,1.9999999999999998,0.44749699300051693,True,low R2 (0.45); b pinned at bound (2.000)
Mahihkan Battery 02-21,ABWI110110306604W400,1,2022-06-01,4,True,harmonic,658.8534667345504,0.4129348711360846,1.0,0.9884395341364023,True,short cycle (<6mo)
Mahihkan Battery 02-21,ABWI110110306604W400,2,2022-10-01,18,False,exponential,738.6540751312533,0.08584353624629909,0.0,0.7088561393681672,False,
Mahihkan Battery 02-21,ABWI110110306604W400,3,2024-04-01,10,False,exponential,209.49000000193053,8.567693202146238e-18,0.0,-4.440892098500626e-16,True,low R2 (-0.00)
Mahihkan Battery 02-21,ABWI110110306604W400,4,2025-02-01,17,False,harmonic,451.1370730306036,0.11114372478998358,1.0,0.3250179565081708,True,low R2 (0.33)
Mahihkan Battery 02-21,ABWI110111406504W400,1,2023-01-01,6,False,harmonic,146.70586487516533,0.24718641008989833,1.0,0.3050221577197071,True,low R2 (0.31)
Mahihkan Battery 02-21,ABWI110111406504W400,2,2023-07-01,6,False,exponential,95.73333333333333,1.1966682694165767e-24,0.0,0.0,True,low R2 (0.00)
Mahihkan Battery 02-21,ABWI110111406504W400,3,2024-01-01,17,False,harmonic,167.67889726341244,0.07508782770546822,1.0,0.39196274723012403,True,low R2 (0.39)
Mahihkan Battery 02-21,ABWI110111406504W400,4,2025-06-01,7,False,harmonic,136.46713981616003,0.5008445697874013,1.0,0.4132578454438507,True,low R2 (0.41)
Mahihkan Battery 02-21,ABWI110111406504W400,5,2026-01-01,6,False,harmonic,130.97803379561196,0.1345860332877514,1.0,0.4352347685589243,True,low R2 (0.44)
Mahihkan Battery 02-21,ABWI110112606504W400,1,2022-07-01,6,False,exponential,19.136133454814775,0.9474201019149431,0.0,0.9754003045927433,False,
Mahihkan Battery 02-21,ABWI110112606504W400,2,2023-01-01,21,False,,,,,,True,too few data points to fit
Mahihkan Battery 02-21,ABWI110112606504W400,3,2024-10-01,2,True,,,,,,True,too few data points to fit
Mahihkan Battery 02-21,ABWI110112706504W400,1,2022-07-01,15,False,harmonic,512.3225110810458,0.15785814632621212,1.0,0.6412657827765671,False,
Mahihkan Battery 02-21,ABWI110112706504W400,2,2023-10-01,30,False,harmonic,296.55,1.3126581417232894e-23,1.0,0.0,True,low R2 (0.00)
Mahihkan Battery 02-21,ABWI110112706504W400,3,2026-04-01,3,True,,,,,,True,too few data points to fit
Mahihkan Battery 02-21,ABWI110113406504W400,1,2023-03-01,12,False,exponential,845.3316257260894,0.053695322891030954,0.0,0.8061417824673511,False,
Mahihkan Battery 02-21,ABWI110113406504W400,2,2024-03-01,17,False,harmonic,480.49827550073405,0.045902789979933016,1.0,0.43422606645258743,True,low R2 (0.43)
Mahihkan Battery 02-21,ABWI110113406504W400,3,2025-08-01,11,False,harmonic,569.3936486546359,0.05383499562786914,1.0,0.5114740731488546,False,
Mahihkan Battery 02-21,ABWI110113506504W400,1,2022-07-01,4,True,harmonic,140.2139210654167,2.543995830695814,1.0,0.9532808313104078,True,short cycle (<6mo); very high Di (2.54/month)
Mahihkan Battery 02-21,ABWI110113506504W400,2,2022-11-01,6,False,harmonic,64.02662259538533,1.1317069013803283,1.0,0.2842372486350311,True,low R2 (0.28)
Mahihkan Battery 02-21,ABWI110113506504W400,3,2023-05-01,6,False,harmonic,88.69891955561823,1.1182924496777393,1.0,0.6685607532428002,False,
Mahihkan Battery 02-21,ABWI110113506504W400,4,2023-11-01,6,False,exponential,39.58333333601042,5.76794987526366e-16,0.0,-3.552713678800501e-15,True,low R2 (-0.00)
Mahihkan Battery 02-21,ABWI110113506504W400,5,2024-05-01,5,True,harmonic,47.423381060038935,0.5673422301183585,1.0,0.22081406838959394,True,short cycle (<6mo); low R2 (0.22)
Mahihkan Battery 02-21,ABWI110113506504W400,6,2024-10-01,6,False,exponential,88.12747519906398,0.17452958655710973,0.0,0.7216380301950069,False,
Mahihkan Battery 02-21,ABWI110120306604W400,1,2022-06-01,10,False,harmonic,401.2039413388953,0.3014192865042433,1.0,0.892535172396687,False,
Mahihkan Battery 02-21,ABWI110120306604W400,2,2023-04-01,11,False,exponential,153.80000000009275,5.59128655697706e-22,0.0,2.220446049250313e-16,True,low R2 (0.00)
Mahihkan Battery 02-21,ABWI110120306604W400,3,2024-03-01,24,False,hyperbolic,501.7165791282623,0.23611883814825738,1.9999999999999998,0.6860415142830805,True,b pinned at bound (2.000)
Mahihkan Battery 02-21,ABWI110120306604W400,4,2026-03-01,4,True,harmonic,170.09999992712673,3.0480010561562914e-17,1.0,0.0,True,short cycle (<6mo); low R2 (0.00)
Mahihkan Battery 02-21,ABWI110121406504W400,1,2022-10-01,8,False,,,,,,True,too few data points to fit
Mahihkan Battery 02-21,ABWI110121406504W400,2,2023-06-01,9,False,,,,,,True,too few data points to fit
Mahihkan Battery 02-21,ABWI110121406504W400,3,2024-03-01,9,False,exponential,5.700000012287027,1.0644770281512958e-15,0.0,-2.4424906541753444e-15,True,low R2 (-0.00)
Mahihkan Battery 02-21,ABWI110121406504W400,4,2024-12-01,5,True,harmonic,63.67794415946032,2.204601659405041,1.0,0.7374399992016338,True,short cycle (<6mo); very high Di (2.20/month)
Mahihkan Battery 02-21,ABWI110121406504W400,5,2025-05-01,6,False,exponential,110.51666666666667,3.950091082620458e-19,0.0,-2.220446049250313e-16,True,low R2 (-0.00)
Mahihkan Battery 02-21,ABWI110121406504W400,6,2025-11-01,8,False,harmonic,423.75661812902433,0.5176530439107443,1.0,0.4889170623370054,True,low R2 (0.49)
Mahihkan Battery 02-21,ABWI110122606504W400,1,2022-11-01,18,False,harmonic,142.5985147348613,0.027221600785212935,1.0,0.13651571609325597,True,low R2 (0.14)
Mahihkan Battery 02-21,ABWI110122606504W400,2,2024-05-01,7,False,exponential,101.03333333341538,9.750710548927758e-22,0.0,-2.220446049250313e-16,True,low R2 (-0.00)
Mahihkan Battery 02-21,ABWI110122606504W400,3,2024-12-01,13,False,harmonic,165.5376089326249,0.2595929555739831,1.0,0.9642873447029972,False,
Mahihkan Battery 02-21,ABWI110122606504W400,4,2026-01-01,6,False,harmonic,73.42068583654967,0.23220975140198907,1.0,0.6746644997369218,False,
Mahihkan Battery 02-21,ABWI110123506504W400,1,2024-09-01,22,False,harmonic,508.83340607761664,0.04863203074925788,1.0,0.5493364942287342,False,
Mahihkan Battery 02-21,ABWI110131106504W400,1,2024-01-01,11,False,exponential,257.37452390627027,0.19856553648693875,0.0,0.7386617870724953,False,
Mahihkan Battery 02-21,ABWI110131106504W400,2,2024-12-01,19,False,exponential,132.8157894738779,4.8251387065953043e-20,0.0,0.0,True,low R2 (0.00)
Mahihkan Battery 02-21,ABWI110131406504W400,1,2022-08-01,21,False,harmonic,110.28610581185404,0.0023504304891934784,1.0,0.0003251707816641636,True,low R2 (0.00)
Mahihkan Battery 02-21,ABWI110131406504W400,2,2024-05-01,7,False,harmonic,144.1987527045014,0.08448382730791348,1.0,0.3609461690140032,True,low R2 (0.36)
Mahihkan Battery 02-21,ABWI110131406504W400,3,2024-12-01,9,False,harmonic,181.52921460942935,0.22519301668830635,1.0,0.5872482053316145,False,
Mahihkan Battery 02-21,ABWI110131406504W400,4,2025-09-01,10,False,harmonic,157.73804943057846,0.34482442199113555,1.0,0.7343874393088353,False,
Mahihkan Battery 02-21,ABWI110131506504W400,1,2022-08-01,12,False,exponential,542.95,1.0916848852127277e-27,0.0,-2.220446049250313e-16,True,low R2 (-0.00)
Mahihkan Battery 02-21,ABWI110131506504W400,2,2023-08-01,23,False,exponential,415.90869565217395,2.5213713919470783e-18,0.0,2.220446049250313e-16,True,low R2 (0.00)
Mahihkan Battery 02-21,ABWI110131506504W400,3,2025-07-01,7,False,exponential,1216.4530912778837,0.2906619251076085,0.0,0.934432886658676,False,
Mahihkan Battery 02-21,ABWI110131506504W400,4,2026-02-01,5,True,harmonic,129.9687861755868,0.2343164007326723,1.0,0.023656562142727044,True,short cycle (<6mo); low R2 (0.02)
Mahihkan Battery 02-21,ABWI110132606504W400,1,2023-06-01,18,False,exponential,137.23888888888888,1.1403970461101252e-28,0.0,0.0,True,low R2 (0.00)
Mahihkan Battery 02-21,ABWI110132606504W400,2,2024-12-01,12,False,harmonic,260.0999997054561,2.5036245206424856e-15,1.0,-1.8207657603852567e-14,True,low R2 (-0.00)
Mahihkan Battery 02-21,ABWI110132606504W400,3,2025-12-01,7,False,harmonic,616.5512809346037,0.5125654774156557,1.0,0.9476434079299382,False,
Mahihkan Battery 02-21,ABWI110133406504W400,1,2023-06-01,9,False,exponential,657.8777777777777,1.0440860634323913e-23,0.0,0.0,True,low R2 (0.00)
Mahihkan Battery 02-21,ABWI110133406504W400,2,2024-03-01,12,False,harmonic,1108.1978855114453,0.13049897749520087,1.0,0.5575699502339997,False,
Mahihkan Battery 02-21,ABWI110133406504W400,3,2025-03-01,6,False,harmonic,844.3063881382049,0.15546520304990943,1.0,0.27219555868049594,True,low R2 (0.27)
Mahihkan Battery 02-21,ABWI110133406504W400,4,2025-09-01,4,True,harmonic,878.6155094005327,0.3546006641114165,1.0,0.6842684758743778,True,short cycle (<6mo)
Mahihkan Battery 02-21,ABWI110133406504W400,5,2026-01-01,6,False,exponential,726.6917361200399,0.18275091648875863,0.0,0.7534011940210111,False,
Mahihkan Battery 02-21,ABWI110141006504W400,1,2023-01-01,5,True,exponential,53.15276798167667,0.674630524905073,0.0,0.9073759361558243,True,short cycle (<6mo)
Mahihkan Battery 02-21,ABWI110141006504W400,2,2023-06-01,5,True,,,,,,True,too few data points to fit
Mahihkan Battery 02-21,ABWI110141006504W400,3,2023-11-01,4,True,harmonic,36.12847870320076,0.6291762887156085,1.0,0.7297563784316476,True,short cycle (<6mo)
Mahihkan Battery 02-21,ABWI110141006504W400,4,2024-03-01,9,False,exponential,37.01111125095408,1.4506456334804875e-20,0.0,0.0,True,low R2 (0.00)
Mahihkan Battery 02-21,ABWI110141006504W400,5,2024-12-01,4,True,harmonic,146.3005642639087,0.5760605253786651,1.0,0.806253475100724,True,short cycle (<6mo)
Mahihkan Battery 02-21,ABWI110141006504W400,6,2025-04-01,7,False,exponential,109.79295569694568,0.11014299445516186,0.0,0.29935584798598447,True,low R2 (0.30)
Mahihkan Battery 02-21,ABWI110141006504W400,7,2025-11-01,8,False,harmonic,101.3379863908405,0.2531678749656922,1.0,0.4173869346470942,True,low R2 (0.42)
Mahihkan Battery 02-21,ABWI110141406504W400,1,2024-03-01,4,True,harmonic,144.0509803247332,0.06359851945316108,1.0,0.06531957096976093,True,short cycle (<6mo); low R2 (0.07)
Mahihkan Battery 02-21,ABWI110141406504W400,2,2024-07-01,5,True,exponential,279.5392987211839,0.35903126167418353,0.0,0.7419250276152871,True,short cycle (<6mo)
Mahihkan Battery 02-21,ABWI110141406504W400,3,2024-12-01,19,False,exponential,108.87368421052632,3.858961848887439e-21,0.0,2.220446049250313e-16,True,low R2 (0.00)
Mahihkan Battery 02-21,ABWI110142606504W400,1,2022-12-01,5,True,exponential,47.54552455629472,0.5494572276130859,0.0,0.9664178508102872,True,short cycle (<6mo)
Mahihkan Battery 02-21,ABWI110142606504W400,2,2023-05-01,6,False,exponential,9.34000000000001,4.399941777813637e-16,0.0,-4.440892098500626e-16,True,low R2 (-0.00)
Mahihkan Battery 02-21,ABWI110142606504W400,3,2023-11-01,4,True,,,,,,True,too few data points to fit
Mahihkan Battery 02-21,ABWI110142606504W400,4,2024-03-01,9,False,harmonic,8.952428710354509,0.06783395101895753,1.0,0.9108924152293967,False,
Mahihkan Battery 02-21,ABWI110142606504W400,5,2024-12-01,7,False,exponential,9.442857142857143,5.8829258517270795e-19,0.0,1.1102230246251565e-16,True,low R2 (0.00)
Mahihkan Battery 02-21,ABWI110142606504W400,6,2025-07-01,5,True,harmonic,19.898010498689846,0.42680412538763934,1.0,0.09132250979132805,True,short cycle (<6mo); low R2 (0.09)
Mahihkan Battery 02-21,ABWI110142606504W400,7,2025-12-01,7,False,exponential,25.883333333333333,3.795832916525799e-24,0.0,0.0,True,low R2 (0.00)
Mahihkan Battery 02-21,ABWI110142806504W400,1,2023-03-01,4,True,exponential,43.563264848222566,0.7457799746780222,0.0,0.9884340955025511,True,short cycle (<6mo)
Mahihkan Battery 02-21,ABWI110142806504W400,2,2023-07-01,4,True,exponential,26.075000000000006,1.9687452975888107e-16,0.0,-4.440892098500626e-16,True,short cycle (<6mo); low R2 (-0.00)
Mahihkan Battery 02-21,ABWI110142806504W400,3,2023-11-01,8,False,exponential,51.65139710579618,0.31423811311240096,0.0,0.8928723146133694,False,
Mahihkan Battery 02-21,ABWI110142806504W400,4,2024-07-01,9,False,exponential,12.72222222547461,2.182518333782685e-15,0.0,-2.042810365310288e-14,True,low R2 (-0.00)
Mahihkan Battery 02-21,ABWI110142806504W400,5,2025-04-01,7,False,harmonic,51.96671582055177,1.6810140877081756,1.0,0.7399730563649634,False,
Mahihkan Battery 02-21,ABWI110142806504W400,6,2025-11-01,8,False,harmonic,76.06962965767617,0.11126570540077942,1.0,0.0971072872329527,True,low R2 (0.10)
Mahihkan Battery 02-21,ABWI110150306604W400,1,2022-09-01,8,False,harmonic,172.29888308803098,20.387129389164734,1.0,0.9974914569036802,True,very high Di (20.39/month)
Mahihkan Battery 02-21,ABWI110150306604W400,2,2023-05-01,5,True,harmonic,77.7613878477107,1.2911046691160757,1.0,0.9887522185068556,True,short cycle (<6mo)
Mahihkan Battery 02-21,ABWI110150306604W400,3,2023-10-01,7,False,exponential,176.62857142857143,1.110325816421174e-17,0.0,-2.220446049250313e-16,True,low R2 (-0.00)
Mahihkan Battery 02-21,ABWI110150306604W400,4,2024-05-01,26,False,harmonic,409.8423744767424,0.13866659096807668,1.0,0.8366425311634775,False,
Mahihkan Battery 02-21,ABWI110151006504W400,1,2022-10-01,13,False,harmonic,201.52263557478275,0.14260961527911206,1.0,0.9439879473809694,False,
Mahihkan Battery 02-21,ABWI110151006504W400,2,2023-11-01,10,False,exponential,106.75999999999999,2.069216012304766e-22,0.0,0.0,True,low R2 (0.00)
Mahihkan Battery 02-21,ABWI110151006504W400,3,2024-09-01,7,False,exponential,79.24285719704413,2.14567980802733e-14,0.0,-2.220446049250313e-14,True,low R2 (-0.00)
Mahihkan Battery 02-21,ABWI110151006504W400,4,2025-04-01,15,False,harmonic,116.23103029448896,0.018015165742290572,1.0,0.08416449543498994,True,low R2 (0.08)
Mahihkan Battery 02-21,ABWI110151506504W400,1,2022-07-01,7,False,harmonic,131.1197508424308,0.2130585806118225,1.0,0.49202792128553086,True,low R2 (0.49)
Mahihkan Battery 02-21,ABWI110151506504W400,2,2023-02-01,5,True,exponential,112.27793702430665,0.7349542346805581,0.0,0.9520075556512813,True,short cycle (<6mo)
Mahihkan Battery 02-21,ABWI110151506504W400,3,2023-07-01,7,False,harmonic,14.128571428578327,1.587047464054992e-20,1.0,0.0,True,low R2 (0.00)
Mahihkan Battery 02-21,ABWI110151506504W400,4,2024-02-01,11,False,exponential,72.56569644472118,0.17907422979508913,0.0,0.6305111365763073,False,
Mahihkan Battery 02-21,ABWI110151506504W400,5,2025-01-01,14,False,harmonic,48.236896110402654,0.7735604889876478,1.0,0.9178752101829177,False,
Mahihkan Battery 02-21,ABWI110151506504W400,6,2026-03-01,4,True,harmonic,17.391929368151086,0.5889918940261402,1.0,0.8037191803170058,True,short cycle (<6mo)
Mahihkan Battery 02-21,ABWI110152106504W400,1,2022-07-01,6,False,harmonic,353.8021637889604,0.11950587746506743,1.0,0.5475425807358415,False,
Mahihkan Battery 02-21,ABWI110152106504W400,2,2023-01-01,12,False,exponential,266.09166666666664,1.513158120742934e-22,0.0,1.1102230246251565e-16,True,low R2 (0.00)
Mahihkan Battery 02-21,ABWI110152106504W400,3,2024-01-01,7,False,harmonic,451.27829327116655,0.0898578493023613,1.0,0.43141883278167004,True,low R2 (0.43)
Mahihkan Battery 02-21,ABWI110152106504W400,4,2024-08-01,17,False,exponential,474.8974932551931,0.10079115112177181,0.0,0.672238684860454,False,
Mahihkan Battery 02-21,ABWI110152106504W400,5,2026-01-01,4,True,,,,,,True,too few data points to fit
Mahihkan Battery 02-21,ABWI110152106504W400,6,2026-05-01,2,True,,,,,,True,too few data points to fit
Mahihkan Battery 02-21,ABWI110152606504W400,1,2023-12-01,16,False,exponential,327.10376694697,0.057307910051469596,0.0,0.5943425921192738,False,
Mahihkan Battery 02-21,ABWI110152606504W400,2,2025-04-01,8,False,harmonic,251.09888093675602,0.11586767464435435,1.0,0.7849151785184428,False,
Mahihkan Battery 02-21,ABWI110152606504W400,3,2025-12-01,7,False,exponential,275.2498016112577,0.15224809628192656,0.0,0.6934241568012927,False,
Mahihkan Battery 02-21,ABWI110152906504W400,1,2022-10-01,5,True,exponential,326.5594383533862,0.7308031845693533,0.0,0.8558623285855991,True,short cycle (<6mo)
Mahihkan Battery 02-21,ABWI110152906504W400,2,2023-03-01,26,False,hyperbolic,277.55579069531746,1.170930191150227,1.9999999999999212,0.24645484427622333,True,low R2 (0.25); b pinned at bound (2.000)
Mahihkan Battery 02-21,ABWI110152906504W400,3,2025-05-01,14,False,harmonic,121.45381526377753,0.06999823173641455,1.0,0.8155863544593432,False,
Mahihkan Battery 02-21,ABWI110153406504W400,1,2022-05-01,5,True,harmonic,49.73094796109397,0.6495276567591326,1.0,0.9991614968902836,True,short cycle (<6mo)
Mahihkan Battery 02-21,ABWI110153406504W400,2,2022-10-01,9,False,harmonic,18.371235191941967,0.4675903862887117,1.0,0.4814534401723032,True,low R2 (0.48)
Mahihkan Battery 02-21,ABWI110153406504W400,3,2023-07-01,4,True,,,,,,True,too few data points to fit
Mahihkan Battery 02-21,ABWI110153406504W400,4,2023-11-01,5,True,exponential,40.81801243887185,0.2364957390447506,0.0,0.8397277744595535,True,short cycle (<6mo)
Mahihkan Battery 02-21,ABWI110153406504W400,5,2024-04-01,19,False,exponential,67.38888888888889,9.374231894703891e-21,0.0,0.0,True,low R2 (0.00)
Mahihkan Battery 02-21,ABWI110153406504W400,6,2025-11-01,8,False,harmonic,180.80024711970614,0.10869743244519858,1.0,0.807940926761171,False,
Mahihkan Battery 02-21,ABWI110161006504W400,1,2022-07-01,5,True,,,,,,True,too few data points to fit
Mahihkan Battery 02-21,ABWI110161006504W400,2,2022-12-01,7,False,exponential,113.99289385671672,0.23974379719073607,0.0,0.6268853164131565,False,
Mahihkan Battery 02-21,ABWI110161006504W400,3,2023-07-01,10,False,exponential,94.9181408904439,0.1743686435766627,0.0,0.6618141964525638,False,
Mahihkan Battery 02-21,ABWI110161006504W400,4,2024-05-01,8,False,exponential,89.44,2.9188994880243983e-21,0.0,0.0,True,low R2 (0.00)
Mahihkan Battery 02-21,ABWI110161006504W400,5,2025-01-01,7,False,harmonic,246.25544865131184,0.6441717190774684,1.0,0.7455241274727168,False,
Mahihkan Battery 02-21,ABWI110161006504W400,6,2025-08-01,11,False,harmonic,80.16065910197909,0.010792492898626316,1.0,0.0006976893840189291,True,low R2 (0.00)
Mahihkan Battery 02-21,ABWI110161406504W400,1,2022-12-01,8,False,harmonic,395.0357963031415,0.3242654084243686,1.0,0.7262404949662298,False,
Mahihkan Battery 02-21,ABWI110161406504W400,2,2023-08-01,14,False,harmonic,362.7392112246888,0.3120279863492441,1.0,0.5500668232326167,False,
Mahihkan Battery 02-21,ABWI110161406504W400,3,2024-10-01,4,True,harmonic,308.7601000677879,4.709799512080066,1.0,0.9892350588247301,True,short cycle (<6mo); very high Di (4.71/month)
Mahihkan Battery 02-21,ABWI110161406504W400,4,2025-02-01,4,True,exponential,89.92500000020922,1.1801399390016913e-17,0.0,0.0,True,short cycle (<6mo); low R2 (0.00)
Mahihkan Battery 02-21,ABWI110161406504W400,5,2025-06-01,13,False,exponential,104.26666671953868,7.764063692493825e-25,0.0,1.1102230246251565e-16,True,low R2 (0.00)
Mahihkan Battery 02-21,ABWI110161506504W400,1,2022-07-01,12,False,exponential,162.7571899031351,0.2488877229346959,0.0,0.8462194174154982,False,
Mahihkan Battery 02-21,ABWI110161506504W400,2,2023-07-01,10,False,exponential,47.94,3.008606882143508e-22,0.0,0.0,True,low R2 (0.00)
Mahihkan Battery 02-21,ABWI110161506504W400,3,2024-05-01,14,False,harmonic,114.92075849926246,0.676297785620905,1.0,0.772481529870424,False,
Mahihkan Battery 02-21,ABWI110161506504W400,4,2025-07-01,4,True,,,,,,True,too few data points to fit
Mahihkan Battery 02-21,ABWI110161506504W400,5,2025-11-01,4,True,exponential,22.40712244319711,0.3953612221034569,0.0,0.6154381530015629,True,short cycle (<6mo)
Mahihkan Battery 02-21,ABWI110161506504W400,6,2026-03-01,4,True,harmonic,61.70477118870988,0.16484756753897273,1.0,0.2811145646983345,True,short cycle (<6mo); low R2 (0.28)
Mahihkan Battery 02-21,ABWI110161606504W400,1,2023-07-01,8,False,exponential,178.93708123320707,0.11766675079591171,0.0,0.7941954511101685,False,
Mahihkan Battery 02-21,ABWI110161606504W400,2,2024-03-01,6,False,exponential,146.31944354963812,0.299233207321459,0.0,0.7560310295461201,False,
Mahihkan Battery 02-21,ABWI110161606504W400,3,2024-09-01,5,True,harmonic,48.196613134354294,0.39114522356495407,1.0,0.6387593609888762,True,short cycle (<6mo)
Mahihkan Battery 02-21,ABWI110161606504W400,4,2025-02-01,16,False,exponential,68.66783768384462,0.28230554799718505,0.0,0.8854743075753209,False,
Mahihkan Battery 02-21,ABWI110162706504W400,1,2023-05-01,5,True,exponential,216.7984978921938,0.17377250148781545,0.0,0.7294133026364673,True,short cycle (<6mo)
Mahihkan Battery 02-21,ABWI110162706504W400,2,2023-10-01,11,False,harmonic,143.3596921607327,0.035544714187855896,1.0,0.046464355073394414,True,low R2 (0.05)
Mahihkan Battery 02-21,ABWI110162706504W400,3,2024-09-01,7,False,harmonic,171.84284358204633,0.006387924953517618,1.0,0.0019254910126509373,True,low R2 (0.00)
Mahihkan Battery 02-21,ABWI110162706504W400,4,2025-04-01,7,False,harmonic,225.0669097060835,0.18388096420288583,1.0,0.8549287833070718,False,
Mahihkan Battery 02-21,ABWI110162706504W400,5,2025-11-01,8,False,harmonic,181.19190809605354,0.06864159731040062,1.0,0.11609582355891701,True,low R2 (0.12)
Mahihkan Battery 02-21,ABWI111010406604W400,1,2022-05-01,6,False,exponential,383.61506986161965,0.18223670730773225,0.0,0.918537759437412,False,
Mahihkan Battery 02-21,ABWI111010406604W400,2,2022-11-01,7,False,harmonic,365.7338186241345,0.08912875543019079,1.0,0.4386045504697287,True,low R2 (0.44)
Mahihkan Battery 02-21,ABWI111010406604W400,3,2023-06-01,11,False,harmonic,346.74269375961563,0.25940018106162355,1.0,0.8777319369636557,False,
Mahihkan Battery 02-21,ABWI111010406604W400,4,2024-05-01,4,True,harmonic,150.46069104057818,0.6685771357626118,1.0,0.9296118588957106,True,short cycle (<6mo)
Mahihkan Battery 02-21,ABWI111010406604W400,5,2024-09-01,10,False,exponential,156.93,3.1709151364550326e-21,0.0,0.0,True,low R2 (0.00)
Mahihkan Battery 02-21,ABWI111010406604W400,6,2025-07-01,8,False,harmonic,348.8178083274069,0.01755369383757773,1.0,0.013358922808994977,True,low R2 (0.01)
Mahihkan Battery 02-21,ABWI111010406604W400,7,2026-03-01,4,True,exponential,368.25793608153407,0.1394411688490592,0.0,0.4903200998541344,True,short cycle (<6mo); low R2 (0.49)
Mahihkan Battery 02-21,ABWI111011506504W402,1,2022-08-01,10,False,exponential,323.6600000000001,5.947217438616816e-17,0.0,-2.220446049250313e-16,True,low R2 (-0.00)
Mahihkan Battery 02-21,ABWI111011506504W402,2,2023-06-01,9,False,exponential,375.35555555555555,2.529279319382442e-19,0.0,1.1102230246251565e-16,True,low R2 (0.00)
Mahihkan Battery 02-21,ABWI111011506504W402,3,2024-03-01,14,False,exponential,623.3044454937914,0.09000777691093086,0.0,0.6849524112228469,False,
Mahihkan Battery 02-21,ABWI111011506504W402,4,2025-05-01,7,False,harmonic,238.60458913424853,0.07307766225008663,1.0,0.41887369643329886,True,low R2 (0.42)
Mahihkan Battery 02-21,ABWI111011506504W402,5,2025-12-01,7,False,exponential,233.67636061565275,0.13315028980222593,0.0,0.5650811030787931,False,
Mahihkan Battery 02-21,ABWI111012206504W400,1,2023-05-01,4,True,exponential,124.12499916531887,4.056809046178905e-20,0.0,-2.220446049250313e-16,True,short cycle (<6mo); low R2 (-0.00)
Mahihkan Battery 02-21,ABWI111012206504W400,2,2023-09-01,24,False,harmonic,299.612500016699,1.2406007193907047e-17,1.0,0.0,True,low R2 (0.00)
Mahihkan Battery 02-21,ABWI111012206504W400,3,2025-09-01,10,False,harmonic,898.9748577309189,0.10794776938526988,1.0,0.5719407175332554,False,
Mahihkan Battery 02-21,ABWI111013406504W400,1,2022-10-01,10,False,exponential,311.33,2.970876576181133e-23,0.0,2.220446049250313e-16,True,low R2 (0.00)
Mahihkan Battery 02-21,ABWI111013406504W400,2,2023-08-01,35,False,harmonic,555.0239011977197,0.035571500294051546,1.0,0.6699038013117125,False,
Mahihkan Battery 02-21,ABWI111022206504W400,1,2023-06-01,6,False,exponential,189.1030113213953,0.11303412384773057,0.0,0.4689259285438102,True,low R2 (0.47)
Mahihkan Battery 02-21,ABWI111022206504W400,2,2023-12-01,12,False,harmonic,131.20000580936878,0.025027631054450335,1.0,0.12654567355508817,True,low R2 (0.13)
Mahihkan Battery 02-21,ABWI111022206504W400,3,2024-12-01,10,False,harmonic,131.02063750795236,0.1614836458938972,1.0,0.4633719975695727,True,low R2 (0.46)
Mahihkan Battery 02-21,ABWI111022206504W400,4,2025-10-01,9,False,harmonic,199.81760332781116,0.4790442809708012,1.0,0.6645538259955969,False,
Mahihkan Battery 02-21,ABWI111032306504W400,1,2023-01-01,6,False,,,,,,True,too few data points to fit
Mahihkan Battery 02-21,ABWI111032306504W400,2,2023-07-01,5,True,,,,,,True,too few data points to fit
Mahihkan Battery 02-21,ABWI111032306504W400,3,2023-12-01,18,False,exponential,63.12777775686804,6.986378579717079e-23,0.0,-2.220446049250313e-16,True,low R2 (-0.00)
Mahihkan Battery 02-21,ABWI111032306504W400,4,2025-06-01,13,False,harmonic,119.22739298867944,0.11055373718841442,1.0,0.41747036343525334,True,low R2 (0.42)
Mahihkan Battery 02-21,ABWI111032806504W400,1,2022-09-01,18,False,exponential,115.97857136956411,7.620789909538726e-19,0.0,0.0,True,low R2 (0.00)
Mahihkan Battery 02-21,ABWI111032806504W400,2,2024-03-01,21,False,exponential,228.98639154214825,0.06165908665159615,0.0,0.6520794638041492,False,
Mahihkan Battery 02-21,ABWI111032806504W400,3,2025-12-01,7,False,exponential,61.25714285843428,8.730216343465864e-17,0.0,-2.220446049250313e-16,True,low R2 (-0.00)
Mahihkan Battery 02-21,ABWI111041406504W400,1,2023-09-01,7,False,harmonic,246.55781321352242,0.2586585851779273,1.0,0.4600995498822211,True,low R2 (0.46)
Mahihkan Battery 02-21,ABWI111041406504W400,2,2024-04-01,4,True,harmonic,256.2389866260025,0.3646656343391016,1.0,0.8919628887486659,True,short cycle (<6mo)
Mahihkan Battery 02-21,ABWI111041406504W400,3,2024-08-01,11,False,exponential,483.5035049526757,0.3278398894055223,0.0,0.8666459162006075,False,
Mahihkan Battery 02-21,ABWI111041406504W400,4,2025-07-01,12,False,exponential,77.59166666666667,9.17896778331907e-22,0.0,0.0,True,low R2 (0.00)
Mahihkan Battery 02-21,ABWI111042206504W400,1,2022-08-01,26,False,hyperbolic,308.03051128616556,0.09133883118120444,1.9999999999999996,0.729094408058848,True,b pinned at bound (2.000)
Mahihkan Battery 02-21,ABWI111042206504W400,2,2024-10-01,13,False,harmonic,136.67380570471286,0.037431805326340745,1.0,0.21437213894687268,True,low R2 (0.21)
Mahihkan Battery 02-21,ABWI111042206504W400,3,2025-11-01,5,True,harmonic,133.19306942260863,0.36477582775082207,1.0,0.4358336319371203,True,short cycle (<6mo); low R2 (0.44)
Mahihkan Battery 02-21,ABWI111042206504W400,4,2026-04-01,3,True,,,,,,True,too few data points to fit
Mahihkan Battery 02-21,ABWI111043506504W400,1,2022-10-01,11,False,harmonic,200.97190024322538,0.07188668917865544,1.0,0.5459777968076689,False,
Mahihkan Battery 02-21,ABWI111043506504W400,2,2023-09-01,6,False,exponential,191.12102061309903,0.8531794100714272,0.0,0.9356736402950222,False,
Mahihkan Battery 02-21,ABWI111043506504W400,3,2024-03-01,8,False,harmonic,197.58749979697185,6.04160923275529e-15,1.0,-3.4861002973229915e-14,True,low R2 (-0.00)
Mahihkan Battery 02-21,ABWI111043506504W400,4,2024-11-01,11,False,exponential,406.08339085325224,0.3455336920421444,0.0,0.9540893810155093,False,
Mahihkan Battery 02-21,ABWI111043506504W400,5,2025-10-01,9,False,exponential,211.89999964561082,1.4326738944673096e-17,0.0,0.0,True,low R2 (0.00)
Mahihkan Battery 02-21,ABWI111050306604W400,1,2022-10-01,6,False,exponential,360.99477062019633,0.4015535924275977,0.0,0.9511246077227485,False,
Mahihkan Battery 02-21,ABWI111050306604W400,2,2023-04-01,8,False,exponential,324.6875,2.260548018234738e-19,0.0,0.0,True,low R2 (0.00)
Mahihkan Battery 02-21,ABWI111050306604W400,3,2023-12-01,27,False,exponential,267.2999999281693,3.017015833041493e-16,0.0,-1.9984014443252818e-15,True,low R2 (-0.00)
Mahihkan Battery 02-21,ABWI111050306604W400,4,2026-03-01,4,True,harmonic,520.7140954369733,0.574605635624427,1.0,0.8945311991237799,True,short cycle (<6mo)
Mahihkan Battery 02-21,ABWI111051006604W400,1,2024-04-01,6,False,harmonic,2183.340713524462,0.004786766061802264,1.0,0.0006114261267290422,True,low R2 (0.00)
Mahihkan Battery 02-21,ABWI111051006604W400,2,2024-10-01,21,False,harmonic,3181.8971874921244,0.34968223030050516,1.0,0.8582097736576041,False,
Mahihkan Battery 02-21,ABWI111052206504W400,1,2023-08-01,25,False,exponential,148.78523139233275,0.013598698668846356,0.0,0.2207518761166225,True,low R2 (0.22)
Mahihkan Battery 02-21,ABWI111052206504W400,2,2025-09-01,10,False,harmonic,123.45374814167916,0.0639806361846042,1.0,0.6786187143926907,False,
Mahihkan Battery 02-21,ABWI111052606504W400,1,2022-10-01,9,False,exponential,105.51748615837768,0.5219817020116704,0.0,0.8645043765315715,False,
Mahihkan Battery 02-21,ABWI111052606504W400,2,2023-07-01,6,False,exponential,8.875,3.8699525808742275e-21,0.0,0.0,True,low R2 (0.00)
Mahihkan Battery 02-21,ABWI111052606504W400,3,2024-01-01,4,True,exponential,13.525000000001278,2.094980304132593e-21,0.0,0.0,True,short cycle (<6mo); low R2 (0.00)
Mahihkan Battery 02-21,ABWI111052606504W400,4,2024-05-01,7,False,harmonic,84.89583768098667,1.239993851618461,1.0,0.9220587684437624,False,
Mahihkan Battery 02-21,ABWI111052606504W400,5,2024-12-01,6,False,exponential,55.65000013459701,6.337222019806956e-16,0.0,-1.3322676295501878e-15,True,low R2 (-0.00)
Mahihkan Battery 02-21,ABWI111052606504W400,6,2025-06-01,8,False,harmonic,171.3089941829221,3.2158023764904797,1.0,0.9840634937273703,True,very high Di (3.22/month)
Mahihkan Battery 02-21,ABWI111052606504W400,7,2026-02-01,4,True,exponential,87.43058467066957,0.6250338122941664,0.0,0.7514857807921786,True,short cycle (<6mo)
Mahihkan Battery 02-21,ABWI111052706504W400,1,2022-11-01,14,False,exponential,216.6642857142857,9.0506523468962e-22,0.0,0.0,True,low R2 (0.00)
Mahihkan Battery 02-21,ABWI111052706504W400,2,2024-01-01,10,False,exponential,347.54497069970165,0.09623055536146342,0.0,0.5332015798138858,False,
Mahihkan Battery 02-21,ABWI111052706504W400,3,2024-11-01,5,True,harmonic,165.14205356495188,0.32298178717988246,1.0,0.2849815756788817,True,short cycle (<6mo); low R2 (0.28)
Mahihkan Battery 02-21,ABWI111052706504W400,4,2025-04-01,9,False,exponential,120.67777777777778,2.3233022171738444e-18,0.0,0.0,True,low R2 (0.00)
Mahihkan Battery 02-21,ABWI111052706504W400,5,2026-01-01,6,False,exponential,152.3657766668518,0.08187219378623845,0.0,0.6000036951447099,False,
Mahihkan Battery 02-21,ABWI111061506504W400,1,2023-04-01,16,False,exponential,235.27500000203065,1.2403155081213416e-17,0.0,-4.440892098500626e-16,True,low R2 (-0.00)
Mahihkan Battery 02-21,ABWI111061506504W400,2,2024-08-01,12,False,exponential,290.5004104489455,0.06760345535603178,0.0,0.6405636638120249,False,
Mahihkan Battery 02-21,ABWI111061506504W400,3,2025-08-01,8,False,harmonic,182.0433967316852,0.10539843813494487,1.0,0.1397224504061173,True,low R2 (0.14)
Mahihkan Battery 02-21,ABWI111061506504W400,4,2026-04-01,3,True,,,,,,True,too few data points to fit
Mahihkan Battery 02-21,ABWI111071506504W400,1,2023-11-01,5,True,harmonic,286.40034442616616,0.1848246280188482,1.0,0.41113350365965806,True,short cycle (<6mo); low R2 (0.41)
Mahihkan Battery 02-21,ABWI111071506504W400,2,2024-04-01,27,False,harmonic,239.5731238422657,0.05668740228722247,1.0,0.7627531042807731,False,
Mahihkan Battery 02-21,ABWI111072706504W400,1,2022-06-01,5,True,exponential,52.3,9.02573916580804e-19,0.0,0.0,True,short cycle (<6mo); low R2 (0.00)
Mahihkan Battery 02-21,ABWI111072706504W400,2,2022-11-01,6,False,harmonic,121.62810075550526,4.459935592190087,1.0,0.7169644618100446,True,very high Di (4.46/month)
Mahihkan Battery 02-21,ABWI111072706504W400,3,2023-05-01,7,False,exponential,92.10000044919404,6.864122437549752e-21,0.0,1.1102230246251565e-16,True,low R2 (0.00)
Mahihkan Battery 02-21,ABWI111072706504W400,4,2023-12-01,7,False,exponential,316.1316274449057,0.14672949644518685,0.0,0.5512166491003493,False,
Mahihkan Battery 02-21,ABWI111072706504W400,5,2024-07-01,9,False,harmonic,324.519838307807,0.36222775213511016,1.0,0.5041251174249104,False,
Mahihkan Battery 02-21,ABWI111072706504W400,6,2025-04-01,15,False,exponential,163.32666667967618,2.2310377724807605e-15,0.0,-1.0436096431476471e-14,True,low R2 (-0.00)
Mahihkan Battery 02-21,ABWI111081506504W400,1,2022-08-01,7,False,exponential,154.12524386077703,0.04986184067326193,0.0,0.08301225141394974,True,low R2 (0.08)
Mahihkan Battery 02-21,ABWI111081506504W400,2,2023-03-01,14,False,harmonic,229.5713360379881,0.02298627809161348,1.0,0.14808878389629032,True,low R2 (0.15)
Mahihkan Battery 02-21,ABWI111081506504W400,3,2024-05-01,14,False,exponential,314.267757009689,0.09452930029585167,0.0,0.9289825355484534,False,
Mahihkan Battery 02-21,ABWI111081506504W400,4,2025-07-01,5,True,harmonic,89.78366969135578,0.2677953248625201,1.0,0.7408884721285129,True,short cycle (<6mo)
Mahihkan Battery 02-21,ABWI111081506504W400,5,2025-12-01,7,False,exponential,124.11258600431857,0.057938342634704064,0.0,0.4047454699829024,True,low R2 (0.40)
Mahihkan Battery 02-21,ABWI111082106504W400,1,2022-08-01,17,False,harmonic,205.08689120009436,0.18647846065048954,1.0,0.3317257220773805,True,low R2 (0.33)
Mahihkan Battery 02-21,ABWI111082106504W400,2,2024-01-01,17,False,harmonic,249.36289670080293,0.16444711459720787,1.0,0.7457308598170768,False,
Mahihkan Battery 02-21,ABWI111082106504W400,3,2025-06-01,13,False,harmonic,159.6912978978763,0.32120378849276887,1.0,0.6888088218611708,False,
Mahihkan Battery 02-21,ABWI111082206504W400,1,2022-07-01,8,False,exponential,291.4,3.78972549623301e-23,0.0,0.0,True,low R2 (0.00)
Mahihkan Battery 02-21,ABWI111082206504W400,2,2023-03-01,17,False,exponential,431.9379372070668,0.04632215771907821,0.0,0.7900869360199502,False,
Mahihkan Battery 02-21,ABWI111082206504W400,3,2024-08-01,19,False,harmonic,217.60106692910523,0.07143669131384527,1.0,0.5842019765376987,False,
Mahihkan Battery 02-21,ABWI111082206504W400,4,2026-03-01,4,True,harmonic,160.36232345200526,0.2303122918350949,1.0,0.5484358584647362,True,short cycle (<6mo)
Mahihkan Battery 02-21,ABWI111082706504W400,1,2022-08-01,7,False,exponential,182.5,1.8254727352582592e-17,0.0,0.0,True,low R2 (0.00)
Mahihkan Battery 02-21,ABWI111082706504W400,2,2023-03-01,7,False,,,,,,True,too few data points to fit
Mahihkan Battery 02-21,ABWI111082706504W400,3,2023-10-01,7,False,,,,,,True,too few data points to fit
Mahihkan Battery 02-21,ABWI111082706504W400,4,2024-05-01,10,False,exponential,72.89585025691602,0.11929269525188661,0.0,0.513644905601021,False,
Mahihkan Battery 02-21,ABWI111082706504W400,5,2025-03-01,5,True,exponential,147.17544402593606,0.32280473920357794,0.0,0.6974499675060293,True,short cycle (<6mo)
Mahihkan Battery 02-21,ABWI111082706504W400,6,2025-08-01,11,False,exponential,74.65454545454546,4.315832358707518e-22,0.0,0.0,True,low R2 (0.00)
Mahihkan Battery 02-21,ABWI111092706504W400,1,2023-07-01,20,False,harmonic,265.05227611035093,0.06295745027533288,1.0,0.38464188512365305,True,low R2 (0.38)
Mahihkan Battery 02-21,ABWI111092706504W400,2,2025-03-01,16,False,harmonic,246.04045178619884,0.025417655656803668,1.0,0.35367207621451213,True,low R2 (0.35)
Mahihkan Battery 02-21,ABWI111092906504W400,1,2022-09-01,6,False,exponential,322.5696358780466,0.528947905124081,0.0,0.8728692709304612,False,
Mahihkan Battery 02-21,ABWI111092906504W400,2,2023-03-01,10,False,harmonic,302.99101307102296,0.05798691662311723,1.0,0.07829728468490271,True,low R2 (0.08)
Mahihkan Battery 02-21,ABWI111092906504W400,3,2024-01-01,12,False,exponential,300.08652500814964,0.1664445746890443,0.0,0.9026329571144407,False,
Mahihkan Battery 02-21,ABWI111092906504W400,4,2025-01-01,5,True,exponential,143.98000000000096,3.3154632004449064e-15,0.0,-1.9761969838327786e-14,True,short cycle (<6mo); low R2 (-0.00)
Mahihkan Battery 02-21,ABWI111092906504W400,5,2025-06-01,4,True,exponential,221.1099380228081,0.15482030269657301,0.0,0.8853863340457166,True,short cycle (<6mo)
Mahihkan Battery 02-21,ABWI111092906504W400,6,2025-10-01,9,False,exponential,213.49278089753057,0.1994788679403436,0.0,0.8079004658357858,False,
Mahihkan Battery 02-21,ABWI111101006504W400,1,2022-05-01,7,False,exponential,203.0571424992278,3.8918016003660066e-15,0.0,-2.4868995751603507e-14,True,low R2 (-0.00)
Mahihkan Battery 02-21,ABWI111101006504W400,2,2022-12-01,13,False,harmonic,504.1467548102854,0.4734640115352731,1.0,0.48825138970709014,True,low R2 (0.49)
Mahihkan Battery 02-21,ABWI111101006504W400,3,2024-01-01,4,True,exponential,568.600746556986,0.30103701738722666,0.0,0.661241795806655,True,short cycle (<6mo)
Mahihkan Battery 02-21,ABWI111101006504W400,4,2024-05-01,14,False,harmonic,604.033053556234,0.33399040848849787,1.0,0.48401634725202747,True,low R2 (0.48)
Mahihkan Battery 02-21,ABWI111101006504W400,5,2025-07-01,12,False,harmonic,281.0277381037743,0.03806243900229193,1.0,0.05972567797844541,True,low R2 (0.06)
Mahihkan Battery 02-21,ABWI111101406504W400,1,2024-06-01,9,False,harmonic,305.8293307604665,0.21376662333963747,1.0,0.5539803282698038,False,
Mahihkan Battery 02-21,ABWI111101406504W400,2,2025-03-01,12,False,exponential,186.67198540018134,0.10879200710751469,0.0,0.7047984179722048,False,
Mahihkan Battery 02-21,ABWI111101406504W400,3,2026-03-01,4,True,exponential,43.900000000000034,5.440766132136803e-16,0.0,0.0,True,short cycle (<6mo); low R2 (0.00)
Mahihkan Battery 02-21,ABWI111101506504W400,1,2022-10-01,25,False,harmonic,338.19718156029126,0.02206949284304986,1.0,0.13933690762032636,True,low R2 (0.14)
Mahihkan Battery 02-21,ABWI111101506504W400,2,2024-11-01,20,False,harmonic,369.96244671494674,0.02583517298139919,1.0,0.43107371879761347,True,low R2 (0.43)
Mahihkan Battery 02-21,ABWI111102706504W400,1,2022-05-01,10,False,harmonic,137.90054764061128,0.006810374812941763,1.0,0.0018896102027567974,True,low R2 (0.00)
Mahihkan Battery 02-21,ABWI111102706504W400,2,2023-03-01,25,False,harmonic,142.40764862386388,0.017079775799970283,1.0,0.06695990669419405,True,low R2 (0.07)
Mahihkan Battery 02-21,ABWI111102706504W400,3,2025-04-01,8,False,harmonic,176.32438109982346,0.014923243916787338,1.0,0.007581647277226877,True,low R2 (0.01)
Mahihkan Battery 02-21,ABWI111102706504W400,4,2025-12-01,7,False,harmonic,250.7164624418523,0.17557105795769604,1.0,0.6198142684265051,False,
Mahihkan Battery 02-21,ABWI111102906504W400,1,2022-10-01,5,True,,,,,,True,too few data points to fit
Mahihkan Battery 02-21,ABWI111102906504W400,2,2023-03-01,7,False,harmonic,471.8994871176121,1.2506149363585934,1.0,0.6393529958607714,False,
Mahihkan Battery 02-21,ABWI111102906504W400,3,2023-10-01,15,False,harmonic,312.59328887125497,0.006248935308487373,1.0,0.0270431676869759,True,low R2 (0.03)
Mahihkan Battery 02-21,ABWI111102906504W400,4,2025-01-01,18,False,harmonic,359.53858599127517,0.126699254482199,1.0,0.9391483067099963,False,
Mahihkan Battery 02-21,ABWI111110306604W403,1,2022-08-01,6,False,harmonic,822.9032396300208,0.42510766114065224,1.0,0.9748374419316026,False,
Mahihkan Battery 02-21,ABWI111110306604W403,2,2023-02-01,13,False,exponential,503.1625,5.093497352375737e-20,0.0,0.0,True,low R2 (0.00)
Mahihkan Battery 02-21,ABWI111110306604W403,3,2024-03-01,13,False,harmonic,783.4895199891554,0.06002371275369763,1.0,0.6345968404742184,False,
Mahihkan Battery 02-21,ABWI111110306604W403,4,2025-04-01,12,False,hyperbolic,537.0880478081721,0.971376492166676,1.9999999999999998,0.42808949396006357,True,low R2 (0.43); b pinned at bound (2.000)
Mahihkan Battery 02-21,ABWI111111406504W400,1,2022-08-01,15,False,harmonic,462.90003332718874,0.052460444655460514,1.0,0.6015510816789278,False,
Mahihkan Battery 02-21,ABWI111111406504W400,2,2023-11-01,13,False,harmonic,340.01382664887456,0.017170436551782048,1.0,0.07230433508302181,True,low R2 (0.07)
Mahihkan Battery 02-21,ABWI111111406504W400,3,2024-12-01,19,False,exponential,448.82358818969067,0.04913157507569454,0.0,0.5797254895142868,False,
Mahihkan Battery 02-21,ABWI111112806504W400,1,2022-07-01,12,False,exponential,68.45896887889593,0.2759482833363185,0.0,0.9266770306639341,False,
Mahihkan Battery 02-21,ABWI111112806504W400,2,2023-07-01,5,True,harmonic,33.995401698463404,0.989078403734612,1.0,0.5797307519288957,True,short cycle (<6mo)
Mahihkan Battery 02-21,ABWI111112806504W400,3,2023-12-01,10,False,exponential,97.92999999999999,6.3804772099944476e-18,0.0,0.0,True,low R2 (0.00)
Mahihkan Battery 02-21,ABWI111112806504W400,4,2024-10-01,12,False,exponential,271.56254406861507,0.21679328009038348,0.0,0.8783930883610285,False,
Mahihkan Battery 02-21,ABWI111112806504W400,5,2025-10-01,9,False,harmonic,189.30936905251482,0.20858095449897227,1.0,0.7022767853395739,False,
Mahihkan Battery 02-21,ABWI111120306604W400,1,2022-11-01,4,True,harmonic,411.26076369034206,1.7095498398852698,1.0,0.9820763853831017,True,short cycle (<6mo)
Mahihkan Battery 02-21,ABWI111120306604W400,2,2023-03-01,10,False,harmonic,469.8871400775433,1.1545337324049674,1.0,0.7088497228231034,False,
Mahihkan Battery 02-21,ABWI111120306604W400,3,2024-01-01,14,False,exponential,283.9769230769231,2.7168111340364165e-18,0.0,0.0,True,low R2 (0.00)
Mahihkan Battery 02-21,ABWI111120306604W400,4,2025-03-01,16,False,harmonic,399.09661323541235,0.06329750079087675,1.0,0.3620604198846069,True,low R2 (0.36)
Mahihkan Battery 02-21,ABWI111121106504W400,1,2022-12-01,8,False,harmonic,28.76228312057473,0.07187207317843262,1.0,0.07923250244472291,True,low R2 (0.08)
Mahihkan Battery 02-21,ABWI111121106504W400,2,2023-08-01,7,False,exponential,122.98333333333335,3.2466501333296564e-17,0.0,0.0,True,low R2 (0.00)
Mahihkan Battery 02-21,ABWI111121106504W400,3,2024-03-01,8,False,exponential,280.5588674596447,0.09441308806865567,0.0,0.9574207504246096,False,
Mahihkan Battery 02-21,ABWI111121106504W400,4,2024-11-01,6,False,exponential,37.27500000000372,3.527472948141173e-23,0.0,0.0,True,low R2 (0.00)
Mahihkan Battery 02-21,ABWI111121106504W400,5,2025-05-01,12,False,harmonic,372.91006567974597,0.2974439177479212,1.0,0.3097122882031178,True,low R2 (0.31)
Mahihkan Battery 02-21,ABWI111121106504W400,6,2026-05-01,2,True,,,,,,True,too few data points to fit
Mahihkan Battery 02-21,ABWI111121506504W400,1,2022-05-01,12,False,hyperbolic,216.26776732201216,0.9046964532811561,1.9999999999999998,0.4695752044842654,True,low R2 (0.47); b pinned at bound (2.000)
Mahihkan Battery 02-21,ABWI111121506504W400,2,2023-05-01,18,False,exponential,81.11111111111184,3.276693435282689e-23,0.0,0.0,True,low R2 (0.00)
Mahihkan Battery 02-21,ABWI111121506504W400,3,2024-11-01,5,True,harmonic,336.35100125156214,0.9822967134463958,1.0,0.7157300265027859,True,short cycle (<6mo)
Mahihkan Battery 02-21,ABWI111121506504W400,4,2025-04-01,15,False,hyperbolic,225.0568855076236,0.29630298186631154,1.99999999999999,0.6779342166999989,True,b pinned at bound (2.000)
Mahihkan Battery 02-21,ABWI111122606504W400,1,2023-07-01,4,True,,,,,,True,too few data points to fit
Mahihkan Battery 02-21,ABWI111122606504W400,2,2023-11-01,32,False,harmonic,82.46250000001234,5.660885646808371e-21,1.0,0.0,True,low R2 (0.00)
Mahihkan Battery 02-21,ABWI111131106504W400,1,2022-05-01,4,True,exponential,223.8357672941202,0.23571803378097764,0.0,0.756895668646648,True,short cycle (<6mo)
Mahihkan Battery 02-21,ABWI111131106504W400,2,2022-09-01,6,False,exponential,134.5000000000002,4.3881971885616465e-23,0.0,-2.220446049250313e-16,True,low R2 (-0.00)
Mahihkan Battery 02-21,ABWI111131106504W400,3,2023-03-01,13,False,harmonic,200.76798561920603,0.6511589364737009,1.0,0.06549139410472593,True,low R2 (0.07)
Mahihkan Battery 02-21,ABWI111131106504W400,4,2024-04-01,14,False,exponential,207.87857142857143,9.01273584215006e-28,0.0,-4.440892098500626e-16,True,low R2 (-0.00)
Mahihkan Battery 02-21,ABWI111131106504W400,5,2025-06-01,5,True,exponential,302.10554689056556,0.1030105584922707,0.0,0.4475397223383133,True,short cycle (<6mo); low R2 (0.45)
Mahihkan Battery 02-21,ABWI111131106504W400,6,2025-11-01,8,False,harmonic,234.95813939842733,0.003114742836387389,1.0,0.00031188129686521293,True,low R2 (0.00)
Mahihkan Battery 02-21,ABWI111131406504W400,1,2023-01-01,8,False,exponential,234.56119723743268,0.15207848843348315,0.0,0.6105105292889059,False,
Mahihkan Battery 02-21,ABWI111131406504W400,2,2023-09-01,6,False,,,,,,True,too few data points to fit
Mahihkan Battery 02-21,ABWI111131406504W400,3,2024-03-01,6,False,harmonic,71.83420997599856,1.3478397248373706,1.0,0.6060784789495306,False,
Mahihkan Battery 02-21,ABWI111131406504W400,4,2024-09-01,19,False,exponential,51.478947368421046,8.445862647382809e-20,0.0,1.1102230246251565e-16,True,low R2 (0.00)
Mahihkan Battery 02-21,ABWI111131406504W400,5,2026-04-01,3,True,,,,,,True,too few data points to fit
Mahihkan Battery 02-21,ABWI111132606504W400,1,2022-07-01,27,False,harmonic,223.44814823403016,4.474145635223829e-21,1.0,0.0,True,low R2 (0.00)
Mahihkan Battery 02-21,ABWI111132606504W400,2,2024-10-01,21,False,hyperbolic,611.4393819093389,0.12554190061146395,1.999999999997391,0.8239251796238699,True,b pinned at bound (2.000)
Mahihkan Battery 02-21,ABWI111141406504W400,1,2023-10-01,5,True,harmonic,251.46035167452686,0.21803153428964495,1.0,0.12179085796738676,True,short cycle (<6mo); low R2 (0.12)
Mahihkan Battery 02-21,ABWI111141406504W400,2,2024-03-01,9,False,harmonic,237.238767709579,0.07516733099756796,1.0,0.42825943255435206,True,low R2 (0.43)
Mahihkan Battery 02-21,ABWI111141406504W400,3,2024-12-01,14,False,harmonic,199.20464799004668,0.15551138267834852,1.0,0.5996004076115056,False,
Mahihkan Battery 02-21,ABWI111141406504W400,4,2026-02-01,5,True,exponential,54.640000000803404,3.8955725305434446e-17,0.0,-2.220446049250313e-16,True,short cycle (<6mo); low R2 (-0.00)
Mahihkan Battery 02-21,ABWI111150306604W400,1,2022-10-01,7,False,exponential,32.29957722000473,0.24626807892947317,0.0,0.44672793595756644,True,low R2 (0.45)
Mahihkan Battery 02-21,ABWI111150306604W400,2,2023-05-01,7,False,exponential,83.45000013723302,1.2374994193000991e-15,0.0,-2.4424906541753444e-15,True,low R2 (-0.00)
Mahihkan Battery 02-21,ABWI111150306604W400,3,2023-12-01,31,False,exponential,359.49293093612886,0.05806584125880402,0.0,0.9211923795024702,False,
Mahihkan Battery 02-21,ABWI111152106504W400,1,2022-07-01,6,False,exponential,673.4980638517608,0.14999746615864987,0.0,0.5714238949395798,False,
Mahihkan Battery 02-21,ABWI111152106504W400,2,2023-01-01,12,False,exponential,373.15833333416356,1.6268747242092572e-19,0.0,0.0,True,low R2 (0.00)
Mahihkan Battery 02-21,ABWI111152106504W400,3,2024-01-01,4,True,harmonic,538.3679676730055,0.07816942695435483,1.0,0.059505599334296666,True,short cycle (<6mo); low R2 (0.06)
Mahihkan Battery 02-21,ABWI111152106504W400,4,2024-05-01,20,False,exponential,471.15536271744554,0.08783147766970986,0.0,0.7077302533588223,False,
Mahihkan Battery 02-21,ABWI111152106504W400,5,2026-01-01,4,True,,,,,,True,too few data points to fit
Mahihkan Battery 02-21,ABWI111152106504W400,6,2026-05-01,2,True,,,,,,True,too few data points to fit
Mahihkan Battery 02-21,ABWI111152606504W400,1,2023-01-01,27,False,harmonic,214.0887187457711,0.01750423878556705,1.0,0.16564451659862844,True,low R2 (0.17)
Mahihkan Battery 02-21,ABWI111152606504W400,2,2025-04-01,15,False,exponential,200.6099003243783,0.02667577836786689,0.0,0.6531226802485142,False,
Mahihkan Battery 02-21,ABWI111152906504W400,1,2023-03-01,10,False,exponential,111.67,4.6265579103138384e-21,0.0,0.0,True,low R2 (0.00)
Mahihkan Battery 02-21,ABWI111152906504W400,2,2024-01-01,11,False,harmonic,114.98620707312224,0.027879255270491905,1.0,0.02761990239710277,True,low R2 (0.03)
Mahihkan Battery 02-21,ABWI111152906504W400,3,2024-12-01,19,False,exponential,108.6051377843635,0.007234246571234104,0.0,0.08478290268292876,True,low R2 (0.08)
Mahihkan Battery 02-21,ABWI111153406504W400,1,2023-04-01,8,False,harmonic,186.48498680587707,0.06270630465166414,1.0,0.0763954851594647,True,low R2 (0.08)
Mahihkan Battery 02-21,ABWI111153406504W400,2,2023-12-01,21,False,harmonic,236.7523809735234,1.34600338020562e-16,1.0,-1.9984014443252818e-15,True,low R2 (-0.00)
Mahihkan Battery 02-21,ABWI111153406504W400,3,2025-09-01,10,False,harmonic,302.38242189790157,0.028256689184951785,1.0,0.028698878129794436,True,low R2 (0.03)
Mahihkan Battery 02-21,ABWI111161006504W400,1,2022-08-01,4,True,harmonic,146.30291553576228,0.434572126978459,1.0,0.663469194859032,True,short cycle (<6mo)
Mahihkan Battery 02-21,ABWI111161006504W400,2,2022-12-01,4,True,exponential,88.23781345516385,0.23925792177228794,0.0,0.9678265699821178,True,short cycle (<6mo)
Mahihkan Battery 02-21,ABWI111161006504W400,3,2023-04-01,7,False,exponential,103.32994120304257,0.4957714233284259,0.0,0.7446906598368677,False,
Mahihkan Battery 02-21,ABWI111161006504W400,4,2023-11-01,12,False,harmonic,108.21972643188181,1.8028877570848096,1.0,0.5714529474464414,False,
Mahihkan Battery 02-21,ABWI111161006504W400,5,2024-11-01,4,True,harmonic,96.00000017409529,4.107274019422733e-16,1.0,0.0,True,short cycle (<6mo); low R2 (0.00)
Mahihkan Battery 02-21,ABWI111161006504W400,6,2025-03-01,16,False,harmonic,128.0049638541624,0.041250656516999884,1.0,0.12122349700365631,True,low R2 (0.12)
Mahihkan Battery 02-21,ABWI111162706504W400,1,2022-05-01,18,False,harmonic,570.9556337707481,0.024872173895927083,1.0,0.028085824354753375,True,low R2 (0.03)
Mahihkan Battery 02-21,ABWI111162706504W400,2,2023-11-01,22,False,exponential,613.1244021898145,0.08293644093845848,0.0,0.888692183394872,False,
Mahihkan Battery 02-21,ABWI111162706504W400,3,2025-09-01,10,False,harmonic,163.79460201422688,0.35686628826271527,1.0,0.660750103956292,False,
Mahihkan Battery 02-21,ABWI111163406504W400,1,2023-04-01,19,False,exponential,177.2665761770175,0.06643315160503575,0.0,0.5734865300043319,False,
Mahihkan Battery 02-21,ABWI111163406504W400,2,2024-11-01,6,False,harmonic,99.49642870372168,0.1235844706959797,1.0,0.6509897408897568,False,
Mahihkan Battery 02-21,ABWI111163406504W400,3,2025-05-01,14,False,exponential,76.18571428571428,6.227935693462064e-22,0.0,-2.220446049250313e-16,True,low R2 (-0.00)
Mahihkan Battery 02-21,ABWI112010406604W400,1,2022-05-01,7,False,exponential,429.41483952694654,0.457793325482912,0.0,0.922888162134452,False,
Mahihkan Battery 02-21,ABWI112010406604W400,2,2022-12-01,4,True,,,,,,True,too few data points to fit
Mahihkan Battery 02-21,ABWI112010406604W400,3,2023-04-01,18,False,exponential,106.275,2.0210685298762394e-22,0.0,0.0,True,low R2 (0.00)
Mahihkan Battery 02-21,ABWI112010406604W400,4,2024-10-01,5,True,harmonic,193.90758779067664,5.891734271440718,1.0,0.9155082580653946,True,short cycle (<6mo); very high Di (5.89/month)
Mahihkan Battery 02-21,ABWI112010406604W400,5,2025-03-01,5,True,,,,,,True,too few data points to fit
Mahihkan Battery 02-21,ABWI112032806504W400,1,2022-10-01,14,False,exponential,174.06428572015292,1.4234226900579175e-17,0.0,-2.220446049250313e-16,True,low R2 (-0.00)
Mahihkan Battery 02-21,ABWI112032806504W400,2,2023-12-01,5,True,exponential,382.22000000000213,9.83191803621287e-22,0.0,2.220446049250313e-16,True,short cycle (<6mo); low R2 (0.00)
Mahihkan Battery 02-21,ABWI112032806504W400,3,2024-05-01,18,False,exponential,585.2630219247455,0.07278523748418347,0.0,0.6283354144876911,False,
Mahihkan Battery 02-21,ABWI112032806504W400,4,2025-11-01,8,False,exponential,4.933333333333334,2.739580669448464e-22,0.0,0.0,True,low R2 (0.00)
Mahihkan Battery 02-21,ABWI112040306604W400,1,2023-06-01,25,False,exponential,392.5280000989576,1.1926977224876944e-15,0.0,-2.90878432451791e-14,True,low R2 (-0.00)
Mahihkan Battery 02-21,ABWI112040306604W400,2,2025-07-01,8,False,harmonic,519.8112967606614,0.10858174354976356,1.0,0.6821661006457671,False,
Mahihkan Battery 02-21,ABWI112040306604W400,3,2026-03-01,4,True,harmonic,404.35828746874364,0.12227535409855571,1.0,0.2731459484471266,True,short cycle (<6mo); low R2 (0.27)
Mahihkan Battery 02-21,ABWI112050306604W400,1,2022-11-01,9,False,harmonic,396.2262960755993,1.0428051888971543,1.0,0.4920532828058668,True,low R2 (0.49)
Mahihkan Battery 02-21,ABWI112050306604W400,2,2023-08-01,31,False,harmonic,249.1589877434543,0.021544386453816337,1.0,0.16856462392751048,True,low R2 (0.17)
Mahihkan Battery 02-21,ABWI112050306604W400,3,2026-03-01,4,True,harmonic,320.69272430176534,0.5503391683052274,1.0,0.8775541951833455,True,short cycle (<6mo)
Mahihkan Battery 02-21,ABWI112051006604W400,1,2024-04-01,5,True,harmonic,1787.9116373624768,0.44893316872746625,1.0,0.4344511574987746,True,short cycle (<6mo); low R2 (0.43)
Mahihkan Battery 02-21,ABWI112051006604W400,2,2024-09-01,22,False,harmonic,1349.0932373847213,0.10373222522979422,1.0,0.846103112824072,False,
Mahihkan Battery 02-21,ABWI112052206504W400,1,2022-08-01,5,True,harmonic,57.2807625278483,0.3997662957319252,1.0,0.3983731626037045,True,short cycle (<6mo); low R2 (0.40)
Mahihkan Battery 02-21,ABWI112052206504W400,2,2023-01-01,5,True,exponential,51.32,3.284067983126012e-24,0.0,1.1102230246251565e-16,True,short cycle (<6mo); low R2 (0.00)
Mahihkan Battery 02-21,ABWI112052206504W400,3,2023-06-01,23,False,harmonic,144.9100298506848,0.019337891775799452,1.0,0.1334820936729263,True,low R2 (0.13)
Mahihkan Battery 02-21,ABWI112052206504W400,4,2025-05-01,11,False,harmonic,137.39314726876773,0.7478686019420266,1.0,0.823515839624107,False,
Mahihkan Battery 02-21,ABWI112052206504W400,5,2026-04-01,3,True,,,,,,True,too few data points to fit
Mahihkan Battery 02-21,ABWI112052606504W400,1,2022-05-01,15,False,hyperbolic,785.7592086625986,0.27506960866768304,1.9999999999999998,0.6613345160321191,True,b pinned at bound (2.000)
Mahihkan Battery 02-21,ABWI112052606504W400,2,2023-08-01,11,False,exponential,299.98,7.545612787023387e-18,0.0,-4.440892098500626e-16,True,low R2 (-0.00)
Mahihkan Battery 02-21,ABWI112052606504W400,3,2024-07-01,7,False,harmonic,479.03790521328506,0.15360642240812503,1.0,0.11705606429609294,True,low R2 (0.12)
Mahihkan Battery 02-21,ABWI112052606504W400,4,2025-02-01,10,False,harmonic,334.2513857491776,0.03166855186557531,1.0,0.07458906559680856,True,low R2 (0.07)
Mahihkan Battery 02-21,ABWI112052606504W400,5,2025-12-01,7,False,exponential,402.54285714285714,1.774834484829598e-24,0.0,-2.220446049250313e-16,True,low R2 (-0.00)
Mahihkan Battery 02-21,ABWI112072706504W400,1,2023-02-01,14,False,exponential,311.7857142857143,2.979000806152819e-22,0.0,0.0,True,low R2 (0.00)
Mahihkan Battery 02-21,ABWI112072706504W400,2,2024-04-01,12,False,harmonic,1121.4404136040935,0.24741244607694846,1.0,0.5620369782975306,False,
Mahihkan Battery 02-21,ABWI112072706504W400,3,2025-04-01,6,False,harmonic,745.8180182302831,0.6793503156692889,1.0,0.7687246751099706,False,
Mahihkan Battery 02-21,ABWI112072706504W400,4,2025-10-01,9,False,exponential,369.6666667485772,1.8433637674231977e-13,0.0,-7.682743330406083e-14,True,low R2 (-0.00)
Mahihkan Battery 02-21,ABWI112081506504W400,1,2023-05-01,17,False,exponential,367.1411765295835,6.968680603868307e-16,0.0,-1.865174681370263e-14,True,low R2 (-0.00)
Mahihkan Battery 02-21,ABWI112081506504W400,2,2024-10-01,14,False,harmonic,658.2430810848329,0.5070101879534885,1.0,0.9644602806523495,False,
Mahihkan Battery 02-21,ABWI112081506504W400,3,2025-12-01,7,False,harmonic,125.26649705536605,0.10328818471126314,1.0,0.5925321143760978,False,
Mahihkan Battery 02-21,ABWI112082106504W400,1,2024-03-01,11,False,exponential,86.42264865731195,0.12427383834025546,0.0,0.7230452305522399,False,
Mahihkan Battery 02-21,ABWI112082106504W400,2,2025-02-01,17,False,harmonic,28.906830428031512,0.00020809358982247497,1.0,5.406753455394764e-06,True,low R2 (0.00)
Mahihkan Battery 02-21,ABWI112090306604W400,1,2022-11-01,18,False,exponential,141.92777777777778,4.1974795886516456e-22,0.0,0.0,True,low R2 (0.00)
Mahihkan Battery 02-21,ABWI112090306604W400,2,2024-05-01,4,True,harmonic,286.3494485880126,1.142730172477784,1.0,0.5243724107923162,True,short cycle (<6mo)
Mahihkan Battery 02-21,ABWI112090306604W400,3,2024-09-01,6,False,harmonic,494.1333330207201,2.058801647394215e-15,1.0,-9.103828801926284e-15,True,low R2 (-0.00)
Mahihkan Battery 02-21,ABWI112090306604W400,4,2025-03-01,16,False,hyperbolic,985.2652947389234,7.723641296584709,1.9999999999999991,0.9748835167205271,True,very high Di (7.72/month); b pinned at bound (2.000)
Mahihkan Battery 02-21,ABWI112092706504W400,1,2023-07-01,8,False,harmonic,50.349999999999994,1.0004170974018199e-21,1.0,0.0,True,low R2 (0.00)
Mahihkan Battery 02-21,ABWI112092706504W400,2,2024-03-01,9,False,exponential,51.844444444852435,2.1189110962629625e-18,0.0,0.0,True,low R2 (0.00)
Mahihkan Battery 02-21,ABWI112092706504W400,3,2024-12-01,12,False,exponential,87.925,2.3294720796632337e-22,0.0,0.0,True,low R2 (0.00)
Mahihkan Battery 02-21,ABWI112092706504W400,4,2025-12-01,7,False,exponential,159.57516745833334,0.22180271480537095,0.0,0.7853011709271068,False,
Mahihkan Battery 02-21,ABWI112092906504W400,1,2022-08-01,7,False,exponential,187.83599503079594,0.35644843653091013,0.0,0.9050858298716102,False,
Mahihkan Battery 02-21,ABWI112092906504W400,2,2023-03-01,10,False,exponential,160.11,2.6006481276516223e-22,0.0,0.0,True,low R2 (0.00)
Mahihkan Battery 02-21,ABWI112092906504W400,3,2024-01-01,17,False,hyperbolic,313.4718846903044,0.37894686465730687,1.9999999999999993,0.668667261313622,True,b pinned at bound (2.000)
Mahihkan Battery 02-21,ABWI112092906504W400,4,2025-06-01,5,True,harmonic,192.44053308923392,0.2652236033651957,1.0,0.46149920929008614,True,short cycle (<6mo); low R2 (0.46)
Mahihkan Battery 02-21,ABWI112092906504W400,5,2025-11-01,8,False,exponential,147.7026067449754,0.15365355130342964,0.0,0.7803317241507167,False,
Mahihkan Battery 02-21,ABWI112101506504W400,1,2022-05-01,5,True,harmonic,48.44586901721889,0.007667495192839183,1.0,0.0022773194663480156,True,short cycle (<6mo); low R2 (0.00)
Mahihkan Battery 02-21,ABWI112101506504W400,2,2022-10-01,7,False,harmonic,68.95426225122317,0.238117683875102,1.0,0.6284736208245693,False,
Mahihkan Battery 02-21,ABWI112101506504W400,3,2023-05-01,4,True,harmonic,55.817499011763374,0.17514065474713295,1.0,0.4441988874582401,True,short cycle (<6mo); low R2 (0.44)
Mahihkan Battery 02-21,ABWI112101506504W400,4,2023-09-01,12,False,exponential,58.516666666666666,2.566507426742233e-22,0.0,-2.220446049250313e-16,True,low R2 (-0.00)
Mahihkan Battery 02-21,ABWI112101506504W400,5,2024-09-01,12,False,harmonic,210.26297155985796,0.08150675421751011,1.0,0.1952172712054161,True,low R2 (0.20)
Mahihkan Battery 02-21,ABWI112101506504W400,6,2025-09-01,10,False,harmonic,186.00402627546075,0.027578131555795325,1.0,0.005564646152591446,True,low R2 (0.01)
Mahihkan Battery 02-21,ABWI112102906504W400,1,2023-03-01,5,True,,,,,,True,too few data points to fit
Mahihkan Battery 02-21,ABWI112102906504W400,2,2023-08-01,35,False,exponential,133.31764703485348,3.400077698779145e-19,0.0,0.0,True,low R2 (0.00)
Mahihkan Battery 02-21,ABWI112103406504W402,1,2024-10-01,11,False,harmonic,326.75959143007736,0.2154514653677854,1.0,0.4701869223970446,True,low R2 (0.47)
Mahihkan Battery 02-21,ABWI112103406504W402,2,2025-09-01,10,False,harmonic,289.44193768369865,0.0949030205768686,1.0,0.4006667104581607,True,low R2 (0.40)
Mahihkan Battery 02-21,ABWI112121106504W400,1,2023-02-01,7,False,exponential,79.00917535371259,0.2703996460966071,0.0,0.9451568215683497,False,
Mahihkan Battery 02-21,ABWI112121106504W400,2,2023-09-01,9,False,harmonic,76.8333330773213,5.14757324066726e-15,1.0,-2.4202861936828413e-14,True,low R2 (-0.00)
Mahihkan Battery 02-21,ABWI112121106504W400,3,2024-06-01,4,True,exponential,197.6091335599955,0.5255318495187244,0.0,0.7890830350175609,True,short cycle (<6mo)
Mahihkan Battery 02-21,ABWI112121106504W400,4,2024-10-01,5,True,harmonic,100.68104939489642,0.04364120484327818,1.0,0.013316069724105706,True,short cycle (<6mo); low R2 (0.01)
Mahihkan Battery 02-21,ABWI112121106504W400,5,2025-03-01,12,False,exponential,77.51111111129956,1.4273588230654683e-20,0.0,-2.220446049250313e-16,True,low R2 (-0.00)
Mahihkan Battery 02-21,ABWI112121106504W400,6,2026-03-01,4,True,exponential,165.73402130844093,0.30753793767570736,0.0,0.47242916439823524,True,short cycle (<6mo); low R2 (0.47)
Mahihkan Battery 02-21,ABWI112132606504W400,1,2023-02-01,4,True,harmonic,32.42742383483683,0.9872312116256128,1.0,0.9959843394488734,True,short cycle (<6mo)
Mahihkan Battery 02-21,ABWI112132606504W400,2,2023-06-01,12,False,harmonic,62.47709522704773,0.09746775967803618,1.0,0.3398761982879551,True,low R2 (0.34)
Mahihkan Battery 02-21,ABWI112132606504W400,3,2024-06-01,4,True,,,,,,True,too few data points to fit
Mahihkan Battery 02-21,ABWI112132606504W400,4,2024-10-01,5,True,exponential,36.9600000002191,5.542004938288793e-17,0.0,-2.220446049250313e-16,True,short cycle (<6mo); low R2 (-0.00)
Mahihkan Battery 02-21,ABWI112132606504W400,5,2025-03-01,5,True,exponential,64.9400000001932,1.2892074590270891e-17,0.0,1.1102230246251565e-16,True,short cycle (<6mo); low R2 (0.00)
Mahihkan Battery 02-21,ABWI112143406504W400,1,2022-05-01,12,False,exponential,438.93333373301516,1.766658300478694e-22,0.0,0.0,True,low R2 (0.00)
Mahihkan Battery 02-21,ABWI112143406504W400,2,2023-05-01,11,False,exponential,709.8727272727273,1.6316202052613049e-18,0.0,-2.220446049250313e-16,True,low R2 (-0.00)
Mahihkan Battery 02-21,ABWI112143406504W400,3,2024-04-01,11,False,harmonic,1003.8197735458086,0.07565884305777394,1.0,0.05489362774946549,True,low R2 (0.05)
Mahihkan Battery 02-21,ABWI112143406504W400,4,2025-03-01,10,False,exponential,1188.9098990913296,0.13153066042634853,0.0,0.801764825619774,False,
Mahihkan Battery 02-21,ABWI112143406504W400,5,2026-01-01,6,False,harmonic,444.5379444488019,0.7045838920110508,1.0,0.927838241370142,False,
Mahihkan Battery 02-21,ABWI112152106504W400,1,2022-08-01,10,False,exponential,650.11,4.472710470045292e-21,0.0,0.0,True,low R2 (0.00)
Mahihkan Battery 02-21,ABWI112152106504W400,2,2023-06-01,23,False,harmonic,940.9634615047626,0.025520158338461357,1.0,0.2199730784886248,True,low R2 (0.22)
Mahihkan Battery 02-21,ABWI112152106504W400,3,2025-05-01,8,False,harmonic,888.399165542849,1.8796378282878583,1.0,0.8646196377407236,False,
Mahihkan Battery 02-21,ABWI112152106504W400,4,2026-01-01,6,False,harmonic,319.87291214390285,0.6926756730766441,1.0,0.45798994256527803,True,low R2 (0.46)
Mahihkan Battery 02-21,ABWI112162706504W400,1,2022-05-01,7,False,harmonic,116.27232441769733,0.222353915279712,1.0,0.19769584010953423,True,low R2 (0.20)
Mahihkan Battery 02-21,ABWI112162706504W400,2,2022-12-01,10,False,harmonic,169.8616711811253,0.5816911538219854,1.0,0.6806357111174897,False,
Mahihkan Battery 02-21,ABWI112162706504W400,3,2023-10-01,5,True,exponential,140.83400110539637,0.24931408540831138,0.0,0.8955042082244141,True,short cycle (<6mo)
Mahihkan Battery 02-21,ABWI112162706504W400,4,2024-03-01,19,False,exponential,197.93157894736842,4.6594473970481907e-20,0.0,0.0,True,low R2 (0.00)
Mahihkan Battery 02-21,ABWI112162706504W400,5,2025-10-01,9,False,harmonic,467.72485939627825,0.09436628198369285,1.0,0.6995888082793786,False,
Mahihkan Battery 02-21,ABWI112163406504W400,1,2022-09-01,10,False,harmonic,70.86113915813027,0.06559840230636135,1.0,0.1493969587348204,True,low R2 (0.15)
Mahihkan Battery 02-21,ABWI112163406504W400,2,2023-07-01,8,False,,,,,,True,too few data points to fit
Mahihkan Battery 02-21,ABWI112163406504W400,3,2024-03-01,13,False,exponential,120.65555555555555,3.5378354169142206e-19,0.0,0.0,True,low R2 (0.00)
Mahihkan Battery 02-21,ABWI112163406504W400,4,2025-04-01,15,False,harmonic,149.40487108609037,0.0008338397213846049,1.0,0.0003252615317733687,True,low R2 (0.00)
Mahihkan Battery 02-21,ABWI113013406504W400,1,2022-10-01,45,False,harmonic,438.330321420463,0.010951592794936295,1.0,0.2443247711306329,True,low R2 (0.24)
Mahihkan Battery 02-21,ABWI113030306604W402,1,2022-09-01,8,False,harmonic,1328.0508197153997,0.09044583562826448,1.0,0.3179289782383854,True,low R2 (0.32)
Mahihkan Battery 02-21,ABWI113030306604W402,2,2023-05-01,13,False,exponential,1131.7461533510648,6.5452626386310065e-18,0.0,-4.440892098500626e-16,True,low R2 (-0.00)
Mahihkan Battery 02-21,ABWI113030306604W402,3,2024-06-01,18,False,harmonic,1715.1650955029772,0.25794163086073557,1.0,0.6894821307715202,False,
Mahihkan Battery 02-21,ABWI113030306604W402,4,2025-12-01,7,False,harmonic,764.9623831473606,0.13807466631045437,1.0,0.5437541710351692,False,
Mahihkan Battery 02-21,ABWI113040306604W400,1,2022-12-01,7,False,exponential,375.72857142923436,1.1838622370058499e-18,0.0,1.1102230246251565e-16,True,low R2 (0.00)
Mahihkan Battery 02-21,ABWI113040306604W400,2,2023-07-01,9,False,harmonic,493.13293619706184,0.05101558779244151,1.0,0.321691986199808,True,low R2 (0.32)
Mahihkan Battery 02-21,ABWI113040306604W400,3,2024-04-01,27,False,exponential,404.0870839810594,0.01828975240388005,0.0,0.3629505751799509,True,low R2 (0.36)
Mahihkan Battery 02-21,ABWI113050306604W400,1,2023-04-01,8,False,harmonic,578.2665969118385,0.38576586702880855,1.0,0.6880413199362281,False,
Mahihkan Battery 02-21,ABWI113050306604W400,2,2023-12-01,6,False,harmonic,341.3235247805811,0.3441585131848767,1.0,0.688407017843405,False,
Mahihkan Battery 02-21,ABWI113050306604W400,3,2024-06-01,21,False,exponential,197.7428571428572,5.2917775598357e-27,0.0,0.0,True,low R2 (0.00)
Mahihkan Battery 02-21,ABWI113050306604W400,4,2026-03-01,4,True,harmonic,368.58017492419106,0.5974554940283355,1.0,0.861172046124753,True,short cycle (<6mo)
Mahihkan Battery 02-21,ABWI113051006604W400,1,2023-08-01,8,False,harmonic,3179.9150120319746,0.6605900216139318,1.0,0.825643353259114,False,
Mahihkan Battery 02-21,ABWI113051006604W400,2,2024-04-01,4,True,exponential,2142.8750000000005,1.8171275102617694e-16,0.0,-8.881784197001252e-16,True,short cycle (<6mo); low R2 (-0.00)
Mahihkan Battery 02-21,ABWI113051006604W400,3,2024-08-01,17,False,harmonic,4130.295802634891,0.5271946423274652,1.0,0.9795636745197583,False,
Mahihkan Battery 02-21,ABWI113051006604W400,4,2026-01-01,6,False,exponential,170.69999981340086,2.6503209673951346e-15,0.0,-1.3100631690576847e-14,True,low R2 (-0.00)
Mahihkan Battery 02-21,ABWI113082106504W400,1,2023-06-01,9,False,harmonic,250.96595534412407,0.22277613408364605,1.0,0.5242883678742534,False,
Mahihkan Battery 02-21,ABWI113082106504W400,2,2024-03-01,21,False,harmonic,103.49890306828668,0.038198444372412474,1.0,0.037954360264011444,True,low R2 (0.04)
Mahihkan Battery 02-21,ABWI113082106504W400,3,2025-12-01,7,False,harmonic,170.00967736063134,0.47458649012463777,1.0,0.7305147147106261,False,
Mahihkan Battery 02-21,ABWI113101506504W400,1,2022-06-01,5,True,exponential,115.01919735895913,0.5166107597743345,0.0,0.9333830090796225,True,short cycle (<6mo)
Mahihkan Battery 02-21,ABWI113101506504W400,2,2022-11-01,16,False,exponential,107.3249999924716,9.124773932120932e-21,0.0,-2.220446049250313e-16,True,low R2 (-0.00)
Mahihkan Battery 02-21,ABWI113101506504W400,3,2024-03-01,10,False,harmonic,263.0417892444952,0.15178178957364907,1.0,0.8636391505639865,False,
Mahihkan Battery 02-21,ABWI113101506504W400,4,2025-01-01,6,False,harmonic,191.62623169373364,0.3522903271256532,1.0,0.3659557515787426,True,low R2 (0.37)
Mahihkan Battery 02-21,ABWI113101506504W400,5,2025-07-01,12,False,harmonic,459.5500111237015,0.35515925018015726,1.0,0.712629040186795,False,
Mahihkan Battery 02-21,ABWI113102906504W400,1,2022-08-01,7,False,exponential,188.13272182104956,0.3932886902381859,0.0,0.9395542095845663,False,
Mahihkan Battery 02-21,ABWI113102906504W400,2,2023-03-01,13,False,exponential,271.0969581207546,0.6190466206072252,0.0,0.9074176458613946,False,
Mahihkan Battery 02-21,ABWI113102906504W400,3,2024-04-01,27,False,harmonic,174.89259257436473,3.470613956197886e-16,1.0,-9.325873406851315e-15,True,low R2 (-0.00)
Mahihkan Battery 02-21,ABWI113112706504W400,1,2022-06-01,6,False,harmonic,158.4008033763976,0.012017618324945786,1.0,0.005098096520207429,True,low R2 (0.01)
Mahihkan Battery 02-21,ABWI113112706504W400,2,2022-12-01,16,False,exponential,213.96249995819912,3.965472733908667e-18,0.0,0.0,True,low R2 (0.00)
Mahihkan Battery 02-21,ABWI113112706504W400,3,2024-04-01,15,False,exponential,265.2933333704831,2.5031480537529095e-19,0.0,2.220446049250313e-16,True,low R2 (0.00)
Mahihkan Battery 02-21,ABWI113112706504W400,4,2025-07-01,4,True,harmonic,884.3194109199995,1.8052860746342407,1.0,0.7153425204142659,True,short cycle (<6mo)
Mahihkan Battery 02-21,ABWI113112706504W400,5,2025-11-01,4,True,exponential,377.225,3.599748855827017e-17,0.0,-2.220446049250313e-16,True,short cycle (<6mo); low R2 (-0.00)
Mahihkan Battery 02-21,ABWI113112706504W400,6,2026-03-01,4,True,,,,,,True,too few data points to fit
Mahihkan Battery 02-21,ABWI113121106504W400,1,2023-03-01,22,False,exponential,330.90797645004324,0.04924413395117877,0.0,0.4720790493126744,True,low R2 (0.47)
Mahihkan Battery 02-21,ABWI113121106504W400,2,2025-01-01,18,False,harmonic,291.26202105502443,0.3426256890007606,1.0,0.9069319208764219,False,
Mahihkan Battery 02-21,ABWI114032806504W400,1,2023-06-01,7,False,exponential,111.67142857142959,1.0644206974359243e-21,0.0,0.0,True,low R2 (0.00)
Mahihkan Battery 02-21,ABWI114032806504W400,2,2024-01-01,30,False,harmonic,151.07509424570998,0.00889981605282948,1.0,0.08423091798243021,True,low R2 (0.08)
Mahihkan Battery 02-21,ABWI114082106504W400,1,2024-01-01,16,False,hyperbolic,381.04595873085157,0.2631951086173546,1.9999999999999936,0.933634456686536,True,b pinned at bound (2.000)
Mahihkan Battery 02-21,ABWI114082106504W400,2,2025-05-01,14,False,exponential,180.52548839668904,0.06487478838041039,0.0,0.7205786236346041,False,
Mahihkan Battery 02-21,ABWI114102906504W400,1,2022-08-01,7,False,exponential,288.00048728786504,0.5198988737582954,0.0,0.9183976473339177,False,
Mahihkan Battery 02-21,ABWI114102906504W400,2,2023-03-01,10,False,exponential,121.19000000624116,2.9531808288957204e-16,0.0,-8.881784197001252e-16,True,low R2 (-0.00)
Mahihkan Battery 02-21,ABWI114102906504W400,3,2024-01-01,9,False,harmonic,170.56847492779613,0.19166735157079443,1.0,0.6104572095413876,False,
Mahihkan Battery 02-21,ABWI114102906504W400,4,2024-10-01,21,False,harmonic,100.70911755700735,0.03399511525695711,1.0,0.8755090109143491,False,
Mahihkan Battery 02-21,ABWI114112706504W400,1,2022-12-01,21,False,exponential,151.53809525847225,4.628908637455421e-16,0.0,-1.1546319456101628e-14,True,low R2 (-0.00)
Mahihkan Battery 02-21,ABWI114112706504W400,2,2024-09-01,9,False,harmonic,193.96480869713503,0.054158367518529385,1.0,0.32991717955783206,True,low R2 (0.33)
Mahihkan Battery 02-21,ABWI114112706504W400,3,2025-06-01,13,False,exponential,332.73846153846154,7.714193546896435e-22,0.0,1.1102230246251565e-16,True,low R2 (0.00)
Mahihkan Battery 02-21,ABWI114120306604W400,1,2023-06-01,9,False,exponential,664.5648235624371,0.16147392026611143,0.0,0.8823504300790169,False,
Mahihkan Battery 02-21,ABWI114120306604W400,2,2024-03-01,4,True,harmonic,864.3668022926508,3.090202012661412,1.0,0.9926225503063657,True,short cycle (<6mo); very high Di (3.09/month)
Mahihkan Battery 02-21,ABWI114120306604W400,3,2024-07-01,4,True,exponential,240.5068106823115,0.21323863167980553,0.0,0.7237144596772158,True,short cycle (<6mo)
Mahihkan Battery 02-21,ABWI114120306604W400,4,2024-11-01,10,False,exponential,205.04,1.7573206140547938e-20,0.0,0.0,True,low R2 (0.00)
Mahihkan Battery 02-21,ABWI114120306604W400,5,2025-09-01,8,False,harmonic,354.6347454275929,0.1467043212195445,1.0,0.6999725323015221,False,
Mahihkan Battery 02-21,ABWI114120306604W400,6,2026-05-01,2,True,,,,,,True,too few data points to fit
Mahihkan Battery 02-21,ABWI114141506504W400,1,2023-07-01,7,False,harmonic,357.12136333690466,0.7699723320701995,1.0,0.9465053145858973,False,
Mahihkan Battery 02-21,ABWI114141506504W400,2,2024-02-01,5,True,harmonic,180.0904044195637,0.1793922257347057,1.0,0.47177032635985106,True,short cycle (<6mo); low R2 (0.47)
Mahihkan Battery 02-21,ABWI114141506504W400,3,2024-07-01,9,False,harmonic,128.96047847131362,0.04100617112479554,1.0,0.0936139452499809,True,low R2 (0.09)
Mahihkan Battery 02-21,ABWI114141506504W400,4,2025-04-01,6,False,harmonic,191.1688389579019,0.22443306315935477,1.0,0.3820608335488659,True,low R2 (0.38)
Mahihkan Battery 02-21,ABWI114141506504W400,5,2025-10-01,9,False,harmonic,132.72450622307173,0.07674232027509208,1.0,0.23579916094711417,True,low R2 (0.24)
Mahihkan Battery 02-21,ABWI115153406504W402,1,2024-08-01,23,False,exponential,151.54782608697693,1.17458056638945e-22,0.0,0.0,True,low R2 (0.00)
Mahihkan Battery 02-21,ABWI117022206504W400,1,2025-06-01,13,False,harmonic,168.8996001658024,0.07657486755627742,1.0,0.8076266695500607,False,
Mahihkan Battery 02-21,ABWI117050306604W400,1,2022-12-01,23,False,exponential,313.2,4.945658259453556e-19,0.0,0.0,True,low R2 (0.00)
Mahihkan Battery 02-21,ABWI117050306604W400,2,2024-11-01,8,False,harmonic,484.71330030370177,0.111894737072095,1.0,0.38775477566024785,True,low R2 (0.39)
Mahihkan Battery 02-21,ABWI117050306604W400,3,2025-07-01,12,False,harmonic,416.2660409044427,0.04917466490011442,1.0,0.523424015882495,False,
Mahihkan Battery 02-21,ABWI118022206504W400,1,2022-07-01,7,False,harmonic,44.08020693793395,0.004595924357006782,1.0,6.451037941845872e-05,True,low R2 (0.00)
Mahihkan Battery 02-21,ABWI118022206504W400,2,2023-02-01,7,False,harmonic,111.27281580127507,0.06465914014568452,1.0,0.20484471770961976,True,low R2 (0.20)
Mahihkan Battery 02-21,ABWI118022206504W400,3,2023-09-01,12,False,hyperbolic,130.31009761630037,0.7797693206122818,1.9999999999999998,0.7535962223496979,True,b pinned at bound (2.000)
Mahihkan Battery 02-21,ABWI118022206504W400,4,2024-09-01,4,True,exponential,40.85,1.2584902493737435e-22,0.0,0.0,True,short cycle (<6mo); low R2 (0.00)
Mahihkan Battery 02-21,ABWI118022206504W400,5,2025-01-01,5,True,harmonic,130.6316664103525,1.1333819575334922,1.0,0.7094639155396121,True,short cycle (<6mo)
Mahihkan Battery 02-21,ABWI118022206504W400,6,2025-06-01,8,False,exponential,82.66249996888706,2.2154041110675857e-15,0.0,-1.0436096431476471e-14,True,low R2 (-0.00)
Mahihkan Battery 02-21,ABWI118022206504W400,7,2026-02-01,5,True,harmonic,320.8296175641904,0.77033725798487,1.0,0.9185003846476614,True,short cycle (<6mo)
Mahihkan Battery 02-21,ABWI1S0010306604W400,1,2024-10-01,13,False,harmonic,190.7695813150597,0.2134271855926687,1.0,0.3526316340119514,True,low R2 (0.35)
Mahihkan Battery 02-21,ABWI1S0010306604W400,2,2025-11-01,8,False,exponential,109.13750000000029,1.3194399148305259e-22,0.0,0.0,True,low R2 (0.00)
Mahihkan Battery 02-21,ABWI1S0010406604W400,1,2023-06-01,14,False,harmonic,408.64522071480553,0.13015393095558062,1.0,0.46933154117638043,True,low R2 (0.47)
Mahihkan Battery 02-21,ABWI1S0010406604W400,2,2024-08-01,23,False,exponential,335.0608695652174,5.724544784164888e-19,0.0,-2.220446049250313e-16,True,low R2 (-0.00)
Mahihkan Battery 02-21,ABWI1S0021506504W400,1,2022-05-01,16,False,harmonic,245.16184861164928,0.22774803756058354,1.0,0.5901583163153021,False,
Mahihkan Battery 02-21,ABWI1S0021506504W400,2,2023-09-01,4,True,exponential,258.3322608603095,0.22682568961995517,0.0,0.7630317556199521,True,short cycle (<6mo)
Mahihkan Battery 02-21,ABWI1S0021506504W400,3,2024-01-01,4,True,harmonic,201.5659596547916,0.5761390995300439,1.0,0.8080595502402309,True,short cycle (<6mo)
Mahihkan Battery 02-21,ABWI1S0021506504W400,4,2024-05-01,6,False,exponential,101.7,1.5529569422722393e-23,0.0,0.0,True,low R2 (0.00)
Mahihkan Battery 02-21,ABWI1S0021506504W400,5,2024-11-01,4,True,exponential,144.425,3.3511838847985094e-18,0.0,0.0,True,short cycle (<6mo); low R2 (0.00)
Mahihkan Battery 02-21,ABWI1S0021506504W400,6,2025-03-01,10,False,harmonic,209.16443771873864,0.06694079103817636,1.0,0.5582639549744703,False,
Mahihkan Battery 02-21,ABWI1S0021506504W400,7,2026-01-01,6,False,harmonic,199.9551848606651,0.06077384720547705,1.0,0.0732202103072408,True,low R2 (0.07)
Mahihkan Battery 02-21,ABWI1S0021606604W400,1,2022-09-01,13,False,exponential,90.60909090909091,6.383604440011367e-23,0.0,0.0,True,low R2 (0.00)
Mahihkan Battery 02-21,ABWI1S0021606604W400,2,2023-10-01,8,False,harmonic,167.83750034609503,9.74491567957032e-17,1.0,-4.440892098500626e-16,True,low R2 (-0.00)
Mahihkan Battery 02-21,ABWI1S0021606604W400,3,2024-06-01,4,True,exponential,379.618044720071,0.34582868209331613,0.0,0.8339137480628029,True,short cycle (<6mo)
Mahihkan Battery 02-21,ABWI1S0021606604W400,4,2024-10-01,7,False,harmonic,296.85714285714283,6.874824674426031e-25,1.0,0.0,True,low R2 (0.00)
Mahihkan Battery 02-21,ABWI1S0021606604W400,5,2025-05-01,11,False,exponential,466.6408317755374,0.10041944818713495,0.0,0.40299523672716997,True,low R2 (0.40)
Mahihkan Battery 02-21,ABWI1S0021606604W400,6,2026-04-01,3,True,,,,,,True,too few data points to fit
Mahihkan Battery 02-21,ABWI1S0022806604W400,1,2022-07-01,9,False,exponential,155.67815043054256,0.44172902058629154,0.0,0.8964050845058932,False,
Mahihkan Battery 02-21,ABWI1S0022806604W400,2,2023-04-01,4,True,harmonic,57.99576260507685,3.0623212235077983,1.0,0.9319618018511249,True,short cycle (<6mo); very high Di (3.06/month)
Mahihkan Battery 02-21,ABWI1S0022806604W400,3,2023-08-01,10,False,exponential,27.67,9.165549748415022e-22,0.0,0.0,True,low R2 (0.00)
Mahihkan Battery 02-21,ABWI1S0022806604W400,4,2024-06-01,9,False,,,,,,True,too few data points to fit
Mahihkan Battery 02-21,ABWI1S0022806604W400,5,2025-03-01,8,False,harmonic,29.784819784105498,0.03464381523855097,1.0,0.004922923622916908,True,low R2 (0.00)
Mahihkan Battery 02-21,ABWI1S0022806604W400,6,2025-11-01,8,False,harmonic,58.786645875101065,0.17373253296466315,1.0,0.2542205977558609,True,low R2 (0.25)
Mahihkan Battery 02-21,ABWI1S0030306604W400,1,2022-05-01,10,False,exponential,170.28,9.614403505828586e-25,0.0,0.0,True,low R2 (0.00)
Mahihkan Battery 02-21,ABWI1S0030306604W400,2,2023-03-01,14,False,exponential,243.3571430024993,1.8620228788398251e-22,0.0,-2.220446049250313e-16,True,low R2 (-0.00)
Mahihkan Battery 02-21,ABWI1S0030306604W400,3,2024-05-01,10,False,exponential,402.35,7.408133785689248e-22,0.0,0.0,True,low R2 (0.00)
Mahihkan Battery 02-21,ABWI1S0030306604W400,4,2025-03-01,16,False,harmonic,876.052762558618,0.13350551416194417,1.0,0.40768067000458197,True,low R2 (0.41)
Mahihkan Battery 02-21,ABWI1S0032806604W400,1,2022-09-01,16,False,hyperbolic,180.19658011455013,1.6377927427855916,1.999999999999999,0.738845002144277,True,b pinned at bound (2.000)
Mahihkan Battery 02-21,ABWI1S0032806604W400,2,2024-01-01,16,False,exponential,61.77060196260713,0.12404888696923197,0.0,0.6558018975019566,False,
Mahihkan Battery 02-21,ABWI1S0032806604W400,3,2025-05-01,4,True,harmonic,87.50016148428628,35.00125937997275,1.0,0.9999094587518638,True,short cycle (<6mo); very high Di (35.00/month)
Mahihkan Battery 02-21,ABWI1S0032806604W400,4,2025-09-01,7,False,exponential,23.61428582431557,2.4381534932357084e-17,0.0,-2.220446049250313e-16,True,low R2 (-0.00)
Mahihkan Battery 02-21,ABWI1S0032806604W400,5,2026-04-01,3,True,,,,,,True,too few data points to fit
Mahihkan Battery 02-21,ABWI1S0041506604W400,1,2022-08-01,7,False,exponential,112.51666666666667,3.0870718441307403e-19,0.0,0.0,True,low R2 (0.00)
Mahihkan Battery 02-21,ABWI1S0041506604W400,2,2023-03-01,13,False,harmonic,280.82147465265996,0.04748607081334041,1.0,0.6108123083946753,False,
Mahihkan Battery 02-21,ABWI1S0041506604W400,3,2024-04-01,6,False,exponential,311.0500311448389,0.1447237246473428,0.0,0.9177231291373329,False,
Mahihkan Battery 02-21,ABWI1S0041506604W400,4,2024-10-01,16,False,harmonic,177.8465357957454,0.005574183996462461,1.0,0.0031059271048631265,True,low R2 (0.00)
Mahihkan Battery 02-21,ABWI1S0041506604W400,5,2026-02-01,5,True,exponential,412.89559253684035,0.4317216981125626,0.0,0.9225696293565739,True,short cycle (<6mo)
Mahihkan Battery 02-21,ABWI1W0042806504W400,1,2023-08-01,11,False,harmonic,390.20071052568306,0.06631039069832177,1.0,0.612310588214201,False,
Mahihkan Battery 02-21,ABWI1W0042806504W400,2,2024-07-01,13,False,exponential,326.15643963292325,0.0507697785679733,0.0,0.5870705639913065,False,
Mahihkan Battery 02-21,ABWI1W0042806504W400,3,2025-08-01,11,False,harmonic,214.47813009265562,0.023977179226850335,1.0,0.13229352014529883,True,low R2 (0.13)
Mahihkan Battery 02-21,ABWI1W0052806504W400,1,2022-08-01,15,False,exponential,63.66494956038578,0.17252779478811045,0.0,0.43055789969631175,True,low R2 (0.43)
Mahihkan Battery 02-21,ABWI1W0052806504W400,2,2023-11-01,9,False,exponential,122.78888875494549,4.595161221042493e-22,0.0,0.0,True,low R2 (0.00)
Mahihkan Battery 02-21,ABWI1W0052806504W400,3,2024-08-01,9,False,harmonic,447.1220560877174,1.0499592370600819,1.0,0.9920133481705804,False,
Mahihkan Battery 02-21,ABWI1W0052806504W400,4,2025-05-01,14,False,exponential,108.07857142857142,1.332668206598763e-20,0.0,0.0,True,low R2 (0.00)
Mahihkan Battery 02-21,ABWI1W0122806504W400,1,2023-07-01,7,False,harmonic,276.7018810931834,0.9470856742018366,1.0,0.8438091870325525,False,
Mahihkan Battery 02-21,ABWI1W0122806504W400,2,2024-02-01,5,True,exponential,97.97999977512058,3.2834816448997326e-16,0.0,-8.881784197001252e-16,True,short cycle (<6mo); low R2 (-0.00)
Mahihkan Battery 02-21,ABWI1W0122806504W400,3,2024-07-01,10,False,harmonic,277.46376393763535,0.045946540271503536,1.0,0.2125881198644859,True,low R2 (0.21)
Mahihkan Battery 02-21,ABWI1W0122806504W400,4,2025-05-01,14,False,harmonic,281.87181114587935,0.05432680661155759,1.0,0.5137661530729558,False,
Mahihkan Battery 02-21,ABWI1W2052806504W400,1,2023-05-01,14,False,harmonic,188.32680939826815,0.0168802452597953,1.0,0.054056748955582545,True,low R2 (0.05)
Mahihkan Battery 02-21,ABWI1W2052806504W400,2,2024-07-01,10,False,exponential,156.02000000000004,4.297520210648565e-17,0.0,0.0,True,low R2 (0.00)
Mahihkan Battery 02-21,ABWI1W2052806504W400,3,2025-05-01,14,False,exponential,275.48571428571427,7.1642259770672715e-22,0.0,0.0,True,low R2 (0.00)
Nabiye 11-23,ABWI100010106603W400,1,2022-07-01,5,True,harmonic,812.404781935562,0.3938753131493675,1.0,0.1877211128934031,True,short cycle (<6mo); low R2 (0.19)
Nabiye 11-23,ABWI100010106603W400,2,2022-12-01,6,False,harmonic,954.9984376865724,0.13285408449851002,1.0,0.19684203283725543,True,low R2 (0.20)
Nabiye 11-23,ABWI100010106603W400,3,2023-06-01,7,False,harmonic,560.4585766783324,0.4485946917368258,1.0,0.12882057336251274,True,low R2 (0.13)
Nabiye 11-23,ABWI100010106603W400,4,2024-01-01,13,False,harmonic,629.7280051975026,0.055433655561865365,1.0,0.06473168768043502,True,low R2 (0.06)
Nabiye 11-23,ABWI100010106603W400,5,2025-02-01,6,False,exponential,1252.1451442165508,0.19195653410090643,0.0,0.8362385401021667,False,
Nabiye 11-23,ABWI100010106603W400,6,2025-08-01,6,False,exponential,764.0230314767127,0.3592850441572732,0.0,0.9174364866130115,False,
Nabiye 11-23,ABWI100010106603W400,7,2026-02-01,5,True,,,,,,True,too few data points to fit
Nabiye 11-23,ABWI100012406603W400,1,2022-07-01,20,False,harmonic,744.7678501827538,0.058780666336642036,1.0,0.4908426029277637,True,low R2 (0.49)
Nabiye 11-23,ABWI100012406603W400,2,2024-03-01,13,False,exponential,403.43846114995125,4.224909257700077e-14,0.0,-1.5498713423767185e-13,True,low R2 (-0.00)
Nabiye 11-23,ABWI100012406603W400,3,2025-04-01,4,True,exponential,1558.76607209244,0.30165836664473106,0.0,0.9046876733793225,True,short cycle (<6mo)
Nabiye 11-23,ABWI100012406603W400,4,2025-08-01,11,False,harmonic,777.7834701690259,0.793401241802392,1.0,0.36159794237291054,True,low R2 (0.36)
Nabiye 11-23,ABWI100012506603W400,1,2023-01-01,11,False,exponential,283.63446200410795,0.09211180947305572,0.0,0.6483068678909909,False,
Nabiye 11-23,ABWI100012506603W400,2,2023-12-01,7,False,harmonic,210.2322115304078,1.0963979750897601,1.0,0.9627047405114578,False,
Nabiye 11-23,ABWI100012506603W400,3,2024-07-01,4,True,harmonic,73.0349467240684,0.1405508088093136,1.0,0.16901872068645396,True,short cycle (<6mo); low R2 (0.17)
Nabiye 11-23,ABWI100012506603W400,4,2024-11-01,6,False,harmonic,63.41862906753441,0.3450794720505169,1.0,0.6375076582067605,False,
Nabiye 11-23,ABWI100012506603W400,5,2025-05-01,10,False,harmonic,46.04444443062483,3.8101685140766766e-19,1.0,-2.220446049250313e-16,True,low R2 (-0.00)
Nabiye 11-23,ABWI100012506603W400,6,2026-03-01,4,True,exponential,71.73365965953721,0.3021527587204872,0.0,0.7747191009887918,True,short cycle (<6mo)
Nabiye 11-23,ABWI100012606603W400,1,2022-08-01,8,False,harmonic,1183.4318876570567,0.14439714224871644,1.0,0.3065755282401724,True,low R2 (0.31)
Nabiye 11-23,ABWI100012606603W400,2,2023-04-01,11,False,harmonic,794.0305291369688,0.027746444208479198,1.0,0.020354174654022006,True,low R2 (0.02)
Nabiye 11-23,ABWI100012606603W400,3,2024-03-01,8,False,exponential,1262.7178123078454,0.12909660193834643,0.0,0.8228093035808046,False,
Nabiye 11-23,ABWI100021306603W400,1,2022-06-01,4,True,,,,,,True,too few data points to fit
Nabiye 11-23,ABWI100021306603W400,2,2022-10-01,4,True,,,,,,True,too few data points to fit
Nabiye 11-23,ABWI100021306603W400,3,2023-02-01,8,False,exponential,178.63077989123292,0.1624821806359714,0.0,0.8936247045498505,False,
Nabiye 11-23,ABWI100021306603W400,4,2023-10-01,5,True,harmonic,79.5473296359679,1.2360924318578839,1.0,0.2973302949655571,True,short cycle (<6mo); low R2 (0.30)
Nabiye 11-23,ABWI100021306603W400,5,2024-03-01,8,False,harmonic,90.37935948426599,0.19042873595029208,1.0,0.7201657736364768,False,
Nabiye 11-23,ABWI100021306603W400,6,2024-11-01,4,True,exponential,57.07500000000004,4.514657271467092e-24,0.0,2.220446049250313e-16,True,short cycle (<6mo); low R2 (0.00)
Nabiye 11-23,ABWI100021306603W400,7,2025-03-01,5,True,exponential,142.38394772309974,0.2769708247407748,0.0,0.7481086568318619,True,short cycle (<6mo)
Nabiye 11-23,ABWI100021306603W400,8,2025-08-01,7,False,harmonic,77.26121250105871,0.16420816068731,1.0,0.3427439784418387,True,low R2 (0.34)
Nabiye 11-23,ABWI100021306603W400,9,2026-03-01,4,True,harmonic,162.59600772396203,0.11674924406146853,1.0,0.18688827770085314,True,short cycle (<6mo); low R2 (0.19)
Nabiye 11-23,ABWI100021806602W402,1,2023-01-01,10,False,exponential,757.2662195690905,0.1499021904486286,0.0,0.704620520179874,False,
Nabiye 11-23,ABWI100021806602W402,2,2023-11-01,5,True,exponential,123.76000022337679,6.24077257769268e-20,0.0,-2.220446049250313e-16,True,short cycle (<6mo); low R2 (-0.00)
Nabiye 11-23,ABWI100021806602W402,3,2024-04-01,7,False,harmonic,499.5784708965291,1.2606146167304804,1.0,0.46563806156271237,True,low R2 (0.47)
Nabiye 11-23,ABWI100021806602W402,4,2024-11-01,5,True,harmonic,193.90000003010238,4.710692555201909e-15,1.0,-2.220446049250313e-15,True,short cycle (<6mo); low R2 (-0.00)
Nabiye 11-23,ABWI100021806602W402,5,2025-04-01,4,True,exponential,582.6209174809383,0.1606665957882232,0.0,0.5893753681672509,True,short cycle (<6mo)
Nabiye 11-23,ABWI100021806602W402,6,2025-08-01,6,False,harmonic,416.6371081751315,0.13145494215504358,1.0,0.3462338142655811,True,low R2 (0.35)
Nabiye 11-23,ABWI100021806602W402,7,2026-02-01,5,True,exponential,363.15879843084934,0.49342302107550956,0.0,0.960828689077243,True,short cycle (<6mo)
Nabiye 11-23,ABWI100023006602W400,1,2023-01-01,4,True,harmonic,934.2045018878391,0.6542268910484612,1.0,0.6357109746999624,True,short cycle (<6mo)
Nabiye 11-23,ABWI100023006602W400,2,2023-05-01,10,False,harmonic,862.6124594694461,0.12126103089426382,1.0,0.36593114238877944,True,low R2 (0.37)
Nabiye 11-23,ABWI100023006602W400,3,2024-03-01,8,False,exponential,747.785394760573,0.17170830336212256,0.0,0.7950285829392718,False,
Nabiye 11-23,ABWI100023506603W400,1,2023-05-01,6,False,harmonic,223.1195423805819,0.168101808966061,1.0,0.06271999298081021,True,low R2 (0.06)
Nabiye 11-23,ABWI100023506603W400,2,2023-11-01,6,False,harmonic,323.0773242380063,0.18768660172499624,1.0,0.3024342095147088,True,low R2 (0.30)
Nabiye 11-23,ABWI100023506603W400,3,2024-05-01,3,True,,,,,,True,too few data points to fit
Nabiye 11-23,ABWI100023606603W400,1,2022-09-01,8,False,harmonic,153.16035732702758,0.3191788289283445,1.0,0.6237629862227834,False,
Nabiye 11-23,ABWI100023606603W400,2,2023-05-01,6,False,harmonic,153.20775222787432,0.2903825076435755,1.0,0.44767505170825717,True,low R2 (0.45)
Nabiye 11-23,ABWI100023606603W400,3,2023-11-01,6,False,exponential,147.6999996616622,6.298866410639157e-16,0.0,-4.440892098500626e-15,True,low R2 (-0.00)
Nabiye 11-23,ABWI100023606603W400,4,2024-05-01,14,False,exponential,183.16153836145827,8.595325575011201e-17,0.0,-2.220446049250313e-16,True,low R2 (-0.00)
Nabiye 11-23,ABWI100023606603W400,5,2025-07-01,6,False,exponential,307.06602492669117,0.3639551397531981,0.0,0.9961905819722406,False,
Nabiye 11-23,ABWI100023606603W400,6,2026-01-01,6,False,exponential,141.9,1.9042389075328775e-18,0.0,0.0,True,low R2 (0.00)
Nabiye 11-23,ABWI100032306603W400,1,2022-12-01,5,True,harmonic,811.6959729471496,0.23720743860441992,1.0,0.3523505255256457,True,short cycle (<6mo); low R2 (0.35)
Nabiye 11-23,ABWI100032306603W400,2,2023-05-01,10,False,harmonic,600.8679320447924,0.10559840211172866,1.0,0.22846844998671034,True,low R2 (0.23)
Nabiye 11-23,ABWI100032306603W400,3,2024-03-01,7,False,harmonic,404.1564208088323,0.008227635402476717,1.0,0.0012597312159366991,True,low R2 (0.00)
Nabiye 11-23,ABWI100032306603W400,4,2024-10-01,11,False,exponential,356.09090855740743,3.643425344624507e-23,0.0,0.0,True,low R2 (0.00)
Nabiye 11-23,ABWI100032306603W400,5,2025-09-01,10,False,harmonic,934.0830987985214,3.1299974422239867,1.0,0.7599098277371796,True,very high Di (3.13/month)
Nabiye 11-23,ABWI100032406603W400,1,2022-05-01,5,True,harmonic,202.09422905016598,0.07891202566089751,1.0,0.10073303300944192,True,short cycle (<6mo); low R2 (0.10)
Nabiye 11-23,ABWI100032406603W400,2,2022-10-01,6,False,harmonic,125.70217110872687,0.014604670343583868,1.0,0.0024115929532982916,True,low R2 (0.00)
Nabiye 11-23,ABWI100032406603W400,3,2023-04-01,8,False,exponential,192.89579517609081,0.2961461997183449,0.0,0.9796802451883166,False,
Nabiye 11-23,ABWI100032406603W400,4,2023-12-01,9,False,exponential,165.23253607408842,0.18847696790143453,0.0,0.6901762590033711,False,
Nabiye 11-23,ABWI100032406603W400,5,2024-09-01,6,False,harmonic,129.33346221972158,0.678726474122275,1.0,0.9552455958020118,False,
Nabiye 11-23,ABWI100032406603W400,6,2025-03-01,5,True,harmonic,73.90909227392154,1.4749486232870987,1.0,0.8664480947755626,True,short cycle (<6mo)
Nabiye 11-23,ABWI100032406603W400,7,2025-08-01,9,False,harmonic,46.98571428571433,3.644221837758986e-26,1.0,0.0,True,low R2 (0.00)
Nabiye 11-23,ABWI100041306603W402,1,2022-07-01,6,False,exponential,635.8668412339412,0.17549481905742706,0.0,0.497037935972824,True,low R2 (0.50)
Nabiye 11-23,ABWI100041306603W402,2,2023-01-01,4,True,harmonic,751.7444707028478,0.21152174760241696,1.0,0.29332429648200165,True,short cycle (<6mo); low R2 (0.29)
Nabiye 11-23,ABWI100041306603W402,3,2023-05-01,5,True,exponential,988.3238285962707,0.2772595727962512,0.0,0.7782638108636469,True,short cycle (<6mo)
Nabiye 11-23,ABWI100041306603W402,4,2023-10-01,10,False,exponential,686.7799996006738,4.6416857357623235e-15,0.0,-3.108624468950438e-14,True,low R2 (-0.00)
Nabiye 11-23,ABWI100041306603W402,5,2024-08-01,12,False,harmonic,1204.2919719789181,0.23531514529719721,1.0,0.733825265619132,False,
Nabiye 11-23,ABWI100041306603W402,6,2025-08-01,11,False,harmonic,344.71006617859257,0.1518353848458074,1.0,0.5478974272742942,False,
Nabiye 11-23,ABWI100042406603W400,1,2022-05-01,9,False,harmonic,236.6128711027221,0.19498366826315203,1.0,0.43366053954726724,True,low R2 (0.43)
Nabiye 11-23,ABWI100042406603W400,2,2023-02-01,6,False,harmonic,178.74408854667126,0.17142224855209998,1.0,0.5491809122166312,False,
Nabiye 11-23,ABWI100042406603W400,3,2023-08-01,7,False,exponential,108.52,5.2851224452493295e-22,0.0,0.0,True,low R2 (0.00)
Nabiye 11-23,ABWI100042406603W400,4,2024-03-01,8,False,harmonic,115.60071367310233,0.07436631580273391,1.0,0.0070006452067550295,True,low R2 (0.01)
Nabiye 11-23,ABWI100042406603W400,5,2024-11-01,7,False,harmonic,182.1609523519271,1.9781722444071441,1.0,0.9687484979109943,False,
Nabiye 11-23,ABWI100042406603W400,6,2025-06-01,9,False,exponential,34.31428571428572,1.5021173610908027e-19,0.0,0.0,True,low R2 (0.00)
Nabiye 11-23,ABWI100042406603W400,7,2026-03-01,4,True,exponential,69.66872448528268,0.4710628631736927,0.0,0.7641784302368799,True,short cycle (<6mo)
Nabiye 11-23,ABWI100043106602W400,1,2023-05-01,4,True,exponential,753.3436877310521,0.26992285035599667,0.0,0.8919855274597264,True,short cycle (<6mo)
Nabiye 11-23,ABWI100043606603W400,1,2022-09-01,9,False,harmonic,207.31933026928706,0.423913709782297,1.0,0.551414292906379,False,
Nabiye 11-23,ABWI100043606603W400,2,2023-06-01,5,True,exponential,123.77606215264969,0.35084244309243084,0.0,0.7588984249081856,True,short cycle (<6mo)
Nabiye 11-23,ABWI100043606603W400,3,2023-11-01,6,False,,,,,,True,too few data points to fit
Nabiye 11-23,ABWI100043606603W400,4,2024-05-01,8,False,harmonic,308.6354427936411,0.8935895427401261,1.0,0.6624007839142654,False,
Nabiye 11-23,ABWI100043606603W400,5,2025-01-01,4,True,harmonic,177.8801113032324,0.5695710293608979,1.0,0.3099462654999787,True,short cycle (<6mo); low R2 (0.31)
Nabiye 11-23,ABWI100043606603W400,6,2025-05-01,8,False,harmonic,229.98140098351703,0.1340585711313097,1.0,0.8979481463765473,False,
Nabiye 11-23,ABWI100043606603W400,7,2026-01-01,2,True,,,,,,True,too few data points to fit
Nabiye 11-23,ABWI100051306603W400,1,2022-07-01,6,False,harmonic,440.3699602208559,0.012869668104945059,1.0,0.0009266813719953637,True,low R2 (0.00)
Nabiye 11-23,ABWI100051306603W400,2,2023-01-01,10,False,harmonic,556.2737221181721,0.36060027536985606,1.0,0.4562953351627328,True,low R2 (0.46)
Nabiye 11-23,ABWI100051306603W400,3,2023-11-01,9,False,exponential,698.5333333333333,5.96879423923102e-23,0.0,0.0,True,low R2 (0.00)
Nabiye 11-23,ABWI100051306603W400,4,2024-08-01,12,False,exponential,1677.0491808818413,0.111470426560616,0.0,0.8942334973225335,False,
Nabiye 11-23,ABWI100051306603W400,5,2025-08-01,8,False,exponential,577.1434517164314,0.17021851032843396,0.0,0.8269477003949257,False,
Nabiye 11-23,ABWI100051306603W400,6,2026-04-01,3,True,,,,,,True,too few data points to fit
Nabiye 11-23,ABWI100051906602W400,1,2022-08-01,9,False,harmonic,1260.0431250157028,0.1719024795307158,1.0,0.2943220030673044,True,low R2 (0.29)
Nabiye 11-23,ABWI100051906602W400,2,2023-05-01,5,True,exponential,1302.8221662617957,0.3499833725802772,0.0,0.8944471657963566,True,short cycle (<6mo)
Nabiye 11-23,ABWI100051906602W400,3,2023-10-01,6,False,harmonic,391.0869719335692,0.195087753060935,1.0,0.3125590674576938,True,low R2 (0.31)
Nabiye 11-23,ABWI100051906602W400,4,2024-04-01,4,True,,,,,,True,too few data points to fit
Nabiye 11-23,ABWI100051906602W400,5,2024-08-01,7,False,exponential,206.3,4.969558014539496e-23,0.0,0.0,True,low R2 (0.00)
Nabiye 11-23,ABWI100051906602W400,6,2025-03-01,16,False,exponential,304.8687500017946,2.1536255536568825e-19,0.0,0.0,True,low R2 (0.00)
Nabiye 11-23,ABWI100052406603W400,1,2022-07-01,9,False,harmonic,324.95574910368714,0.26132940427037965,1.0,0.4600065818990524,True,low R2 (0.46)
Nabiye 11-23,ABWI100052406603W400,2,2023-04-01,6,False,exponential,284.0579755748476,0.26044673246038474,0.0,0.880250742795124,False,
Nabiye 11-23,ABWI100052406603W400,3,2023-10-01,10,False,exponential,65.5375,8.555312233155908e-24,0.0,0.0,True,low R2 (0.00)
Nabiye 11-23,ABWI100052406603W400,4,2024-08-01,8,False,harmonic,283.31925579663937,0.5008366448724764,1.0,0.8964072682119903,False,
Nabiye 11-23,ABWI100052406603W400,5,2025-04-01,9,False,harmonic,251.1897779168561,0.40791785871454755,1.0,0.49419188645787226,True,low R2 (0.49)
Nabiye 11-23,ABWI100052406603W400,6,2026-01-01,6,False,harmonic,137.4425126564806,0.36496124637019756,1.0,0.8549744828376605,False,
Nabiye 11-23,ABWI100052506603W400,1,2022-08-01,11,False,exponential,375.541705611314,0.17730210323901263,0.0,0.9576274273064657,False,
Nabiye 11-23,ABWI100052506603W400,2,2023-07-01,4,True,harmonic,235.89336246169046,0.34881741749919704,1.0,0.19376762224004895,True,short cycle (<6mo); low R2 (0.19)
Nabiye 11-23,ABWI100052506603W400,3,2023-11-01,7,False,harmonic,261.26271039080183,0.19758063882794227,1.0,0.34650253292924527,True,low R2 (0.35)
Nabiye 11-23,ABWI100052506603W400,4,2024-06-01,14,False,exponential,267.7473076701024,0.24654978947988554,0.0,0.9145021242226817,False,
Nabiye 11-23,ABWI100052506603W400,5,2025-08-01,4,True,exponential,67.03619018958311,0.4421406596100883,0.0,0.78238533459956,True,short cycle (<6mo)
Nabiye 11-23,ABWI100053106602W400,1,2023-07-01,2,True,,,,,,True,too few data points to fit
Nabiye 11-23,ABWI100053606603W400,1,2022-08-01,5,True,harmonic,312.164140390839,1.4503199880052906,1.0,0.8322001393528632,True,short cycle (<6mo)
Nabiye 11-23,ABWI100053606603W400,2,2023-01-01,11,False,exponential,684.0094051106545,0.2776220115013526,0.0,0.9293889511543683,False,
Nabiye 11-23,ABWI100053606603W400,3,2023-12-01,4,True,,,,,,True,too few data points to fit
Nabiye 11-23,ABWI100053606603W400,4,2024-04-01,8,False,exponential,136.6625,5.381901844855114e-21,0.0,0.0,True,low R2 (0.00)
Nabiye 11-23,ABWI100053606603W400,5,2024-12-01,8,False,harmonic,316.6249578149178,0.42544087009943043,1.0,0.19278997643488527,True,low R2 (0.19)
Nabiye 11-23,ABWI100053606603W400,6,2025-08-01,4,True,harmonic,465.2812656363007,0.5510057375119737,1.0,0.44843107987006314,True,short cycle (<6mo); low R2 (0.45)
Nabiye 11-23,ABWI100053606603W400,7,2025-12-01,7,False,harmonic,556.6045122626224,0.06868585905648081,1.0,0.4799445944284306,True,low R2 (0.48)
Nabiye 11-23,ABWI100062306603W400,1,2022-07-01,12,False,harmonic,2622.6449142855486,0.44132273567392755,1.0,0.7339211533232383,False,
Nabiye 11-23,ABWI100062306603W400,2,2023-07-01,4,True,harmonic,1115.0739892877277,1.3868869166033484,1.0,0.7437079407200101,True,short cycle (<6mo)
Nabiye 11-23,ABWI100062306603W400,3,2023-11-01,4,True,exponential,956.5250000000007,4.349927341738251e-16,0.0,-1.5543122344752192e-15,True,short cycle (<6mo); low R2 (-0.00)
Nabiye 11-23,ABWI100062306603W400,4,2024-03-01,4,True,exponential,1815.0704738316194,0.4200914502970337,0.0,0.9992376340982794,True,short cycle (<6mo)
Nabiye 11-23,ABWI100062306603W400,5,2024-07-01,6,False,,,,,,True,too few data points to fit
Nabiye 11-23,ABWI100062306603W400,6,2025-01-01,8,False,exponential,403.55094181235,0.16993436941130521,0.0,0.726101897014674,False,
Nabiye 11-23,ABWI100062306603W400,7,2025-09-01,6,False,exponential,358.31666666666695,3.2162280390077536e-16,0.0,-4.440892098500626e-16,True,low R2 (-0.00)
Nabiye 11-23,ABWI100062306603W400,8,2026-03-01,4,True,harmonic,1877.7881208587442,0.36634161448134606,1.0,0.7056837586862215,True,short cycle (<6mo)
Nabiye 11-23,ABWI100062606603W400,1,2022-08-01,11,False,exponential,1559.290251122012,0.2601188083058295,0.0,0.9651869900143908,False,
Nabiye 11-23,ABWI100062606603W400,2,2023-07-01,5,True,harmonic,670.4356771336782,0.3138235049156276,1.0,0.033622328362865384,True,short cycle (<6mo); low R2 (0.03)
Nabiye 11-23,ABWI100062606603W400,3,2023-12-01,20,False,harmonic,804.9427557962496,0.1656738440939661,1.0,0.7543512558214926,False,
Nabiye 11-23,ABWI100062606603W400,4,2025-08-01,7,False,exponential,335.37142857142925,6.342468472812668e-16,0.0,-1.9984014443252818e-15,True,low R2 (-0.00)
Nabiye 11-23,ABWI100062606603W400,5,2026-03-01,4,True,exponential,888.3500000049459,1.1710350953967405e-18,0.0,0.0,True,short cycle (<6mo); low R2 (0.00)
Nabiye 11-23,ABWI100063606603W400,1,2022-08-01,5,True,harmonic,156.21367604760337,0.4355704456805971,1.0,0.4046973098655081,True,short cycle (<6mo); low R2 (0.40)
Nabiye 11-23,ABWI100063606603W400,2,2023-01-01,9,False,exponential,374.939185771572,0.18288527079431852,0.0,0.7781653325700048,False,
Nabiye 11-23,ABWI100063606603W400,3,2023-10-01,6,False,exponential,152.93964475004083,0.2334071953017215,0.0,0.7497257500597714,False,
Nabiye 11-23,ABWI100063606603W400,4,2024-04-01,8,False,exponential,116.82499983798455,1.7715342852326057e-23,0.0,1.1102230246251565e-16,True,low R2 (0.00)
Nabiye 11-23,ABWI100063606603W400,5,2024-12-01,6,False,harmonic,340.35472921306655,0.45871675073779933,1.0,0.32633456601843824,True,low R2 (0.33)
Nabiye 11-23,ABWI100063606603W400,6,2025-06-01,5,True,harmonic,570.8842476866137,0.24600499948078938,1.0,0.5304551189846634,True,short cycle (<6mo)
Nabiye 11-23,ABWI100063606603W400,7,2025-11-01,8,False,exponential,423.1375000002257,6.857495897398635e-20,0.0,0.0,True,low R2 (0.00)
Nabiye 11-23,ABWI100070106603W400,1,2022-07-01,5,True,harmonic,1139.3349659404773,1.0932674171418275,1.0,0.7163253882615206,True,short cycle (<6mo)
Nabiye 11-23,ABWI100070106603W400,2,2022-12-01,13,False,harmonic,1248.0093714876527,0.31140810551397174,1.0,0.7489729604034436,False,
Nabiye 11-23,ABWI100070106603W400,3,2024-01-01,11,False,harmonic,784.7584133797046,0.13368183384852064,1.0,0.5011579266531933,False,
Nabiye 11-23,ABWI100070106603W400,4,2024-12-01,6,False,harmonic,1371.8197382320325,0.5386836648384047,1.0,0.8450082756832142,False,
Nabiye 11-23,ABWI100070106603W400,5,2025-06-01,6,False,exponential,912.413179130006,0.27045178869193937,0.0,0.9369067165952405,False,
Nabiye 11-23,ABWI100070106603W400,6,2025-12-01,7,False,exponential,244.35000003570394,5.715855131791894e-17,0.0,-2.220446049250313e-16,True,low R2 (-0.00)
Nabiye 11-23,ABWI100070706602W400,1,2022-05-01,8,False,harmonic,1044.3756226070261,0.200639357458336,1.0,0.41023164279484414,True,low R2 (0.41)
Nabiye 11-23,ABWI100070706602W400,2,2023-01-01,9,False,exponential,825.9571752516143,0.11512315179941252,0.0,0.7852633515826062,False,
Nabiye 11-23,ABWI100070706602W400,3,2023-10-01,4,True,harmonic,1255.6725259637813,3.358915785555835,1.0,0.821791802841675,True,short cycle (<6mo); very high Di (3.36/month)
Nabiye 11-23,ABWI100070706602W400,4,2024-02-01,19,False,harmonic,868.3573292343226,0.1651388396219992,1.0,0.7302378083466865,False,
Nabiye 11-23,ABWI100070706602W400,5,2025-09-01,10,False,exponential,1833.8287661468453,0.18224751850106244,0.0,0.9348389184206088,False,
Nabiye 11-23,ABWI100071306603W400,1,2022-07-01,7,False,exponential,140.84285714285716,2.5561396803004028e-24,0.0,0.0,True,low R2 (0.00)
Nabiye 11-23,ABWI100071306603W400,2,2023-02-01,8,False,exponential,339.8597892578352,0.3528936627869326,0.0,0.9657861495287449,False,
Nabiye 11-23,ABWI100071306603W400,3,2023-10-01,7,False,exponential,99.41666639157047,3.650049828455664e-15,0.0,-1.9539925233402755e-14,True,low R2 (-0.00)
Nabiye 11-23,ABWI100071306603W400,4,2024-05-01,6,False,exponential,265.53835585440146,0.29214056752859296,0.0,0.7848106580978361,False,
Nabiye 11-23,ABWI100071306603W400,5,2024-11-01,20,False,exponential,138.89730244602237,0.06315364352261148,0.0,0.8155745750175676,False,
Nabiye 11-23,ABWI100071806602W402,1,2023-01-01,6,False,exponential,929.5333333333334,1.2899769066536073e-25,0.0,-2.220446049250313e-16,True,low R2 (-0.00)
Nabiye 11-23,ABWI100071806602W402,2,2023-07-01,10,False,harmonic,1340.1958766926798,0.16233327794968191,1.0,0.1950453234670605,True,low R2 (0.20)
Nabiye 11-23,ABWI100071806602W402,3,2024-05-01,11,False,harmonic,1116.6203712995627,0.02345561102669912,1.0,0.025992876315443447,True,low R2 (0.03)
Nabiye 11-23,ABWI100071806602W402,4,2025-04-01,4,True,exponential,2036.4237227010897,0.2908078566984554,0.0,0.7842567752821474,True,short cycle (<6mo)
Nabiye 11-23,ABWI100071806602W402,5,2025-08-01,11,False,harmonic,1203.3440617649321,0.38025936085652184,1.0,0.8445124285529766,False,
Nabiye 11-23,ABWI100072506603W400,1,2022-08-01,8,False,exponential,151.52857142857152,1.5397312289699607e-16,0.0,0.0,True,low R2 (0.00)
Nabiye 11-23,ABWI100072506603W400,2,2023-04-01,6,False,harmonic,244.0143316330277,0.5864268033515081,1.0,0.769451912197377,False,
Nabiye 11-23,ABWI100072506603W400,3,2023-10-01,8,False,exponential,209.54999930505866,5.874785349744595e-15,0.0,-2.90878432451791e-14,True,low R2 (-0.00)
Nabiye 11-23,ABWI100072506603W400,4,2024-06-01,22,False,harmonic,535.1552599117946,0.3472158270227982,1.0,0.8352210969296013,False,
Nabiye 11-23,ABWI100072506603W400,5,2026-04-01,3,True,,,,,,True,too few data points to fit
Nabiye 11-23,ABWI100072606603W400,1,2025-11-01,6,False,harmonic,1260.1347493792061,0.5825779242865817,1.0,0.6572705805330064,False,
Nabiye 11-23,ABWI100073006602W402,1,2026-02-01,5,True,harmonic,1475.9593827452939,0.17209122819057288,1.0,0.5370657580642102,True,short cycle (<6mo)
Nabiye 11-23,ABWI100073506603W400,1,2023-04-01,8,False,exponential,2187.484465429103,0.33912648075441887,0.0,0.8550168707332284,False,
Nabiye 11-23,ABWI100073506603W400,2,2023-12-01,5,True,exponential,475.9500001693402,9.268757700593994e-18,0.0,0.0,True,short cycle (<6mo); low R2 (0.00)
Nabiye 11-23,ABWI100073506603W400,3,2024-05-01,6,False,harmonic,899.6395100945062,0.2512083835422168,1.0,0.20913421657826636,True,low R2 (0.21)
Nabiye 11-23,ABWI100073506603W400,4,2024-11-01,4,True,,,,,,True,too few data points to fit
Nabiye 11-23,ABWI100073506603W400,5,2025-03-01,16,False,hyperbolic,1307.5486700516265,1.331431184935561,1.9999999999999816,0.5538466138431448,True,b pinned at bound (2.000)
Nabiye 11-23,ABWI100073606603W400,1,2022-08-01,6,False,harmonic,251.81766256392146,0.0007078897089110653,1.0,4.750139489084759e-06,True,low R2 (0.00)
Nabiye 11-23,ABWI100073606603W400,2,2023-02-01,8,False,exponential,430.1067304092039,0.2017186765828839,0.0,0.8589731245653863,False,
Nabiye 11-23,ABWI100073606603W400,3,2023-10-01,6,False,exponential,149.7248915428658,0.20017375657264563,0.0,0.815560446304008,False,
Nabiye 11-23,ABWI100073606603W400,4,2024-04-01,14,False,exponential,207.5142857687224,6.343052712547266e-16,0.0,-9.103828801926284e-15,True,low R2 (-0.00)
Nabiye 11-23,ABWI100073606603W400,5,2025-06-01,13,False,exponential,383.676923144716,1.0002747073637072e-15,0.0,-1.4432899320127035e-14,True,low R2 (-0.00)
Nabiye 11-23,ABWI100082506603W400,1,2022-09-01,4,True,exponential,2643.027387983226,0.6513320180199401,0.0,0.8645337211020019,True,short cycle (<6mo)
Nabiye 11-23,ABWI100082506603W400,2,2023-01-01,6,False,harmonic,1157.0090241967594,0.7463072155121384,1.0,0.6651917428964238,False,
Nabiye 11-23,ABWI100082506603W400,3,2023-07-01,7,False,exponential,670.3071386100552,0.10354593854085874,0.0,0.15488471172015794,True,low R2 (0.15)
Nabiye 11-23,ABWI100082506603W400,4,2024-02-01,7,False,harmonic,1559.504985793282,1.3091117290095757,1.0,0.8506175114808843,False,
Nabiye 11-23,ABWI100082506603W400,5,2024-09-01,4,True,harmonic,728.2721872622268,0.14908785055301907,1.0,0.18060024060773938,True,short cycle (<6mo); low R2 (0.18)
Nabiye 11-23,ABWI100082506603W400,6,2025-01-01,6,False,exponential,1188.3600560101097,0.2668206317385855,0.0,0.8845417116684312,False,
Nabiye 11-23,ABWI100082506603W400,7,2025-07-01,12,False,harmonic,467.05000000000393,6.664296927307108e-25,1.0,-2.220446049250313e-16,True,low R2 (-0.00)
Nabiye 11-23,ABWI100082606603W400,1,2022-10-01,9,False,exponential,289.96774916231635,0.2123777621146735,0.0,0.9426342941931743,False,
Nabiye 11-23,ABWI100082606603W400,2,2023-07-01,4,True,harmonic,239.1595090788942,0.3630505860388741,1.0,0.23632386299623054,True,short cycle (<6mo); low R2 (0.24)
Nabiye 11-23,ABWI100082606603W400,3,2023-11-01,4,True,exponential,278.7452130474094,0.24487960303203724,0.0,0.7591249889057787,True,short cycle (<6mo)
Nabiye 11-23,ABWI100082606603W400,4,2024-03-01,4,True,harmonic,165.35933799452724,0.30713983559538444,1.0,0.447983759373339,True,short cycle (<6mo); low R2 (0.45)
Nabiye 11-23,ABWI100082606603W400,5,2024-07-01,7,False,harmonic,117.31048516401303,0.12063107559238884,1.0,0.18714517944450926,True,low R2 (0.19)
Nabiye 11-23,ABWI100082606603W400,6,2025-02-01,6,False,harmonic,105.35081925939481,0.7065164997005513,1.0,0.8754174787782241,False,
Nabiye 11-23,ABWI100082606603W400,7,2025-08-01,11,False,exponential,81.9909090909091,9.06970889133806e-21,0.0,0.0,True,low R2 (0.00)
Nabiye 11-23,ABWI100090106603W400,1,2022-06-01,6,False,harmonic,798.2729861140629,0.4671165669099718,1.0,0.11076908716896738,True,low R2 (0.11)
Nabiye 11-23,ABWI100090106603W400,2,2022-12-01,6,False,exponential,1212.2660455932419,0.5023747239184265,0.0,0.9717543144527805,False,
Nabiye 11-23,ABWI100090106603W400,3,2023-06-01,7,False,exponential,170.0249986330795,4.98261433085295e-16,0.0,-1.3322676295501878e-15,True,low R2 (-0.00)
Nabiye 11-23,ABWI100090106603W400,4,2024-01-01,6,False,exponential,895.9929696024697,0.3492955593312973,0.0,0.9140156703212853,False,
Nabiye 11-23,ABWI100090106603W400,5,2024-07-01,5,True,exponential,308.4000000000003,5.379203025312991e-16,0.0,-1.5543122344752192e-15,True,short cycle (<6mo); low R2 (-0.00)
Nabiye 11-23,ABWI100090106603W400,6,2024-12-01,12,False,exponential,1483.9887474945451,0.24567136409793094,0.0,0.9408949419536341,False,
Nabiye 11-23,ABWI100090106603W400,7,2025-12-01,7,False,exponential,189.18333333997268,2.3459822496835026e-15,0.0,-1.2656542480726785e-14,True,low R2 (-0.00)
Nabiye 11-23,ABWI100091106603W400,1,2023-03-01,7,False,harmonic,721.9561129880022,1.4268011020868345,1.0,0.9831074260698172,False,
Nabiye 11-23,ABWI100091106603W400,2,2023-10-01,4,True,harmonic,126.24323390600264,0.5810467244478844,1.0,0.777987814025298,True,short cycle (<6mo)
Nabiye 11-23,ABWI100091106603W400,3,2024-02-01,11,False,exponential,197.1,1.1083227190103079e-21,0.0,0.0,True,low R2 (0.00)
Nabiye 11-23,ABWI100091106603W400,4,2025-01-01,18,False,exponential,532.1504436880147,0.11485189096460403,0.0,0.85477229158778,False,
Nabiye 11-23,ABWI100091206603W400,1,2022-06-01,5,True,,,,,,True,too few data points to fit
Nabiye 11-23,ABWI100091206603W400,2,2022-11-01,6,False,harmonic,131.46088882542844,0.41879291220084025,1.0,0.7572105922965188,False,
Nabiye 11-23,ABWI100091206603W400,3,2023-05-01,5,True,exponential,164.1735229724543,0.5791694705223033,0.0,0.8031105702307438,True,short cycle (<6mo)
Nabiye 11-23,ABWI100091206603W400,4,2023-10-01,5,True,harmonic,65.05741985451665,2.711524991302824,1.0,0.9667863125870363,True,short cycle (<6mo); very high Di (2.71/month)
Nabiye 11-23,ABWI100091206603W400,5,2024-03-01,9,False,harmonic,18.266358094897463,0.35764144838547607,1.0,0.3644698017473115,True,low R2 (0.36)
Nabiye 11-23,ABWI100091206603W400,6,2024-12-01,5,True,harmonic,42.38264494910498,1.1764124955300461,1.0,0.7616469101517603,True,short cycle (<6mo)
Nabiye 11-23,ABWI100091206603W400,7,2025-05-01,5,True,harmonic,15.22663040335943,0.1159873958567235,1.0,0.06596301330474952,True,short cycle (<6mo); low R2 (0.07)
Nabiye 11-23,ABWI100091206603W400,8,2025-10-01,5,True,exponential,25.940000000000023,4.696607218162431e-16,0.0,-1.5543122344752192e-15,True,short cycle (<6mo); low R2 (-0.00)
Nabiye 11-23,ABWI100091206603W400,9,2026-03-01,4,True,exponential,65.8458739999734,0.3431593417578453,0.0,0.8742486630197024,True,short cycle (<6mo)
Nabiye 11-23,ABWI100091306603W400,1,2022-07-01,7,False,harmonic,117.66670305368339,0.03144749972503712,1.0,0.0029242206103281543,True,low R2 (0.00)
Nabiye 11-23,ABWI100091306603W400,2,2023-02-01,9,False,exponential,290.57633278273585,0.20303084077166328,0.0,0.9596247562734596,False,
Nabiye 11-23,ABWI100091306603W400,3,2023-11-01,4,True,,,,,,True,too few data points to fit
Nabiye 11-23,ABWI100091306603W400,4,2024-03-01,7,False,harmonic,166.96611701087357,0.0603882633377544,1.0,0.19689848767775264,True,low R2 (0.20)
Nabiye 11-23,ABWI100091306603W400,5,2024-10-01,14,False,exponential,168.04846574783016,0.10907061897690253,0.0,0.9160082384542115,False,
Nabiye 11-23,ABWI100091306603W400,6,2025-12-01,7,False,harmonic,80.48098319791508,0.14930072393002342,1.0,0.23560065787888096,True,low R2 (0.24)
Nabiye 11-23,ABWI100091406603W400,1,2022-07-01,9,False,harmonic,609.3173975186743,0.0036908740131486504,1.0,0.0006387142724236794,True,low R2 (0.00)
Nabiye 11-23,ABWI100091406603W400,2,2023-04-01,6,False,exponential,2085.172414820302,0.29316536568859447,0.0,0.8288736961471813,False,
Nabiye 11-23,ABWI100091406603W400,3,2023-10-01,7,False,exponential,545.8166666666667,3.4921166599084924e-22,0.0,0.0,True,low R2 (0.00)
Nabiye 11-23,ABWI100091406603W400,4,2024-05-01,6,False,exponential,1311.6331421550522,0.31331367950539424,0.0,0.766808749890483,False,
Nabiye 11-23,ABWI100091406603W400,5,2024-11-01,18,False,exponential,1796.7175015861055,0.13374697276919992,0.0,0.9166171098216007,False,
Nabiye 11-23,ABWI100091406603W400,6,2026-05-01,2,True,,,,,,True,too few data points to fit
Nabiye 11-23,ABWI100092506603W400,1,2022-08-01,7,False,harmonic,1618.5889703969126,0.3019163201668291,1.0,0.5035595844772054,False,
Nabiye 11-23,ABWI100092506603W400,2,2023-03-01,4,True,exponential,978.9263269958085,0.8068253038849176,0.0,0.8908111824513482,True,short cycle (<6mo)
Nabiye 11-23,ABWI100092506603W400,3,2023-07-01,9,False,exponential,792.8666667277971,2.0346802074953667e-18,0.0,0.0,True,low R2 (0.00)
Nabiye 11-23,ABWI100092506603W400,4,2024-04-01,9,False,harmonic,1117.5452524019672,0.11479785847489361,1.0,0.078130633846202,True,low R2 (0.08)
Nabiye 11-23,ABWI100092506603W400,5,2025-01-01,6,False,exponential,1318.9559332043043,0.47756965636130083,0.0,0.7952960579018211,False,
Nabiye 11-23,ABWI100092506603W400,6,2025-07-01,5,True,harmonic,752.7953764521712,0.570370512559985,1.0,0.6541777343020778,True,short cycle (<6mo)
Nabiye 11-23,ABWI100092506603W400,7,2025-12-01,7,False,exponential,696.1571428571428,1.6284409912544844e-22,0.0,-2.220446049250313e-16,True,low R2 (-0.00)
Nabiye 11-23,ABWI100092606603W400,1,2022-09-01,7,False,harmonic,426.4859549740279,0.3914128143210583,1.0,0.8466560327804085,False,
Nabiye 11-23,ABWI100092606603W400,2,2023-04-01,13,False,exponential,160.74166681797325,5.449544558651122e-15,0.0,-3.4861002973229915e-14,True,low R2 (-0.00)
Nabiye 11-23,ABWI100092606603W400,3,2024-05-01,4,True,exponential,312.55000000000194,4.186346494661927e-15,0.0,-1.9984014443252818e-15,True,short cycle (<6mo); low R2 (-0.00)
Nabiye 11-23,ABWI100092606603W400,4,2024-09-01,18,False,harmonic,410.9263569185963,0.4571677818178122,1.0,0.7357137684760955,False,
Nabiye 11-23,ABWI100092606603W400,5,2026-03-01,4,True,harmonic,181.25620815065662,0.21926072781847683,1.0,0.4668827654106439,True,short cycle (<6mo); low R2 (0.47)
Nabiye 11-23,ABWI100100706602W400,1,2022-05-01,14,False,harmonic,807.155938636878,0.003745887930080084,1.0,0.0004377597809505085,True,low R2 (0.00)
Nabiye 11-23,ABWI100100706602W400,2,2023-07-01,6,False,harmonic,1387.684481815197,0.30709266720385703,1.0,0.12715926692297863,True,low R2 (0.13)
Nabiye 11-23,ABWI100100706602W400,3,2024-01-01,11,False,exponential,1481.2229446747415,0.4371377607133741,0.0,0.8710468513042697,False,
Nabiye 11-23,ABWI100100706602W400,4,2024-12-01,9,False,harmonic,441.44444301230044,6.203526276443213e-15,1.0,-1.865174681370263e-14,True,low R2 (-0.00)
Nabiye 11-23,ABWI100100706602W400,5,2025-09-01,10,False,exponential,1753.525311553818,0.23317299664083874,0.0,0.9291460649821544,False,
Nabiye 11-23,ABWI100101206603W400,1,2023-01-01,10,False,exponential,198.2363681716194,0.30260181569714195,0.0,0.8914312673242484,False,
Nabiye 11-23,ABWI100101206603W400,2,2023-11-01,14,False,harmonic,64.9914869945165,0.14105230598990617,1.0,0.07821037119280627,True,low R2 (0.08)
Nabiye 11-23,ABWI100101206603W400,3,2025-01-01,7,False,harmonic,79.29547885171972,0.3805692103622402,1.0,0.6206867524289033,False,
Nabiye 11-23,ABWI100101206603W400,4,2025-08-01,11,False,exponential,33.699999999999996,2.5777134681273294e-18,0.0,0.0,True,low R2 (0.00)
Nabiye 11-23,ABWI100101306603W400,1,2022-07-01,4,True,exponential,184.96041396656128,0.2970273425844009,0.0,0.48976153419355595,True,short cycle (<6mo); low R2 (0.49)
Nabiye 11-23,ABWI100101306603W400,2,2022-11-01,7,False,exponential,144.68571428571428,8.173387523450541e-23,0.0,0.0,True,low R2 (0.00)
Nabiye 11-23,ABWI100101306603W400,3,2023-06-01,11,False,harmonic,316.63650755437203,0.5054559073922192,1.0,0.4026186355242526,True,low R2 (0.40)
Nabiye 11-23,ABWI100101306603W400,4,2024-05-01,8,False,exponential,258.9708711352707,0.15522634960926002,0.0,0.9078238587178497,False,
Nabiye 11-23,ABWI100101306603W400,5,2025-01-01,8,False,exponential,276.28389980568693,0.1544256727563198,0.0,0.8524638634482817,False,
Nabiye 11-23,ABWI100101306603W400,6,2025-09-01,10,False,harmonic,129.35270215366074,0.2929206127898156,1.0,0.7504856818080007,False,
Nabiye 11-23,ABWI100101806602W400,1,2022-07-01,12,False,exponential,694.3499995068757,1.7140453052353736e-22,0.0,0.0,True,low R2 (0.00)
Nabiye 11-23,ABWI100101806602W400,2,2023-07-01,10,False,harmonic,1223.197505338329,0.10133619555532963,1.0,0.1402982292878706,True,low R2 (0.14)
Nabiye 11-23,ABWI100101806602W400,3,2024-05-01,5,True,harmonic,1230.5311595870041,0.14376485863365843,1.0,0.2681158170489206,True,short cycle (<6mo); low R2 (0.27)
Nabiye 11-23,ABWI100101806602W400,4,2024-10-01,21,False,exponential,1125.800168303804,0.06663014820300846,0.0,0.7955303297212688,False,
Nabiye 11-23,ABWI100103506603W400,1,2022-09-01,8,False,exponential,2484.266010424112,0.26029193244029447,0.0,0.8049078498751742,False,
Nabiye 11-23,ABWI100103506603W400,2,2023-05-01,7,False,harmonic,791.1534862870313,0.018582129509523874,1.0,0.1716619511159313,True,low R2 (0.17)
Nabiye 11-23,ABWI100103506603W400,3,2023-12-01,5,True,harmonic,1259.2531023316587,0.7864808661431014,1.0,0.9900823160901748,True,short cycle (<6mo)
Nabiye 11-23,ABWI100103506603W400,4,2024-05-01,4,True,exponential,398.0250003614121,9.332580475116748e-17,0.0,0.0,True,short cycle (<6mo); low R2 (0.00)
Nabiye 11-23,ABWI100103506603W400,5,2024-09-01,7,False,exponential,759.3981310070253,0.2644137976871123,0.0,0.9193281253426004,False,
Nabiye 11-23,ABWI100103506603W400,6,2025-04-01,13,False,exponential,591.7,9.442436732838653e-21,0.0,0.0,True,low R2 (0.00)
Nabiye 11-23,ABWI100103606603W402,1,2024-06-01,13,False,exponential,558.0742925223273,0.10444709356427112,0.0,0.8816515663333525,False,
Nabiye 11-23,ABWI100103606603W402,2,2025-07-01,12,False,exponential,246.11666666666667,1.1473479519815172e-21,0.0,0.0,True,low R2 (0.00)
Nabiye 11-23,ABWI100112306603W400,1,2022-07-01,10,False,harmonic,1382.8714431521787,0.4450711072826955,1.0,0.8532417634529414,False,
Nabiye 11-23,ABWI100112306603W400,2,2023-05-01,5,True,exponential,1259.8987510830573,0.34253677929231235,0.0,0.8700575779475365,True,short cycle (<6mo)
Nabiye 11-23,ABWI100112306603W400,3,2023-10-01,4,True,exponential,588.0750000000006,6.460587350173166e-16,0.0,-2.886579864025407e-15,True,short cycle (<6mo); low R2 (-0.00)
Nabiye 11-23,ABWI100112306603W400,4,2024-02-01,13,False,exponential,984.1979185401794,0.11231883016693776,0.0,0.8741681276358251,False,
Nabiye 11-23,ABWI100112306603W400,5,2025-03-01,10,False,harmonic,342.85702105192075,0.144158799893737,1.0,0.32371880071725345,True,low R2 (0.32)
Nabiye 11-23,ABWI100112306603W400,6,2026-01-01,6,False,exponential,418.26192711262007,0.151441202518713,0.0,0.8102603533179229,False,
Nabiye 11-23,ABWI100112606603W400,1,2022-08-01,11,False,exponential,2064.0925038888013,0.1973048714623891,0.0,0.9524815419178024,False,
Nabiye 11-23,ABWI100112606603W400,2,2023-07-01,5,True,harmonic,788.4974765138294,0.003641019076947841,1.0,0.0006426271640841419,True,short cycle (<6mo); low R2 (0.00)
Nabiye 11-23,ABWI100112606603W400,3,2023-12-01,6,False,harmonic,956.949082688971,0.4424608014669216,1.0,0.3774487734095455,True,low R2 (0.38)
Nabiye 11-23,ABWI100112606603W400,4,2024-06-01,7,False,exponential,1173.1981023789758,0.11401177157742395,0.0,0.6481267693097738,False,
Nabiye 11-23,ABWI100112606603W400,5,2025-01-01,14,False,exponential,541.6916658305068,5.804413878542897e-15,0.0,-3.1086244689504383e-15,True,low R2 (-0.00)
Nabiye 11-23,ABWI100112606603W400,6,2026-03-01,4,True,harmonic,1138.9248028929053,0.19151049104199552,1.0,0.34165186099871814,True,short cycle (<6mo); low R2 (0.34)
Nabiye 11-23,ABWI100113106602W400,1,2023-06-01,6,False,harmonic,761.7816555811446,0.06344615435228809,1.0,0.021860306103219318,True,low R2 (0.02)
Nabiye 11-23,ABWI100113106602W400,2,2023-12-01,6,False,harmonic,1256.2852055484552,0.1369614199976114,1.0,0.7805141031941238,False,
Nabiye 11-23,ABWI100113106602W400,3,2024-06-01,18,False,harmonic,1256.186730930323,0.16276630257183064,1.0,0.9213262559144183,False,
Nabiye 11-23,ABWI100113106602W400,4,2025-12-01,7,False,harmonic,426.1612195520467,0.45714685041460346,1.0,0.9483669895404391,False,
Nabiye 11-23,ABWI100121306603W400,1,2022-11-01,7,False,harmonic,110.52327645747025,0.24844485266823838,1.0,0.0857109753708648,True,low R2 (0.09)
Nabiye 11-23,ABWI100121306603W400,2,2023-06-01,6,False,exponential,131.1065721841617,0.35752622237864307,0.0,0.8696215011943973,False,
Nabiye 11-23,ABWI100121306603W400,3,2023-12-01,4,True,exponential,157.84712236868626,0.41587055566469755,0.0,0.9867552402800971,True,short cycle (<6mo)
Nabiye 11-23,ABWI100121306603W400,4,2024-04-01,5,True,exponential,67.97999990510039,6.233980263902705e-17,0.0,3.3306690738754696e-16,True,short cycle (<6mo); low R2 (0.00)
Nabiye 11-23,ABWI100121306603W400,5,2024-09-01,7,False,harmonic,103.62510101585941,1.1078104573483785,1.0,0.4066262474508868,True,low R2 (0.41)
Nabiye 11-23,ABWI100121306603W400,6,2025-04-01,11,False,exponential,79.98507311127311,0.1417026884271508,0.0,0.6220239623514129,False,
Nabiye 11-23,ABWI100121306603W400,7,2026-03-01,4,True,exponential,20.70000000140817,1.1372535820173519e-18,0.0,-2.220446049250313e-16,True,short cycle (<6mo); low R2 (-0.00)
Nabiye 11-23,ABWI100122406603W400,1,2022-06-01,11,False,harmonic,675.1910848215907,0.6936643541922719,1.0,0.7876498276746697,False,
Nabiye 11-23,ABWI100122406603W400,2,2023-05-01,8,False,harmonic,262.3968245139484,0.33307385463730077,1.0,0.22394537960714034,True,low R2 (0.22)
Nabiye 11-23,ABWI100122406603W400,3,2024-01-01,6,False,exponential,270.9814625315151,0.16243789621825466,0.0,0.6288723349722722,False,
Nabiye 11-23,ABWI100122406603W400,4,2024-07-01,6,False,,,,,,True,too few data points to fit
Nabiye 11-23,ABWI100122406603W400,5,2025-01-01,6,False,harmonic,64.89492717539943,0.1590598002331673,1.0,0.5685218258394444,False,
Nabiye 11-23,ABWI100122406603W400,6,2025-07-01,6,False,harmonic,231.63292535036405,4.055960845188917,1.0,0.9304586927268708,True,very high Di (4.06/month)
Nabiye 11-23,ABWI100122406603W400,7,2026-01-01,6,False,harmonic,203.54455047092367,0.3274794048317088,1.0,0.49250525583372895,True,low R2 (0.49)
Nabiye 11-23,ABWI100132506603W400,1,2022-09-01,10,False,exponential,786.0924332477691,0.29308126872320284,0.0,0.983724479478759,False,
Nabiye 11-23,ABWI100132506603W400,2,2023-07-01,10,False,exponential,193.90999989585367,1.2756890662585181e-17,0.0,-2.220446049250313e-16,True,low R2 (-0.00)
Nabiye 11-23,ABWI100132506603W400,3,2024-05-01,8,False,harmonic,318.2628783176265,0.15250974545446677,1.0,0.21153943291053878,True,low R2 (0.21)
Nabiye 11-23,ABWI100132506603W400,4,2025-01-01,7,False,exponential,347.02076361978067,0.6188518529420357,0.0,0.9399762676109158,False,
Nabiye 11-23,ABWI100132506603W400,5,2025-08-01,11,False,harmonic,213.79090898870936,4.673542149375672e-17,1.0,-4.440892098500626e-16,True,low R2 (-0.00)
Nabiye 11-23,ABWI100133006602W400,1,2022-08-01,10,False,harmonic,635.7030194736244,0.24383424750816557,1.0,0.4354936108430303,True,low R2 (0.44)
Nabiye 11-23,ABWI100133006602W400,2,2023-06-01,5,True,harmonic,483.7584440037743,1.6721106504214982,1.0,0.6425044661298318,True,short cycle (<6mo)
Nabiye 11-23,ABWI100133006602W400,3,2023-11-01,6,False,exponential,360.0800008482011,1.0193585465548507e-15,0.0,-2.220446049250313e-15,True,low R2 (-0.00)
Nabiye 11-23,ABWI100133006602W400,4,2024-05-01,6,False,harmonic,965.2414434719989,0.2089000946715606,1.0,0.5001150188726812,False,
Nabiye 11-23,ABWI100133006602W400,5,2024-11-01,9,False,harmonic,866.2388303481448,0.2315870834026836,1.0,0.5718215989662986,False,
Nabiye 11-23,ABWI100133006602W400,6,2025-08-01,4,True,exponential,838.4230336889599,0.5402886359763963,0.0,0.9191141696195575,True,short cycle (<6mo)
Nabiye 11-23,ABWI100133006602W400,7,2025-12-01,7,False,harmonic,792.8155680681807,0.8757445769740033,1.0,0.9796374885567759,False,
Nabiye 11-23,ABWI100141306603W400,1,2022-07-01,6,False,harmonic,144.6187812875782,0.14827965606377624,1.0,0.12794374723421142,True,low R2 (0.13)
Nabiye 11-23,ABWI100141306603W400,2,2023-01-01,4,True,exponential,117.37499988660664,8.317529580893006e-15,0.0,-8.881784197001252e-16,True,short cycle (<6mo); low R2 (-0.00)
Nabiye 11-23,ABWI100141306603W400,3,2023-05-01,10,False,exponential,307.6923273570215,0.16309694928406024,0.0,0.7403598940215683,False,
Nabiye 11-23,ABWI100141306603W400,4,2024-03-01,5,True,harmonic,158.1447506557018,1.263639327800718,1.0,0.916656898276246,True,short cycle (<6mo)
Nabiye 11-23,ABWI100141306603W400,5,2024-08-01,4,True,harmonic,64.0895590746826,1.4445248637260388,1.0,0.9765848671035646,True,short cycle (<6mo)
Nabiye 11-23,ABWI100141306603W400,6,2024-12-01,16,False,exponential,153.93646573171458,0.14497560046400945,0.0,0.7939168635599735,False,
Nabiye 11-23,ABWI100141306603W400,7,2026-04-01,3,True,,,,,,True,too few data points to fit
Nabiye 11-23,ABWI100142506603W400,1,2022-09-01,4,True,harmonic,336.43514881083246,0.4278640024499689,1.0,0.6510607328204387,True,short cycle (<6mo)
Nabiye 11-23,ABWI100142506603W400,2,2023-01-01,9,False,exponential,269.4227281221072,0.21075418490641348,0.0,0.7321328225854649,False,
Nabiye 11-23,ABWI100142506603W400,3,2023-10-01,6,False,,,,,,True,too few data points to fit
Nabiye 11-23,ABWI100142506603W400,4,2024-04-01,8,False,exponential,177.66250000006664,4.591726331334544e-22,0.0,0.0,True,low R2 (0.00)
Nabiye 11-23,ABWI100142506603W400,5,2024-12-01,5,True,exponential,364.66264344531754,0.11197947746544902,0.0,0.6800691172522588,True,short cycle (<6mo)
Nabiye 11-23,ABWI100142506603W400,6,2025-05-01,8,False,harmonic,304.66248500134844,0.78754307662494,1.0,0.4332396117271411,True,low R2 (0.43)
Nabiye 11-23,ABWI100142506603W400,7,2026-01-01,6,False,exponential,244.249999737162,1.640397274789767e-22,0.0,2.220446049250313e-16,True,low R2 (0.00)
Nabiye 11-23,ABWI100142606603W400,1,2022-05-01,14,False,exponential,839.1455232378855,0.08808129942051475,0.0,0.6948354657899295,False,
Nabiye 11-23,ABWI100142606603W400,2,2023-07-01,5,True,harmonic,601.2710623705191,0.013112018259318904,1.0,0.0006407812105043709,True,short cycle (<6mo); low R2 (0.00)
Nabiye 11-23,ABWI100142606603W400,3,2023-12-01,5,True,exponential,799.6738178137061,0.5898061165090029,0.0,0.9314685894711291,True,short cycle (<6mo)
Nabiye 11-23,ABWI100142606603W400,4,2024-05-01,5,True,exponential,353.5905380790528,0.25198370291263433,0.0,0.8180390836742557,True,short cycle (<6mo)
Nabiye 11-23,ABWI100142606603W402,1,2025-12-01,7,False,exponential,3061.7008496044473,0.20114379206753832,0.0,0.9291206306019487,False,
Nabiye 11-23,ABWI100143606603W400,1,2022-06-01,11,False,exponential,384.3971183213658,0.10921490407061756,0.0,0.9482091715646577,False,
Nabiye 11-23,ABWI100143606603W400,2,2023-05-01,11,False,exponential,143.60000038881125,2.1871424913937877e-21,0.0,0.0,True,low R2 (0.00)
Nabiye 11-23,ABWI100143606603W400,3,2024-04-01,4,True,exponential,424.9500000000003,4.0138131322001266e-16,0.0,0.0,True,short cycle (<6mo); low R2 (0.00)
Nabiye 11-23,ABWI100143606603W400,4,2024-08-01,7,False,exponential,501.9714285918342,3.5444708594553164e-16,0.0,-1.9984014443252818e-15,True,low R2 (-0.00)
Nabiye 11-23,ABWI100143606603W400,5,2025-03-01,7,False,harmonic,449.4714285724022,4.61548411710499e-18,1.0,0.0,True,low R2 (0.00)
Nabiye 11-23,ABWI100143606603W400,6,2025-10-01,9,False,exponential,486.8955749280858,0.13198550513812604,0.0,0.5233152231343454,False,
Nabiye 11-23,ABWI100150706602W400,1,2023-01-01,9,False,exponential,641.1176764994395,0.1609128903280319,0.0,0.8275670305462821,False,
Nabiye 11-23,ABWI100150706602W400,2,2023-10-01,7,False,harmonic,386.62911405138925,6.485685214505883,1.0,0.9686330786405128,True,very high Di (6.49/month)
Nabiye 11-23,ABWI100150706602W400,3,2024-05-01,5,True,,,,,,True,too few data points to fit
Nabiye 11-23,ABWI100150706602W400,4,2024-10-01,10,False,exponential,417.21999999999997,5.810658614190564e-22,0.0,0.0,True,low R2 (0.00)
Nabiye 11-23,ABWI100150706602W400,5,2025-08-01,11,False,harmonic,915.5046900726851,0.28862687523125663,1.0,0.8769200920007764,False,
Nabiye 11-23,ABWI100151206603W400,1,2022-07-01,4,True,,,,,,True,too few data points to fit
Nabiye 11-23,ABWI100151206603W400,2,2022-11-01,4,True,harmonic,179.28828694413002,0.879542847107397,1.0,0.9795969952754318,True,short cycle (<6mo)
Nabiye 11-23,ABWI100151206603W400,3,2023-03-01,7,False,harmonic,143.8049262288693,1.8262356928506636,1.0,0.964354002467335,False,
Nabiye 11-23,ABWI100151206603W400,4,2023-10-01,7,False,exponential,19.81260666726952,0.36554991655969754,0.0,0.9149643305685672,False,
Nabiye 11-23,ABWI100151206603W400,5,2024-05-01,7,False,exponential,14.583333338215256,2.324815380283975e-16,0.0,-4.440892098500626e-16,True,low R2 (-0.00)
Nabiye 11-23,ABWI100151206603W400,6,2024-12-01,15,False,exponential,54.284615412376006,4.611222424024083e-20,0.0,-2.220446049250313e-16,True,low R2 (-0.00)
Nabiye 11-23,ABWI100151206603W400,7,2026-03-01,4,True,harmonic,125.9065841790418,1.3832649378056585,1.0,0.9910126704330194,True,short cycle (<6mo)
Nabiye 11-23,ABWI100151406603W402,1,2023-01-01,11,False,exponential,1203.7766021028106,0.27233275763412385,0.0,0.954274016745725,False,
Nabiye 11-23,ABWI100151406603W402,2,2023-12-01,9,False,harmonic,482.7222218988118,2.5204053926950544e-15,1.0,-2.042810365310288e-14,True,low R2 (-0.00)
Nabiye 11-23,ABWI100151406603W402,3,2024-09-01,4,True,,,,,,True,too few data points to fit
Nabiye 11-23,ABWI100151406603W402,4,2025-01-01,7,False,exponential,362.61129702741306,0.13331955885472907,0.0,0.6077668089854964,False,
Nabiye 11-23,ABWI100151406603W402,5,2025-08-01,11,False,exponential,96.20000007686349,5.947165665592303e-17,0.0,-2.220446049250313e-16,True,low R2 (-0.00)
Nabiye 11-23,ABWI100152406603W400,1,2022-07-01,10,False,exponential,632.1898331720122,0.37518672544483705,0.0,0.9469074175529795,False,
Nabiye 11-23,ABWI100152406603W400,2,2023-05-01,6,False,exponential,253.9967100822335,0.24200053097193042,0.0,0.5875484268747049,False,
Nabiye 11-23,ABWI100152406603W400,3,2023-11-01,4,True,harmonic,347.84138161737735,0.6308103267869639,1.0,0.7236156154364441,True,short cycle (<6mo)
Nabiye 11-23,ABWI100152406603W400,4,2024-03-01,7,False,harmonic,243.45190322168463,0.1631983489327786,1.0,0.7819014602118974,False,
Nabiye 11-23,ABWI100152406603W400,5,2024-10-01,4,True,harmonic,214.32851739597015,0.37257746254204677,1.0,0.44200687950411754,True,short cycle (<6mo); low R2 (0.44)
Nabiye 11-23,ABWI100152406603W400,6,2025-02-01,10,False,harmonic,210.29213501968252,0.37797100451227594,1.0,0.8827468029607297,False,
Nabiye 11-23,ABWI100152406603W400,7,2025-12-01,4,True,harmonic,63.68467727687878,0.38440632230969435,1.0,0.39994776645008,True,short cycle (<6mo); low R2 (0.40)
Nabiye 11-23,ABWI100152406603W400,8,2026-04-01,3,True,,,,,,True,too few data points to fit
Nabiye 11-23,ABWI100152506603W400,1,2022-09-01,7,False,harmonic,400.87779511035524,0.0387532288559881,1.0,0.058504439623841886,True,low R2 (0.06)
Nabiye 11-23,ABWI100152506603W400,2,2023-04-01,11,False,harmonic,441.80512953754754,0.578085419290518,1.0,0.8342389825383119,False,
Nabiye 11-23,ABWI100152506603W400,3,2024-03-01,10,False,exponential,100.63333333333334,8.833926949574148e-22,0.0,0.0,True,low R2 (0.00)
Nabiye 11-23,ABWI100152506603W400,4,2025-01-01,13,False,exponential,138.2,1.8386889063818982e-18,0.0,2.220446049250313e-16,True,low R2 (0.00)
Nabiye 11-23,ABWI100152506603W400,5,2026-02-01,5,True,harmonic,361.2006573737596,0.18908617018659526,1.0,0.8610304524006345,True,short cycle (<6mo)
Nabiye 11-23,ABWI100152606603W400,1,2022-07-01,9,False,harmonic,711.5875000000034,1.0918872173197372e-15,1.0,-5.773159728050814e-15,True,low R2 (-0.00)
Nabiye 11-23,ABWI100152606603W400,2,2023-04-01,6,False,exponential,1311.9035368212237,0.40169209008919216,0.0,0.9990165823242287,False,
Nabiye 11-23,ABWI100152606603W400,3,2023-10-01,9,False,exponential,399.1125003530617,3.3009728384514005e-22,0.0,0.0,True,low R2 (0.00)
Nabiye 11-23,ABWI100152606603W400,4,2024-07-01,15,False,harmonic,2698.0086790811847,0.46292985866859665,1.0,0.7457573918630809,False,
Nabiye 11-23,ABWI100152606603W400,5,2025-10-01,9,False,harmonic,3563.1441617075284,0.30122971110210267,1.0,0.74262423050975,False,
Nabiye 11-23,ABWI100153506603W400,1,2022-07-01,11,False,exponential,2046.550572487214,0.11382141522331102,0.0,0.8053046224971854,False,
Nabiye 11-23,ABWI100153506603W400,2,2023-06-01,6,False,harmonic,573.6339310181792,0.08018391990192975,1.0,0.06847966451914944,True,low R2 (0.07)
Nabiye 11-23,ABWI100153506603W400,3,2023-12-01,5,True,harmonic,618.0124715393314,0.06586931675567997,1.0,0.04640417415188958,True,short cycle (<6mo); low R2 (0.05)
Nabiye 11-23,ABWI100153506603W400,4,2024-05-01,4,True,exponential,622.3000000000009,1.3915001497119307e-22,0.0,0.0,True,short cycle (<6mo); low R2 (0.00)
Nabiye 11-23,ABWI100153506603W400,5,2024-09-01,7,False,exponential,2052.478612091436,0.2978095943514572,0.0,0.9322834403875428,False,
Nabiye 11-23,ABWI100153506603W400,6,2025-04-01,13,False,exponential,654.0461538461539,7.633140954027784e-21,0.0,0.0,True,low R2 (0.00)
Nabiye 11-23,ABWI100161106603W400,1,2023-02-01,6,False,harmonic,770.1994614684689,1.0076999088092338,1.0,0.7960005660922517,False,
Nabiye 11-23,ABWI100161106603W400,2,2023-08-01,5,True,harmonic,236.6504737741248,0.7176729663984144,1.0,0.505153664376705,True,short cycle (<6mo)
Nabiye 11-23,ABWI100161106603W400,3,2024-01-01,4,True,exponential,190.35,2.671133239949848e-18,0.0,-2.220446049250313e-16,True,short cycle (<6mo); low R2 (-0.00)
Nabiye 11-23,ABWI100161106603W400,4,2024-05-01,15,False,harmonic,376.49285714285713,2.1795575507971683e-24,1.0,0.0,True,low R2 (0.00)
Nabiye 11-23,ABWI100161106603W400,5,2025-08-01,5,True,exponential,1610.398444628487,0.46575060286976017,0.0,0.8871708278210914,True,short cycle (<6mo)
Nabiye 11-23,ABWI100161106603W400,6,2026-01-01,6,False,exponential,323.36693075766635,0.12073031572474359,0.0,0.9817288650541058,False,
Nabiye 11-23,ABWI100161306603W400,1,2022-07-01,8,False,exponential,764.5375,8.854175115744999e-23,0.0,0.0,True,low R2 (0.00)
Nabiye 11-23,ABWI100161306603W400,2,2023-03-01,12,False,harmonic,1596.0372212451682,0.31363848367523794,1.0,0.8949842725992766,False,
Nabiye 11-23,ABWI100161306603W400,3,2024-03-01,4,True,harmonic,496.5369015720297,0.3035713704260504,1.0,0.5060552597611272,True,short cycle (<6mo)
Nabiye 11-23,ABWI100161306603W400,4,2024-07-01,5,True,exponential,368.6162165701335,0.08575319214172047,0.0,0.5339402973887364,True,short cycle (<6mo)
Nabiye 11-23,ABWI100161306603W400,5,2024-12-01,4,True,exponential,512.2750000000574,4.2084312928495535e-20,0.0,0.0,True,short cycle (<6mo); low R2 (0.00)
Nabiye 11-23,ABWI100161306603W400,6,2025-04-01,15,False,exponential,1001.5965085149224,0.16393607987256756,0.0,0.7441712703651553,False,
Nabiye 11-23,ABWI100161406603W400,1,2022-09-01,4,True,exponential,203.89693863839878,0.18658548166239203,0.0,0.8728183642887826,True,short cycle (<6mo)
Nabiye 11-23,ABWI100161406603W400,2,2023-01-01,6,False,harmonic,180.0180918556358,0.14936104116176122,1.0,0.1181151503761183,True,low R2 (0.12)
Nabiye 11-23,ABWI100161406603W400,3,2023-07-01,5,True,,,,,,True,too few data points to fit
Nabiye 11-23,ABWI100161406603W400,4,2023-12-01,7,False,harmonic,149.0329979094273,0.2897208887507407,1.0,0.8121723952401461,False,
Nabiye 11-23,ABWI100161406603W400,5,2024-07-01,5,True,exponential,145.13640126807397,0.17404830341426047,0.0,0.9007407191523791,True,short cycle (<6mo)
Nabiye 11-23,ABWI100161406603W400,6,2024-12-01,5,True,harmonic,196.5062644353114,0.9282914108498239,1.0,0.8601671101265893,True,short cycle (<6mo)
Nabiye 11-23,ABWI100161406603W400,7,2025-05-01,9,False,exponential,111.76984060883034,0.2419213050092297,0.0,0.8138675387859446,False,
Nabiye 11-23,ABWI100161406603W400,8,2026-02-01,5,True,harmonic,23.84833738654026,0.07500816020345107,1.0,0.0314955173391025,True,short cycle (<6mo); low R2 (0.03)
Nabiye 11-23,ABWI100162306603W400,1,2023-04-01,11,False,exponential,751.8000000164466,9.56609116091448e-17,0.0,-4.440892098500626e-16,True,low R2 (-0.00)
Nabiye 11-23,ABWI100162306603W400,2,2024-03-01,11,False,harmonic,1330.1885013078745,0.30382054356473726,1.0,0.9011066097469482,False,
Nabiye 11-23,ABWI100162306603W400,3,2025-02-01,13,False,harmonic,429.6999997485588,1.3640689727146967e-14,1.0,-2.5757174171303632e-14,True,low R2 (-0.00)
Nabiye 11-23,ABWI100162306603W400,4,2026-03-01,4,True,harmonic,725.6565783895179,0.1243433441654841,1.0,0.19856540865390004,True,short cycle (<6mo); low R2 (0.20)
Nabiye 11-23,ABWI100162406603W400,1,2022-05-01,8,False,exponential,733.1727582053699,0.22335067113735746,0.0,0.8438241540857422,False,
Nabiye 11-23,ABWI100162406603W400,2,2023-01-01,11,False,harmonic,254.96290071661505,0.1149798494860916,1.0,0.39676491853968276,True,low R2 (0.40)
Nabiye 11-23,ABWI100162406603W400,3,2023-12-01,13,False,exponential,268.0540114317691,0.12486906972547591,0.0,0.6566735248793509,False,
Nabiye 11-23,ABWI100162406603W400,4,2025-01-01,9,False,harmonic,182.90623351891523,0.8147720148507039,1.0,0.9707737010550473,False,
Nabiye 11-23,ABWI100162406603W400,5,2025-10-01,6,False,exponential,37.35000016947827,5.035496777148807e-21,0.0,2.220446049250313e-16,True,low R2 (0.00)
Nabiye 11-23,ABWI100162406603W400,6,2026-04-01,3,True,,,,,,True,too few data points to fit
Nabiye 11-23,ABWI100162506603W400,1,2022-09-01,10,False,exponential,2154.197488469544,0.3026009603268863,0.0,0.9474580287892066,False,
Nabiye 11-23,ABWI100162506603W400,2,2023-07-01,4,True,harmonic,911.20186985431,0.632621658029652,1.0,0.38616905200126106,True,short cycle (<6mo); low R2 (0.39)
Nabiye 11-23,ABWI100162506603W400,3,2023-11-01,7,False,exponential,698.242857537729,4.6630446083093844e-17,0.0,-2.220446049250313e-16,True,low R2 (-0.00)
Nabiye 11-23,ABWI100162506603W400,4,2024-06-01,4,True,exponential,1748.148775319332,0.43698965896683656,0.0,0.7913112144525191,True,short cycle (<6mo)
Nabiye 11-23,ABWI100162506603W400,5,2024-10-01,8,False,exponential,1070.3729470248406,0.21795786652549437,0.0,0.8138349960693428,False,
Nabiye 11-23,ABWI100162506603W400,6,2025-06-01,7,False,exponential,341.22857142857146,5.625037055728291e-23,0.0,0.0,True,low R2 (0.00)
Nabiye 11-23,ABWI100162506603W400,7,2026-01-01,6,False,harmonic,865.7064809090671,0.3270102933764715,1.0,0.7178495901093478,False,
Nabiye 11-23,ABWI100162606603W400,1,2022-08-01,11,False,harmonic,411.41332501394,0.2816370741194517,1.0,0.9634090578120951,False,
Nabiye 11-23,ABWI100162606603W400,2,2023-07-01,9,False,harmonic,186.27777771180916,6.716603741318374e-15,1.0,-8.43769498715119e-15,True,low R2 (-0.00)
Nabiye 11-23,ABWI100162606603W400,3,2024-04-01,10,False,harmonic,261.6822549096972,0.16639544748256235,1.0,0.48597728892067726,True,low R2 (0.49)
Nabiye 11-23,ABWI100162606603W400,4,2025-02-01,12,False,harmonic,312.3423379641333,1.9031828175505925,1.0,0.5828627739113443,False,
Nabiye 11-23,ABWI100162606603W400,5,2026-02-01,5,True,harmonic,265.00409357017304,0.2070269249013524,1.0,0.9233953682903792,True,short cycle (<6mo)
Nabiye 11-23,ABWI102010106603W400,1,2022-07-01,6,False,exponential,549.9333331116017,6.3442346995656714e-15,0.0,-3.774758283725532e-15,True,low R2 (-0.00)
Nabiye 11-23,ABWI102010106603W400,2,2023-01-01,12,False,harmonic,1109.4223133180683,0.33313256863302254,1.0,0.5513220532150249,False,
Nabiye 11-23,ABWI102010106603W400,3,2024-01-01,5,True,harmonic,821.7915006064402,0.23402673295350968,1.0,0.2886358512069276,True,short cycle (<6mo); low R2 (0.29)
Nabiye 11-23,ABWI102010106603W400,4,2024-06-01,8,False,exponential,510.36250005295614,6.354309964173156e-16,0.0,-1.3322676295501878e-15,True,low R2 (-0.00)
Nabiye 11-23,ABWI102010106603W400,5,2025-02-01,12,False,exponential,1047.898337331077,0.17221698500106356,0.0,0.773151198517106,False,
Nabiye 11-23,ABWI102010106603W400,6,2026-02-01,5,True,exponential,236.00000000000043,8.688921117673255e-16,0.0,-5.551115123125783e-15,True,short cycle (<6mo); low R2 (-0.00)
Nabiye 11-23,ABWI102011106603W400,1,2022-09-01,14,False,harmonic,147.57551120982168,1.4012564459651093,1.0,0.698823743453139,False,
Nabiye 11-23,ABWI102011106603W400,2,2023-11-01,4,True,exponential,17.035925986325395,0.4969540553204314,0.0,0.7148003458497623,True,short cycle (<6mo)
Nabiye 11-23,ABWI102011106603W400,3,2024-03-01,5,True,,,,,,True,too few data points to fit
Nabiye 11-23,ABWI102011106603W400,4,2024-08-01,12,False,hyperbolic,134.76689704215198,0.6058419661279774,1.9999999999999998,0.6099106716483069,True,b pinned at bound (2.000)
Nabiye 11-23,ABWI102011106603W400,5,2025-08-01,6,False,harmonic,109.26922800128153,1.1327470986934365,1.0,0.8268181140085771,False,
Nabiye 11-23,ABWI102011106603W400,6,2026-02-01,5,True,exponential,64.8584751969253,0.2921536931208504,0.0,0.9643957069262812,True,short cycle (<6mo)
Nabiye 11-23,ABWI102011206603W400,1,2023-03-01,8,False,harmonic,847.7599374632143,0.853983540868919,1.0,0.8193763156146391,False,
Nabiye 11-23,ABWI102011206603W400,2,2023-11-01,9,False,harmonic,263.0178367351536,0.04178528971895476,1.0,0.11589406045447737,True,low R2 (0.12)
Nabiye 11-23,ABWI102011206603W400,3,2024-08-01,7,False,harmonic,455.7490789357764,0.05918885827289971,1.0,0.03878053939837578,True,low R2 (0.04)
Nabiye 11-23,ABWI102011206603W400,4,2025-03-01,9,False,exponential,596.7902334089459,0.16861827046252817,0.0,0.8108796179073293,False,
Nabiye 11-23,ABWI102011206603W400,5,2025-12-01,7,False,exponential,294.4466194997615,0.15567927305631082,0.0,0.8886365690708309,False,
Nabiye 11-23,ABWI102012306603W400,1,2022-05-01,8,False,exponential,244.66039885031515,0.12412903943551687,0.0,0.7790951766173198,False,
Nabiye 11-23,ABWI102012306603W400,2,2023-01-01,5,True,exponential,207.19458189425384,0.22788416890112853,0.0,0.5298705595759716,True,short cycle (<6mo)
Nabiye 11-23,ABWI102012306603W400,3,2023-06-01,6,False,harmonic,151.31649560888806,1.0950280386411764,1.0,0.9106773880398995,False,
Nabiye 11-23,ABWI102012306603W400,4,2023-12-01,10,False,harmonic,154.17283607967843,0.7584578787250458,1.0,0.7171847473473209,False,
Nabiye 11-23,ABWI102012306603W400,5,2024-10-01,5,True,exponential,72.35651592028836,0.45522827856281806,0.0,0.5731740676602779,True,short cycle (<6mo)
Nabiye 11-23,ABWI102012306603W400,6,2025-03-01,5,True,exponential,21.20000000020551,4.530906875698015e-17,0.0,-2.220446049250313e-16,True,short cycle (<6mo); low R2 (-0.00)
Nabiye 11-23,ABWI102012306603W400,7,2025-08-01,5,True,,,,,,True,too few data points to fit
Nabiye 11-23,ABWI102012306603W400,8,2026-01-01,6,False,harmonic,59.88912977680626,0.29666011521483854,1.0,0.4846583293367368,True,low R2 (0.48)
Nabiye 11-23,ABWI102012406603W400,1,2022-05-01,4,True,exponential,876.1355401577363,0.22638166917407626,0.0,0.5525709608166471,True,short cycle (<6mo)
Nabiye 11-23,ABWI102012406603W400,2,2022-09-01,15,False,exponential,844.0118722330623,0.05129500674814495,0.0,0.412060295279819,True,low R2 (0.41)
Nabiye 11-23,ABWI102012406603W400,3,2023-12-01,9,False,exponential,411.766666667882,1.9851923758964187e-17,0.0,1.1102230246251565e-16,True,low R2 (0.00)
Nabiye 11-23,ABWI102012406603W400,4,2024-09-01,9,False,harmonic,853.7875467034071,0.5619752979366345,1.0,0.853309170544679,False,
Nabiye 11-23,ABWI102012406603W400,5,2025-06-01,13,False,exponential,151.73333333333497,3.458659033656934e-23,0.0,-2.220446049250313e-16,True,low R2 (-0.00)
Nabiye 11-23,ABWI102012506603W400,1,2023-04-01,15,False,harmonic,194.10934335359173,0.017667844082953077,1.0,0.030558085281257363,True,low R2 (0.03)
Nabiye 11-23,ABWI102012506603W400,2,2024-07-01,9,False,exponential,150.36249990293786,2.5568122459203666e-16,0.0,-4.440892098500626e-16,True,low R2 (-0.00)
Nabiye 11-23,ABWI102012506603W400,3,2025-04-01,11,False,hyperbolic,373.9874027204476,5.923700039136525,1.9999999999999998,0.9670539848186795,True,very high Di (5.92/month); b pinned at bound (2.000)
Nabiye 11-23,ABWI102012506603W400,4,2026-03-01,4,True,exponential,62.075000000965765,9.203737375339416e-18,0.0,1.1102230246251565e-16,True,short cycle (<6mo); low R2 (0.00)
Nabiye 11-23,ABWI102021306603W400,1,2022-10-01,4,True,,,,,,True,too few data points to fit
Nabiye 11-23,ABWI102021306603W400,2,2023-02-01,9,False,exponential,194.89006520550768,0.23756782734362603,0.0,0.813225798876266,False,
Nabiye 11-23,ABWI102021306603W400,3,2023-11-01,4,True,exponential,36.37500000000001,1.1581404373895443e-16,0.0,-2.220446049250313e-16,True,short cycle (<6mo); low R2 (-0.00)
Nabiye 11-23,ABWI102021306603W400,4,2024-03-01,8,False,harmonic,78.24962464198727,0.34203062847196625,1.0,0.40443281424361954,True,low R2 (0.40)
Nabiye 11-23,ABWI102021306603W400,5,2024-11-01,4,True,,,,,,True,too few data points to fit
Nabiye 11-23,ABWI102021306603W400,6,2025-03-01,16,False,hyperbolic,120.77451802025426,0.7063032059001647,1.9311208185117108,0.905185458971631,False,
Nabiye 11-23,ABWI102021806602W400,1,2022-09-01,8,False,exponential,482.61250000295365,4.391821800705697e-18,0.0,0.0,True,low R2 (0.00)
Nabiye 11-23,ABWI102021806602W400,2,2023-05-01,5,True,exponential,1268.617072929419,0.3868534614990429,0.0,0.6508575621014467,True,short cycle (<6mo)
Nabiye 11-23,ABWI102021806602W400,3,2023-10-01,11,False,exponential,673.6727272727273,5.947814104803432e-22,0.0,0.0,True,low R2 (0.00)
Nabiye 11-23,ABWI102021806602W400,4,2024-09-01,7,False,harmonic,1335.615562354385,0.42857013583477566,1.0,0.8552135693671388,False,
Nabiye 11-23,ABWI102021806602W400,5,2025-04-01,5,True,exponential,802.6433866425964,0.19544317785390075,0.0,0.7565519024666758,True,short cycle (<6mo)
Nabiye 11-23,ABWI102021806602W400,6,2025-09-01,10,False,harmonic,602.5838814767676,0.21068069296803627,1.0,0.6889501171885755,False,
Nabiye 11-23,ABWI102023006602W400,1,2022-07-01,9,False,harmonic,1380.1476863840398,0.1707853214586303,1.0,0.3957688330816882,True,low R2 (0.40)
Nabiye 11-23,ABWI102023006602W400,2,2023-04-01,7,False,exponential,1018.7100866275437,0.15505918671917893,0.0,0.47093264266637547,True,low R2 (0.47)
Nabiye 11-23,ABWI102023006602W400,3,2023-11-01,15,False,exponential,1025.1947938431886,0.0807075883522021,0.0,0.6501692893840243,False,
Nabiye 11-23,ABWI102023006602W400,4,2025-02-01,11,False,harmonic,506.3872164988352,0.03878148795532972,1.0,0.08921232254449685,True,low R2 (0.09)
Nabiye 11-23,ABWI102023006602W400,5,2026-01-01,6,False,exponential,509.34999999999997,1.1758078042022353e-24,0.0,-2.220446049250313e-16,True,low R2 (-0.00)
Nabiye 11-23,ABWI102023506603W400,1,2022-11-01,5,True,harmonic,326.8997617541738,0.48533319828729843,1.0,0.8312886552128753,True,short cycle (<6mo)
Nabiye 11-23,ABWI102023506603W400,2,2023-04-01,7,False,harmonic,290.2917640480602,0.2052731779615962,1.0,0.7336888732016111,False,
Nabiye 11-23,ABWI102023506603W400,3,2023-11-01,6,False,exponential,413.7,1.34106353887572e-29,0.0,0.0,True,low R2 (0.00)
Nabiye 11-23,ABWI102023506603W400,4,2024-05-01,5,True,exponential,1306.8719922717512,0.3326047702046671,0.0,0.8409057323818138,True,short cycle (<6mo)
Nabiye 11-23,ABWI102023506603W402,1,2025-08-01,8,False,harmonic,1573.58881014638,0.332488427580886,1.0,0.6867869538353634,False,
Nabiye 11-23,ABWI102023506603W402,2,2026-04-01,3,True,,,,,,True,too few data points to fit
Nabiye 11-23,ABWI102023606603W400,1,2022-08-01,4,True,harmonic,337.5443122235428,0.40567983732690427,1.0,0.591582301857555,True,short cycle (<6mo)
Nabiye 11-23,ABWI102023606603W400,2,2022-12-01,5,True,exponential,237.20839536779715,0.199886600767064,0.0,0.5081247948645713,True,short cycle (<6mo)
Nabiye 11-23,ABWI102023606603W400,3,2023-05-01,8,False,exponential,274.05690128676247,1.103955342420612,0.0,0.9980241323071377,False,
Nabiye 11-23,ABWI102023606603W400,4,2024-01-01,5,True,exponential,268.52500000000003,5.070835646954047e-19,0.0,0.0,True,short cycle (<6mo); low R2 (0.00)
Nabiye 11-23,ABWI102023606603W400,5,2024-06-01,4,True,harmonic,978.0417576736261,1.462881789104126,1.0,0.9547445614375041,True,short cycle (<6mo)
Nabiye 11-23,ABWI102023606603W400,6,2024-10-01,7,False,exponential,659.3254395808143,0.25673092267841424,0.0,0.8751439158843212,False,
Nabiye 11-23,ABWI102023606603W400,7,2025-05-01,10,False,exponential,249.51999989885365,6.64852002474705e-23,0.0,0.0,True,low R2 (0.00)
Nabiye 11-23,ABWI102023606603W400,8,2026-03-01,4,True,harmonic,542.0976698150699,4.105318543158354,1.0,0.9833285626796922,True,short cycle (<6mo); very high Di (4.11/month)
Nabiye 11-23,ABWI102031206603W400,1,2022-09-01,6,False,harmonic,194.4399294059928,2.6556581918018636,1.0,0.922735438752742,True,very high Di (2.66/month)
Nabiye 11-23,ABWI102031206603W400,2,2023-03-01,10,False,exponential,41.75966378535301,0.15878105812003665,0.0,0.6308499725431062,False,
Nabiye 11-23,ABWI102031206603W400,3,2024-01-01,7,False,exponential,27.02499998046854,4.7346918290028846e-17,0.0,-2.220446049250313e-16,True,low R2 (-0.00)
Nabiye 11-23,ABWI102031206603W400,4,2024-08-01,15,False,hyperbolic,146.6867835156606,1.2828388448425405,1.9999999999999998,0.7532538580956157,True,b pinned at bound (2.000)
Nabiye 11-23,ABWI102032306603W400,1,2022-05-01,7,False,harmonic,696.7085742730152,0.04539966841268788,1.0,0.14156404975445125,True,low R2 (0.14)
Nabiye 11-23,ABWI102032306603W400,2,2022-12-01,15,False,exponential,738.4357035735316,0.08912679607311588,0.0,0.6849586842582174,False,
Nabiye 11-23,ABWI102032306603W400,3,2024-03-01,9,False,harmonic,391.44692309229254,0.058472171454499657,1.0,0.06622250967688681,True,low R2 (0.07)
Nabiye 11-23,ABWI102032306603W400,4,2024-12-01,9,False,exponential,593.4065597885211,0.5669723176712574,0.0,0.8489488431730446,False,
Nabiye 11-23,ABWI102032306603W400,5,2025-09-01,5,True,,,,,,True,too few data points to fit
Nabiye 11-23,ABWI102032306603W400,6,2026-02-01,5,True,harmonic,190.8951647041754,0.15468290206781327,1.0,0.5002580944141363,True,short cycle (<6mo)
Nabiye 11-23,ABWI102032406603W400,1,2022-05-01,5,True,exponential,132.47999981486183,4.638616951524443e-17,0.0,-4.440892098500626e-16,True,short cycle (<6mo); low R2 (-0.00)
Nabiye 11-23,ABWI102032406603W400,2,2022-10-01,5,True,harmonic,169.6422513536348,0.001546643558157647,1.0,0.0001196830918294145,True,short cycle (<6mo); low R2 (0.00)
Nabiye 11-23,ABWI102032406603W400,3,2023-03-01,9,False,exponential,243.50284374991895,0.20978364941301095,0.0,0.9619236708982533,False,
Nabiye 11-23,ABWI102032406603W400,4,2023-12-01,8,False,exponential,167.7585333105164,0.22434065123913033,0.0,0.7316659783373215,False,
Nabiye 11-23,ABWI102032406603W400,5,2024-08-01,13,False,exponential,45.84166660108458,2.025297531936456e-21,0.0,-2.220446049250313e-16,True,low R2 (-0.00)
Nabiye 11-23,ABWI102032406603W400,6,2025-09-01,4,True,,,,,,True,too few data points to fit
Nabiye 11-23,ABWI102032406603W400,7,2026-01-01,6,False,exponential,52.40000000000001,1.34943962979365e-16,0.0,0.0,True,low R2 (0.00)
Nabiye 11-23,ABWI102033606603W402,1,2022-08-01,11,False,exponential,269.870834321895,0.058525454980434405,0.0,0.720284108665032,False,
Nabiye 11-23,ABWI102033606603W402,2,2023-07-01,4,True,harmonic,219.60387140452818,1.2118122647983502,1.0,0.7161131589572962,True,short cycle (<6mo)
Nabiye 11-23,ABWI102033606603W402,3,2023-11-01,6,False,exponential,123.23999960051644,1.0144966316179411e-21,0.0,0.0,True,low R2 (0.00)
Nabiye 11-23,ABWI102033606603W402,4,2024-05-01,8,False,harmonic,324.73295078167376,0.29806423590617775,1.0,0.9639907025871104,False,
Nabiye 11-23,ABWI102033606603W402,5,2025-01-01,6,False,harmonic,157.75097221713784,0.4939921234205122,1.0,0.6680647775945394,False,
Nabiye 11-23,ABWI102033606603W402,6,2025-07-01,12,False,harmonic,194.68632006002386,0.08635411475943895,1.0,0.6827135090541592,False,
Nabiye 11-23,ABWI102041306603W402,1,2023-02-01,8,False,exponential,906.1949464395203,0.1947179118245525,0.0,0.703918039785977,False,
Nabiye 11-23,ABWI102041306603W402,2,2023-10-01,5,True,exponential,61.54000020982694,9.671176014741565e-22,0.0,0.0,True,short cycle (<6mo); low R2 (0.00)
Nabiye 11-23,ABWI102041306603W402,3,2024-03-01,14,False,exponential,216.3090906238406,1.0605508613792721e-21,0.0,-2.220446049250313e-16,True,low R2 (-0.00)
Nabiye 11-23,ABWI102041306603W402,4,2025-05-01,10,False,harmonic,654.145646879617,0.1783650935941135,1.0,0.6852076385282301,False,
Nabiye 11-23,ABWI102041306603W402,5,2026-03-01,4,True,exponential,1289.873987693321,0.8391672674171213,0.0,0.9832146858300315,True,short cycle (<6mo)
Nabiye 11-23,ABWI102042406603W400,1,2022-05-01,10,False,harmonic,202.2531133914842,0.06600493738418142,1.0,0.20712998423842977,True,low R2 (0.21)
Nabiye 11-23,ABWI102042406603W400,2,2023-03-01,9,False,exponential,223.13987782676068,0.19974401100481282,0.0,0.9399317614105833,False,
Nabiye 11-23,ABWI102042406603W400,3,2023-12-01,11,False,exponential,168.0115248831166,0.17479328888267756,0.0,0.7886315990177961,False,
Nabiye 11-23,ABWI102042406603W400,4,2024-11-01,4,True,exponential,46.16479263089168,0.36064594999164273,0.0,0.9661269983774826,True,short cycle (<6mo)
Nabiye 11-23,ABWI102043106602W400,1,2022-08-01,5,True,harmonic,552.8359595715172,0.08861857637473775,1.0,0.29449912733703965,True,short cycle (<6mo); low R2 (0.29)
Nabiye 11-23,ABWI102043106602W400,2,2023-01-01,6,False,exponential,1275.967434049584,0.09863067865432065,0.0,0.6893786510917068,False,
Nabiye 11-23,ABWI102043106602W400,3,2023-07-01,4,True,harmonic,1091.4642324747815,1.621248373526412,1.0,0.8427078603853393,True,short cycle (<6mo)
Nabiye 11-23,ABWI102043106602W400,4,2023-11-01,6,False,exponential,410.6000000012248,3.6135684912351064e-19,0.0,0.0,True,low R2 (0.00)
Nabiye 11-23,ABWI102043106602W400,5,2024-05-01,8,False,harmonic,779.8042941182265,0.5146431153944088,1.0,0.6233859040387961,False,
Nabiye 11-23,ABWI102043106602W400,6,2025-01-01,8,False,exponential,619.012500000243,4.2008086296344213e-20,0.0,0.0,True,low R2 (0.00)
Nabiye 11-23,ABWI102043106602W400,7,2025-09-01,4,True,harmonic,1498.473549627275,0.7003690857510214,1.0,0.7112745266411094,True,short cycle (<6mo)
Nabiye 11-23,ABWI102043106602W400,8,2026-01-01,6,False,exponential,1068.7381481257805,0.1547418809785412,0.0,0.6683478697380341,False,
Nabiye 11-23,ABWI102043606603W400,1,2022-09-01,5,True,harmonic,514.6303964375004,0.4062759025276895,1.0,0.46133149020042874,True,short cycle (<6mo); low R2 (0.46)
Nabiye 11-23,ABWI102043606603W400,2,2023-02-01,9,False,harmonic,304.42228174541265,1.06209308383838,1.0,0.6513883082339904,False,
Nabiye 11-23,ABWI102043606603W400,3,2023-11-01,7,False,exponential,134.06666701475143,6.032803011809166e-16,0.0,-1.1102230246251565e-15,True,low R2 (-0.00)
Nabiye 11-23,ABWI102043606603W400,4,2024-06-01,17,False,harmonic,1063.2831138783326,0.3326161908679623,1.0,0.8755183407599119,False,
Nabiye 11-23,ABWI102043606603W400,5,2025-11-01,4,True,,,,,,True,too few data points to fit
Nabiye 11-23,ABWI102043606603W400,6,2026-03-01,4,True,exponential,91.97698927569026,0.516777728842713,0.0,0.8631486276977619,True,short cycle (<6mo)
Nabiye 11-23,ABWI102051906602W400,1,2022-10-01,7,False,harmonic,818.3028098850167,0.04782075013870466,1.0,0.012979883128368952,True,low R2 (0.01)
Nabiye 11-23,ABWI102051906602W400,2,2023-05-01,5,True,exponential,1293.928587103766,0.3452875566694841,0.0,0.8712272834062579,True,short cycle (<6mo)
Nabiye 11-23,ABWI102051906602W400,3,2023-10-01,10,False,harmonic,338.637139800438,0.3979903877083389,1.0,0.2948378014897276,True,low R2 (0.29)
Nabiye 11-23,ABWI102051906602W400,4,2024-08-01,7,False,exponential,232.80000001858855,1.5750925070050987e-17,0.0,-2.220446049250313e-16,True,low R2 (-0.00)
Nabiye 11-23,ABWI102051906602W400,5,2025-03-01,16,False,harmonic,338.8757347286743,0.1364478589664803,1.0,0.5889125877270511,False,
Nabiye 11-23,ABWI102052406603W400,1,2022-07-01,10,False,harmonic,321.3148360617288,0.388975298669718,1.0,0.4836216286021999,True,low R2 (0.48)
Nabiye 11-23,ABWI102052406603W400,2,2023-05-01,7,False,harmonic,278.049555499159,0.6165669794563917,1.0,0.785197635093574,False,
Nabiye 11-23,ABWI102052406603W400,3,2023-12-01,10,False,harmonic,259.4712821102366,0.3697680066298222,1.0,0.6494623138660287,False,
Nabiye 11-23,ABWI102052406603W400,4,2024-10-01,10,False,harmonic,167.7516134033047,0.3283145142937972,1.0,0.6197431955073267,False,
Nabiye 11-23,ABWI102052406603W400,5,2025-08-01,11,False,hyperbolic,391.5344394137338,2.4584158435400103,1.9999999999999993,0.5568752852942893,True,very high Di (2.46/month); b pinned at bound (2.000)
Nabiye 11-23,ABWI102052506603W400,1,2022-09-01,10,False,harmonic,422.3873804556417,0.5096751677708937,1.0,0.9054245454649331,False,
Nabiye 11-23,ABWI102052506603W400,2,2023-07-01,5,True,harmonic,178.62000009325232,2.7278735932707955e-14,1.0,-3.9968028886505635e-15,True,short cycle (<6mo); low R2 (-0.00)
Nabiye 11-23,ABWI102052506603W400,3,2023-12-01,6,False,harmonic,216.88636054270825,0.15729072057155663,1.0,0.10212964182325146,True,low R2 (0.10)
Nabiye 11-23,ABWI102052506603W400,4,2024-06-01,9,False,exponential,268.59707212639796,0.36413605975481245,0.0,0.9800989426971609,False,
Nabiye 11-23,ABWI102052506603W400,5,2025-03-01,5,True,,,,,,True,too few data points to fit
Nabiye 11-23,ABWI102052506603W400,6,2025-08-01,11,False,exponential,70.60909090909091,4.49212973904226e-22,0.0,0.0,True,low R2 (0.00)
Nabiye 11-23,ABWI102062306603W400,1,2022-09-01,8,False,harmonic,2761.562910373929,0.5915956501261106,1.0,0.7629133817430924,False,
Nabiye 11-23,ABWI102062306603W400,2,2023-05-01,5,True,exponential,1257.1168902827867,0.35257189931703314,0.0,0.9043977641889127,True,short cycle (<6mo)
Nabiye 11-23,ABWI102062306603W400,3,2023-10-01,8,False,exponential,621.9125,7.200880802874662e-18,0.0,0.0,True,low R2 (0.00)
Nabiye 11-23,ABWI102062306603W400,4,2024-06-01,7,False,exponential,2375.990603347275,0.31068745220583643,0.0,0.7366670341007852,False,
Nabiye 11-23,ABWI102062306603W400,5,2025-01-01,11,False,exponential,368.59090909090907,2.411046500865245e-21,0.0,0.0,True,low R2 (0.00)
Nabiye 11-23,ABWI102062306603W400,6,2025-12-01,4,True,exponential,1527.7020396180772,0.3726413032200417,0.0,0.7527768077000503,True,short cycle (<6mo)
Nabiye 11-23,ABWI102062306603W400,7,2026-04-01,3,True,,,,,,True,too few data points to fit
Nabiye 11-23,ABWI102062406603W400,1,2022-07-01,10,False,harmonic,186.4464188599931,0.02564889731532231,1.0,0.010368082483802499,True,low R2 (0.01)
Nabiye 11-23,ABWI102062406603W400,2,2023-05-01,5,True,exponential,311.27430296572527,0.36299476220260135,0.0,0.8418940372756664,True,short cycle (<6mo)
Nabiye 11-23,ABWI102062406603W400,3,2023-10-01,6,False,exponential,110.29065700192189,0.1756840287033171,0.0,0.62166128174568,False,
Nabiye 11-23,ABWI102062406603W400,4,2024-04-01,8,False,exponential,82.380849073881,0.6199892461623125,0.0,0.9392246104598516,False,
Nabiye 11-23,ABWI102063106602W400,1,2022-05-01,5,True,harmonic,1745.3476512433128,0.9307574431142426,1.0,0.9531593709819911,True,short cycle (<6mo)
Nabiye 11-23,ABWI102063106602W400,2,2022-10-01,8,False,harmonic,751.3724263344978,0.08191831188135099,1.0,0.2550986364527741,True,low R2 (0.26)
Nabiye 11-23,ABWI102063106602W400,3,2023-06-01,4,True,harmonic,844.1902719557387,0.9091196089030812,1.0,0.6530307458562832,True,short cycle (<6mo)
Nabiye 11-23,ABWI102063106602W400,4,2023-10-01,6,False,exponential,603.2808693732053,0.18841109852017254,0.0,0.654423445625042,False,
Nabiye 11-23,ABWI102063106602W400,5,2024-04-01,7,False,exponential,240.34285632079144,2.3124992062301802e-15,0.0,-7.993605777301127e-15,True,low R2 (-0.00)
Nabiye 11-23,ABWI102063106602W400,6,2024-11-01,11,False,exponential,765.5694784835752,0.016474311691498534,0.0,0.020518054957944787,True,low R2 (0.02)
Nabiye 11-23,ABWI102063106602W400,7,2025-10-01,9,False,exponential,654.0555555555557,2.965355390006693e-17,0.0,1.1102230246251565e-16,True,low R2 (0.00)
Nabiye 11-23,ABWI102063606603W400,1,2022-08-01,7,False,harmonic,324.49170253523846,0.014178304152563116,1.0,0.001413762493472026,True,low R2 (0.00)
Nabiye 11-23,ABWI102063606603W400,2,2023-03-01,8,False,exponential,585.4933502609562,0.2573304557335457,0.0,0.8334723734469303,False,
Nabiye 11-23,ABWI102063606603W400,3,2023-11-01,5,True,,,,,,True,too few data points to fit
Nabiye 11-23,ABWI102063606603W400,4,2024-04-01,8,False,exponential,138.7249995724449,2.5788087053415508e-18,0.0,0.0,True,low R2 (0.00)
Nabiye 11-23,ABWI102063606603W400,5,2024-12-01,6,False,exponential,352.59999999999997,8.233622841831058e-24,0.0,-2.220446049250313e-16,True,low R2 (-0.00)
Nabiye 11-23,ABWI102063606603W400,6,2025-06-01,6,False,harmonic,621.4597789854411,0.04525733609104391,1.0,0.028608132828103816,True,low R2 (0.03)
Nabiye 11-23,ABWI102063606603W400,7,2025-12-01,7,False,exponential,787.1381800579113,0.2289748882219539,0.0,0.7471078645064904,False,
Nabiye 11-23,ABWI102070106603W400,1,2022-07-01,5,True,harmonic,938.4864993561864,0.7504993370688858,1.0,0.5014053509786571,True,short cycle (<6mo)
Nabiye 11-23,ABWI102070106603W400,2,2022-12-01,9,False,exponential,1309.8127436525133,0.289200722945413,0.0,0.8974599218400241,False,
Nabiye 11-23,ABWI102070106603W400,3,2023-09-01,4,True,,,,,,True,too few data points to fit
Nabiye 11-23,ABWI102070106603W400,4,2024-01-01,12,False,harmonic,814.2866987138549,0.1879586314338717,1.0,0.6737844376066189,False,
Nabiye 11-23,ABWI102070106603W400,5,2025-01-01,18,False,harmonic,1010.7943303104025,0.258115424005832,1.0,0.8220532911084515,False,
Nabiye 11-23,ABWI102071306603W400,1,2022-07-01,12,False,harmonic,122.4908439324465,0.02393328441974385,1.0,0.026819680929763834,True,low R2 (0.03)
Nabiye 11-23,ABWI102071306603W400,2,2023-07-01,11,False,harmonic,132.81527910791422,0.006338102208369044,1.0,0.0011812382102120988,True,low R2 (0.00)
Nabiye 11-23,ABWI102071306603W400,3,2024-06-01,15,False,hyperbolic,219.99136090796438,1.1040577662060465,1.9999999999999996,0.31077059906528914,True,low R2 (0.31); b pinned at bound (2.000)
Nabiye 11-23,ABWI102071306603W400,4,2025-09-01,10,False,harmonic,153.56100567802144,0.2715647034334351,1.0,0.8218466717423383,False,
Nabiye 11-23,ABWI102071806602W400,1,2023-03-01,7,False,exponential,1759.0824959512197,0.20811722326078205,0.0,0.8639482869411518,False,
Nabiye 11-23,ABWI102071806602W400,2,2023-10-01,7,False,exponential,468.5666653475701,3.413082805664042e-15,0.0,-1.6431300764452317e-14,True,low R2 (-0.00)
Nabiye 11-23,ABWI102071806602W400,3,2024-05-01,12,False,harmonic,1079.699736313439,0.050486712671236965,1.0,0.06408632592056274,True,low R2 (0.06)
Nabiye 11-23,ABWI102071806602W400,4,2025-05-01,14,False,exponential,1384.1410806319047,0.15250295585637572,0.0,0.7693633941458987,False,
Nabiye 11-23,ABWI102073606603W400,1,2022-05-01,6,False,harmonic,312.000861495627,0.06859138108741111,1.0,0.07010618605662189,True,low R2 (0.07)
Nabiye 11-23,ABWI102073606603W400,2,2022-11-01,8,False,harmonic,241.32193581654454,0.061831443127690705,1.0,0.06433482182419115,True,low R2 (0.06)
Nabiye 11-23,ABWI102073606603W400,3,2023-07-01,17,False,exponential,149.4125,2.637753651832758e-29,0.0,0.0,True,low R2 (0.00)
Nabiye 11-23,ABWI102073606603W400,4,2024-12-01,19,False,harmonic,276.55845195997694,0.001886973358069194,1.0,0.0006476509717163736,True,low R2 (0.00)
Nabiye 11-23,ABWI102080106603W400,1,2022-06-01,6,False,harmonic,885.1414753250046,0.250536082912604,1.0,0.2109023324062138,True,low R2 (0.21)
Nabiye 11-23,ABWI102080106603W400,2,2022-12-01,15,False,harmonic,971.6914395729214,0.18293215162853096,1.0,0.09766585870859368,True,low R2 (0.10)
Nabiye 11-23,ABWI102080106603W400,3,2024-03-01,12,False,harmonic,689.4383818706121,0.025360098179479908,1.0,0.0029646335763152676,True,low R2 (0.00)
Nabiye 11-23,ABWI102080106603W400,4,2025-03-01,9,False,harmonic,1236.022184547143,1.2294187004665837,1.0,0.9683310559470194,False,
Nabiye 11-23,ABWI102080106603W400,5,2025-12-01,7,False,exponential,215.38333333770714,4.1378888132231485e-18,0.0,0.0,True,low R2 (0.00)
Nabiye 11-23,ABWI102082506603W400,1,2022-06-01,10,False,exponential,154.8444443755256,2.2386920576216385e-16,0.0,-1.9984014443252818e-15,True,low R2 (-0.00)
Nabiye 11-23,ABWI102082506603W400,2,2023-04-01,8,False,exponential,292.66685159204746,0.24155806117887854,0.0,0.8539831159134074,False,
Nabiye 11-23,ABWI102082506603W400,3,2023-12-01,7,False,harmonic,163.94642161989862,0.1602620368665599,1.0,0.5004277531670871,False,
Nabiye 11-23,ABWI102082506603W400,4,2024-07-01,6,False,harmonic,217.30711431512594,0.7911342944621074,1.0,0.6252065463299115,False,
Nabiye 11-23,ABWI102082506603W400,5,2025-01-01,4,True,exponential,147.74608932762408,0.32799598012265696,0.0,0.7951169846919577,True,short cycle (<6mo)
Nabiye 11-23,ABWI102082506603W400,6,2025-05-01,7,False,harmonic,69.14643250969948,0.08543397015235855,1.0,0.11601860003598041,True,low R2 (0.12)
Nabiye 11-23,ABWI102082506603W400,7,2025-12-01,2,True,,,,,,True,too few data points to fit
Nabiye 11-23,ABWI102082606603W400,1,2022-08-01,8,False,harmonic,2402.261225819966,0.4861752937384142,1.0,0.7662122214558644,False,
Nabiye 11-23,ABWI102082606603W400,2,2023-04-01,4,True,harmonic,982.2296978200195,0.5916751767485992,1.0,0.8151153275659515,True,short cycle (<6mo)
Nabiye 11-23,ABWI102082606603W400,3,2023-08-01,11,False,exponential,988.9500015367565,2.9792419199107778e-21,0.0,1.1102230246251565e-16,True,low R2 (0.00)
Nabiye 11-23,ABWI102082606603W400,4,2024-07-01,6,False,harmonic,2241.7503542118225,0.4151798996605999,1.0,0.6509225277528742,False,
Nabiye 11-23,ABWI102082606603W400,5,2025-01-01,13,False,harmonic,1192.8692947078237,0.2152671563901456,1.0,0.4765759746564331,True,low R2 (0.48)
Nabiye 11-23,ABWI102082606603W400,6,2026-02-01,5,True,exponential,896.487255015186,0.3330875502156054,0.0,0.7882497742372232,True,short cycle (<6mo)
Nabiye 11-23,ABWI102090106603W400,1,2022-07-01,5,True,harmonic,842.5671402010588,0.6955080909818896,1.0,0.19820833872631238,True,short cycle (<6mo); low R2 (0.20)
Nabiye 11-23,ABWI102090106603W400,2,2022-12-01,7,False,harmonic,978.3045771318225,1.2041902664603548,1.0,0.7811457468255716,False,
Nabiye 11-23,ABWI102090106603W400,3,2023-07-01,8,False,exponential,383.48571412367437,6.273937455002651e-16,0.0,-2.886579864025407e-15,True,low R2 (-0.00)
Nabiye 11-23,ABWI102090106603W400,4,2024-03-01,10,False,harmonic,1015.4301379233123,0.47494884808500654,1.0,0.648900317903017,False,
Nabiye 11-23,ABWI102090106603W400,5,2025-01-01,5,True,exponential,1229.7951955600113,0.3591256066451761,0.0,0.8316881252961585,True,short cycle (<6mo)
Nabiye 11-23,ABWI102090106603W400,6,2025-06-01,7,False,exponential,262.77964109165913,0.1203718514907944,0.0,0.702710844083221,False,
Nabiye 11-23,ABWI102090106603W400,7,2026-01-01,6,False,exponential,122.34000000000054,1.8366063722702395e-15,0.0,-5.773159728050814e-15,True,low R2 (-0.00)
Nabiye 11-23,ABWI102091206603W400,1,2022-11-01,4,True,harmonic,169.6366170989131,0.19979494232283496,1.0,0.39802116897442374,True,short cycle (<6mo); low R2 (0.40)
Nabiye 11-23,ABWI102091206603W400,2,2023-03-01,7,False,exponential,143.17287803885358,0.32732420738838935,0.0,0.752205421858754,False,
Nabiye 11-23,ABWI102091206603W400,3,2023-10-01,6,False,harmonic,59.70546107061104,0.05530516086689485,1.0,0.0945137336600923,True,low R2 (0.09)
Nabiye 11-23,ABWI102091206603W400,4,2024-04-01,6,False,harmonic,62.807473180708264,0.56345019017938,1.0,0.7504243393336405,False,
Nabiye 11-23,ABWI102091206603W400,5,2024-10-01,4,True,exponential,62.417078682108325,0.3117602982708629,0.0,0.7199096414575537,True,short cycle (<6mo)
Nabiye 11-23,ABWI102091206603W400,6,2025-02-01,13,False,harmonic,37.04957889490355,0.05801938031561712,1.0,0.07345408810140919,True,low R2 (0.07)
Nabiye 11-23,ABWI102091206603W400,7,2026-03-01,4,True,harmonic,56.625231250581606,0.23566186658020571,1.0,0.8848563045606134,True,short cycle (<6mo)
Nabiye 11-23,ABWI102091306603W400,1,2022-07-01,8,False,exponential,156.17499987566532,3.2826931442865983e-19,0.0,0.0,True,low R2 (0.00)
Nabiye 11-23,ABWI102091306603W400,2,2023-03-01,8,False,exponential,282.1485204363436,0.26155400062556555,0.0,0.8120384281233907,False,
Nabiye 11-23,ABWI102091306603W400,3,2023-11-01,4,True,,,,,,True,too few data points to fit
Nabiye 11-23,ABWI102091306603W400,4,2024-03-01,7,False,harmonic,174.61129168549377,0.07730254221383767,1.0,0.15874777124925898,True,low R2 (0.16)
Nabiye 11-23,ABWI102091306603W400,5,2024-10-01,5,True,exponential,224.52774118227856,0.18119601697337367,0.0,0.8597695741433068,True,short cycle (<6mo)
Nabiye 11-23,ABWI102091306603W400,6,2025-03-01,16,False,harmonic,173.25935186614862,0.24992573016386202,1.0,0.8122795410781593,False,
Nabiye 11-23,ABWI102092506603W400,1,2022-12-01,7,False,exponential,1382.8830395879522,0.43419796873526967,0.0,0.9405456743826595,False,
Nabiye 11-23,ABWI102092506603W400,2,2023-07-01,4,True,harmonic,761.3828922674202,0.4376047197472789,1.0,0.3002419744421637,True,short cycle (<6mo); low R2 (0.30)
Nabiye 11-23,ABWI102092506603W400,3,2023-11-01,6,False,exponential,757.3333333338974,1.3803796191828859e-19,0.0,-2.220446049250313e-16,True,low R2 (-0.00)
Nabiye 11-23,ABWI102092506603W400,4,2024-05-01,9,False,harmonic,1885.1724369648891,0.46450702808281297,1.0,0.9859779595832265,False,
Nabiye 11-23,ABWI102092506603W400,5,2025-02-01,13,False,harmonic,474.5574996813089,0.10657233106591296,1.0,0.21551700199583013,True,low R2 (0.22)
Nabiye 11-23,ABWI102092506603W400,6,2026-03-01,4,True,harmonic,346.9069305771568,0.1223026226790942,1.0,0.20747748380633668,True,short cycle (<6mo); low R2 (0.21)
Nabiye 11-23,ABWI102092606603W400,1,2022-08-01,11,False,exponential,476.8089840571403,0.1702012141748865,0.0,0.9304070583884185,False,
Nabiye 11-23,ABWI102092606603W400,2,2023-07-01,6,False,harmonic,210.28718112991726,0.14505953020030493,1.0,0.16547108510307718,True,low R2 (0.17)
Nabiye 11-23,ABWI102092606603W400,3,2024-01-01,8,False,harmonic,206.15798386685182,0.1441032428833928,1.0,0.565015191592785,False,
Nabiye 11-23,ABWI102092606603W400,4,2024-09-01,5,True,,,,,,True,too few data points to fit
Nabiye 11-23,ABWI102092606603W400,5,2025-02-01,6,False,harmonic,179.8341069483321,3.487040518351033,1.0,0.7955526246882889,True,very high Di (3.49/month)
Nabiye 11-23,ABWI102092606603W400,6,2025-08-01,11,False,harmonic,52.89748760003746,0.0177903038383271,1.0,0.01296598464471499,True,low R2 (0.01)
Nabiye 11-23,ABWI102100706602W402,1,2022-11-01,4,True,harmonic,611.7557986988156,0.47972401727666547,1.0,0.46412741000987723,True,short cycle (<6mo); low R2 (0.46)
Nabiye 11-23,ABWI102100706602W402,2,2023-03-01,8,False,exponential,812.3775855132873,0.35952989866822327,0.0,0.8405439038277607,False,
Nabiye 11-23,ABWI102100706602W402,3,2023-11-01,5,True,harmonic,279.77250595802707,3.390285548524109,1.0,0.4701630569187888,True,short cycle (<6mo); low R2 (0.47); very high Di (3.39/month)
Nabiye 11-23,ABWI102100706602W402,4,2024-04-01,6,False,harmonic,311.3393912636539,0.6171423825517806,1.0,0.7625960410267638,False,
Nabiye 11-23,ABWI102100706602W402,5,2024-10-01,9,False,harmonic,274.0853233389943,0.060846179575601574,1.0,0.18637212869960507,True,low R2 (0.19)
Nabiye 11-23,ABWI102100706602W402,6,2025-07-01,12,False,exponential,282.7116623459071,0.07325734211664334,0.0,0.9195772532648825,False,
Nabiye 11-23,ABWI102101206603W400,1,2022-07-01,4,True,exponential,42.224999480673716,6.705760203371456e-17,0.0,0.0,True,short cycle (<6mo); low R2 (0.00)
Nabiye 11-23,ABWI102101206603W400,2,2022-11-01,6,False,exponential,171.12108142442145,0.30922078820443616,0.0,0.7427153787916914,False,
Nabiye 11-23,ABWI102101206603W400,3,2023-05-01,6,False,harmonic,140.41125722381068,0.275798911756896,1.0,0.29102515525651373,True,low R2 (0.29)
Nabiye 11-23,ABWI102101206603W400,4,2023-11-01,5,True,harmonic,136.87239161352346,1.1171078983927056,1.0,0.9954296691674364,True,short cycle (<6mo)
Nabiye 11-23,ABWI102101206603W400,5,2024-04-01,9,False,harmonic,34.322162366303495,0.0019461811071170528,1.0,3.316155706090118e-05,True,low R2 (0.00)
Nabiye 11-23,ABWI102101206603W400,6,2025-01-01,7,False,harmonic,61.8785187375416,0.25266024817162164,1.0,0.937810440755037,False,
Nabiye 11-23,ABWI102101206603W400,7,2025-08-01,4,True,harmonic,60.59199973260465,1.0648211202414053,1.0,0.43552639099308554,True,short cycle (<6mo); low R2 (0.44)
Nabiye 11-23,ABWI102101206603W400,8,2025-12-01,7,False,exponential,42.10000000000001,4.8422773221394365e-17,0.0,0.0,True,low R2 (0.00)
Nabiye 11-23,ABWI102101306603W400,1,2022-07-01,8,False,exponential,134.63750000051317,4.620285372061919e-19,0.0,0.0,True,low R2 (0.00)
Nabiye 11-23,ABWI102101306603W400,2,2023-03-01,8,False,exponential,345.12927233857977,0.3066590148813834,0.0,0.8884221284593198,False,
Nabiye 11-23,ABWI102101306603W400,3,2023-11-01,6,False,exponential,111.3799999242752,1.807616935252986e-15,0.0,-9.325873406851315e-15,True,low R2 (-0.00)
Nabiye 11-23,ABWI102101306603W400,4,2024-05-01,5,True,exponential,276.4526945270482,0.19847539249756752,0.0,0.7497883953057733,True,short cycle (<6mo)
Nabiye 11-23,ABWI102101306603W400,5,2024-10-01,5,True,harmonic,196.46047466346266,0.4062220465332537,1.0,0.656100773132932,True,short cycle (<6mo)
Nabiye 11-23,ABWI102101306603W400,6,2025-03-01,5,True,exponential,174.1626340454892,0.24971043330959639,0.0,0.92425416872047,True,short cycle (<6mo)
Nabiye 11-23,ABWI102101306603W400,7,2025-08-01,11,False,exponential,156.55016768417826,0.16114625140356317,0.0,0.7983381965000483,False,
Nabiye 11-23,ABWI102103506603W402,1,2024-02-01,9,False,harmonic,3584.041196861158,0.956901607788332,1.0,0.7296283334284248,False,
Nabiye 11-23,ABWI102103506603W402,2,2024-11-01,7,False,harmonic,3641.0778985976813,1.17961689379384,1.0,0.43110719759206584,True,low R2 (0.43)
Nabiye 11-23,ABWI102103506603W402,3,2025-06-01,4,True,exponential,1656.1000000256286,3.3293974160325673e-18,0.0,0.0,True,short cycle (<6mo); low R2 (0.00)
Nabiye 11-23,ABWI102103506603W402,4,2025-10-01,7,False,harmonic,3152.4022293421885,0.5252847375066287,1.0,0.8336820653326024,False,
Nabiye 11-23,ABWI102103606603W400,1,2022-05-01,14,False,harmonic,319.8853322763303,0.09224760967950378,1.0,0.3588044018540397,True,low R2 (0.36)
Nabiye 11-23,ABWI102103606603W400,2,2023-07-01,5,True,harmonic,188.5899402112537,0.06684893997099489,1.0,0.008380818652720778,True,short cycle (<6mo); low R2 (0.01)
Nabiye 11-23,ABWI102103606603W400,3,2023-12-01,5,True,exponential,280.57249872727147,0.4002846545639505,0.0,0.9866950021164111,True,short cycle (<6mo)
Nabiye 11-23,ABWI102103606603W400,4,2024-05-01,11,False,exponential,157.77272727272725,2.559414675791473e-22,0.0,0.0,True,low R2 (0.00)
Nabiye 11-23,ABWI102103606603W400,5,2025-04-01,9,False,exponential,448.3591506468677,0.24841999079083635,0.0,0.7878963761648632,False,
Nabiye 11-23,ABWI102103606603W400,6,2026-01-01,6,False,exponential,233.71666663450068,1.7820859525001823e-15,0.0,-7.549516567451064e-15,True,low R2 (-0.00)
Nabiye 11-23,ABWI102111106603W400,1,2023-03-01,8,False,exponential,991.6398565532561,0.3090356303515096,0.0,0.9201239916088516,False,
Nabiye 11-23,ABWI102111106603W400,2,2023-11-01,4,True,exponential,208.07500000000002,6.5916459933798734e-24,0.0,-4.440892098500626e-16,True,short cycle (<6mo); low R2 (-0.00)
Nabiye 11-23,ABWI102111106603W400,3,2024-03-01,5,True,,,,,,True,too few data points to fit
Nabiye 11-23,ABWI102111106603W400,4,2024-08-01,7,False,exponential,470.7857142857143,8.494792333203833e-23,0.0,0.0,True,low R2 (0.00)
Nabiye 11-23,ABWI102111106603W400,5,2025-03-01,13,False,harmonic,878.2618641168284,0.16855392133074826,1.0,0.7907056140567648,False,
Nabiye 11-23,ABWI102111106603W400,6,2026-04-01,3,True,,,,,,True,too few data points to fit
Nabiye 11-23,ABWI102111206603W400,1,2023-02-01,11,False,harmonic,205.19633451507013,1.6095913916751319,1.0,0.794939202144254,False,
Nabiye 11-23,ABWI102111206603W400,2,2024-01-01,6,False,exponential,41.10000000000127,6.674087385338497e-22,0.0,0.0,True,low R2 (0.00)
Nabiye 11-23,ABWI102111206603W400,3,2024-07-01,6,False,harmonic,59.26075915901829,1.5955572393726105,1.0,0.4390605293569382,True,low R2 (0.44)
Nabiye 11-23,ABWI102111206603W400,4,2025-01-01,10,False,exponential,76.91000000000003,5.463029935362612e-17,0.0,1.1102230246251565e-16,True,low R2 (0.00)
Nabiye 11-23,ABWI102111206603W400,5,2025-11-01,8,False,harmonic,148.5970008522701,0.3567975148828218,1.0,0.8296305681911196,False,
Nabiye 11-23,ABWI102112306603W400,1,2022-07-01,10,False,harmonic,2494.932215672965,0.28754566588279873,1.0,0.6994387219174489,False,
Nabiye 11-23,ABWI102112306603W400,2,2023-05-01,7,False,harmonic,1056.7391197613792,0.12505746085523095,1.0,0.05296889138793137,True,low R2 (0.05)
Nabiye 11-23,ABWI102112306603W400,3,2023-12-01,13,False,exponential,1333.131258628498,0.0393846071444066,0.0,0.2694223770028793,True,low R2 (0.27)
Nabiye 11-23,ABWI102112306603W400,4,2025-01-01,6,False,exponential,391.4833333333333,4.442213452970524e-23,0.0,0.0,True,low R2 (0.00)
Nabiye 11-23,ABWI102112306603W400,5,2025-07-01,12,False,exponential,651.4583333333334,1.2019281967173641e-27,0.0,0.0,True,low R2 (0.00)
Nabiye 11-23,ABWI102112406603W400,1,2022-07-01,10,False,harmonic,398.7621280721444,0.2075984449912207,1.0,0.43342046919305444,True,low R2 (0.43)
Nabiye 11-23,ABWI102112406603W400,2,2023-05-01,8,False,harmonic,281.9633644761384,0.32360800985130334,1.0,0.4534850025095204,True,low R2 (0.45)
Nabiye 11-23,ABWI102112406603W400,3,2024-01-01,14,False,harmonic,284.89132090688094,0.3157806447470159,1.0,0.8763995546818186,False,
Nabiye 11-23,ABWI102112406603W400,4,2025-03-01,7,False,harmonic,61.06227595168068,0.3495439994507538,1.0,0.07956581248193118,True,low R2 (0.08)
Nabiye 11-23,ABWI102112406603W400,5,2025-10-01,9,False,harmonic,177.0516711216609,0.37136530406486296,1.0,0.3259091579925645,True,low R2 (0.33)
Nabiye 11-23,ABWI102112606603W400,1,2022-07-01,5,True,harmonic,861.4990755532591,0.38270005531622076,1.0,0.664796665746128,True,short cycle (<6mo)
Nabiye 11-23,ABWI102112606603W400,2,2022-12-01,7,False,harmonic,570.6695473012697,0.3567944181662797,1.0,0.7015883302680198,False,
Nabiye 11-23,ABWI102112606603W400,3,2023-07-01,4,True,harmonic,744.9757927136961,0.36060099483152463,1.0,0.20405058029288614,True,short cycle (<6mo); low R2 (0.20)
Nabiye 11-23,ABWI102112606603W400,4,2023-11-01,12,False,harmonic,795.2668216381547,0.1661148623597949,1.0,0.6297497933431997,False,
Nabiye 11-23,ABWI102112606603W400,5,2024-11-01,11,False,harmonic,296.5467557599878,0.03366747504054834,1.0,0.06370470053380772,True,low R2 (0.06)
Nabiye 11-23,ABWI102112606603W400,6,2025-10-01,9,False,exponential,210.45555555555555,1.0009344992394255e-24,0.0,0.0,True,low R2 (0.00)
Nabiye 11-23,ABWI102113606603W400,1,2022-12-01,7,False,harmonic,187.9442671243756,0.04116030072523233,1.0,0.027790118555733878,True,low R2 (0.03)
Nabiye 11-23,ABWI102113606603W400,2,2023-07-01,4,True,harmonic,194.68212217180823,0.9042211935779936,1.0,0.985320820384839,True,short cycle (<6mo)
Nabiye 11-23,ABWI102113606603W400,3,2023-11-01,17,False,exponential,187.69411772500388,2.2487020315272837e-22,0.0,0.0,True,low R2 (0.00)
Nabiye 11-23,ABWI102113606603W400,4,2025-04-01,12,False,harmonic,253.36338282360347,0.02198545741987093,1.0,0.004693061154684819,True,low R2 (0.00)
Nabiye 11-23,ABWI102113606603W400,5,2026-04-01,3,True,,,,,,True,too few data points to fit
Nabiye 11-23,ABWI102121306603W400,1,2022-07-01,4,True,harmonic,189.67384262340454,0.822457833314339,1.0,0.678252557607834,True,short cycle (<6mo)
Nabiye 11-23,ABWI102121306603W400,2,2022-11-01,8,False,exponential,112.68749992776043,4.9971119793257796e-24,0.0,0.0,True,low R2 (0.00)
Nabiye 11-23,ABWI102121306603W400,3,2023-07-01,7,False,harmonic,226.17990961890615,0.2507902690913473,1.0,0.09816517960024929,True,low R2 (0.10)
Nabiye 11-23,ABWI102121306603W400,4,2024-02-01,6,False,harmonic,314.3673559387776,1.0472625979929526,1.0,0.9801342118183709,False,
Nabiye 11-23,ABWI102121306603W400,5,2024-08-01,4,True,exponential,83.14120263361634,0.46874543527645346,0.0,0.8768633853547303,True,short cycle (<6mo)
Nabiye 11-23,ABWI102121906602W400,1,2022-07-01,10,False,harmonic,1054.0607571469245,0.134864188765728,1.0,0.18337233117568563,True,low R2 (0.18)
Nabiye 11-23,ABWI102121906602W400,2,2023-05-01,5,True,exponential,1234.8419048465485,0.33654347054998884,0.0,0.8702053899358979,True,short cycle (<6mo)
Nabiye 11-23,ABWI102121906602W400,3,2023-10-01,9,False,exponential,444.48333333333335,5.0312713175473715e-20,0.0,0.0,True,low R2 (0.00)
Nabiye 11-23,ABWI102121906602W400,4,2024-07-01,6,False,,,,,,True,too few data points to fit
Nabiye 11-23,ABWI102121906602W400,5,2025-01-01,18,False,exponential,309.46111115465277,6.592403971391912e-16,0.0,-8.215650382226158e-15,True,low R2 (-0.00)
Nabiye 11-23,ABWI102122406603W400,1,2022-06-01,4,True,exponential,108.9,1.9093903079219313e-17,0.0,0.0,True,short cycle (<6mo); low R2 (0.00)
Nabiye 11-23,ABWI102122406603W400,2,2022-10-01,7,False,harmonic,290.23636439692194,0.394215211999133,1.0,0.3867761208699926,True,low R2 (0.39)
Nabiye 11-23,ABWI102122406603W400,3,2023-05-01,8,False,harmonic,204.96249988056658,1.6801717686429174e-15,1.0,-8.881784197001252e-16,True,low R2 (-0.00)
Nabiye 11-23,ABWI102122406603W400,4,2024-01-01,12,False,exponential,354.83762391464126,0.1043571791999027,0.0,0.6204131824755175,False,
Nabiye 11-23,ABWI102122406603W400,5,2025-01-01,8,False,harmonic,76.38717305745313,0.17008504631971857,1.0,0.10112973784370638,True,low R2 (0.10)
Nabiye 11-23,ABWI102122406603W400,6,2025-09-01,10,False,exponential,63.180000071725296,3.0944902971321485e-19,0.0,-2.220446049250313e-16,True,low R2 (-0.00)
Nabiye 11-23,ABWI102122506603W400,1,2022-07-01,12,False,hyperbolic,841.8310034812588,1.00476477162426,1.512884740649368,0.9764096462239181,False,
Nabiye 11-23,ABWI102122506603W400,2,2023-07-01,9,False,exponential,197.15555555556668,3.707573755066122e-21,0.0,0.0,True,low R2 (0.00)
Nabiye 11-23,ABWI102122506603W400,3,2024-04-01,24,False,harmonic,241.78014331373544,0.139678959657129,1.0,0.6408503186869765,False,
Nabiye 11-23,ABWI102122506603W400,4,2026-04-01,3,True,,,,,,True,too few data points to fit
Nabiye 11-23,ABWI102132506603W400,1,2022-09-01,10,False,exponential,464.32342949989743,0.2271715807856348,0.0,0.9843523299746175,False,
Nabiye 11-23,ABWI102132506603W400,2,2023-07-01,9,False,exponential,178.15555555555557,1.0560014816062008e-21,0.0,0.0,True,low R2 (0.00)
Nabiye 11-23,ABWI102132506603W400,3,2024-04-01,10,False,harmonic,204.08354211626997,0.010310763159524262,1.0,0.0009510619210363336,True,low R2 (0.00)
Nabiye 11-23,ABWI102132506603W400,4,2025-02-01,5,True,,,,,,True,too few data points to fit
Nabiye 11-23,ABWI102132506603W400,5,2025-07-01,12,False,exponential,192.33636363660972,1.0363153847908267e-16,0.0,-1.1102230246251565e-15,True,low R2 (-0.00)
Nabiye 11-23,ABWI102140206603W400,1,2022-09-01,6,False,harmonic,770.6643568954157,0.7411813468701615,1.0,0.5750475396819139,False,
Nabiye 11-23,ABWI102140206603W400,2,2023-03-01,7,False,exponential,412.0938425631711,0.44433749228464536,0.0,0.9248773659894226,False,
Nabiye 11-23,ABWI102140206603W400,3,2023-10-01,4,True,exponential,50.39999987937754,5.9366047519258e-14,0.0,-6.17284001691587e-14,True,short cycle (<6mo); low R2 (-0.00)
Nabiye 11-23,ABWI102140206603W400,4,2024-02-01,6,False,harmonic,401.3403566404961,0.07501647335334535,1.0,0.48885073589609207,True,low R2 (0.49)
Nabiye 11-23,ABWI102140206603W400,5,2024-08-01,8,False,exponential,448.625,4.349345497100977e-22,0.0,0.0,True,low R2 (0.00)
Nabiye 11-23,ABWI102140206603W400,6,2025-04-01,4,True,exponential,1059.2164192267476,0.1980201840326945,0.0,0.7683635305656674,True,short cycle (<6mo)
Nabiye 11-23,ABWI102140206603W400,7,2025-08-01,11,False,harmonic,768.3356802090238,0.149113814167541,1.0,0.8913521053740432,False,
Nabiye 11-23,ABWI102141306603W400,1,2022-05-01,4,True,exponential,262.247399413885,0.5300919764049077,0.0,0.8429375567769354,True,short cycle (<6mo)
Nabiye 11-23,ABWI102141306603W400,2,2022-09-01,5,True,harmonic,177.39873275892845,0.03986892030614649,1.0,0.05375482654557773,True,short cycle (<6mo); low R2 (0.05)
Nabiye 11-23,ABWI102141306603W400,3,2023-02-01,13,False,harmonic,138.46642060507548,0.03443303773218523,1.0,0.03390664750037875,True,low R2 (0.03)
Nabiye 11-23,ABWI102141306603W400,4,2024-03-01,9,False,harmonic,122.89592120117568,0.016678232543417305,1.0,0.016243350920976285,True,low R2 (0.02)
Nabiye 11-23,ABWI102141306603W400,5,2024-12-01,4,True,harmonic,250.57523200216684,0.9320884675923752,1.0,0.8435644438534141,True,short cycle (<6mo)
Nabiye 11-23,ABWI102141306603W400,6,2025-04-01,4,True,exponential,191.24562229560453,0.3638240988189954,0.0,0.9640526581336867,True,short cycle (<6mo)
Nabiye 11-23,ABWI102141306603W400,7,2025-08-01,7,False,harmonic,113.73024221047565,0.7231434561697953,1.0,0.41242007709907436,True,low R2 (0.41)
Nabiye 11-23,ABWI102141306603W400,8,2026-03-01,4,True,,,,,,True,too few data points to fit
Nabiye 11-23,ABWI102142506603W400,1,2022-09-01,11,False,harmonic,308.58662740418464,0.2945583702126218,1.0,0.5766933318424641,False,
Nabiye 11-23,ABWI102142506603W400,2,2023-08-01,8,False,exponential,47.625,1.5308465090069896e-21,0.0,0.0,True,low R2 (0.00)
Nabiye 11-23,ABWI102142506603W400,3,2024-04-01,7,False,exponential,232.25714285714284,8.118404151859465e-21,0.0,0.0,True,low R2 (0.00)
Nabiye 11-23,ABWI102142506603W400,4,2024-11-01,6,False,harmonic,388.92386636399266,0.23289286292224376,1.0,0.7281042294545317,False,
Nabiye 11-23,ABWI102142506603W400,5,2025-05-01,14,False,exponential,265.51428571428573,6.902532920683853e-28,0.0,1.1102230246251565e-16,True,low R2 (0.00)
Nabiye 11-23,ABWI102142606603W400,1,2025-03-01,6,False,harmonic,995.1133505657291,0.7210006516051283,1.0,0.34625288044232516,True,low R2 (0.35)
Nabiye 11-23,ABWI102142606603W400,2,2025-09-01,6,False,exponential,1479.233333333926,9.690821743616316e-23,0.0,-2.220446049250313e-16,True,low R2 (-0.00)
Nabiye 11-23,ABWI102142606603W400,3,2026-03-01,4,True,,,,,,True,too few data points to fit
Nabiye 11-23,ABWI102143106602W400,1,2023-07-01,7,False,exponential,922.5142864237201,6.517722784584699e-23,0.0,0.0,True,low R2 (0.00)
Nabiye 11-23,ABWI102143106602W400,2,2024-02-01,10,False,harmonic,3342.0758097236553,0.6350207917393298,1.0,0.6046182743178555,False,
Nabiye 11-23,ABWI102143106602W400,3,2024-12-01,10,False,exponential,2187.311527298109,0.3535199131038397,0.0,0.9926809644459997,False,
Nabiye 11-23,ABWI102143106602W400,4,2025-10-01,4,True,,,,,,True,too few data points to fit
Nabiye 11-23,ABWI102143606603W400,1,2023-07-01,5,True,harmonic,209.72999912554857,0.23061443040910032,1.0,0.07930588970151753,True,short cycle (<6mo); low R2 (0.08)
Nabiye 11-23,ABWI102143606603W400,2,2023-12-01,5,True,exponential,426.70000000000005,3.1304470848499894e-17,0.0,0.0,True,short cycle (<6mo); low R2 (0.00)
Nabiye 11-23,ABWI102143606603W400,3,2024-05-01,13,False,exponential,704.3465039890948,0.09412959297785646,0.0,0.6645334256539089,False,
Nabiye 11-23,ABWI102143606603W400,4,2025-06-01,13,False,exponential,489.5326628271912,0.07663763127682928,0.0,0.46475124819406766,True,low R2 (0.46)
Nabiye 11-23,ABWI102150706602W400,1,2023-06-01,6,False,harmonic,1610.475043735182,0.24478867706268725,1.0,0.20362753883409024,True,low R2 (0.20)
Nabiye 11-23,ABWI102150706602W400,2,2023-12-01,16,False,hyperbolic,1292.1195414177807,0.5949734168160253,1.724035546227718,0.9344714392463295,False,
Nabiye 11-23,ABWI102150706602W400,3,2025-04-01,5,True,harmonic,359.08,2.9774568791435564e-28,1.0,0.0,True,short cycle (<6mo); low R2 (0.00)
Nabiye 11-23,ABWI102150706602W400,4,2025-09-01,10,False,exponential,2172.493202249314,0.20099508768140772,0.0,0.9643748440670368,False,
Nabiye 11-23,ABWI102151206603W400,1,2022-07-01,7,False,exponential,97.1571427460252,3.676084192590622e-15,0.0,-1.6431300764452317e-14,True,low R2 (-0.00)
Nabiye 11-23,ABWI102151206603W400,2,2023-02-01,6,False,exponential,189.9687914250898,0.3588196576098644,0.0,0.9702442024936175,False,
Nabiye 11-23,ABWI102151206603W400,3,2023-08-01,9,False,harmonic,20.08141933964853,0.20332371906373217,1.0,0.26567709485652835,True,low R2 (0.27)
Nabiye 11-23,ABWI102151206603W400,4,2024-05-01,5,True,,,,,,True,too few data points to fit
Nabiye 11-23,ABWI102151206603W400,5,2024-10-01,12,False,harmonic,50.48446367171042,0.12426094122548759,1.0,0.23352398592757184,True,low R2 (0.23)
Nabiye 11-23,ABWI102151206603W400,6,2025-10-01,5,True,harmonic,76.39003068265252,0.2865463016632039,1.0,0.8366083505194926,True,short cycle (<6mo)
Nabiye 11-23,ABWI102151206603W400,7,2026-03-01,4,True,exponential,58.57852524327314,0.3960500724075918,0.0,0.9270514622993773,True,short cycle (<6mo)
Nabiye 11-23,ABWI102151406603W402,1,2022-10-01,22,False,harmonic,2020.0449822768987,0.3623934325809996,1.0,0.6500934738086672,False,
Nabiye 11-23,ABWI102151406603W402,2,2024-08-01,4,True,exponential,1411.2555681558033,0.40855199655566016,0.0,0.9652646473167077,True,short cycle (<6mo)
Nabiye 11-23,ABWI102151406603W402,3,2024-12-01,6,False,exponential,758.3120918952635,0.3402727679654948,0.0,0.9676451585375178,False,
Nabiye 11-23,ABWI102151406603W402,4,2025-06-01,7,False,exponential,229.32210018896532,0.3328946639916269,0.0,0.7902025588817061,False,
Nabiye 11-23,ABWI102151406603W402,5,2026-01-01,6,False,exponential,86.01666666666667,3.397214102391192e-21,0.0,0.0,True,low R2 (0.00)
Nabiye 11-23,ABWI102151906602W400,1,2022-05-01,11,False,harmonic,2334.0612394747627,0.29266924044046605,1.0,0.6701959911947739,False,
Nabiye 11-23,ABWI102151906602W400,2,2023-04-01,8,False,harmonic,956.3822027553916,0.10447149255823174,1.0,0.20893553025099432,True,low R2 (0.21)
Nabiye 11-23,ABWI102151906602W400,3,2023-12-01,4,True,harmonic,986.56384723202,0.3417515052091849,1.0,0.3362558078112038,True,short cycle (<6mo); low R2 (0.34)
Nabiye 11-23,ABWI102151906602W400,4,2024-04-01,11,False,harmonic,859.0795531085372,0.3365181169838023,1.0,0.5730539521678333,False,
Nabiye 11-23,ABWI102151906602W400,5,2025-03-01,7,False,exponential,567.0854876124212,0.18356136727571543,0.0,0.6639068100772012,False,
Nabiye 11-23,ABWI102151906602W400,6,2025-10-01,6,False,exponential,503.15000000000003,2.2523254826574082e-24,0.0,0.0,True,low R2 (0.00)
Nabiye 11-23,ABWI102151906602W400,7,2026-04-01,3,True,,,,,,True,too few data points to fit
Nabiye 11-23,ABWI102152406603W400,1,2022-05-01,11,False,harmonic,370.03989461675144,0.15300794560696462,1.0,0.3898355658377086,True,low R2 (0.39)
Nabiye 11-23,ABWI102152406603W400,2,2023-04-01,7,False,exponential,289.2439990905557,0.2430198442540076,0.0,0.801319205541253,False,
Nabiye 11-23,ABWI102152406603W400,3,2023-11-01,15,False,harmonic,253.86768070653125,0.27162966350974055,1.0,0.6435725967891662,False,
Nabiye 11-23,ABWI102152406603W400,4,2025-02-01,10,False,harmonic,171.23508145951186,0.7409178234422507,1.0,0.8187299894468587,False,
Nabiye 11-23,ABWI102152406603W400,5,2025-12-01,4,True,harmonic,62.00388181208567,0.26776242831559444,1.0,0.19886214567218063,True,short cycle (<6mo); low R2 (0.20)
Nabiye 11-23,ABWI102152406603W400,6,2026-04-01,3,True,,,,,,True,too few data points to fit
Nabiye 11-23,ABWI102153506603W400,1,2022-07-01,10,False,exponential,2099.295345437623,0.09084169445223503,0.0,0.4440134197384673,True,low R2 (0.44)
Nabiye 11-23,ABWI102153506603W400,2,2023-05-01,8,False,harmonic,736.7250658464516,0.07583429038525373,1.0,0.11000227551536668,True,low R2 (0.11)
Nabiye 11-23,ABWI102153506603W400,3,2024-01-01,4,True,exponential,1418.5288044238043,0.20975336836367328,0.0,0.8389742054065907,True,short cycle (<6mo)
Nabiye 11-23,ABWI102153506603W400,4,2024-05-01,6,False,exponential,1462.4464711241778,0.24977784134712658,0.0,0.5931082683363953,False,
Nabiye 11-23,ABWI102153506603W400,5,2024-11-01,5,True,,,,,,True,too few data points to fit
Nabiye 11-23,ABWI102153506603W400,6,2025-04-01,13,False,exponential,634.2461526806717,1.1819825429264474e-22,0.0,-2.220446049250313e-16,True,low R2 (-0.00)
Nabiye 11-23,ABWI102153606603W400,1,2023-06-01,6,False,harmonic,179.62461593855886,0.05399543168442153,1.0,0.02101479001369566,True,low R2 (0.02)
Nabiye 11-23,ABWI102153606603W400,2,2023-12-01,5,True,exponential,458.9999998113383,2.8047599219783995e-18,0.0,0.0,True,short cycle (<6mo); low R2 (0.00)
Nabiye 11-23,ABWI102153606603W400,3,2024-05-01,16,False,exponential,745.6444904963594,0.12521120042607278,0.0,0.8151434551238597,False,
Nabiye 11-23,ABWI102153606603W400,4,2025-09-01,10,False,harmonic,388.662821537826,0.07481019619107511,1.0,0.6766201601437305,False,
Nabiye 11-23,ABWI102161106603W400,1,2023-01-01,9,False,exponential,706.4822540856998,0.5143832958497305,0.0,0.8802988182379345,False,
Nabiye 11-23,ABWI102161106603W400,2,2023-10-01,7,False,exponential,117.11190440705643,0.4562732716724963,0.0,0.8393701765580768,False,
Nabiye 11-23,ABWI102161106603W400,3,2024-05-01,5,True,,,,,,True,too few data points to fit
Nabiye 11-23,ABWI102161106603W400,4,2024-10-01,7,False,harmonic,320.57020987719386,0.3687153997662661,1.0,0.7947124673587569,False,
Nabiye 11-23,ABWI102161206603W400,1,2022-07-01,6,False,exponential,68.699999843137,2.6295725344945983e-15,0.0,-4.6629367034256575e-15,True,low R2 (-0.00)
Nabiye 11-23,ABWI102161206603W400,2,2023-01-01,16,False,exponential,202.47019008855196,0.3057994968359649,0.0,0.9351723029944538,False,
Nabiye 11-23,ABWI102161206603W400,3,2024-05-01,6,False,exponential,24.325000000000777,4.749252640211807e-22,0.0,0.0,True,low R2 (0.00)
Nabiye 11-23,ABWI102161206603W400,4,2024-11-01,6,False,harmonic,59.392400341729704,0.7590803264631788,1.0,0.7491610160257212,False,
Nabiye 11-23,ABWI102161206603W400,5,2025-05-01,10,False,exponential,56.28,8.099945204263189e-23,0.0,-2.220446049250313e-16,True,low R2 (-0.00)
Nabiye 11-23,ABWI102161206603W400,6,2026-03-01,4,True,harmonic,124.28259547732152,2.3078895405340454,1.0,0.9953154624281866,True,short cycle (<6mo); very high Di (2.31/month)
Nabiye 11-23,ABWI102161306603W400,1,2022-07-01,9,False,harmonic,835.1126879116135,0.1811997913129383,1.0,0.8155848741246909,False,
Nabiye 11-23,ABWI102161306603W400,2,2023-04-01,8,False,exponential,507.09981322685866,0.21524061912333667,0.0,0.9024675923244398,False,
Nabiye 11-23,ABWI102161306603W400,3,2023-12-01,9,False,exponential,491.54699424715767,0.0967809080359717,0.0,0.656198367812339,False,
Nabiye 11-23,ABWI102161306603W400,4,2024-09-01,6,False,harmonic,342.6751405929153,0.25974472483277444,1.0,0.2539901430131656,True,low R2 (0.25)
Nabiye 11-23,ABWI102161306603W400,5,2025-03-01,16,False,harmonic,610.3061825809044,0.2860357080649894,1.0,0.5366561877979883,False,
Nabiye 11-23,ABWI102161406603W400,1,2022-06-01,4,True,harmonic,205.3539158141197,0.8179883634431458,1.0,0.5329040854958706,True,short cycle (<6mo)
Nabiye 11-23,ABWI102161406603W400,2,2022-10-01,14,False,exponential,167.3605996479506,0.13723151516271148,0.0,0.7162325351809706,False,
Nabiye 11-23,ABWI102161406603W400,3,2023-12-01,12,False,exponential,113.08333333333334,5.456725177012195e-18,0.0,0.0,True,low R2 (0.00)
Nabiye 11-23,ABWI102161406603W400,4,2024-12-01,15,False,exponential,272.29392991461185,0.14678707898263516,0.0,0.8799664796908833,False,
Nabiye 11-23,ABWI102161406603W400,5,2026-03-01,4,True,exponential,64.98985709406904,0.24042322222548718,0.0,0.6842712215631688,True,short cycle (<6mo)
Nabiye 11-23,ABWI102162306603W400,1,2023-05-01,5,True,exponential,1010.822574621239,0.25208776859326465,0.0,0.793132462212034,True,short cycle (<6mo)
Nabiye 11-23,ABWI102162306603W400,2,2023-10-01,5,True,harmonic,535.4800004404575,7.351371321387613e-17,1.0,0.0,True,short cycle (<6mo); low R2 (0.00)
Nabiye 11-23,ABWI102162306603W400,3,2024-03-01,11,False,exponential,797.6699545922619,0.16630781779744508,0.0,0.763532116438068,False,
Nabiye 11-23,ABWI102162306603W400,4,2025-02-01,4,True,exponential,793.5248484824967,0.37053228066317273,0.0,0.9857017322740819,True,short cycle (<6mo)
Nabiye 11-23,ABWI102162306603W400,5,2025-06-01,6,False,exponential,370.07500003006396,7.289058370281734e-16,0.0,-1.3322676295501878e-15,True,low R2 (-0.00)
Nabiye 11-23,ABWI102162306603W400,6,2025-12-01,7,False,exponential,445.2285714481909,4.425365321798989e-16,0.0,-4.440892098500626e-16,True,low R2 (-0.00)
Nabiye 11-23,ABWI102162406603W400,1,2023-01-01,4,True,exponential,260.00591420684844,0.35236810747252506,0.0,0.6040676188927595,True,short cycle (<6mo)
Nabiye 11-23,ABWI102162406603W400,2,2023-05-01,6,False,exponential,259.7016919725977,0.2728636721341697,0.0,0.7129021918217544,False,
Nabiye 11-23,ABWI102162406603W400,3,2023-11-01,14,False,hyperbolic,330.4539095646937,0.8006469816448618,1.999999999999978,0.8557140685235607,True,b pinned at bound (2.000)
Nabiye 11-23,ABWI102162406603W400,4,2025-01-01,9,False,exponential,126.56990351296957,0.28192973175713865,0.0,0.9667457758181085,False,
Nabiye 11-23,ABWI102162406603W400,5,2025-10-01,9,False,exponential,37.68888888888889,7.213985076292755e-21,0.0,0.0,True,low R2 (0.00)
Nabiye 11-23,ABWI103010106603W400,1,2022-08-01,4,True,harmonic,909.166542353379,1.0812673011092133,1.0,0.44968963088703984,True,short cycle (<6mo); low R2 (0.45)
Nabiye 11-23,ABWI103010106603W400,2,2022-12-01,4,True,exponential,613.1750000112792,1.4695445828944716e-16,0.0,-2.220446049250313e-16,True,short cycle (<6mo); low R2 (-0.00)
Nabiye 11-23,ABWI103010106603W400,3,2023-04-01,9,False,harmonic,1061.855639907221,0.6690343799428989,1.0,0.7069814126115939,False,
Nabiye 11-23,ABWI103010106603W400,4,2024-01-01,4,True,harmonic,748.733759558661,0.05046487405415037,1.0,0.030942652070670262,True,short cycle (<6mo); low R2 (0.03)
Nabiye 11-23,ABWI103010106603W400,5,2024-05-01,8,False,harmonic,1007.9772415490622,0.3251452959850042,1.0,0.28416080873699723,True,low R2 (0.28)
Nabiye 11-23,ABWI103010106603W400,6,2025-01-01,13,False,exponential,1103.4846673441932,0.12056860265708616,0.0,0.777722469568766,False,
Nabiye 11-23,ABWI103010106603W400,7,2026-02-01,5,True,exponential,243.80000000000018,3.613013627269e-16,0.0,-1.7763568394002505e-15,True,short cycle (<6mo); low R2 (-0.00)
Nabiye 11-23,ABWI103011306603W400,1,2022-05-01,6,False,harmonic,51.34600364650926,0.24643520430888605,1.0,0.22006044856465146,True,low R2 (0.22)
Nabiye 11-23,ABWI103011306603W400,2,2022-11-01,8,False,exponential,67.4,6.315397582392688e-21,0.0,0.0,True,low R2 (0.00)
Nabiye 11-23,ABWI103011306603W400,3,2023-07-01,4,True,harmonic,133.59553942472758,21.556518928403353,1.0,0.9938117221716678,True,short cycle (<6mo); very high Di (21.56/month)
Nabiye 11-23,ABWI103011306603W400,4,2023-11-01,5,True,exponential,29.13999996144724,4.738366758268947e-16,0.0,-1.3322676295501878e-15,True,short cycle (<6mo); low R2 (-0.00)
Nabiye 11-23,ABWI103011306603W400,5,2024-04-01,6,False,harmonic,66.26244011533666,1.013865916154903,1.0,0.7007183423305665,False,
Nabiye 11-23,ABWI103011306603W400,6,2024-10-01,7,False,exponential,42.81428579105366,1.7404735641023266e-16,0.0,-2.220446049250313e-16,True,low R2 (-0.00)
Nabiye 11-23,ABWI103011306603W400,7,2025-05-01,10,False,harmonic,66.38412249023658,0.10225253847345359,1.0,0.6528537325439192,False,
Nabiye 11-23,ABWI103011306603W400,8,2026-03-01,4,True,harmonic,60.14376215375117,0.5879950065363351,1.0,0.9024891040935078,True,short cycle (<6mo)
Nabiye 11-23,ABWI103021306603W400,1,2022-09-01,6,False,harmonic,157.28646806990366,0.5740467923235871,1.0,0.4200891530115326,True,low R2 (0.42)
Nabiye 11-23,ABWI103021306603W400,2,2023-03-01,8,False,harmonic,156.05764623131597,0.2743793819307857,1.0,0.5329374369189541,False,
Nabiye 11-23,ABWI103021306603W400,3,2023-11-01,9,False,exponential,154.5625,1.850827443759019e-22,0.0,0.0,True,low R2 (0.00)
Nabiye 11-23,ABWI103021306603W400,4,2024-08-01,23,False,harmonic,418.9130602503151,0.28646288284244426,1.0,0.9094015820019457,False,
Nabiye 11-23,ABWI103022506603W400,1,2022-08-01,8,False,harmonic,340.95533433335885,0.10114416348838894,1.0,0.46566390108605293,True,low R2 (0.47)
Nabiye 11-23,ABWI103022506603W400,2,2023-04-01,8,False,harmonic,261.12540746499883,0.16199590599033636,1.0,0.365466837769184,True,low R2 (0.37)
Nabiye 11-23,ABWI103022506603W400,3,2023-12-01,15,False,harmonic,410.30295847142395,0.1870653376560619,1.0,0.6339217954525196,False,
Nabiye 11-23,ABWI103022506603W400,4,2025-03-01,12,False,exponential,406.2086663056187,0.23490421106824358,0.0,0.9696916213554913,False,
Nabiye 11-23,ABWI103022506603W400,5,2026-03-01,4,True,harmonic,82.27159497238965,0.0855301365685203,1.0,0.022173952396373764,True,short cycle (<6mo); low R2 (0.02)
Nabiye 11-23,ABWI103023006602W400,1,2026-01-01,4,True,harmonic,1957.1665737048602,1.0970994815214072,1.0,0.9371317246419858,True,short cycle (<6mo)
Nabiye 11-23,ABWI103031106603W400,1,2023-04-01,8,False,harmonic,587.2253268619974,0.10764042302910694,1.0,0.15406488019632414,True,low R2 (0.15)
Nabiye 11-23,ABWI103031106603W400,2,2023-12-01,8,False,exponential,640.9233623128786,0.11733174425390279,0.0,0.8602769395784906,False,
Nabiye 11-23,ABWI103031106603W400,3,2024-08-01,9,False,exponential,472.81111111111113,8.258116312267162e-23,0.0,0.0,True,low R2 (0.00)
Nabiye 11-23,ABWI103031106603W400,4,2025-05-01,14,False,exponential,849.0291481553236,0.08096141633846866,0.0,0.8452376545687187,False,
Nabiye 11-23,ABWI103032006603W400,1,2025-01-01,18,False,harmonic,4583.551920007989,0.03319309742192077,1.0,0.554468340030178,False,
Nabiye 11-23,ABWI103033606603W400,1,2022-10-01,4,True,harmonic,227.49305805724856,0.14523804631951268,1.0,0.20806793510470112,True,short cycle (<6mo); low R2 (0.21)
Nabiye 11-23,ABWI103033606603W400,2,2023-02-01,5,True,exponential,286.30368467431254,0.2097358966906041,0.0,0.902996399926197,True,short cycle (<6mo)
Nabiye 11-23,ABWI103033606603W400,3,2023-07-01,4,True,harmonic,175.39588703035642,0.9370120476476262,1.0,0.5551345775588357,True,short cycle (<6mo)
Nabiye 11-23,ABWI103033606603W400,4,2023-11-01,6,False,exponential,123.1000000000025,4.70949546422741e-21,0.0,0.0,True,low R2 (0.00)
Nabiye 11-23,ABWI103033606603W400,5,2024-05-01,5,True,harmonic,316.2292534939982,3.574824806193141,1.0,0.8497043780179777,True,short cycle (<6mo); very high Di (3.57/month)
Nabiye 11-23,ABWI103033606603W400,6,2024-10-01,21,False,exponential,150.35714285714292,3.181655372802768e-17,0.0,-8.881784197001252e-16,True,low R2 (-0.00)
Nabiye 11-23,ABWI103043106602W400,1,2025-08-01,5,True,harmonic,470.24716941165883,0.1470398104913425,1.0,0.2414372793458882,True,short cycle (<6mo); low R2 (0.24)
Nabiye 11-23,ABWI103043106602W400,2,2026-01-01,6,False,harmonic,745.8702779575018,0.8770323456076716,1.0,0.923212720032727,False,
Nabiye 11-23,ABWI103052506603W400,1,2022-08-01,11,False,exponential,409.78319163174166,0.19555692568636893,0.0,0.8740225795326325,False,
Nabiye 11-23,ABWI103052506603W400,2,2023-07-01,5,True,exponential,180.98000000000002,5.112905768565159e-18,0.0,0.0,True,short cycle (<6mo); low R2 (0.00)
Nabiye 11-23,ABWI103052506603W400,3,2023-12-01,6,False,harmonic,220.23784702314327,0.1527421966469592,1.0,0.31921534001645335,True,low R2 (0.32)
Nabiye 11-23,ABWI103052506603W400,4,2024-06-01,6,False,harmonic,244.84926964182998,0.36259522534130323,1.0,0.6367013602137578,False,
Nabiye 11-23,ABWI103052506603W400,5,2024-12-01,9,False,exponential,167.33185546601098,0.21171157464049778,0.0,0.8822257478977283,False,
Nabiye 11-23,ABWI103052506603W400,6,2025-09-01,4,True,exponential,43.825000000010455,7.243323356094227e-20,0.0,0.0,True,short cycle (<6mo); low R2 (0.00)
Nabiye 11-23,ABWI103052506603W400,7,2026-01-01,6,False,harmonic,69.24665676044539,0.06437470746721848,1.0,0.05941733372103086,True,low R2 (0.06)
Nabiye 11-23,ABWI103061206603W400,1,2022-11-01,11,False,exponential,624.8091776764152,0.3898932057156541,0.0,0.8843089110109428,False,
Nabiye 11-23,ABWI103061206603W400,2,2023-10-01,5,True,harmonic,96.17551559108958,0.4019320663997623,1.0,0.47638671882565253,True,short cycle (<6mo); low R2 (0.48)
Nabiye 11-23,ABWI103061206603W400,3,2024-03-01,5,True,,,,,,True,too few data points to fit
Nabiye 11-23,ABWI103061206603W400,4,2024-08-01,7,False,harmonic,90.97142857142858,2.834872356843596e-17,1.0,0.0,True,low R2 (0.00)
Nabiye 11-23,ABWI103061206603W400,5,2025-03-01,11,False,harmonic,172.0934820684544,0.30110551219023957,1.0,0.8904459483971671,False,
Nabiye 11-23,ABWI103061206603W400,6,2026-02-01,5,True,harmonic,70.43490299974617,0.3566776470474622,1.0,0.6184456561234786,True,short cycle (<6mo)
Nabiye 11-23,ABWI103062406603W400,1,2022-07-01,4,True,exponential,290.9845064926636,0.4960796808082022,0.0,0.9308886076176592,True,short cycle (<6mo)
Nabiye 11-23,ABWI103062406603W400,2,2022-11-01,6,False,exponential,147.12,5.783808155559556e-22,0.0,0.0,True,low R2 (0.00)
Nabiye 11-23,ABWI103062406603W400,3,2023-05-01,5,True,exponential,326.3987358815703,0.3816100302401246,0.0,0.8803954071129358,True,short cycle (<6mo)
Nabiye 11-23,ABWI103062406603W400,4,2023-10-01,10,False,harmonic,60.34000000000001,8.04636442468578e-18,1.0,0.0,True,low R2 (0.00)
Nabiye 11-23,ABWI103062406603W400,5,2024-08-01,5,True,,,,,,True,too few data points to fit
Nabiye 11-23,ABWI103062406603W400,6,2025-01-01,11,False,exponential,62.72727272727315,2.5327957083931026e-26,0.0,-2.220446049250313e-16,True,low R2 (-0.00)
Nabiye 11-23,ABWI103062406603W400,7,2025-12-01,7,False,exponential,259.27185275631257,0.33705259402196147,0.0,0.8718898868468644,False,
Nabiye 11-23,ABWI103063106602W402,1,2024-07-01,13,False,harmonic,2648.843777653619,0.7175234621151768,1.0,0.9640785113836517,False,
Nabiye 11-23,ABWI103063106602W402,2,2025-08-01,7,False,harmonic,520.5057727249157,0.7829782808319686,1.0,0.5552230127743959,False,
Nabiye 11-23,ABWI103063606603W400,1,2022-05-01,8,False,exponential,378.8625000944755,8.812995675281608e-16,0.0,-2.6645352591003757e-15,True,low R2 (-0.00)
Nabiye 11-23,ABWI103063606603W400,2,2023-01-01,5,True,,,,,,True,too few data points to fit
Nabiye 11-23,ABWI103063606603W400,3,2023-06-01,4,True,harmonic,183.23751447798358,0.8356358429330047,1.0,0.6407647948530557,True,short cycle (<6mo)
Nabiye 11-23,ABWI103063606603W400,4,2023-10-01,14,False,exponential,192.46428571428572,6.268293978300796e-21,0.0,0.0,True,low R2 (0.00)
Nabiye 11-23,ABWI103063606603W400,5,2024-12-01,17,False,harmonic,412.9166078975688,0.011514417477658098,1.0,0.027967983994303447,True,low R2 (0.03)
Nabiye 11-23,ABWI103071306603W400,1,2022-07-01,10,False,exponential,170.39999973281536,1.1859675927692878e-15,0.0,-6.661338147750939e-15,True,low R2 (-0.00)
Nabiye 11-23,ABWI103071306603W400,2,2023-05-01,6,False,exponential,524.1167340221895,0.3350789214125592,0.0,0.9313971825998698,False,
Nabiye 11-23,ABWI103071306603W400,3,2023-11-01,4,True,,,,,,True,too few data points to fit
Nabiye 11-23,ABWI103071306603W400,4,2024-03-01,5,True,exponential,48.95,2.2691323930128044e-21,0.0,0.0,True,short cycle (<6mo); low R2 (0.00)
Nabiye 11-23,ABWI103071306603W400,5,2024-08-01,7,False,exponential,310.45863815100006,1.1102311906949514,0.0,0.9345225324806516,False,
Nabiye 11-23,ABWI103071306603W400,6,2025-03-01,8,False,exponential,79.28750000000205,2.811300943145042e-21,0.0,0.0,True,low R2 (0.00)
Nabiye 11-23,ABWI103071306603W400,7,2025-11-01,6,False,harmonic,122.38874849033346,0.7935792139246682,1.0,0.8152243201104129,False,
Nabiye 11-23,ABWI103071306603W400,8,2026-05-01,2,True,,,,,,True,too few data points to fit
Nabiye 11-23,ABWI103073506603W400,1,2022-10-01,9,False,harmonic,1442.7135801391146,0.2735891729603635,1.0,0.6618312514039131,False,
Nabiye 11-23,ABWI103073506603W400,2,2023-07-01,15,False,exponential,1100.8066666666666,4.904970665324137e-21,0.0,0.0,True,low R2 (0.00)
Nabiye 11-23,ABWI103073506603W400,3,2024-10-01,6,False,exponential,2320.931159970537,0.26882299647413976,0.0,0.9615273033695133,False,
Nabiye 11-23,ABWI103073506603W400,4,2025-04-01,4,True,exponential,223.75226132673478,0.8658875009659871,0.0,0.9869292381784717,True,short cycle (<6mo)
Nabiye 11-23,ABWI103073506603W400,5,2025-08-01,9,False,exponential,522.9777777777778,2.0314577846106503e-22,0.0,0.0,True,low R2 (0.00)
Nabiye 11-23,ABWI103073606603W400,1,2022-07-01,10,False,exponential,351.17580779958536,0.0501844515067389,0.0,0.13120651291300933,True,low R2 (0.13)
Nabiye 11-23,ABWI103073606603W400,2,2023-05-01,11,False,harmonic,134.36640369831443,0.12323661781249991,1.0,0.3531941196679119,True,low R2 (0.35)
Nabiye 11-23,ABWI103073606603W400,3,2024-04-01,9,False,exponential,254.3666666672811,1.3340887544750278e-18,0.0,-2.220446049250313e-16,True,low R2 (-0.00)
Nabiye 11-23,ABWI103073606603W400,4,2025-01-01,18,False,exponential,305.4444444444445,2.4905492176986178e-17,0.0,0.0,True,low R2 (0.00)
Nabiye 11-23,ABWI103081106603W400,1,2022-08-01,5,True,,,,,,True,too few data points to fit
Nabiye 11-23,ABWI103081106603W400,2,2023-01-01,11,False,exponential,153.38767766356173,0.16504537316035978,0.0,0.7310768928196398,False,
Nabiye 11-23,ABWI103081106603W400,3,2023-12-01,8,False,exponential,38.24,1.872730964528071e-24,0.0,-2.220446049250313e-16,True,low R2 (-0.00)
Nabiye 11-23,ABWI103081106603W400,4,2024-08-01,8,False,harmonic,112.28721028022552,0.19007642459181903,1.0,0.1842585185274328,True,low R2 (0.18)
Nabiye 11-23,ABWI103081106603W400,5,2025-04-01,10,False,harmonic,93.62520859850481,0.2579602954851219,1.0,0.8219972950549818,False,
Nabiye 11-23,ABWI103081106603W400,6,2026-02-01,5,True,harmonic,35.642553752085966,0.40633411731520824,1.0,0.39725799429701203,True,short cycle (<6mo); low R2 (0.40)
Nabiye 11-23,ABWI103081206603W400,1,2022-05-01,7,False,harmonic,512.9198905160277,0.7511926492980332,1.0,0.40225229994868905,True,low R2 (0.40)
Nabiye 11-23,ABWI103081206603W400,2,2022-12-01,9,False,harmonic,477.3039588511282,1.7390665897687878,1.0,0.6721413221721436,False,
Nabiye 11-23,ABWI103081306603W400,1,2022-07-01,8,False,harmonic,167.89909630969345,0.12173635322712187,1.0,0.39106837550230444,True,low R2 (0.39)
Nabiye 11-23,ABWI103081306603W400,2,2023-03-01,7,False,exponential,159.04313586009653,0.16401170570826348,0.0,0.5897228626614369,False,
Nabiye 11-23,ABWI103081306603W400,3,2023-10-01,5,True,harmonic,152.22793847779778,0.43278607313373063,1.0,0.5525942562401236,True,short cycle (<6mo)
Nabiye 11-23,ABWI103081306603W400,4,2024-03-01,7,False,harmonic,137.19473831552446,0.0776039896750726,1.0,0.05538668531842261,True,low R2 (0.06)
Nabiye 11-23,ABWI103081306603W400,5,2024-10-01,7,False,harmonic,160.23444012380187,0.4794225949491082,1.0,0.821272067888151,False,
Nabiye 11-23,ABWI103081306603W400,6,2025-05-01,7,False,harmonic,81.9466891677049,0.33527020603276103,1.0,0.6364726329161532,False,
Nabiye 11-23,ABWI103081306603W400,7,2025-12-01,7,False,harmonic,51.35220208375893,0.006550147461538731,1.0,0.000778898280241469,True,low R2 (0.00)
Nabiye 11-23,ABWI103082506603W400,1,2022-07-01,9,False,harmonic,145.2,7.603710536282324e-19,1.0,0.0,True,low R2 (0.00)
Nabiye 11-23,ABWI103082506603W400,2,2023-04-01,6,False,exponential,289.6024669673507,0.2527659741311183,0.0,0.7534308062984356,False,
Nabiye 11-23,ABWI103082506603W400,3,2023-10-01,5,True,exponential,102.67500000258593,9.5416782922852e-18,0.0,-2.220446049250313e-16,True,short cycle (<6mo); low R2 (-0.00)
Nabiye 11-23,ABWI103082506603W400,4,2024-03-01,4,True,harmonic,172.10930721960216,0.041944479990939525,1.0,0.015226936525006951,True,short cycle (<6mo); low R2 (0.02)
Nabiye 11-23,ABWI103082506603W400,5,2024-07-01,4,True,,,,,,True,too few data points to fit
Nabiye 11-23,ABWI103082506603W400,6,2024-11-01,6,False,exponential,89.26666658010757,1.20537487814142e-17,0.0,0.0,True,low R2 (0.00)
Nabiye 11-23,ABWI103082506603W400,7,2025-05-01,11,False,harmonic,172.80425202286767,0.45456236668229166,1.0,0.00010587214970736447,True,low R2 (0.00)
Nabiye 11-23,ABWI103082506603W400,8,2026-04-01,3,True,,,,,,True,too few data points to fit
Nabiye 11-23,ABWI103090106603W400,1,2022-06-01,8,False,harmonic,703.0740217840379,0.40413110240382744,1.0,0.34302689461783487,True,low R2 (0.34)
Nabiye 11-23,ABWI103090106603W400,2,2023-02-01,8,False,exponential,556.2754262988952,0.2652628936311005,0.0,0.7936398644063722,False,
Nabiye 11-23,ABWI103090106603W400,3,2023-10-01,4,True,,,,,,True,too few data points to fit
Nabiye 11-23,ABWI103090106603W400,4,2024-02-01,10,False,harmonic,1261.7815968366515,1.5052847405922052,1.0,0.5161840166996778,False,
Nabiye 11-23,ABWI103090106603W400,5,2024-12-01,11,False,exponential,904.353041747594,0.294246512456604,0.0,0.8712704306317648,False,
Nabiye 11-23,ABWI103090106603W400,6,2025-11-01,8,False,exponential,136.11428571428615,9.566061775557479e-16,0.0,-3.9968028886505635e-15,True,low R2 (-0.00)
Nabiye 11-23,ABWI103091106603W400,1,2022-08-01,8,False,exponential,62.72000000064704,2.1261836247896245e-18,0.0,1.1102230246251565e-16,True,low R2 (0.00)
Nabiye 11-23,ABWI103091106603W400,2,2023-04-01,8,False,exponential,144.13373088215104,0.45654438096881755,0.0,0.881601105909478,False,
Nabiye 11-23,ABWI103091106603W400,3,2023-12-01,7,False,exponential,22.959999999999997,5.745018460677428e-22,0.0,-2.220446049250313e-16,True,low R2 (-0.00)
Nabiye 11-23,ABWI103091106603W400,4,2024-07-01,4,True,exponential,66.84964345512492,1.243731683395513,0.0,0.9930278086914567,True,short cycle (<6mo)
Nabiye 11-23,ABWI103091106603W400,5,2024-11-01,10,False,harmonic,33.924999961611675,5.524154909172879e-15,1.0,-2.708944180085382e-14,True,low R2 (-0.00)
Nabiye 11-23,ABWI103091106603W400,6,2025-09-01,10,False,exponential,186.64425701718153,0.2227317231140321,0.0,0.9613939652000103,False,
Nabiye 11-23,ABWI103092506603W400,1,2023-11-01,4,True,,,,,,True,too few data points to fit
Nabiye 11-23,ABWI103092506603W400,2,2024-03-01,8,False,exponential,1251.9791074153563,0.9126448062322267,0.0,0.9727663181492995,False,
Nabiye 11-23,ABWI103092506603W400,3,2024-11-01,12,False,exponential,333.97999941839504,4.3471013926543037e-17,0.0,-2.220446049250313e-16,True,low R2 (-0.00)
Nabiye 11-23,ABWI103092506603W400,4,2025-11-01,8,False,exponential,1905.744587596885,0.24811100134462896,0.0,0.9729078281378172,False,
Nabiye 11-23,ABWI103103506603W400,1,2024-01-01,5,True,,,,,,True,too few data points to fit
Nabiye 11-23,ABWI103103506603W400,2,2024-06-01,5,True,harmonic,519.5656373202964,2.8502726142148367,1.0,0.8479960468737122,True,short cycle (<6mo); very high Di (2.85/month)
Nabiye 11-23,ABWI103103506603W400,3,2024-11-01,7,False,harmonic,899.5122039091423,0.4056107772933143,1.0,0.4738386580319177,True,low R2 (0.47)
Nabiye 11-23,ABWI103103506603W400,4,2025-06-01,4,True,harmonic,753.5451819335707,0.28904685529200297,1.0,0.6970933993887591,True,short cycle (<6mo)
Nabiye 11-23,ABWI103103506603W400,5,2025-10-01,9,False,harmonic,1017.6416532738367,0.13174311204292544,1.0,0.9109087660222095,False,
Nabiye 11-23,ABWI103112406603W400,1,2022-06-01,4,True,exponential,358.4791645014981,0.34553200067458223,0.0,0.8472528375368579,True,short cycle (<6mo)
Nabiye 11-23,ABWI103112406603W400,2,2022-10-01,7,False,harmonic,208.4166870265097,0.12988038927391857,1.0,0.04211546422279,True,low R2 (0.04)
Nabiye 11-23,ABWI103112406603W400,3,2023-05-01,9,False,harmonic,313.09046984849266,0.40893142654294873,1.0,0.7286669954950065,False,
Nabiye 11-23,ABWI103112406603W400,4,2024-02-01,11,False,exponential,248.71007215146852,0.12176190706225498,0.0,0.5852323660358713,False,
Nabiye 11-23,ABWI103112406603W400,5,2025-01-01,4,True,harmonic,50.42500000049083,1.1454845430587946e-16,1.0,3.3306690738754696e-16,True,short cycle (<6mo); low R2 (0.00)
Nabiye 11-23,ABWI103112406603W400,6,2025-05-01,7,False,harmonic,82.89564725841059,1.3162882943978278,1.0,0.8616115138260031,False,
Nabiye 11-23,ABWI103112406603W400,7,2025-12-01,7,False,harmonic,134.3807304181084,0.21812842987380432,1.0,0.5127435811416428,False,
Nabiye 11-23,ABWI103113606603W400,1,2022-09-01,9,False,exponential,634.8954075511522,0.17584002385247136,0.0,0.7418192919797797,False,
Nabiye 11-23,ABWI103113606603W400,2,2023-06-01,8,False,harmonic,232.00312970504768,0.308710178610336,1.0,0.6011144639376047,False,
Nabiye 11-23,ABWI103113606603W400,3,2024-02-01,8,False,harmonic,200.76249982119734,1.9212099539917414e-16,1.0,1.1102230246251565e-16,True,low R2 (0.00)
Nabiye 11-23,ABWI103113606603W400,4,2024-10-01,5,True,harmonic,454.60671149189534,0.19606218448015905,1.0,0.4616532403012107,True,short cycle (<6mo); low R2 (0.46)
Nabiye 11-23,ABWI103113606603W400,5,2025-03-01,9,False,harmonic,534.4397134056593,0.5368099541217376,1.0,0.6928318563861745,False,
Nabiye 11-23,ABWI103113606603W400,6,2025-12-01,7,False,exponential,350.4431972264598,0.17950447926372934,0.0,0.5303781146030488,False,
Nabiye 11-23,ABWI103121206603W402,1,2022-12-01,6,False,exponential,341.28414926749247,0.5193797373656315,0.0,0.9838383429353581,False,
Nabiye 11-23,ABWI103121206603W402,2,2023-06-01,4,True,exponential,75.87002205032036,0.8059903258779026,0.0,0.949060774126329,True,short cycle (<6mo)
Nabiye 11-23,ABWI103121206603W402,3,2023-10-01,4,True,,,,,,True,too few data points to fit
Nabiye 11-23,ABWI103121206603W402,4,2024-02-01,5,True,,,,,,True,too few data points to fit
Nabiye 11-23,ABWI103121206603W402,5,2024-07-01,6,False,harmonic,61.85897230522638,0.07520338003916008,1.0,0.26669741854908846,True,low R2 (0.27)
Nabiye 11-23,ABWI103121206603W402,6,2025-01-01,8,False,exponential,118.67586044311767,0.11852825305803176,0.0,0.5835693125020062,False,
Nabiye 11-23,ABWI103121206603W402,7,2025-09-01,4,True,exponential,120.07977191128539,0.2592649214469933,0.0,0.6915110129115762,True,short cycle (<6mo)
Nabiye 11-23,ABWI103121206603W402,8,2026-01-01,6,False,harmonic,64.29744488462507,0.1577126080992243,1.0,0.799815301058262,False,
Nabiye 11-23,ABWI103121906602W400,1,2025-01-01,4,True,exponential,415.25,1.8752801438913893e-26,0.0,0.0,True,short cycle (<6mo); low R2 (0.00)
Nabiye 11-23,ABWI103121906602W400,2,2025-05-01,9,False,harmonic,1896.606261561278,0.2572261024412772,1.0,0.845216880380067,False,
Nabiye 11-23,ABWI103121906602W400,3,2026-02-01,5,True,harmonic,863.2242799081167,0.4238095639029967,1.0,0.9626816285006033,True,short cycle (<6mo)
Nabiye 11-23,ABWI103122506603W400,1,2022-07-01,12,False,exponential,540.0532756362112,0.31585766907203683,0.0,0.9063188617621485,False,
Nabiye 11-23,ABWI103122506603W400,2,2023-07-01,9,False,exponential,203.2444444567177,2.7979230824696897e-16,0.0,-1.9984014443252818e-15,True,low R2 (-0.00)
Nabiye 11-23,ABWI103122506603W400,3,2024-04-01,4,True,exponential,247.6500002482865,2.51054983086587e-28,0.0,0.0,True,short cycle (<6mo); low R2 (0.00)
Nabiye 11-23,ABWI103122506603W400,4,2024-08-01,16,False,exponential,437.53497214385953,0.1757846439439042,0.0,0.8797741518403982,False,
Nabiye 11-23,ABWI103122506603W400,5,2025-12-01,7,False,harmonic,101.72569154365273,0.06660067107464263,1.0,0.033132112789332924,True,low R2 (0.03)
Nabiye 11-23,ABWI103131306603W400,1,2022-05-01,4,True,,,,,,True,too few data points to fit
Nabiye 11-23,ABWI103131306603W400,2,2022-09-01,10,False,exponential,210.5551856406771,0.27668756585145826,0.0,0.890147006689328,False,
Nabiye 11-23,ABWI103131306603W400,3,2023-07-01,8,False,exponential,88.43333325874531,4.674505683732868e-15,0.0,-2.4646951146678475e-14,True,low R2 (-0.00)
Nabiye 11-23,ABWI103131306603W400,4,2024-03-01,10,False,harmonic,147.6533683271799,0.21625707632812097,1.0,0.09927490304016517,True,low R2 (0.10)
Nabiye 11-23,ABWI103131306603W400,5,2025-01-01,8,False,harmonic,154.52056576552468,0.18354534331947225,1.0,0.6422898232157948,False,
Nabiye 11-23,ABWI103131306603W400,6,2025-09-01,6,False,harmonic,86.01486621075283,0.5695829172989176,1.0,0.18292191791287082,True,low R2 (0.18)
Nabiye 11-23,ABWI103131306603W400,7,2026-03-01,4,True,exponential,132.31009205951224,0.41539560571753703,0.0,0.8230724431167182,True,short cycle (<6mo)
Nabiye 11-23,ABWI103132506603W400,1,2022-09-01,10,False,exponential,747.0551427040962,0.23515988750010902,0.0,0.9560558714859324,False,
Nabiye 11-23,ABWI103132506603W400,2,2023-07-01,4,True,harmonic,235.0283612339707,0.3706619921520567,1.0,0.1853302431654953,True,short cycle (<6mo); low R2 (0.19)
Nabiye 11-23,ABWI103132506603W400,3,2023-11-01,5,True,harmonic,207.0327256523463,0.015693074773695234,1.0,0.0053340039208725765,True,short cycle (<6mo); low R2 (0.01)
Nabiye 11-23,ABWI103132506603W400,4,2024-04-01,8,False,harmonic,347.3394919227884,0.1292314053948332,1.0,0.35781450258653213,True,low R2 (0.36)
Nabiye 11-23,ABWI103132506603W400,5,2024-12-01,19,False,exponential,216.39411764877468,4.8797376555387584e-21,0.0,1.1102230246251565e-16,True,low R2 (0.00)
Nabiye 11-23,ABWI103140106603W400,1,2022-12-01,11,False,hyperbolic,127.28339718436615,9.927923319400875,1.9999999999998896,0.9835586901971326,True,very high Di (9.93/month); b pinned at bound (2.000)
Nabiye 11-23,ABWI103140106603W400,2,2023-11-01,4,True,harmonic,61.915626291675025,1.9535428640978096,1.0,0.7861765737796305,True,short cycle (<6mo)
Nabiye 11-23,ABWI103140106603W400,3,2024-03-01,5,True,,,,,,True,too few data points to fit
Nabiye 11-23,ABWI103140106603W400,4,2024-08-01,6,False,harmonic,84.7166666821738,1.009420403522361e-12,1.0,-7.460698725481052e-14,True,low R2 (-0.00)
Nabiye 11-23,ABWI103140106603W400,5,2025-02-01,8,False,harmonic,260.49192381184594,2.1372057444536385,1.0,0.9605468134063927,True,very high Di (2.14/month)
Nabiye 11-23,ABWI103140106603W400,6,2025-10-01,7,False,harmonic,73.3370426614614,0.9935569771378684,1.0,0.8837929374026304,False,
Nabiye 11-23,ABWI103143106602W400,1,2023-07-01,7,False,exponential,880.0142847983965,1.328782987703972e-18,0.0,3.3306690738754696e-16,True,low R2 (0.00)
Nabiye 11-23,ABWI103143106602W400,2,2024-02-01,7,False,harmonic,2141.551213943267,0.22518947009413826,1.0,0.6385713164853883,False,
Nabiye 11-23,ABWI103143106602W400,3,2024-09-01,11,False,harmonic,1820.4345710017803,0.24094191581744567,1.0,0.44940810994085445,True,low R2 (0.45)
Nabiye 11-23,ABWI103143106602W400,4,2025-08-01,11,False,harmonic,1619.9773931425516,0.14100095703142432,1.0,0.7295815831698231,False,
Nabiye 11-23,ABWI103143606603W400,1,2022-07-01,10,False,exponential,571.4182653553435,0.10921475620532956,0.0,0.5958025105488944,False,
Nabiye 11-23,ABWI103143606603W400,2,2023-05-01,5,True,exponential,207.61235479964924,0.24237472906812588,0.0,0.7323896804698953,True,short cycle (<6mo)
Nabiye 11-23,ABWI103143606603W400,3,2023-10-01,13,False,exponential,92.96923057709249,2.448132112076675e-17,0.0,-2.220446049250313e-16,True,low R2 (-0.00)
Nabiye 11-23,ABWI103143606603W400,4,2024-11-01,12,False,exponential,513.8769895183983,0.1413715612279585,0.0,0.6457823084163592,False,
Nabiye 11-23,ABWI103143606603W400,5,2025-11-01,8,False,exponential,328.686189357049,0.1220923335602049,0.0,0.5058976743960233,False,
Nabiye 11-23,ABWI103151206603W400,1,2022-07-01,6,False,exponential,115.5599997983397,2.9709124765776803e-15,0.0,-1.687538997430238e-14,True,low R2 (-0.00)
Nabiye 11-23,ABWI103151206603W400,2,2023-01-01,14,False,harmonic,197.9846922458586,0.27968693884767903,1.0,0.8231013099440028,False,
Nabiye 11-23,ABWI103151206603W400,3,2024-03-01,7,False,exponential,105.74212141833071,0.3320588367559046,0.0,0.895947938919494,False,
Nabiye 11-23,ABWI103151206603W400,4,2024-10-01,10,False,exponential,49.62500000000093,4.22050050624104e-25,0.0,0.0,True,low R2 (0.00)
Nabiye 11-23,ABWI103151206603W400,5,2025-08-01,11,False,harmonic,57.56999152935654,0.1465328500715086,1.0,0.4893377683800605,True,low R2 (0.49)
Nabiye 11-23,ABWI103152406603W400,1,2022-07-01,9,False,harmonic,425.72359085530263,0.18031634091581536,1.0,0.6181102671556229,False,
Nabiye 11-23,ABWI103152406603W400,2,2023-04-01,8,False,harmonic,220.23975500069105,0.027346556345880662,1.0,0.009346146465987304,True,low R2 (0.01)
Nabiye 11-23,ABWI103152406603W400,3,2023-12-01,16,False,harmonic,329.47012756940177,0.10405831581831627,1.0,0.561608745722693,False,
Nabiye 11-23,ABWI103152406603W400,4,2025-04-01,11,False,harmonic,194.42382829491356,0.38960609283133274,1.0,0.8767438426398267,False,
Nabiye 11-23,ABWI103152406603W400,5,2026-03-01,4,True,harmonic,54.30464562569011,0.061911429746576915,1.0,0.011716819417923352,True,short cycle (<6mo); low R2 (0.01)
Nabiye 11-23,ABWI103153506603W402,1,2024-01-01,12,False,exponential,2712.733333333333,3.63367211688354e-21,0.0,2.220446049250313e-16,True,low R2 (0.00)
Nabiye 11-23,ABWI103153506603W402,2,2025-01-01,10,False,harmonic,4342.351311296824,2.2115016284524636,1.0,0.6324991569318044,True,very high Di (2.21/month)
Nabiye 11-23,ABWI103153506603W402,3,2025-11-01,6,False,harmonic,2110.196930006677,0.3613556114071353,1.0,0.9074899085304404,False,
Nabiye 11-23,ABWI103153606603W400,1,2023-05-01,7,False,harmonic,174.00320480865668,0.14680693802601769,1.0,0.10511174761651776,True,low R2 (0.11)
Nabiye 11-23,ABWI103153606603W400,2,2023-12-01,4,True,exponential,233.62500059279347,1.196864042668256e-19,0.0,-2.220446049250313e-16,True,short cycle (<6mo); low R2 (-0.00)
Nabiye 11-23,ABWI103153606603W400,3,2024-04-01,14,False,exponential,664.0860148798055,0.03622573416006936,0.0,0.33755517394050294,True,low R2 (0.34)
Nabiye 11-23,ABWI103153606603W400,4,2025-06-01,6,False,exponential,530.5672667301409,0.13035441169446782,0.0,0.31824500770651665,True,low R2 (0.32)
Nabiye 11-23,ABWI103153606603W400,5,2025-12-01,7,False,exponential,213.60000040604336,6.165225807341842e-15,0.0,-2.4202861936828413e-14,True,low R2 (-0.00)
Nabiye 11-23,ABWI103160206603W400,1,2022-05-01,7,False,exponential,142.9,2.952280282379232e-21,0.0,0.0,True,low R2 (0.00)
Nabiye 11-23,ABWI103160206603W400,2,2022-12-01,11,False,exponential,308.06951053851856,0.7034402944680138,0.0,0.8816101825232692,False,
Nabiye 11-23,ABWI103160206603W400,3,2023-11-01,8,False,exponential,35.9,2.5220592120134617e-19,0.0,0.0,True,low R2 (0.00)
Nabiye 11-23,ABWI103160206603W400,4,2024-07-01,4,True,harmonic,66.034526826323,0.5341047944586002,1.0,0.4010520507442292,True,short cycle (<6mo); low R2 (0.40)
Nabiye 11-23,ABWI103160206603W400,5,2024-11-01,4,True,harmonic,60.6990981661814,0.24708144317115346,1.0,0.23494716011542494,True,short cycle (<6mo); low R2 (0.23)
Nabiye 11-23,ABWI103160206603W400,6,2025-03-01,7,False,harmonic,71.1344758195066,0.2158767245606034,1.0,0.5213209970302994,False,
Nabiye 11-23,ABWI103160206603W400,7,2025-10-01,7,False,harmonic,72.02888537942587,0.8597479254351481,1.0,0.8918933717734492,False,
Nabiye 11-23,ABWI103161206603W400,1,2022-07-01,4,True,,,,,,True,too few data points to fit
Nabiye 11-23,ABWI103161206603W400,2,2022-11-01,12,False,exponential,179.98170201237423,0.13800169828031641,0.0,0.768332186792085,False,
Nabiye 11-23,ABWI103161206603W400,3,2023-11-01,5,True,harmonic,92.7022465406569,8.09710878036701,1.0,0.9969699272852159,True,short cycle (<6mo); very high Di (8.10/month)
Nabiye 11-23,ABWI103162406603W400,1,2022-05-01,11,False,harmonic,314.61084846608276,0.15950859816672228,1.0,0.7516640654826444,False,
Nabiye 11-23,ABWI103162406603W400,2,2023-04-01,6,False,exponential,285.91595348152885,0.21034415828279654,0.0,0.7933208971702492,False,
Nabiye 11-23,ABWI103162406603W400,3,2023-10-01,5,True,exponential,97.5,3.671045031384957e-24,0.0,0.0,True,short cycle (<6mo); low R2 (0.00)
Nabiye 11-23,ABWI103162406603W400,4,2024-03-01,13,False,harmonic,125.29347901622592,0.2219307636489234,1.0,0.6611607333675125,False,
Nabiye 11-23,ABWI103162406603W400,5,2025-04-01,8,False,harmonic,62.77538240450195,0.10128948011802177,1.0,0.1729207967495937,True,low R2 (0.17)
Nabiye 11-23,ABWI103162406603W400,6,2025-12-01,7,False,exponential,70.5447346586048,0.18088761121682753,0.0,0.6351332970809904,False,
Nabiye 11-23,ABWI104011306603W400,1,2022-06-01,5,True,harmonic,136.72276724834475,0.2722835130451237,1.0,0.03967177104901165,True,short cycle (<6mo); low R2 (0.04)
Nabiye 11-23,ABWI104011306603W400,2,2022-11-01,4,True,harmonic,136.7355123201071,0.05828440273246968,1.0,0.034350631003916776,True,short cycle (<6mo); low R2 (0.03)
Nabiye 11-23,ABWI104011306603W400,3,2023-03-01,13,False,exponential,155.14882409594043,0.23020661675261048,0.0,0.6869300307029209,False,
Nabiye 11-23,ABWI104011306603W400,4,2024-04-01,10,False,harmonic,30.099999999999998,3.139866363999189e-18,1.0,0.0,True,low R2 (0.00)
Nabiye 11-23,ABWI104011306603W400,5,2025-02-01,7,False,harmonic,124.75345766503548,0.20078750443865576,1.0,0.6225378130914807,False,
Nabiye 11-23,ABWI104011306603W400,6,2025-09-01,7,False,exponential,100.75714285943951,1.5735272096897953e-16,0.0,-6.661338147750939e-16,True,low R2 (-0.00)
Nabiye 11-23,ABWI104011306603W400,7,2026-04-01,3,True,,,,,,True,too few data points to fit
Nabiye 11-23,ABWI104021306603W400,1,2022-07-01,8,False,harmonic,168.21893061290382,0.5583277728639934,1.0,0.3469332000553348,True,low R2 (0.35)
Nabiye 11-23,ABWI104021306603W400,2,2023-03-01,8,False,harmonic,197.4969392253295,0.36899027765408415,1.0,0.7027998264584427,False,
Nabiye 11-23,ABWI104021306603W400,3,2023-11-01,9,False,exponential,168.2375,2.381556620930451e-22,0.0,0.0,True,low R2 (0.00)
Nabiye 11-23,ABWI104021306603W400,4,2024-08-01,4,True,exponential,430.35024009801333,0.4254013126533998,0.0,0.7436023481355631,True,short cycle (<6mo)
Nabiye 11-23,ABWI104021306603W400,5,2024-12-01,19,False,hyperbolic,273.3204102816645,0.8508176726732777,1.9999999999999956,0.8736992761489051,True,b pinned at bound (2.000)
Nabiye 11-23,ABWI104022506603W400,1,2022-05-01,8,False,harmonic,259.632074361734,0.24312810038885094,1.0,0.7907321052733988,False,
Nabiye 11-23,ABWI104022506603W400,2,2023-01-01,5,True,harmonic,223.3709538454125,0.07494297512538789,1.0,0.08307558938707316,True,short cycle (<6mo); low R2 (0.08)
Nabiye 11-23,ABWI104022506603W400,3,2023-06-01,4,True,exponential,238.6516373175034,0.4216397926094274,0.0,0.8932903455855637,True,short cycle (<6mo)
Nabiye 11-23,ABWI104022506603W400,4,2023-10-01,6,False,exponential,104.2,4.345940237008627e-25,0.0,0.0,True,low R2 (0.00)
Nabiye 11-23,ABWI104022506603W400,5,2024-04-01,12,False,harmonic,157.39938142442506,0.15528708307870473,1.0,0.820869453107472,False,
Nabiye 11-23,ABWI104022506603W400,6,2025-04-01,8,False,harmonic,78.6346944673118,0.1079812140010072,1.0,0.3464047349012632,True,low R2 (0.35)
Nabiye 11-23,ABWI104022506603W400,7,2025-12-01,7,False,harmonic,58.46401797752184,0.12145074480620473,1.0,0.21659036895136508,True,low R2 (0.22)
Nabiye 11-23,ABWI104023506603W400,1,2024-10-01,7,False,harmonic,3238.138049032769,1.3292472337070844,1.0,0.406169928003119,True,low R2 (0.41)
Nabiye 11-23,ABWI104023506603W400,2,2025-05-01,10,False,exponential,2649.9579513763474,0.29408848596107223,0.0,0.9350375234837025,False,
Nabiye 11-23,ABWI104023506603W400,3,2026-03-01,4,True,,,,,,True,too few data points to fit
Nabiye 11-23,ABWI104031106603W400,1,2023-07-01,4,True,harmonic,1001.8144226109067,5.322423872589545,1.0,0.7548028168154577,True,short cycle (<6mo); very high Di (5.32/month)
Nabiye 11-23,ABWI104031106603W400,2,2023-11-01,9,False,harmonic,676.4059926617191,0.17199764264546816,1.0,0.882304313623801,False,
Nabiye 11-23,ABWI104031106603W400,3,2024-08-01,7,False,exponential,538.5571428571625,3.6215429323927724e-21,0.0,1.1102230246251565e-16,True,low R2 (0.00)
Nabiye 11-23,ABWI104031106603W400,4,2025-03-01,10,False,exponential,1253.091788427206,0.1447581038988847,0.0,0.8166038974466484,False,
Nabiye 11-23,ABWI104031106603W400,5,2026-01-01,6,False,harmonic,485.84742277977807,0.037324247474594056,1.0,0.13261126298885706,True,low R2 (0.13)
Nabiye 11-23,ABWI104032006603W400,1,2025-12-01,7,False,harmonic,7828.150020513331,0.0936045431104403,1.0,0.5244938917325928,False,
Nabiye 11-23,ABWI104033606603W400,1,2022-09-01,14,False,harmonic,246.60724238528397,0.15218634939920872,1.0,0.6999644575093693,False,
Nabiye 11-23,ABWI104033606603W400,2,2023-11-01,5,True,exponential,140.61856962217405,0.28751554087711684,0.0,0.8664180311896726,True,short cycle (<6mo)
Nabiye 11-23,ABWI104033606603W400,3,2024-04-01,5,True,exponential,238.27847223886545,0.27750355083314865,0.0,0.6733008103066519,True,short cycle (<6mo)
Nabiye 11-23,ABWI104033606603W400,4,2024-09-01,7,False,harmonic,122.54956666936143,0.18127483377710965,1.0,0.18349626793876506,True,low R2 (0.18)
Nabiye 11-23,ABWI104033606603W400,5,2025-04-01,4,True,harmonic,407.2031293173755,0.29935849150262933,1.0,0.5440866172055115,True,short cycle (<6mo)
Nabiye 11-23,ABWI104033606603W400,6,2025-08-01,7,False,exponential,807.8827362563716,0.28101135450781983,0.0,0.7872678913606117,False,
Nabiye 11-23,ABWI104033606603W400,7,2026-03-01,4,True,exponential,267.59833043805935,0.4479123297569425,0.0,0.9575943456421773,True,short cycle (<6mo)
Nabiye 11-23,ABWI104042406603W400,1,2022-05-01,6,False,exponential,233.79686663340624,0.18897773856919373,0.0,0.9241454664083261,False,
Nabiye 11-23,ABWI104042406603W400,2,2022-11-01,5,True,exponential,128.28,5.168198061690236e-25,0.0,0.0,True,short cycle (<6mo); low R2 (0.00)
Nabiye 11-23,ABWI104042406603W400,3,2023-04-01,11,False,harmonic,181.72936745364538,0.13833090486938518,1.0,0.379394355294873,True,low R2 (0.38)
Nabiye 11-23,ABWI104042406603W400,4,2024-03-01,7,False,exponential,181.52914753224474,0.415800586174396,0.0,0.86719372041386,False,
Nabiye 11-23,ABWI104042406603W400,5,2024-10-01,7,False,harmonic,43.42805464015914,0.2830749974750549,1.0,0.4883164517265193,True,low R2 (0.49)
Nabiye 11-23,ABWI104042406603W400,6,2025-05-01,4,True,exponential,18.775,1.419188780754018e-17,0.0,0.0,True,short cycle (<6mo); low R2 (0.00)
Nabiye 11-23,ABWI104042406603W400,7,2025-09-01,10,False,exponential,46.97777777777778,6.175464547242416e-22,0.0,0.0,True,low R2 (0.00)
Nabiye 11-23,ABWI104061106603W400,1,2022-09-01,18,False,exponential,882.4677430974881,0.09838432813975066,0.0,0.6893764708387493,False,
Nabiye 11-23,ABWI104061106603W400,2,2024-03-01,5,True,,,,,,True,too few data points to fit
Nabiye 11-23,ABWI104061106603W400,3,2024-08-01,8,False,exponential,513.0500000000001,6.729571853998345e-22,0.0,0.0,True,low R2 (0.00)
Nabiye 11-23,ABWI104061106603W400,4,2025-04-01,4,True,exponential,971.6702193522347,0.3032398609664258,0.0,0.9993608414841363,True,short cycle (<6mo)
Nabiye 11-23,ABWI104061106603W400,5,2025-08-01,11,False,exponential,678.352498087612,0.10505977622845383,0.0,0.9356462841070029,False,
Nabiye 11-23,ABWI104061206603W400,1,2022-12-01,6,False,,,,,,True,too few data points to fit
Nabiye 11-23,ABWI104061206603W400,2,2023-06-01,5,True,harmonic,37.640059000479404,0.16341731338324295,1.0,0.13702683881150513,True,short cycle (<6mo); low R2 (0.14)
Nabiye 11-23,ABWI104061206603W400,3,2023-11-01,4,True,,,,,,True,too few data points to fit
Nabiye 11-23,ABWI104061206603W400,4,2024-03-01,6,False,exponential,75.92500000000001,3.750802259114583e-18,0.0,0.0,True,low R2 (0.00)
Nabiye 11-23,ABWI104061206603W400,5,2024-09-01,4,True,harmonic,231.9534011277984,2.687084788473731,1.0,0.9499571449292381,True,short cycle (<6mo); very high Di (2.69/month)
Nabiye 11-23,ABWI104061206603W400,6,2025-01-01,7,False,exponential,95.3500000000001,2.6064112920546563e-16,0.0,-1.9984014443252818e-15,True,low R2 (-0.00)
Nabiye 11-23,ABWI104061206603W400,7,2025-08-01,11,False,exponential,152.1596699607183,0.14026480945169933,0.0,0.9183163486385331,False,
Nabiye 11-23,ABWI104062406603W400,1,2022-08-01,9,False,exponential,153.36249993244252,9.508747404918851e-17,0.0,-2.220446049250313e-16,True,low R2 (-0.00)
Nabiye 11-23,ABWI104062406603W400,2,2023-05-01,6,False,exponential,312.7944522259107,0.3167609651450865,0.0,0.8514372823561822,False,
Nabiye 11-23,ABWI104062406603W400,3,2023-11-01,7,False,harmonic,672.5445346223654,12.653052290656234,1.0,0.9821813702652209,True,very high Di (12.65/month)
Nabiye 11-23,ABWI104062406603W400,4,2024-06-01,7,False,,,,,,True,too few data points to fit
Nabiye 11-23,ABWI104062406603W400,5,2025-01-01,7,False,exponential,73.21640757638849,0.11550818519136473,0.0,0.450926798759543,True,low R2 (0.45)
Nabiye 11-23,ABWI104062406603W400,6,2025-08-01,4,True,harmonic,157.4497163084923,0.25260627459300095,1.0,0.6092563446225931,True,short cycle (<6mo)
Nabiye 11-23,ABWI104062406603W400,7,2025-12-01,4,True,exponential,102.30000000003814,1.2053778669271307e-18,0.0,1.1102230246251565e-16,True,short cycle (<6mo); low R2 (0.00)
Nabiye 11-23,ABWI104062406603W400,8,2026-04-01,3,True,,,,,,True,too few data points to fit
Nabiye 11-23,ABWI104063606603W400,1,2022-05-01,5,True,exponential,255.25999962847584,5.471949389011089e-17,0.0,0.0,True,short cycle (<6mo); low R2 (0.00)
Nabiye 11-23,ABWI104063606603W400,2,2022-10-01,9,False,exponential,348.2166898285745,0.10438955355483892,0.0,0.7317252117567432,False,
Nabiye 11-23,ABWI104063606603W400,3,2023-07-01,9,False,harmonic,230.23708201452266,0.3059895785531079,1.0,0.5639673742604248,False,
Nabiye 11-23,ABWI104063606603W400,4,2024-04-01,9,False,exponential,287.06666688968477,3.673508459283021e-17,0.0,-2.220446049250313e-16,True,low R2 (-0.00)
Nabiye 11-23,ABWI104063606603W400,5,2025-01-01,16,False,exponential,446.7874999579435,2.6654280508648605e-17,0.0,0.0,True,low R2 (0.00)
Nabiye 11-23,ABWI104071306603W400,1,2022-08-01,9,False,exponential,127.06250002141189,9.764050508243988e-16,0.0,-7.105427357601002e-15,True,low R2 (-0.00)
Nabiye 11-23,ABWI104071306603W400,2,2023-05-01,6,False,exponential,198.17145788746424,0.18706827284134056,0.0,0.6293328242908955,False,
Nabiye 11-23,ABWI104071306603W400,3,2023-11-01,10,False,exponential,199.02222222222224,5.793989225956775e-22,0.0,0.0,True,low R2 (0.00)
Nabiye 11-23,ABWI104071306603W400,4,2024-09-01,12,False,harmonic,586.1838295141965,0.4819379697243389,1.0,0.7260247449453779,False,
Nabiye 11-23,ABWI104071306603W400,5,2025-09-01,10,False,exponential,372.4012524892351,0.33800184733786,0.0,0.855533932333764,False,
Nabiye 11-23,ABWI104073506603W400,1,2024-03-01,9,False,exponential,2317.662407558714,0.9781284008576535,0.0,0.9175188067844124,False,
Nabiye 11-23,ABWI104073506603W400,2,2024-12-01,7,False,harmonic,1004.8513829055548,0.5333106254087285,1.0,0.6822889557975567,False,
Nabiye 11-23,ABWI104073506603W400,3,2025-07-01,10,False,exponential,574.0900000000661,1.6503708511030854e-23,0.0,4.440892098500626e-16,True,low R2 (0.00)
Nabiye 11-23,ABWI104081106603W400,1,2022-05-01,5,True,harmonic,93.07023004645713,2.3846635007968024,1.0,0.35825175033103074,True,short cycle (<6mo); low R2 (0.36); very high Di (2.38/month)
Nabiye 11-23,ABWI104081106603W400,2,2022-10-01,6,False,exponential,89.45,2.3751024134394223e-26,0.0,0.0,True,low R2 (0.00)
Nabiye 11-23,ABWI104081106603W400,3,2023-04-01,7,False,harmonic,116.70692053900217,0.1579749428683629,1.0,0.3947514963810719,True,low R2 (0.39)
Nabiye 11-23,ABWI104081106603W400,4,2023-11-01,9,False,harmonic,115.66246443409136,0.13456777624504324,1.0,0.883441357153014,False,
Nabiye 11-23,ABWI104081106603W400,5,2024-08-01,5,True,exponential,183.04874790403494,0.347983735540616,0.0,0.8437075856469769,True,short cycle (<6mo)
Nabiye 11-23,ABWI104081106603W400,6,2025-01-01,18,False,harmonic,214.9133710235708,0.1483551691677649,1.0,0.8892902450056804,False,
Nabiye 11-23,ABWI104081206603W400,1,2022-11-01,13,False,exponential,889.2515709946581,0.24413432449218758,0.0,0.8999775734073111,False,
Nabiye 11-23,ABWI104081206603W400,2,2023-12-01,8,False,exponential,114.06666666666666,2.0867752514168624e-23,0.0,0.0,True,low R2 (0.00)
Nabiye 11-23,ABWI104081206603W400,3,2024-08-01,7,False,harmonic,402.6872498422009,0.12703437472403858,1.0,0.06797539628978255,True,low R2 (0.07)
Nabiye 11-23,ABWI104081206603W400,4,2025-03-01,16,False,exponential,620.2552362794265,0.10692854227059072,0.0,0.8965157902486354,False,
Nabiye 11-23,ABWI104081306603W400,1,2023-07-01,4,True,harmonic,146.9162851181395,2.405809499547209,1.0,0.49932903187676003,True,short cycle (<6mo); low R2 (0.50); very high Di (2.41/month)
Nabiye 11-23,ABWI104081306603W400,2,2023-11-01,7,False,exponential,132.68333333333334,4.331711592304201e-23,0.0,0.0,True,low R2 (0.00)
Nabiye 11-23,ABWI104081306603W400,3,2024-06-01,4,True,harmonic,220.19475622843098,0.5842030663402625,1.0,0.8424678075343047,True,short cycle (<6mo)
Nabiye 11-23,ABWI104081306603W400,4,2024-10-01,13,False,exponential,175.0216463162951,0.06188418395874753,0.0,0.6848619223796334,False,
Nabiye 11-23,ABWI104081306603W400,5,2025-11-01,8,False,harmonic,94.65590765360992,0.11798505955379497,1.0,0.799605792816224,False,
Nabiye 11-23,ABWI104082506603W400,1,2024-07-01,12,False,harmonic,1532.0532589489355,0.7592192308832402,1.0,0.890725050371213,False,
Nabiye 11-23,ABWI104082506603W400,2,2025-07-01,4,True,exponential,930.9000012633711,2.731171380248553e-16,0.0,-6.661338147750939e-16,True,short cycle (<6mo); low R2 (-0.00)
Nabiye 11-23,ABWI104082506603W400,3,2025-11-01,8,False,exponential,1662.193284701494,0.12089580528694396,0.0,0.8655744595042423,False,
Nabiye 11-23,ABWI104090106603W400,1,2022-08-01,6,False,harmonic,979.377576365511,0.7923300519621064,1.0,0.5579485600183364,False,
Nabiye 11-23,ABWI104090106603W400,2,2023-02-01,8,False,exponential,626.712813184927,0.34161022181149514,0.0,0.9561578612140018,False,
Nabiye 11-23,ABWI104090106603W400,3,2023-10-01,9,False,exponential,422.8375003777184,1.0783563481560987e-21,0.0,0.0,True,low R2 (0.00)
Nabiye 11-23,ABWI104090106603W400,4,2024-07-01,6,False,harmonic,482.4333368727609,0.09448336837357792,1.0,0.07314027809555601,True,low R2 (0.07)
Nabiye 11-23,ABWI104090106603W400,5,2025-01-01,5,True,harmonic,626.6766209914186,0.39122110037966545,1.0,0.3814676097913894,True,short cycle (<6mo); low R2 (0.38)
Nabiye 11-23,ABWI104090106603W400,6,2025-06-01,13,False,harmonic,695.3149338591626,0.20032795594268968,1.0,0.601751811285641,False,
Nabiye 11-23,ABWI104092506603W400,1,2024-03-01,6,False,exponential,2365.1918796465898,0.45213168918377805,0.0,0.9492276843137571,False,
Nabiye 11-23,ABWI104092506603W400,2,2024-09-01,6,False,exponential,1426.9977405809343,0.4113299065663327,0.0,0.8947252778243181,False,
Nabiye 11-23,ABWI104092506603W400,3,2025-03-01,7,False,exponential,240.0428594658558,3.2959124436716047e-19,0.0,0.0,True,low R2 (0.00)
Nabiye 11-23,ABWI104092506603W400,4,2025-10-01,9,False,harmonic,1241.8052240422555,1.3957665355851772,1.0,0.9637940101130069,False,
Nabiye 11-23,ABWI104112406603W400,1,2022-08-01,9,False,harmonic,258.3860572071146,0.11213608269263126,1.0,0.11002050579033518,True,low R2 (0.11)
Nabiye 11-23,ABWI104112406603W400,2,2023-05-01,8,False,harmonic,286.3615478375707,0.22062136655623452,1.0,0.24221010820008848,True,low R2 (0.24)
Nabiye 11-23,ABWI104112406603W400,3,2024-01-01,4,True,harmonic,267.9433782116782,0.00629928398871018,1.0,0.0005181813062308249,True,short cycle (<6mo); low R2 (0.00)
Nabiye 11-23,ABWI104112406603W400,4,2024-05-01,14,False,harmonic,430.82571835540887,0.7123324562499042,1.0,0.969391756089668,False,
Nabiye 11-23,ABWI104112406603W400,5,2025-07-01,12,False,harmonic,275.9493591869537,0.45552694121261406,1.0,0.7568063924917696,False,
Nabiye 11-23,ABWI104121206603W400,1,2022-12-01,6,False,exponential,282.7180693776893,0.3081914918222858,0.0,0.8982031636260931,False,
Nabiye 11-23,ABWI104121206603W400,2,2023-06-01,4,True,harmonic,78.20251055780695,11.766962020470748,1.0,0.9994907892251316,True,short cycle (<6mo); very high Di (11.77/month)
Nabiye 11-23,ABWI104121206603W400,3,2023-10-01,10,False,exponential,43.0777777777778,8.222178233023088e-17,0.0,-8.881784197001252e-16,True,low R2 (-0.00)
Nabiye 11-23,ABWI104121206603W400,4,2024-08-01,5,True,harmonic,148.3909080349194,1.8000879768328326,1.0,0.5366236730137053,True,short cycle (<6mo)
Nabiye 11-23,ABWI104121206603W400,5,2025-01-01,9,False,exponential,191.45809020304986,0.2550941621319127,0.0,0.7051947794125883,False,
Nabiye 11-23,ABWI104121206603W400,6,2025-10-01,6,False,,,,,,True,too few data points to fit
Nabiye 11-23,ABWI104121206603W400,7,2026-04-01,2,True,,,,,,True,too few data points to fit
Nabiye 11-23,ABWI104122506603W400,1,2022-09-01,7,False,harmonic,673.9547695407995,0.5262697327391715,1.0,0.7303330162599074,False,
Nabiye 11-23,ABWI104122506603W400,2,2023-04-01,12,False,exponential,213.69090903986432,1.2377379268518627e-15,0.0,-4.440892098500626e-16,True,low R2 (-0.00)
Nabiye 11-23,ABWI104122506603W400,3,2024-04-01,7,False,exponential,252.21428571428572,8.930346048005525e-21,0.0,0.0,True,low R2 (0.00)
Nabiye 11-23,ABWI104122506603W400,4,2024-11-01,13,False,harmonic,396.21262727458435,0.4405338206971606,1.0,0.5872876167044445,False,
Nabiye 11-23,ABWI104122506603W400,5,2025-12-01,7,False,harmonic,294.25352615878893,2.5401200199609306,1.0,0.9673570113248222,True,very high Di (2.54/month)
Nabiye 11-23,ABWI104132506603W400,1,2022-09-01,7,False,harmonic,469.7448065387517,0.3212677849428552,1.0,0.7267692582280789,False,
Nabiye 11-23,ABWI104132506603W400,2,2023-04-01,7,False,exponential,275.86176924389997,0.44208287427511783,0.0,0.9243689401872741,False,
Nabiye 11-23,ABWI104132506603W400,3,2023-11-01,5,True,exponential,141.32645945979678,0.2447371982992169,0.0,0.8140113283330787,True,short cycle (<6mo)
Nabiye 11-23,ABWI104132506603W400,4,2024-04-01,7,False,exponential,108.50000035886784,1.9916953539795876e-18,0.0,0.0,True,low R2 (0.00)
Nabiye 11-23,ABWI104132506603W400,5,2024-11-01,6,False,exponential,426.5882686906891,0.32936226366604476,0.0,0.8326172489902747,False,
Nabiye 11-23,ABWI104132506603W400,6,2025-05-01,14,False,exponential,223.32142857142856,7.118049694746685e-21,0.0,0.0,True,low R2 (0.00)
Nabiye 11-23,ABWI104140106603W400,1,2022-10-01,13,False,exponential,344.1430919073517,0.2742817976650998,0.0,0.931634014134275,False,
Nabiye 11-23,ABWI104140106603W400,2,2023-11-01,9,False,exponential,29.433333333333334,4.52246633178562e-22,0.0,2.220446049250313e-16,True,low R2 (0.00)
Nabiye 11-23,ABWI104140106603W400,3,2024-08-01,6,False,exponential,104.10000000000035,1.2932660410242433e-15,0.0,-2.4424906541753444e-15,True,low R2 (-0.00)
Nabiye 11-23,ABWI104140106603W400,4,2025-02-01,8,False,hyperbolic,437.29980011801644,5.595474548998043,1.9999999999999998,0.9840061370917454,True,very high Di (5.60/month); b pinned at bound (2.000)
Nabiye 11-23,ABWI104140106603W400,5,2025-10-01,5,True,exponential,172.44565090357253,0.5147151988111878,0.0,0.7929675004286308,True,short cycle (<6mo)
Nabiye 11-23,ABWI104140106603W400,6,2026-03-01,4,True,,,,,,True,too few data points to fit
Nabiye 11-23,ABWI104143606603W400,1,2023-06-01,5,True,harmonic,231.06225889628004,0.5422847082071816,1.0,0.8115832883799947,True,short cycle (<6mo)
Nabiye 11-23,ABWI104143606603W400,2,2023-11-01,5,True,exponential,94.1999998633831,3.341774581576744e-17,0.0,0.0,True,short cycle (<6mo); low R2 (0.00)
Nabiye 11-23,ABWI104143606603W400,3,2024-04-01,7,False,harmonic,288.70358468965765,0.002590226253345074,1.0,0.00017854824847163275,True,low R2 (0.00)
Nabiye 11-23,ABWI104143606603W400,4,2024-11-01,8,False,harmonic,428.58255410891184,0.25418260833765416,1.0,0.832887437309252,False,
Nabiye 11-23,ABWI104143606603W400,5,2025-07-01,11,False,exponential,271.4488090580956,0.08699426924244966,0.0,0.5642320381366865,False,
Nabiye 11-23,ABWI104151206603W400,1,2023-01-01,4,True,exponential,207.78633961455344,0.3955702443583701,0.0,0.806017523246417,True,short cycle (<6mo)
Nabiye 11-23,ABWI104151206603W400,2,2023-05-01,5,True,exponential,66.15137151171083,0.4839533273689991,0.0,0.9171852355055742,True,short cycle (<6mo)
Nabiye 11-23,ABWI104151206603W400,3,2023-10-01,6,False,exponential,22.366666666683358,1.6012275934982027e-22,0.0,2.220446049250313e-16,True,low R2 (0.00)
Nabiye 11-23,ABWI104151206603W400,4,2024-04-01,6,False,harmonic,51.87340236332564,0.7615882052908343,1.0,0.54366577359371,False,
Nabiye 11-23,ABWI104151206603W400,5,2024-10-01,10,False,harmonic,29.120000024219816,2.178416529426014e-11,1.0,-3.093081346605686e-13,True,low R2 (-0.00)
Nabiye 11-23,ABWI104151206603W400,6,2025-08-01,11,False,harmonic,55.50413450523865,0.11729108707557814,1.0,0.6135638890091388,False,
Nabiye 11-23,ABWI104151906602W400,1,2023-04-01,7,False,exponential,1032.5726287586856,0.15109731242282465,0.0,0.6292132308599128,False,
Nabiye 11-23,ABWI104151906602W400,2,2023-11-01,16,False,exponential,728.9066250562662,0.12164434367760045,0.0,0.8720790574666357,False,
Nabiye 11-23,ABWI104151906602W400,3,2025-03-01,10,False,harmonic,260.0874994539665,1.0039456022511715e-14,1.0,-5.573319583618286e-14,True,low R2 (-0.00)
Nabiye 11-23,ABWI104151906602W400,4,2026-01-01,6,False,harmonic,594.1065277137166,0.1914123510897394,1.0,0.3766068874700218,True,low R2 (0.38)
Nabiye 11-23,ABWI104152406603W400,1,2023-04-01,9,False,exponential,273.1208366852798,0.1954787191052872,0.0,0.8242278695941555,False,
Nabiye 11-23,ABWI104152406603W400,2,2024-01-01,8,False,exponential,187.67459225276073,0.16721728770995692,0.0,0.8916980587786518,False,
Nabiye 11-23,ABWI104152406603W400,3,2024-09-01,5,True,exponential,71.64000000000001,1.2030974506162327e-16,0.0,0.0,True,short cycle (<6mo); low R2 (0.00)
Nabiye 11-23,ABWI104152406603W400,4,2025-02-01,13,False,hyperbolic,145.26862965324253,1.1077447760404715,1.9999999999999998,0.637315679387082,True,b pinned at bound (2.000)
Nabiye 11-23,ABWI104152406603W400,5,2026-03-01,4,True,harmonic,57.81197950624961,0.10286851043112806,1.0,0.21371132841532148,True,short cycle (<6mo); low R2 (0.21)
Nabiye 11-23,ABWI104153606603W400,1,2023-06-01,5,True,harmonic,202.28814200648887,0.49915822370990787,1.0,0.6802194977180505,True,short cycle (<6mo)
Nabiye 11-23,ABWI104153606603W400,2,2023-11-01,12,False,exponential,186.24999976356557,1.397671471682347e-22,0.0,-2.220446049250313e-16,True,low R2 (-0.00)
Nabiye 11-23,ABWI104153606603W400,3,2024-11-01,20,False,exponential,494.4094826026293,0.06894996041502022,0.0,0.7933190178434346,False,
Nabiye 11-23,ABWI104160206603W400,1,2022-08-01,4,True,exponential,213.98507554545367,0.4185038370456632,0.0,0.5217154094234508,True,short cycle (<6mo)
Nabiye 11-23,ABWI104160206603W400,2,2022-12-01,13,False,exponential,138.67953158349397,0.2569049675050629,0.0,0.9160484322565643,False,
Nabiye 11-23,ABWI104160206603W400,3,2024-01-01,7,False,exponential,46.34,9.954786435416845e-24,0.0,0.0,True,low R2 (0.00)
Nabiye 11-23,ABWI104160206603W400,4,2024-08-01,8,False,exponential,86.20000000003532,7.883594673643299e-22,0.0,0.0,True,low R2 (0.00)
Nabiye 11-23,ABWI104160206603W400,5,2025-04-01,5,True,harmonic,164.32826073832018,0.29672790352516465,1.0,0.7957645107236304,True,short cycle (<6mo)
Nabiye 11-23,ABWI104160206603W400,6,2025-09-01,4,True,exponential,195.57893059200626,0.29880134992583013,0.0,0.5883223021549535,True,short cycle (<6mo)
Nabiye 11-23,ABWI104160206603W400,7,2026-01-01,6,False,exponential,79.91666666666971,1.465928229486447e-23,0.0,-2.220446049250313e-16,True,low R2 (-0.00)
Nabiye 11-23,ABWI104161206603W400,1,2022-07-01,7,False,exponential,81.67142830650594,5.107255186648414e-15,0.0,-1.199040866595169e-14,True,low R2 (-0.00)
Nabiye 11-23,ABWI104161206603W400,2,2023-02-01,4,True,harmonic,179.99503993662918,1.016194542755864,1.0,0.7564583152660563,True,short cycle (<6mo)
Nabiye 11-23,ABWI104161206603W400,3,2023-06-01,4,True,harmonic,89.61014377609213,4.1177510039476,1.0,0.951066049294261,True,short cycle (<6mo); very high Di (4.12/month)
Nabiye 11-23,ABWI104161206603W400,4,2023-10-01,7,False,exponential,27.514285714285716,6.428972758371052e-21,0.0,-2.220446049250313e-16,True,low R2 (-0.00)
Nabiye 11-23,ABWI104161206603W400,5,2024-05-01,4,True,,,,,,True,too few data points to fit
Nabiye 11-23,ABWI104161206603W400,6,2024-09-01,4,True,,,,,,True,too few data points to fit
Nabiye 11-23,ABWI104161206603W400,7,2025-01-01,8,False,harmonic,23.922465299094295,0.6411957431447584,1.0,0.15915547137229913,True,low R2 (0.16)
Nabiye 11-23,ABWI104161206603W400,8,2025-09-01,10,False,harmonic,45.20564276103114,0.13214627265488418,1.0,0.559884529310644,False,
Nabiye 11-23,ABWI104162406603W400,1,2022-09-01,7,False,harmonic,289.7770724493838,0.1578573780257591,1.0,0.2530904836499548,True,low R2 (0.25)
Nabiye 11-23,ABWI104162406603W400,2,2023-04-01,7,False,exponential,270.1271695673593,0.1516033180741514,0.0,0.5535050158591701,False,
Nabiye 11-23,ABWI104162406603W400,3,2023-11-01,13,False,exponential,318.2410660625823,0.09902905344867102,0.0,0.744431951798453,False,
Nabiye 11-23,ABWI104162406603W400,4,2024-12-01,4,True,harmonic,230.54084933976105,0.2683278315897906,1.0,0.5983218239500392,True,short cycle (<6mo)
Nabiye 11-23,ABWI104162406603W400,5,2025-04-01,7,False,exponential,189.7173438549108,0.28492123966096583,0.0,0.9124025865154797,False,
Nabiye 11-23,ABWI104162406603W400,6,2025-11-01,4,True,,,,,,True,too few data points to fit
Nabiye 11-23,ABWI104162406603W400,7,2026-03-01,4,True,harmonic,39.61938746726538,0.34695486470948317,1.0,0.46308337052878756,True,short cycle (<6mo); low R2 (0.46)
Nabiye 11-23,ABWI105011306603W400,1,2023-11-01,4,True,,,,,,True,too few data points to fit
Nabiye 11-23,ABWI105011306603W400,2,2024-03-01,6,False,exponential,148.11666666857388,8.400158815650651e-17,0.0,0.0,True,low R2 (0.00)
Nabiye 11-23,ABWI105011306603W400,3,2024-09-01,4,True,harmonic,283.42440086163555,4.9279117306390035,1.0,0.9898502447636305,True,short cycle (<6mo); very high Di (4.93/month)
Nabiye 11-23,ABWI105011306603W400,4,2025-01-01,18,False,harmonic,70.70176214021723,0.04023106369932257,1.0,0.26473127554672937,True,low R2 (0.26)
Nabiye 11-23,ABWI105023506603W400,1,2024-08-01,9,False,harmonic,4086.0941648007506,1.6495244630541372,1.0,0.6428962627952393,False,
Nabiye 11-23,ABWI105023506603W400,2,2025-05-01,8,False,harmonic,2289.0599171024846,1.8280773276692306,1.0,0.9875719209983722,False,
Nabiye 11-23,ABWI105023506603W400,3,2026-01-01,6,False,exponential,306.6598017879509,0.21002443743643337,0.0,0.9079986539279606,False,
Nabiye 11-23,ABWI105033606603W400,1,2022-09-01,15,False,harmonic,433.81154978040917,0.4771169802932274,1.0,0.8428179786681214,False,
Nabiye 11-23,ABWI105033606603W400,2,2023-12-01,5,True,exponential,120.97500027459496,3.2551928011012755e-14,0.0,-5.750955267558311e-14,True,short cycle (<6mo); low R2 (-0.00)
Nabiye 11-23,ABWI105033606603W400,3,2024-05-01,5,True,,,,,,True,too few data points to fit
Nabiye 11-23,ABWI105033606603W400,4,2024-10-01,6,False,harmonic,354.23908151512927,0.7375428415153218,1.0,0.8541097351541207,False,
Nabiye 11-23,ABWI105033606603W400,5,2025-04-01,4,True,exponential,418.7750000000002,2.5129734937693916e-16,0.0,0.0,True,short cycle (<6mo); low R2 (0.00)
Nabiye 11-23,ABWI105033606603W400,6,2025-08-01,6,False,harmonic,1218.2682916223753,1.9263736802316456,1.0,0.959212110613689,False,
Nabiye 11-23,ABWI105033606603W400,7,2026-02-01,5,True,,,,,,True,too few data points to fit
Nabiye 11-23,ABWI105041206603W400,1,2022-09-01,11,False,harmonic,172.1155807657431,1.127513018828105,1.0,0.9796127422294683,False,
Nabiye 11-23,ABWI105041206603W400,2,2023-08-01,6,False,exponential,20.900000000000038,8.211640171739013e-16,0.0,-2.220446049250313e-16,True,low R2 (-0.00)
Nabiye 11-23,ABWI105041206603W400,3,2024-02-01,6,False,exponential,53.1,4.338734978715565e-30,0.0,0.0,True,low R2 (0.00)
Nabiye 11-23,ABWI105041206603W400,4,2024-08-01,9,False,hyperbolic,150.0769864169042,1.2586347579862727,1.9999999999996305,0.8452490280009917,True,b pinned at bound (2.000)
Nabiye 11-23,ABWI105041206603W400,5,2025-05-01,14,False,exponential,56.212405088188326,0.061501149203326284,0.0,0.5449401081568876,False,
Nabiye 11-23,ABWI105051206603W400,1,2022-11-01,12,False,exponential,228.12257295177793,0.35736193461408017,0.0,0.9637407066446347,False,
Nabiye 11-23,ABWI105051206603W400,2,2023-11-01,9,False,exponential,29.057142857167257,3.0769788368638353e-19,0.0,0.0,True,low R2 (0.00)
Nabiye 11-23,ABWI105051206603W400,3,2024-08-01,10,False,harmonic,126.35326109294219,0.2729447693455534,1.0,0.5102559082339624,False,
Nabiye 11-23,ABWI105051206603W400,4,2025-06-01,8,False,harmonic,17.9394193147828,0.16404279288430576,1.0,0.5245070288218274,False,
Nabiye 11-23,ABWI105051206603W400,5,2026-02-01,5,True,harmonic,32.11081182621396,1.1463428050864746,1.0,0.7344822475952616,True,short cycle (<6mo)
Nabiye 11-23,ABWI105061106603W400,1,2022-11-01,7,False,harmonic,727.4113120097215,1.0004622271113501,1.0,0.9805570290128601,False,
Nabiye 11-23,ABWI105061106603W400,2,2023-06-01,5,True,harmonic,252.62514474206424,1.598497155214774,1.0,0.34752955812710407,True,short cycle (<6mo); low R2 (0.35)
Nabiye 11-23,ABWI105061106603W400,3,2023-11-01,9,False,exponential,202.05714300546546,3.205367163251799e-18,0.0,0.0,True,low R2 (0.00)
Nabiye 11-23,ABWI105061106603W400,4,2024-08-01,7,False,exponential,331.1142857142862,4.444697951329104e-16,0.0,-1.9984014443252818e-15,True,low R2 (-0.00)
Nabiye 11-23,ABWI105061106603W400,5,2025-03-01,5,True,exponential,632.5604077768908,0.1667461529702598,0.0,0.7848018812312817,True,short cycle (<6mo)
Nabiye 11-23,ABWI105061106603W400,6,2025-08-01,11,False,harmonic,440.7634274814994,0.11367838920460854,1.0,0.8849518845442252,False,
Nabiye 11-23,ABWI105062406603W400,1,2022-08-01,7,False,exponential,149.02980323900528,0.23642713817754912,0.0,0.7757517181324265,False,
Nabiye 11-23,ABWI105062406603W400,2,2023-03-01,4,True,,,,,,True,too few data points to fit
Nabiye 11-23,ABWI105062406603W400,3,2023-07-01,8,False,harmonic,167.92906338446898,0.38638610698522724,1.0,0.1716732142195584,True,low R2 (0.17)
Nabiye 11-23,ABWI105062406603W400,4,2024-03-01,7,False,harmonic,197.84561756231437,0.4393412455779215,1.0,0.8783991389931278,False,
Nabiye 11-23,ABWI105062406603W400,5,2024-10-01,7,False,exponential,253.69865631887214,0.3101774816019961,0.0,0.8591403403456354,False,
Nabiye 11-23,ABWI105062406603W400,6,2025-05-01,10,False,exponential,77.9400000000014,1.3811315134349995e-21,0.0,1.1102230246251565e-16,True,low R2 (0.00)
Nabiye 11-23,ABWI105062406603W400,7,2026-03-01,4,True,harmonic,138.48580848296396,6.470712937026394,1.0,0.993150558472539,True,short cycle (<6mo); very high Di (6.47/month)
Nabiye 11-23,ABWI105073506603W400,1,2025-08-01,11,False,harmonic,2568.587117007057,0.7440782976662849,1.0,0.9502676272430709,False,
Nabiye 11-23,ABWI105081306603W400,1,2022-07-01,10,False,exponential,153.34605591612177,0.09544639682916074,0.0,0.4921016239418594,True,low R2 (0.49)
Nabiye 11-23,ABWI105081306603W400,2,2023-05-01,6,False,exponential,247.14585280098302,0.21565796725339428,0.0,0.7185255565578788,False,
Nabiye 11-23,ABWI105081306603W400,3,2023-11-01,9,False,exponential,160.975,2.656379635992549e-22,0.0,0.0,True,low R2 (0.00)
Nabiye 11-23,ABWI105081306603W400,4,2024-08-01,13,False,harmonic,431.67904323424494,0.9853052068060671,1.0,0.7024237960322275,False,
Nabiye 11-23,ABWI105081306603W400,5,2025-09-01,10,False,exponential,221.34163432599027,0.22062185941417967,0.0,0.8960620127963044,False,
Nabiye 11-23,ABWI105091206603W402,1,2023-05-01,6,False,exponential,729.1085487951888,0.9536105239441308,0.0,0.9446082920616677,False,
Nabiye 11-23,ABWI105091206603W402,2,2023-11-01,4,True,exponential,350.90733863769765,0.33582922971864243,0.0,0.8134311027660274,True,short cycle (<6mo)
Nabiye 11-23,ABWI105091206603W402,3,2024-03-01,11,False,exponential,241.26666645799597,3.3338005193970458e-15,0.0,-7.993605777301127e-15,True,low R2 (-0.00)
Nabiye 11-23,ABWI105091206603W402,4,2025-02-01,13,False,exponential,633.0958303623016,0.14376248905499442,0.0,0.8194102235436156,False,
Nabiye 11-23,ABWI105091206603W402,5,2026-03-01,3,True,,,,,,True,too few data points to fit
Nabiye 11-23,ABWI105110806603W400,1,2025-01-01,18,False,harmonic,8114.323514651637,0.01861746405676956,1.0,0.5859164210334258,False,
Nabiye 11-23,ABWI105112406603W400,1,2022-08-01,7,False,exponential,303.01045686901426,0.3188097044482949,0.0,0.845048501679655,False,
Nabiye 11-23,ABWI105112406603W400,2,2023-03-01,4,True,,,,,,True,too few data points to fit
Nabiye 11-23,ABWI105112406603W400,3,2023-07-01,7,False,harmonic,114.49473657893307,0.14918292505804692,1.0,0.09575668608437515,True,low R2 (0.10)
Nabiye 11-23,ABWI105112406603W400,4,2024-02-01,12,False,exponential,237.07371618904384,0.1667627820742079,0.0,0.8365347723909342,False,
Nabiye 11-23,ABWI105112406603W400,5,2025-02-01,6,False,harmonic,51.689782741765725,0.1836080896183551,1.0,0.12833121422602334,True,low R2 (0.13)
Nabiye 11-23,ABWI105112406603W400,6,2025-08-01,5,True,harmonic,157.72431901916994,0.32090378368674577,1.0,0.39144444798790445,True,short cycle (<6mo); low R2 (0.39)
Nabiye 11-23,ABWI105112406603W400,7,2026-01-01,6,False,exponential,145.98353557258304,0.23560971344330592,0.0,0.878333333546094,False,
Nabiye 11-23,ABWI105122506603W400,1,2022-09-01,10,False,exponential,309.2557297786388,0.14348924563489962,0.0,0.822729021793716,False,
Nabiye 11-23,ABWI105122506603W400,2,2023-07-01,8,False,exponential,195.375,1.6323817332847415e-21,0.0,0.0,True,low R2 (0.00)
Nabiye 11-23,ABWI105122506603W400,3,2024-03-01,4,True,harmonic,332.54238098754104,0.3157572497875633,1.0,0.6361476737417981,True,short cycle (<6mo)
Nabiye 11-23,ABWI105122506603W400,4,2024-07-01,16,False,harmonic,340.77089638795525,0.5228775566127802,1.0,0.9331461323193095,False,
Nabiye 11-23,ABWI105122506603W400,5,2025-11-01,4,True,exponential,80.32500000000002,1.6733494724637944e-16,0.0,-2.220446049250313e-16,True,short cycle (<6mo); low R2 (-0.00)
Nabiye 11-23,ABWI105122506603W400,6,2026-03-01,4,True,harmonic,191.12079323157832,0.2576869864886031,1.0,0.47563647119891395,True,short cycle (<6mo); low R2 (0.48)
Nabiye 11-23,ABWI105130106603W400,1,2022-11-01,6,False,exponential,754.2900600330463,0.6600642547629643,0.0,0.8435330518403752,False,
Nabiye 11-23,ABWI105130106603W400,2,2023-05-01,8,False,harmonic,47.20570800556621,0.4282995904901207,1.0,0.35245091314999033,True,low R2 (0.35)
Nabiye 11-23,ABWI105130106603W400,3,2024-01-01,7,False,exponential,38.620000000000225,8.155988722869349e-23,0.0,0.0,True,low R2 (0.00)
Nabiye 11-23,ABWI105130106603W400,4,2024-08-01,6,False,harmonic,147.2450110459642,0.777840183936127,1.0,0.8494490184212132,False,
Nabiye 11-23,ABWI105130106603W400,5,2025-02-01,8,False,exponential,93.74610926803832,0.3254890678127071,0.0,0.8577726336273706,False,
Nabiye 11-23,ABWI105131306603W400,1,2022-05-01,6,False,harmonic,230.83977390383035,0.9150916992005693,1.0,0.7180720107737708,False,
Nabiye 11-23,ABWI105131306603W400,2,2022-11-01,5,True,harmonic,157.09952909471465,2.012364235135607,1.0,0.78129049166069,True,short cycle (<6mo); very high Di (2.01/month)
Nabiye 11-23,ABWI105131306603W400,3,2023-04-01,11,False,harmonic,60.4444442866577,2.4708150034194654e-17,1.0,0.0,True,low R2 (0.00)
Nabiye 11-23,ABWI105131306603W400,4,2024-03-01,6,False,harmonic,145.40057606300394,0.2994553373987743,1.0,0.5209224672446275,False,
Nabiye 11-23,ABWI105131306603W400,5,2024-09-01,7,False,harmonic,105.76903291306701,0.09885705493694948,1.0,0.28621351463211,True,low R2 (0.29)
Nabiye 11-23,ABWI105131306603W400,6,2025-04-01,11,False,harmonic,113.67501564745447,0.20387282303131019,1.0,0.5968273575372292,False,
Nabiye 11-23,ABWI105131306603W400,7,2026-03-01,4,True,harmonic,61.24910800049265,0.3665659972363291,1.0,0.8187104326581753,True,short cycle (<6mo)
Nabiye 11-23,ABWI105153606603W400,1,2022-10-01,8,False,harmonic,359.06254829961847,0.277764003557545,1.0,0.7881502884827833,False,
Nabiye 11-23,ABWI105153606603W400,2,2023-06-01,6,False,exponential,152.0000000029029,1.4450536969728064e-17,0.0,-2.220446049250313e-16,True,low R2 (-0.00)
Nabiye 11-23,ABWI105153606603W400,3,2023-12-01,4,True,harmonic,361.9510578797303,3.2284598921479875,1.0,0.6459630237853593,True,short cycle (<6mo); very high Di (3.23/month)
Nabiye 11-23,ABWI105153606603W400,4,2024-04-01,8,False,harmonic,410.79520791947357,0.07358861950337287,1.0,0.3593847557489147,True,low R2 (0.36)
Nabiye 11-23,ABWI105153606603W400,5,2024-12-01,8,False,exponential,345.3880090628843,0.05285156098765705,0.0,0.18435024564445268,True,low R2 (0.18)
Nabiye 11-23,ABWI105153606603W400,6,2025-08-01,11,False,harmonic,253.94194536818114,0.0058068814287678,1.0,0.0037915297095366673,True,low R2 (0.00)
Nabiye 11-23,ABWI105160106603W400,1,2022-12-01,13,False,harmonic,768.1534611508051,0.7387361245351342,1.0,0.7055794425248383,False,
Nabiye 11-23,ABWI105160106603W400,2,2024-01-01,7,False,harmonic,270.7088786964512,0.050537051150677616,1.0,0.6383750632639233,False,
Nabiye 11-23,ABWI105160106603W400,3,2024-08-01,7,False,harmonic,426.66724083402516,0.09805446235244533,1.0,0.09732666415947389,True,low R2 (0.10)
Nabiye 11-23,ABWI105160106603W400,4,2025-03-01,9,False,exponential,509.7408099406407,0.22211591704856612,0.0,0.9489952156812688,False,
Nabiye 11-23,ABWI105160106603W400,5,2025-12-01,4,True,,,,,,True,too few data points to fit
Nabiye 11-23,ABWI105160106603W400,6,2026-04-01,3,True,,,,,,True,too few data points to fit
Nabiye 11-23,ABWI105161206603W400,1,2022-07-01,4,True,,,,,,True,too few data points to fit
Nabiye 11-23,ABWI105161206603W400,2,2022-11-01,5,True,harmonic,161.74174932067882,0.5184181705916329,1.0,0.4479652146459574,True,short cycle (<6mo); low R2 (0.45)
Nabiye 11-23,ABWI105161206603W400,3,2023-04-01,6,False,exponential,193.62931436578666,0.3622142380237181,0.0,0.9460318248598167,False,
Nabiye 11-23,ABWI105161206603W400,4,2023-10-01,6,False,exponential,42.45000012927211,6.547904015905941e-21,0.0,2.220446049250313e-16,True,low R2 (0.00)
Nabiye 11-23,ABWI105161206603W400,5,2024-04-01,5,True,exponential,121.85260076762789,0.592825839200433,0.0,0.854640342966352,True,short cycle (<6mo)
Nabiye 11-23,ABWI105161206603W400,6,2024-09-01,10,False,exponential,24.11111111111111,5.679798517591285e-29,0.0,0.0,True,low R2 (0.00)
Nabiye 11-23,ABWI105161206603W400,7,2025-07-01,8,False,harmonic,63.21761886183304,0.0846128722601451,1.0,0.41666624531331775,True,low R2 (0.42)
Nabiye 11-23,ABWI105161206603W400,8,2026-03-01,4,True,exponential,79.30108033064913,0.4955992768992787,0.0,0.6517529548841943,True,short cycle (<6mo)
Nabiye 11-23,ABWI106011306603W400,1,2022-09-01,7,False,harmonic,156.20827787675833,0.9228284902857121,1.0,0.5787897152226809,False,
Nabiye 11-23,ABWI106011306603W400,2,2023-04-01,7,False,harmonic,193.97634309120687,1.039785060390965,1.0,0.9131485292624444,False,
Nabiye 11-23,ABWI106011306603W400,3,2023-11-01,9,False,exponential,130.9,4.584273741481867e-22,0.0,0.0,True,low R2 (0.00)
Nabiye 11-23,ABWI106011306603W400,4,2024-08-01,23,False,harmonic,386.48879091519933,0.6329800735572926,1.0,0.8736384933430758,False,
Nabiye 11-23,ABWI106041206603W400,1,2022-09-01,10,False,exponential,212.85827260064875,0.37360869805064756,0.0,0.9319890219230648,False,
Nabiye 11-23,ABWI106041206603W400,2,2023-07-01,4,True,exponential,34.25000000000161,2.0132740043198904e-23,0.0,1.1102230246251565e-16,True,short cycle (<6mo); low R2 (0.00)
Nabiye 11-23,ABWI106041206603W400,3,2023-11-01,9,False,harmonic,59.7637562152878,0.011835273787349915,1.0,0.04594340871306668,True,low R2 (0.05)
Nabiye 11-23,ABWI106041206603W400,4,2024-08-01,12,False,hyperbolic,151.34701064468985,1.4941220558303796,1.999999999999997,0.9414608074819515,True,b pinned at bound (2.000)
Nabiye 11-23,ABWI106041206603W400,5,2025-08-01,4,True,harmonic,76.11116643663348,0.9682810992397313,1.0,0.9465213875915948,True,short cycle (<6mo)
Nabiye 11-23,ABWI106041206603W400,6,2025-12-01,5,True,exponential,46.38519528277861,0.22661094166257575,0.0,0.9481472739247659,True,short cycle (<6mo)
Nabiye 11-23,ABWI106042406603W400,1,2022-05-01,23,False,harmonic,222.73593266726195,0.051126906084924255,1.0,0.5347903161713043,False,
Nabiye 11-23,ABWI106042406603W400,2,2024-04-01,5,True,harmonic,154.91639792518512,1.513366920643117,1.0,0.7139461907580045,True,short cycle (<6mo)
Nabiye 11-23,ABWI106042406603W400,3,2024-09-01,11,False,harmonic,76.73573531169092,1.3503713725367505,1.0,0.8691576879650517,False,
Nabiye 11-23,ABWI106042406603W400,4,2025-08-01,5,True,harmonic,15.026809688049521,0.08691035323009379,1.0,0.024744258944623954,True,short cycle (<6mo); low R2 (0.02)
Nabiye 11-23,ABWI106042406603W400,5,2026-01-01,6,False,exponential,60.46287617170514,0.17606475009330713,0.0,0.6490467657251799,False,
Nabiye 11-23,ABWI106062406603W400,1,2022-10-01,6,False,harmonic,195.8461735990866,0.5360308290343937,1.0,0.46048560790987614,True,low R2 (0.46)
Nabiye 11-23,ABWI106062406603W400,2,2023-04-01,8,False,exponential,273.2203539857272,0.2229534192725012,0.0,0.8506394724276323,False,
Nabiye 11-23,ABWI106062406603W400,3,2023-12-01,8,False,harmonic,169.06366418402,0.2404383999721153,1.0,0.7470644232246167,False,
Nabiye 11-23,ABWI106062406603W400,4,2024-08-01,12,False,harmonic,157.1170523714169,0.1850936823643533,1.0,0.32971675979453785,True,low R2 (0.33)
Nabiye 11-23,ABWI106062406603W400,5,2025-08-01,4,True,harmonic,111.76578706676693,0.6621768013545271,1.0,0.5811112833674967,True,short cycle (<6mo)
Nabiye 11-23,ABWI106062406603W400,6,2025-12-01,4,True,exponential,85.92153932941802,0.6761728526754512,0.0,0.9804580692782547,True,short cycle (<6mo)
Nabiye 11-23,ABWI106062406603W400,7,2026-04-01,3,True,,,,,,True,too few data points to fit
Nabiye 11-23,ABWI106081306603W400,1,2022-07-01,4,True,exponential,174.25087712005597,0.5338358286794715,0.0,0.9050363256927652,True,short cycle (<6mo)
Nabiye 11-23,ABWI106081306603W400,2,2022-11-01,4,True,exponential,154.1705820414067,0.30490536538050905,0.0,0.59272830084255,True,short cycle (<6mo)
Nabiye 11-23,ABWI106081306603W400,3,2023-03-01,8,False,exponential,328.50526835468884,0.1776939349340883,0.0,0.6541835265444526,False,
Nabiye 11-23,ABWI106081306603W400,4,2023-11-01,9,False,exponential,166.4125,6.084353337277142e-22,0.0,0.0,True,low R2 (0.00)
Nabiye 11-23,ABWI106081306603W400,5,2024-08-01,10,False,harmonic,253.3264416638476,2.015473524098799,1.0,0.8430891640609354,True,very high Di (2.02/month)
Nabiye 11-23,ABWI106081306603W400,6,2025-06-01,13,False,harmonic,100.04950665620244,0.107858044040418,1.0,0.3664030732289839,True,low R2 (0.37)
Nabiye 11-23,ABWI106112406603W400,1,2022-05-01,12,False,harmonic,148.5901522524606,0.005823827779166626,1.0,0.0006150593963999418,True,low R2 (0.00)
Nabiye 11-23,ABWI106112406603W400,2,2023-05-01,9,False,harmonic,302.8193677373225,0.31308303160280315,1.0,0.6123683789325927,False,
Nabiye 11-23,ABWI106112406603W400,3,2024-02-01,5,True,exponential,167.95496469862917,0.23209904389356698,0.0,0.7949365578146619,True,short cycle (<6mo)
Nabiye 11-23,ABWI106122506603W400,1,2023-07-01,8,False,exponential,200.38750000033298,7.318376466141168e-22,0.0,2.220446049250313e-16,True,low R2 (0.00)
Nabiye 11-23,ABWI106122506603W400,2,2024-03-01,6,False,harmonic,329.5995620682079,0.7475249123367059,1.0,0.44802220160642825,True,low R2 (0.45)
Nabiye 11-23,ABWI106122506603W400,3,2024-09-01,11,False,harmonic,200.61685301865344,0.5865853584035239,1.0,0.9224355323973142,False,
Nabiye 11-23,ABWI106122506603W400,4,2025-08-01,11,False,exponential,107.57272716366097,7.323209406699786e-22,0.0,0.0,True,low R2 (0.00)
Nabiye 11-23,ABWI106130106603W400,1,2022-10-01,10,False,exponential,209.22214977642068,0.2772964459224601,0.0,0.9288770240186361,False,
Nabiye 11-23,ABWI106130106603W400,2,2023-08-01,5,True,exponential,15.05000001623783,2.4778057924119563e-24,0.0,1.1102230246251565e-16,True,short cycle (<6mo); low R2 (0.00)
Nabiye 11-23,ABWI106130106603W400,3,2024-01-01,7,False,exponential,39.66000000000003,2.73998529198397e-24,0.0,0.0,True,low R2 (0.00)
Nabiye 11-23,ABWI106130106603W400,4,2024-08-01,9,False,exponential,81.9555555555713,2.6539324165462428e-20,0.0,0.0,True,low R2 (0.00)
Nabiye 11-23,ABWI106130106603W400,5,2025-05-01,4,True,harmonic,182.8890799681446,0.3373638470390518,1.0,0.7243251226924355,True,short cycle (<6mo)
Nabiye 11-23,ABWI106130106603W400,6,2025-09-01,9,False,exponential,188.68518343033705,0.1762030983737107,0.0,0.8880334459782396,False,
Nabiye 11-23,ABWI106160106603W402,1,2023-03-01,4,True,exponential,63.75000041718582,6.917664840813695e-17,0.0,-4.440892098500626e-16,True,short cycle (<6mo); low R2 (-0.00)
Nabiye 11-23,ABWI106160106603W402,2,2023-07-01,4,True,exponential,197.82499977944656,2.3690572891502686e-17,0.0,-4.440892098500626e-16,True,short cycle (<6mo); low R2 (-0.00)
Nabiye 11-23,ABWI106160106603W402,3,2023-11-01,4,True,,,,,,True,too few data points to fit
Nabiye 11-23,ABWI106160106603W402,4,2024-03-01,10,False,harmonic,382.6659690818311,0.15554125991251047,1.0,0.6005287979509282,False,
Nabiye 11-23,ABWI106160106603W402,5,2025-01-01,6,False,exponential,954.1162525944301,0.26103216335212925,0.0,0.8875076473349994,False,
Nabiye 11-23,ABWI106160106603W402,6,2025-07-01,7,False,harmonic,580.378813303015,0.6993454787654132,1.0,0.9529048999893207,False,
Nabiye 11-23,ABWI106160106603W402,7,2026-02-01,5,True,exponential,218.22756025566468,0.8192331928925903,0.0,0.9891533348199539,True,short cycle (<6mo)
Nabiye 11-23,ABWI107051206603W400,1,2022-08-01,6,False,,,,,,True,too few data points to fit
Nabiye 11-23,ABWI107051206603W400,2,2023-02-01,9,False,harmonic,96.64241814224958,0.5282060497798587,1.0,0.7055313505663607,False,
Nabiye 11-23,ABWI107051206603W400,3,2023-11-01,9,False,exponential,55.40000000001252,1.0513463328144615e-19,0.0,0.0,True,low R2 (0.00)
Nabiye 11-23,ABWI107051206603W400,4,2024-08-01,10,False,harmonic,140.57794014942496,0.5742876822942246,1.0,0.7473686044110879,False,
Nabiye 11-23,ABWI107051206603W400,5,2025-06-01,9,False,exponential,27.411111131706836,1.1521984735410802e-17,0.0,-2.220446049250313e-16,True,low R2 (-0.00)
Nabiye 11-23,ABWI107051206603W400,6,2026-03-01,2,True,,,,,,True,too few data points to fit
Nabiye 11-23,ABWI107062406603W400,1,2022-07-01,4,True,exponential,304.2454594619608,0.4899471875716737,0.0,0.8202828796359476,True,short cycle (<6mo)
Nabiye 11-23,ABWI107062406603W400,2,2022-11-01,5,True,exponential,112.25000057612093,1.1806288759088047e-14,0.0,-2.1760371282653068e-14,True,short cycle (<6mo); low R2 (-0.00)
Nabiye 11-23,ABWI107062406603W400,3,2023-04-01,8,False,harmonic,256.20375883858543,0.15081809697986498,1.0,0.12655242989542392,True,low R2 (0.13)
Nabiye 11-23,ABWI107062406603W400,4,2023-12-01,8,False,exponential,551.9761582777653,0.5417444172654774,0.0,0.8949127304453308,False,
Nabiye 11-23,ABWI107062406603W400,5,2024-08-01,5,True,,,,,,True,too few data points to fit
Nabiye 11-23,ABWI107062406603W400,6,2025-01-01,7,False,exponential,80.94980883586533,0.17319060681521334,0.0,0.8425132188219572,False,
Nabiye 11-23,ABWI107062406603W400,7,2025-08-01,4,True,harmonic,321.5683014090335,2.843094793359464,1.0,0.9093836456642439,True,short cycle (<6mo); very high Di (2.84/month)
Nabiye 11-23,ABWI107062406603W400,8,2025-12-01,7,False,harmonic,120.40717212806211,0.36835803995470023,1.0,0.9372965879672126,False,
Nabiye 11-23,ABWI107112406603W400,1,2022-11-01,6,False,harmonic,268.7137073962406,0.22323674148079808,1.0,0.03281702725164681,True,low R2 (0.03)
Nabiye 11-23,ABWI107112406603W400,2,2023-05-01,7,False,exponential,233.85714285720783,1.6069260722420296e-22,0.0,0.0,True,low R2 (0.00)
Nabiye 11-23,ABWI107112406603W400,3,2023-12-01,8,False,harmonic,436.0535055157768,0.16755221748318871,1.0,0.7819632884401708,False,
Nabiye 11-23,ABWI107112406603W400,4,2024-08-01,5,True,,,,,,True,too few data points to fit
Nabiye 11-23,ABWI107112406603W400,5,2025-01-01,7,False,exponential,78.14813206421798,0.22628301793815137,0.0,0.6044157223352233,False,
Nabiye 11-23,ABWI107112406603W400,6,2025-08-01,11,False,exponential,107.43636348347262,3.592183847173786e-22,0.0,0.0,True,low R2 (0.00)
Nabiye 11-23,ABWI107122506603W400,1,2022-08-01,8,False,harmonic,638.3495382050588,0.6289177296035319,1.0,0.9142602700925588,False,
Nabiye 11-23,ABWI107122506603W400,2,2023-04-01,7,False,harmonic,144.47395143572166,0.007296715580750375,1.0,0.00025500430581137934,True,low R2 (0.00)
Nabiye 11-23,ABWI107122506603W400,3,2023-11-01,10,False,exponential,214.34000000000043,4.2442356911510953e-16,0.0,-2.220446049250313e-16,True,low R2 (-0.00)
Nabiye 11-23,ABWI107122506603W400,4,2024-09-01,13,False,harmonic,257.73697378328933,0.3742902967822916,1.0,0.8516396080594708,False,
Nabiye 11-23,ABWI107122506603W400,5,2025-10-01,9,False,exponential,50.27777777777778,7.847867305240802e-23,0.0,0.0,True,low R2 (0.00)
Nabiye 11-23,ABWI107130106603W400,1,2022-09-01,8,False,exponential,184.28595850779118,0.2001719294990043,0.0,0.8290785621946584,False,
Nabiye 11-23,ABWI107130106603W400,2,2023-05-01,6,False,harmonic,63.02361841074224,0.2862939369738821,1.0,0.5890380791068659,False,
Nabiye 11-23,ABWI107130106603W400,3,2023-11-01,8,False,harmonic,65.92352137334531,0.17552055820299584,1.0,0.23047211825710745,True,low R2 (0.23)
Nabiye 11-23,ABWI107130106603W400,4,2024-07-01,7,False,harmonic,44.695521359978216,0.04329498649874697,1.0,0.012042817476944023,True,low R2 (0.01)
Nabiye 11-23,ABWI107130106603W400,5,2025-02-01,8,False,exponential,82.85952714667833,0.33810084462351014,0.0,0.8027664338614556,False,
Nabiye 11-23,ABWI107130106603W400,6,2025-10-01,7,False,exponential,107.16880390924118,0.3255433227476661,0.0,0.7710044746252928,False,
Nabiye 11-23,ABWI108051206603W400,1,2022-11-01,11,False,exponential,237.00366248071558,0.7316185426484771,0.0,0.9338182874298552,False,
Nabiye 11-23,ABWI108051206603W400,2,2023-10-01,4,True,harmonic,14.653128180501499,1.310609011105276,1.0,0.7066264794315658,True,short cycle (<6mo)
Nabiye 11-23,ABWI108051206603W400,3,2024-02-01,4,True,,,,,,True,too few data points to fit
Nabiye 11-23,ABWI108051206603W400,4,2024-06-01,5,True,,,,,,True,too few data points to fit
Nabiye 11-23,ABWI108051206603W400,5,2024-11-01,6,False,,,,,,True,too few data points to fit
Nabiye 11-23,ABWI108051206603W400,6,2025-05-01,7,False,harmonic,87.93512341587972,0.2314424564601245,1.0,0.08836902200668417,True,low R2 (0.09)
Nabiye 11-23,ABWI108051206603W400,7,2025-12-01,4,True,exponential,115.31990011425289,0.6345750652103781,0.0,0.8692132772235587,True,short cycle (<6mo)
Nabiye 11-23,ABWI108051206603W400,8,2026-04-01,3,True,,,,,,True,too few data points to fit
Nabiye 11-23,ABWI108130106603W400,1,2022-11-01,15,False,harmonic,294.62549764119854,1.482602391231057,1.0,0.9533113964264146,False,
Nabiye 11-23,ABWI108130106603W400,2,2024-02-01,6,False,exponential,45.000000030278656,3.868062151517608e-15,0.0,-1.6431300764452317e-14,True,low R2 (-0.00)
Nabiye 11-23,ABWI108130106603W400,3,2024-08-01,8,False,harmonic,117.7473592326855,0.20525736027833846,1.0,0.2300140436134852,True,low R2 (0.23)
Nabiye 11-23,ABWI108130106603W400,4,2025-04-01,6,False,harmonic,105.34130128982213,0.13245882515560076,1.0,0.42132831254378056,True,low R2 (0.42)
Nabiye 11-23,ABWI108130106603W400,5,2025-10-01,9,False,harmonic,54.930043400674926,0.011877313852786366,1.0,0.0015864227876768444,True,low R2 (0.00)
Nabiye 11-23,ABWI110060806603W400,1,2024-09-01,22,False,exponential,6966.736366372746,1.4176712135388204e-15,0.0,-2.4202861936828413e-14,True,low R2 (-0.00)
Nabiye 11-23,ABWI110131706603W400,1,2025-03-01,16,False,harmonic,8814.560108592104,0.043411971443148366,1.0,0.8078411070882684,False,
Nabiye 11-23,ABWI112131706603W400,1,2025-08-01,11,False,exponential,7017.9005782577715,0.04143892549552729,0.0,0.7029159905067671,False,
Nabiye 11-23,ABWI114121706603W400,1,2026-03-01,4,True,harmonic,7232.80878511726,0.2548330671320107,1.0,0.7252940323927983,True,short cycle (<6mo)
Nabiye 11-23,ABWI115131706603W400,1,2025-09-01,10,False,harmonic,8393.654525935945,0.08565440837572483,1.0,0.8770360606088523,False,
Nabiye 11-23,ABWI119120806603W400,1,2025-03-01,16,False,exponential,8158.133073549206,0.02131979444284914,0.0,0.6929392367793351,False,
Nabiye 11-23,ABWI1W0042406603W400,1,2022-07-01,10,False,exponential,150.1244471105348,0.044407609477976465,0.0,0.1458400421861883,True,low R2 (0.15)
Nabiye 11-23,ABWI1W0042406603W400,2,2023-05-01,7,False,exponential,173.92742613776733,0.2560233207101394,0.0,0.8467878303725406,False,
Nabiye 11-23,ABWI1W0042406603W400,3,2023-12-01,8,False,exponential,129.334369464112,0.20225295891603076,0.0,0.6209532716937493,False,
Nabiye 11-23,ABWI1W0042406603W400,4,2024-08-01,13,False,harmonic,52.32057330830223,0.13400748162975912,1.0,0.11523160434496094,True,low R2 (0.12)
Nabiye 11-23,ABWI1W0042406603W400,5,2025-09-01,4,True,,,,,,True,too few data points to fit
Nabiye 11-23,ABWI1W0042406603W400,6,2026-01-01,6,False,harmonic,61.1771833789459,0.34786897417028967,1.0,0.551254169636175,False,
Nabiye 11-23,ABWI1W0051306603W400,1,2022-07-01,10,False,exponential,805.24,6.562310414638141e-21,0.0,0.0,True,low R2 (0.00)
Nabiye 11-23,ABWI1W0051306603W400,2,2023-05-01,5,True,exponential,1604.9328955091796,0.3348018277690632,0.0,0.8282416321759268,True,short cycle (<6mo)
Nabiye 11-23,ABWI1W0051306603W400,3,2023-10-01,8,False,exponential,621.55,1.0839124280402023e-21,0.0,0.0,True,low R2 (0.00)
Nabiye 11-23,ABWI1W0051306603W400,4,2024-06-01,7,False,harmonic,1022.6732078102151,0.3313329367875029,1.0,0.27175674685753426,True,low R2 (0.27)
Nabiye 11-23,ABWI1W0051306603W400,5,2025-01-01,7,False,exponential,1392.1698850804435,0.1344383698930615,0.0,0.7567506246802987,False,
Nabiye 11-23,ABWI1W0051306603W400,6,2025-08-01,11,False,exponential,696.7383513695497,0.16304701474083302,0.0,0.9136036312392336,False,
