Battery,FromToID,cycle_number,cycle_start,duration_months,short_cycle,model,qi,Di,b,r_squared,low_confidence,low_confidence_reason,EUR,hc_sequence,NPV,IRR,payback_months
Mahihkan Battery 02-21,ABWI100010806604W400,1,2022-11-01,6,False,harmonic,981.4513685790575,0.1638857706358578,1.0,0.6434158504283536,False,,4100.831682030216,1,1320726.5452589467,,0.0
Mahihkan Battery 02-21,ABWI100010806604W400,6,2025-10-01,9,False,exponential,1600.8193568060203,0.1152247661401624,0.0,0.6676072446108434,False,,8967.82252701111,2,3087693.6198056825,,0.0
Mahihkan Battery 02-21,ABWI100010906604W400,2,2023-02-01,15,False,harmonic,1493.3385264271171,0.53762781203167,1.0,0.539542473622993,False,,6122.917167918695,1,2155008.4593882402,,0.0
Mahihkan Battery 02-21,ABWI100010906604W400,3,2024-05-01,8,False,harmonic,790.6617269189529,0.3398052303116479,1.0,0.7199495644000591,False,,3055.8086987643856,2,971393.829965929,,0.0
Mahihkan Battery 02-21,ABWI100012206504W400,2,2025-03-01,16,False,harmonic,353.0936508088522,0.0340722583818081,1.0,0.7890322514434907,False,,4509.236223605066,1,1338445.5204612513,93463.63226642225,1.0
Mahihkan Battery 02-21,ABWI100013406504W400,2,2022-11-01,11,False,harmonic,459.4719017226576,0.1417295858203604,1.0,0.549353903126315,False,,3046.166912883208,1,897338.1954940304,142177196.68802053,1.0
Mahihkan Battery 02-21,ABWI100020306604W400,5,2025-04-01,6,False,exponential,102.47776335189916,0.2544369402140309,0.0,0.8333955182246857,False,,315.255243799021,1,-74931.20193444668,-0.9272732554887592,
Mahihkan Battery 02-21,ABWI100020906604W400,1,2022-10-01,11,False,harmonic,383.9056344985427,0.1919271297903564,1.0,0.6306671942289996,False,,2270.3198151143856,1,628704.875950764,129677.56258016314,1.0
Mahihkan Battery 02-21,ABWI100021506504W400,1,2022-12-01,8,False,exponential,190.81763369700727,0.1066453312177683,0.0,0.5022478458115038,False,,1026.9259743730056,1,175774.69355559954,29.6427103502806,3.0
Mahihkan Battery 02-21,ABWI100021506604W400,2,2024-08-01,23,False,exponential,1604.1990333283488,0.0451377101414637,0.0,0.7523894269192752,False,,22955.2468382015,1,7572020.27654455,,0.0
Mahihkan Battery 02-21,ABWI100022006604W400,2,2023-10-01,10,False,harmonic,883.6491639908415,0.2629272099606715,1.0,0.8068242644697434,False,,4332.195750288482,1,1415315.5899046832,,0.0
Mahihkan Battery 02-21,ABWI100022006604W400,5,2025-10-01,9,False,exponential,683.1528167223927,0.1762607916981665,0.0,0.8946501288103811,False,,3082.538290319631,2,967688.4482670234,,0.0
Mahihkan Battery 02-21,ABWI100022906604W400,2,2025-03-01,6,False,exponential,451.2888705306749,0.4329576469877954,0.0,0.8875682221854092,False,,964.7465371574916,1,217735.49098669481,1485245.6986600738,1.0
Mahihkan Battery 02-21,ABWI100023406504W400,3,2025-03-01,9,False,harmonic,205.7891706301261,0.1314228736280643,1.0,0.5457193802182443,False,,1222.3239006762844,1,242637.66732634668,55.76632985445394,3.0
Mahihkan Battery 02-21,ABWI100023506504W400,2,2024-03-01,13,False,exponential,231.74287372998904,0.1528719263656416,0.0,0.8056075788935005,False,,1308.1548336093124,1,285692.38729954965,90.9993362966883,2.0
Mahihkan Battery 02-21,ABWI100023506504W400,3,2025-04-01,7,False,harmonic,156.44930324336482,1.882258175603192,1.0,0.9810238096776356,False,,220.3901088268288,2,-89891.61243988658,-0.9749374071654482,
Mahihkan Battery 02-21,ABWI100031506504W400,2,2023-01-01,6,False,harmonic,103.40753651086852,0.4288535754166451,1.0,0.7062683887032853,False,,307.05876410765,1,-78274.09810369587,-0.9315581865992095,
Mahihkan Battery 02-21,ABWI100031506504W400,4,2024-03-01,9,False,exponential,137.6059002980466,0.3748992293999339,0.0,0.870065122010315,False,,354.4766234576836,2,-51214.594403481045,-0.7887746828764061,
Mahihkan Battery 02-21,ABWI100032206504W400,1,2022-08-01,14,False,exponential,67.90479580307431,0.0623029377621608,0.0,0.7806946842065936,False,,634.3145908255005,1,22605.922001060157,0.4070849267733916,11.0
Mahihkan Battery 02-21,ABWI100032806504W400,4,2025-06-01,8,False,exponential,144.82628102454294,0.474856245023145,0.0,0.8999358246948631,False,,298.15902957470195,1,-68472.40523907769,-0.9306651724797259,
Mahihkan Battery 02-21,ABWI100032806604W400,3,2024-01-01,15,False,exponential,341.77900547008625,0.208259869022554,0.0,0.6989886634662523,False,,1568.9327401821051,1,400098.18749043095,6066.663387784117,1.0
Mahihkan Battery 02-21,ABWI100032806604W400,4,2025-04-01,7,False,harmonic,122.2459430927124,1.6678132256832627,1.0,0.6261819863357325,False,,186.14595693124235,2,-109785.60203001814,-0.988034301549759,
Mahihkan Battery 02-21,ABWI100032806604W400,5,2025-11-01,6,False,harmonic,58.74721507541136,0.3376611117502351,1.0,0.7048558897784772,False,,192.6390454434651,3,-125205.73399979365,-0.9904817492188724,
Mahihkan Battery 02-21,ABWI100033206604W400,1,2022-05-01,21,False,exponential,2327.052667103773,0.1444977774097156,0.0,0.926754077689363,False,,15329.780567706975,1,5408793.91968128,,0.0
Mahihkan Battery 02-21,ABWI100033406604W400,1,2022-09-01,14,False,harmonic,803.6956964655619,0.5824657075379325,1.0,0.931795239888804,False,,3055.255190743555,1,989149.0943770641,,0.0
Mahihkan Battery 02-21,ABWI100033406604W400,2,2023-11-01,6,False,harmonic,180.46999984122232,1.923609572383148,1.0,0.9291860553121182,False,,237.27199532433016,2,-78922.74029767433,-0.9781558200941888,
Mahihkan Battery 02-21,ABWI100040306604W400,1,2023-05-01,10,False,exponential,743.3680384639545,0.1222259328519329,0.0,0.7371511693934663,False,,4290.404165631216,1,1374988.155673698,,0.0
Mahihkan Battery 02-21,ABWI100040306604W400,4,2025-10-01,9,False,harmonic,852.3648631923231,0.589084295377135,1.0,0.8149827028232095,False,,2663.553849664724,2,865987.7523812428,,0.0
Mahihkan Battery 02-21,ABWI100040906604W400,4,2025-07-01,6,False,exponential,341.27305666218825,0.5461885804965141,0.0,0.7617453413294765,False,,601.2477543425437,1,74721.96197000277,94.29653496645624,2.0
Mahihkan Battery 02-21,ABWI100040906604W400,5,2026-01-01,6,False,exponential,369.0242175769888,0.3113138996481527,0.0,0.861646438744796,False,,1002.2949319398784,2,209021.0242643694,8203.851764379018,1.0
Mahihkan Battery 02-21,ABWI100041006604W400,1,2023-02-01,7,False,exponential,652.8319767956024,0.1614811816423681,0.0,0.6488661876211401,False,,2737.304632681324,1,833553.4810737151,,0.0
Mahihkan Battery 02-21,ABWI100041006604W400,3,2024-04-01,11,False,exponential,746.83859963792,0.1396270130989989,0.0,0.7053996472223045,False,,4197.413202746246,2,1352354.6423158445,,0.0
Mahihkan Battery 02-21,ABWI100042206504W400,2,2024-01-01,14,False,exponential,171.39752192596862,0.0908276715753857,0.0,0.6844683063594984,False,,1357.9564783015578,1,284991.05374660343,24.348913993549502,3.0
Mahihkan Battery 02-21,ABWI100042206504W400,4,2025-07-01,12,False,harmonic,122.84290467193838,0.1233411668609953,1.0,0.5370952455676911,False,,904.6272119401089,2,122936.74932746934,3.999390636783013,5.0
Mahihkan Battery 02-21,ABWI100042806504W400,1,2023-02-01,16,False,harmonic,220.0166236759165,0.4137321635574953,1.0,0.7120885786379414,False,,1079.9168144838125,1,204801.30435087695,18.008877908401026,3.0
Mahihkan Battery 02-21,ABWI100042806504W400,4,2025-04-01,11,False,harmonic,184.8736790549594,0.3423826082195195,1.0,0.8572768352954678,False,,843.1786603187192,2,118311.55221964885,7.323589399553507,4.0
Mahihkan Battery 02-21,ABWI100043406504W400,4,2025-10-01,9,False,exponential,3436.7243840479773,0.2004408977323251,0.0,0.9050163093893744,False,,14322.86246719133,1,5295598.215428926,,0.0
Mahihkan Battery 02-21,ABWI100043506504W400,3,2024-12-01,11,False,exponential,228.9793687913314,0.1965812296779456,0.0,0.9473190821167652,False,,1030.7974273473835,1,193420.48953040002,47.38315563608286,2.0
Mahihkan Battery 02-21,ABWI100043506504W400,4,2025-11-01,8,False,exponential,79.68324119540512,0.235089232952306,0.0,0.7338189615365677,False,,287.26557497692573,2,-87571.91710790289,-0.9077364434136689,
Mahihkan Battery 02-21,ABWI100050306604W400,2,2025-03-01,6,False,exponential,334.68528735681423,0.1633797969335825,0.0,0.9671135081922706,False,,1279.8962998971513,1,284990.6177867272,6562.8501049023125,1.0
Mahihkan Battery 02-21,ABWI100050406604W400,2,2023-04-01,7,False,exponential,501.8970878447768,0.6998461070746878,0.0,0.7779275281908746,False,,711.8074047225584,1,149009.04981159864,84552200.03788091,1.0
Mahihkan Battery 02-21,ABWI100050406604W400,6,2026-01-01,6,False,harmonic,201.7310737490763,0.4092102643291351,1.0,0.9882049420102852,False,,611.2407490739165,2,41258.82169321415,3.21144855107125,4.0
Mahihkan Battery 02-21,ABWI100050906604W400,2,2022-11-01,10,False,exponential,399.4514258160846,0.0775178633280193,0.0,0.7878784221306049,False,,2779.430509255696,1,795366.9906601789,1092971.5936389402,1.0
Mahihkan Battery 02-21,ABWI100050906604W400,4,2024-09-01,22,False,exponential,368.95196570368415,0.0939633687104646,0.0,0.9435994342377184,False,,3429.683951959734,2,1009088.0111786386,115274.9396651573,1.0
Mahihkan Battery 02-21,ABWI100051006604W400,3,2024-03-01,10,False,harmonic,952.0609406445352,0.3567333199771022,1.0,0.8938482101237739,False,,4053.7660984413455,1,1342424.4761079522,,0.0
Mahihkan Battery 02-21,ABWI100051006604W400,4,2025-01-01,11,False,exponential,368.63191897025325,0.3748124737799905,0.0,0.9415940580783778,False,,967.5804855764904,2,205673.49850496027,3884.1967768108966,1.0
Mahihkan Battery 02-21,ABWI100052206504W400,1,2022-09-01,13,False,exponential,931.3281817010068,0.202724783505266,0.0,0.967807123454331,False,,4264.710327207978,1,1429116.8554752811,,0.0
Mahihkan Battery 02-21,ABWI100052206504W400,4,2024-08-01,12,False,exponential,219.33377599810444,0.0786676611091861,0.0,0.6282868982508916,False,,1703.3548640602996,2,406985.3076907962,141.39018424866322,2.0
Mahihkan Battery 02-21,ABWI100052606504W400,1,2022-08-01,11,False,exponential,105.8092900230644,0.1207021574256414,0.0,0.8278452814727064,False,,644.2417306017169,1,35749.56674198872,0.9178584414535453,7.0
Mahihkan Battery 02-21,ABWI100052606504W400,5,2024-11-01,6,False,exponential,97.028378610841,0.3177937680892367,0.0,0.8155979888727821,False,,259.96037958039227,2,-93574.61570228565,-0.9740455030040759,
Mahihkan Battery 02-21,ABWI100052706504W400,3,2024-10-01,18,False,exponential,484.5715222987424,0.0849697648829471,0.0,0.771991246895973,False,,4467.322990529638,1,1375809.6795706602,6766740446.23242,1.0
Mahihkan Battery 02-21,ABWI100052806504W400,2,2023-01-01,14,False,harmonic,464.6279740443984,0.1179932848277084,1.0,0.7907534256807893,False,,3840.402705644094,1,1158876.8100185236,333406996.6448565,1.0
Mahihkan Battery 02-21,ABWI100052806604W400,1,2023-04-01,28,False,exponential,515.9479452152408,0.0830327393947312,0.0,0.8168342569361824,False,,5606.132941907637,1,1742734.0281874673,,1.0
Mahihkan Battery 02-21,ABWI100053306604W400,1,2022-07-01,7,False,exponential,278.0146761182597,0.1006874008122367,0.0,0.5232327994915729,False,,1396.5936667882584,1,310935.0163084728,949.1359564802183,2.0
Mahihkan Battery 02-21,ABWI100053306604W400,2,2023-02-01,8,False,harmonic,235.52342553482595,0.1263748205040006,1.0,0.8636062603418714,False,,1302.031995682736,2,272820.2224564325,162.94786314514937,2.0
Mahihkan Battery 02-21,ABWI100053306604W400,3,2023-10-01,11,False,exponential,281.0956273576006,0.3295729663949482,0.0,0.9227848594170628,False,,830.1862627277309,3,140087.02511039047,75.70693802837313,2.0
Mahihkan Battery 02-21,ABWI100060306604W400,2,2023-01-01,14,False,harmonic,681.9431729721358,0.2518726006108251,1.0,0.7798080092513644,False,,4088.0059723645386,1,1295202.9249602838,,0.0
Mahihkan Battery 02-21,ABWI100060306604W400,5,2025-08-01,8,False,harmonic,559.7378863409921,0.134753041556833,1.0,0.6498831353847646,False,,3038.166247956235,2,906088.7734437668,,1.0
Mahihkan Battery 02-21,ABWI100061006604W400,1,2022-10-01,6,False,exponential,1019.4022214010104,0.2818051724622548,0.0,0.8054413247437331,False,,2950.474094816308,1,986581.0564278672,,0.0
Mahihkan Battery 02-21,ABWI100061006604W400,3,2024-03-01,28,False,harmonic,246.268879767748,0.3076805659669817,1.0,0.8297703176805606,False,,1811.579447769002,2,442067.0678906504,76.62377192673381,2.0
Mahihkan Battery 02-21,ABWI100062206504W400,2,2023-01-01,11,False,harmonic,400.2981343646845,0.4743904014205601,1.0,0.8542362573906989,False,,1542.0697822799948,1,397297.5230485553,45652.43083382988,1.0
Mahihkan Battery 02-21,ABWI100062706604W400,4,2025-03-01,6,False,exponential,1135.5741202210197,0.5097810446249113,0.0,0.8577267362094123,False,,2122.989239127316,1,753548.9316731627,,0.0
Mahihkan Battery 02-21,ABWI100062806504W400,1,2023-07-01,16,False,harmonic,431.21658814089113,0.2798268717111157,1.0,0.9403707448440536,False,,2620.644346990786,1,757191.0359596718,2269564.5334132067,1.0
Mahihkan Battery 02-21,ABWI100062906604W400,1,2022-08-01,6,False,exponential,662.1171516821286,0.357162868789205,0.0,0.9201568897888096,False,,1636.3611590515377,1,482981.9255837105,,0.0
Mahihkan Battery 02-21,ABWI100062906604W400,4,2025-05-01,10,False,exponential,701.3904507245754,0.3670836495291872,0.0,0.7967747740827613,False,,1862.0726908087515,2,578021.1631381798,,0.0
Mahihkan Battery 02-21,ABWI100063206604W400,1,2022-09-01,19,False,harmonic,1415.1478798734895,0.7533735989082733,1.0,0.9572256566434292,False,,5125.768354325942,1,1810204.1313981235,,0.0
Mahihkan Battery 02-21,ABWI100063206604W400,2,2024-04-01,6,False,exponential,268.95659761997564,0.4770124511367764,0.0,0.8213083111760544,False,,531.6123495194113,2,35092.14555304019,5.177878296882211,3.0
Mahihkan Battery 02-21,ABWI100063506504W400,2,2025-05-01,9,False,harmonic,474.89438382565817,0.8310679403975765,1.0,0.9628074935070076,False,,1221.518576657476,1,309864.30063917517,5563406.471201349,1.0
Mahihkan Battery 02-21,ABWI100070306604W400,2,2022-12-01,7,False,exponential,72.27983180102768,0.5105799617962676,0.0,0.857702486707013,False,,137.5944649313927,1,-138220.02363075258,-0.9985619675059136,
Mahihkan Battery 02-21,ABWI100070306604W400,5,2025-04-01,15,False,exponential,199.7741284333005,0.2865513552491378,0.0,0.9442931396982444,False,,687.6910026328776,2,74855.0116719731,5.118289966869038,4.0
Mahihkan Battery 02-21,ABWI100070906604W400,3,2023-11-01,6,False,harmonic,282.8689746602396,0.4075417795815965,1.0,0.5245541203390276,False,,858.5818595820838,1,138758.9115008506,113.39389307521606,2.0
Mahihkan Battery 02-21,ABWI100070906604W400,5,2024-10-01,18,False,exponential,327.00071672226943,0.0808559081699519,0.0,0.9116179708818812,False,,3100.696573359517,2,890675.2133663583,12880.444444715187,1.0
Mahihkan Battery 02-21,ABWI100071506504W400,1,2022-05-01,13,False,harmonic,146.02420037619382,0.185991633891366,1.0,0.6898250964023668,False,,964.9208876307304,1,148914.74502153404,5.973921364899627,5.0
Mahihkan Battery 02-21,ABWI100071506504W400,5,2025-12-01,7,False,harmonic,109.22887725256116,0.4289470594429388,1.0,0.6980695337177545,False,,353.179143496647,2,-61078.265496907436,-0.8196631758906108,
Mahihkan Battery 02-21,ABWI100071506604W400,4,2026-01-01,6,False,exponential,1847.607555936151,0.1932369502473399,0.0,0.6323344445348473,False,,6562.2701599716975,1,2324563.017828787,,0.0
Mahihkan Battery 02-21,ABWI100072106504W400,1,2023-01-01,6,False,exponential,30.440607281866555,0.5885377515166844,0.0,0.7006724306711172,False,,50.208574078205366,1,-176600.73989440998,-0.9999901982234267,
Mahihkan Battery 02-21,ABWI100072106604W400,3,2023-11-01,12,False,harmonic,201.84448052603,0.7130025218943657,1.0,0.6694493136371877,False,,638.9848223632508,1,56647.5702844632,2.3898134177905317,5.0
Mahihkan Battery 02-21,ABWI100072106604W400,4,2024-11-01,13,False,harmonic,160.14093015651022,0.1044161542724885,1.0,0.5292300272663525,False,,1315.2277758355,2,265165.16685613425,17.884932787647372,4.0
Mahihkan Battery 02-21,ABWI100072206504W400,1,2022-10-01,33,False,exponential,403.1202407160479,0.0717027410577636,0.0,0.8524069418214512,False,,5094.539342001336,1,1535563.4885655323,1538928.7944102937,1.0
Mahihkan Battery 02-21,ABWI100072806604W400,1,2024-01-01,14,False,exponential,58.37322092452616,0.2131492968009196,0.0,0.6727635247017839,False,,260.0073410838152,1,-100188.01923196735,-0.8367172145816644,
Mahihkan Battery 02-21,ABWI100073306604W400,2,2022-11-01,11,False,harmonic,240.29131177561888,0.1443959238766923,1.0,0.5984124633843859,False,,1582.6102450710068,1,370534.2628269357,187.79153133614665,2.0
Mahihkan Battery 02-21,ABWI100073306604W400,3,2023-10-01,11,False,exponential,236.9837027830616,0.3010972048924157,0.0,0.9152962935899392,False,,758.3858278042812,2,106102.59721883776,17.563739229408156,3.0
Mahihkan Battery 02-21,ABWI100073306604W400,4,2024-09-01,9,False,exponential,54.46372795778579,0.4678120455081082,0.0,0.8175056614256984,False,,114.69432915346457,3,-149599.5488057609,-0.9975652162288887,
Mahihkan Battery 02-21,ABWI100073506504W400,4,2025-11-01,8,False,exponential,61.93461410848022,0.2736286698608521,0.0,0.7342937107000166,False,,200.9890345677109,1,-119768.1718156848,-0.9755255413876746,
Mahihkan Battery 02-21,ABWI100080306604W400,1,2022-08-01,11,False,exponential,99.82848633676804,0.2047031876773328,0.0,0.8264049746988491,False,,436.3629240557152,1,-32714.99388687073,-0.42925776952042516,
Mahihkan Battery 02-21,ABWI100080306604W400,5,2025-01-01,15,False,exponential,289.9776920202625,0.0424352032222427,0.0,0.6065354598170838,False,,3217.678882035178,2,911924.2433937792,3552.03222781173,1.0
Mahihkan Battery 02-21,ABWI100081606604W400,2,2024-01-01,7,False,harmonic,101.73798276846613,0.3746663861404805,1.0,0.7909493821904565,False,,349.53264954107425,1,-64112.803722315475,-0.8289265043546965,
Mahihkan Battery 02-21,ABWI100082806504W400,3,2024-05-01,8,False,harmonic,344.57839047486107,1.3223081842494016,1.0,0.5336352065263381,False,,638.2196854616967,1,90492.471834976,44.740445795742254,2.0
Mahihkan Battery 02-21,ABWI100083406504W400,2,2024-10-01,12,False,harmonic,236.490941808754,0.0840578152257113,1.0,0.5302839787753204,False,,1962.3255931743784,1,492065.6144619346,280.3201699092137,2.0
Mahihkan Battery 02-21,ABWI100090406604W400,2,2024-09-01,22,False,harmonic,548.3469237601453,0.0374261397172882,1.0,0.5201451368033232,False,,8800.963400166878,1,2746695.5097777974,,1.0
Mahihkan Battery 02-21,ABWI100090506604W400,5,2026-01-01,6,False,hyperbolic,233.28154969711136,0.3640263367260772,0.5186214593563423,0.9909230185612274,False,,672.1674632370781,1,69061.28173379632,10.897561945555243,3.0
Mahihkan Battery 02-21,ABWI100090806604W400,3,2023-06-01,6,False,harmonic,1277.5216648696955,0.3314790723627371,1.0,0.9353404659072854,False,,4219.736908960531,1,1435950.0710388948,,0.0
Mahihkan Battery 02-21,ABWI100090806604W400,5,2025-01-01,16,False,harmonic,1041.2240436408904,0.1349627870027621,1.0,0.9131722098039572,False,,8875.091271518417,2,2933565.4325121553,,0.0
Mahihkan Battery 02-21,ABWI100090906604W400,1,2022-08-01,9,False,exponential,488.4628621077532,0.1290745259418867,0.0,0.7879466045843686,False,,2599.9872728496885,1,760329.998889704,7341524553.57857,1.0
Mahihkan Battery 02-21,ABWI100090906604W400,4,2024-05-01,17,False,harmonic,927.3163461856672,0.8791409550141029,1.0,0.9641173473876146,False,,2920.9158452651805,2,976394.9251335866,,0.0
Mahihkan Battery 02-21,ABWI100091606604W400,3,2024-08-01,23,False,exponential,151.71842403233853,0.0790300827848107,0.0,0.668770817938724,False,,1607.9867836817502,1,359512.7018609865,15.718463127086942,4.0
Mahihkan Battery 02-21,ABWI100092206504W400,2,2022-10-01,7,False,harmonic,219.88181265395232,1.0182292001869666,1.0,0.774610095376724,False,,452.46289739421366,1,-1642.1341732921264,0.03673599021999774,6.0
Mahihkan Battery 02-21,ABWI100092206504W400,3,2023-05-01,9,False,hyperbolic,136.06378802087116,0.8491096203500536,0.4759068087647069,0.9572586563227932,False,,249.2994817188768,2,-86421.20350330579,-0.9451421490854579,
Mahihkan Battery 02-21,ABWI100092706504W400,3,2025-09-01,10,False,harmonic,195.98670039768103,0.142713574818032,1.0,0.5158350915684098,False,,1217.7098878790764,1,240560.1296414428,38.307795588287995,3.0
Mahihkan Battery 02-21,ABWI100092806504W400,2,2023-01-01,7,False,harmonic,1031.2460017378826,1.2446788951625485,1.0,0.8179875380350081,False,,1883.5987323959805,1,656515.262662501,,0.0
Mahihkan Battery 02-21,ABWI100092806504W400,4,2024-08-01,8,False,harmonic,782.8126393995708,0.0630193125759314,1.0,0.6078096687374788,False,,5070.958914395132,2,1602396.0506833005,,0.0
Mahihkan Battery 02-21,ABWI100093306504W400,4,2025-04-01,6,False,harmonic,926.490128521406,0.3040055960089047,1.0,0.8801740345258816,False,,3163.924470868252,1,1018487.3256818929,,0.0
Mahihkan Battery 02-21,ABWI100100406604W400,1,2023-10-01,14,False,harmonic,3665.498140931525,0.2564909132825159,1.0,0.6791001795532682,False,,21780.40636967233,1,7774272.214195452,,0.0
Mahihkan Battery 02-21,ABWI100100906604W400,4,2024-05-01,12,False,harmonic,334.13046299667377,0.2637935614522481,1.0,0.7705089819312116,False,,1807.289382861806,1,468046.6518517034,4056.1729088856787,1.0
Mahihkan Battery 02-21,ABWI100101606504W400,2,2022-09-01,10,False,exponential,68.54529543680654,0.792723859230261,0.0,0.9140935095358408,False,,86.43686547083855,1,-155818.86311180438,-0.9998721869718492,
Mahihkan Battery 02-21,ABWI100102006604W400,3,2024-12-01,19,False,exponential,1295.1312641408315,0.0412819728674314,0.0,0.6339658938979909,False,,17053.853073717928,1,5619279.927911142,,0.0
Mahihkan Battery 02-21,ABWI100102106604W400,1,2022-09-01,27,False,exponential,293.613574691043,0.9887549273684486,0.0,0.9456545604660213,False,,296.95283084125003,1,-34672.41015411518,-0.9511571097543949,
Mahihkan Battery 02-21,ABWI100102106604W400,2,2024-12-01,19,False,harmonic,444.7082452178232,0.2481036168592213,1.0,0.9150934886497872,False,,3124.050187292408,2,922168.0572044121,10699430.51165337,1.0
Mahihkan Battery 02-21,ABWI100102806504W400,2,2023-11-01,20,False,exponential,261.1067498562073,0.2041703863592794,0.0,0.8730256826180814,False,,1257.3180634056196,1,278344.4932561362,151.725583158516,2.0
Mahihkan Battery 02-21,ABWI100102806604W400,1,2022-09-01,15,False,harmonic,309.42844774544,0.4907763909393053,1.0,0.7857750390619164,False,,1338.9384033262234,1,310824.1949978898,299.3598457203083,2.0
Mahihkan Battery 02-21,ABWI100102806604W400,2,2023-12-01,8,False,exponential,116.23383795706955,0.2396781012417841,0.0,0.8031606125989283,False,,413.6765436489936,2,-37714.91211157009,-0.6014343103732279,
Mahihkan Battery 02-21,ABWI100102906504W400,1,2022-08-01,10,False,harmonic,85.7530112466667,0.5083082353331536,1.0,0.7816325973621333,False,,304.594810939236,1,-80629.33155776828,-0.813963356132649,
Mahihkan Battery 02-21,ABWI100111006604W400,2,2024-03-01,10,False,exponential,895.861341230634,0.1434832676801533,0.0,0.8837465968222394,False,,4756.703041384683,1,1566650.1836623042,,0.0
Mahihkan Battery 02-21,ABWI100111006604W400,3,2025-01-01,16,False,harmonic,338.4608326994164,0.1633019837207543,1.0,0.8564965647539182,False,,2662.246847676324,2,746998.4981795019,11581.601647664384,1.0
Mahihkan Battery 02-21,ABWI100111506604W400,1,2024-06-01,13,False,harmonic,976.1497630337104,0.1981780594359518,1.0,0.5348002826226356,False,,6276.879184110141,1,2076445.3997160736,,0.0
Mahihkan Battery 02-21,ABWI100111506604W400,2,2025-07-01,12,False,harmonic,1346.872264966387,0.6678587603130017,1.0,0.8728520783475682,False,,4434.350669196715,2,1567759.4024087489,,0.0
Mahihkan Battery 02-21,ABWI100112106504W400,2,2024-08-01,8,False,exponential,44.10282961288085,0.168071639622136,0.0,0.7383297315245897,False,,194.00884753789776,1,-126669.26079449472,-0.9693555086510076,
Mahihkan Battery 02-21,ABWI100112706504W400,2,2024-12-01,19,False,exponential,759.3219279453721,0.0341014543508052,0.0,0.7746315532700747,False,,10618.279755828353,1,3404386.009215599,,0.0
Mahihkan Battery 02-21,ABWI100112706604W400,2,2024-12-01,8,False,harmonic,815.264196344406,1.2704490897053509,1.0,0.7529403375814315,False,,1548.2348449983758,1,499163.0815129109,,0.0
Mahihkan Battery 02-21,ABWI100112706604W400,4,2026-01-01,6,False,harmonic,349.2808467051271,0.1360182652104614,1.0,0.6338138398023996,False,,1532.25526308826,2,363323.7682044657,24835.136570976334,1.0
Mahihkan Battery 02-21,ABWI100112806604W400,1,2023-07-01,13,False,hyperbolic,541.9849199341571,1.3917892378890135,1.7512043839806974,0.9296747494441228,False,,1795.0457884753869,1,517169.82873658097,,1.0
Mahihkan Battery 02-21,ABWI100112906604W400,1,2022-08-01,10,False,exponential,1330.979604470211,0.1115697434782862,0.0,0.5465076258859777,False,,8020.41231465549,1,2727013.991825436,,0.0
Mahihkan Battery 02-21,ABWI100112906604W400,2,2023-06-01,9,False,exponential,587.1100610198422,0.1189751973796682,0.0,0.5183275884501626,False,,3243.387591159171,2,991469.6497586638,,0.0
Mahihkan Battery 02-21,ABWI100112906604W400,3,2024-03-01,12,False,exponential,733.6307911502158,0.2554267481030058,0.0,0.771608757394485,False,,2738.1949691166847,3,877856.3776405605,,0.0
Mahihkan Battery 02-21,ABWI100113406504W400,1,2023-05-01,6,False,exponential,12.978706866850937,0.8735860153676933,0.0,0.9633181737696064,False,,14.778190554386148,1,-192169.67517081203,-0.9999999792024851,
Mahihkan Battery 02-21,ABWI100113506504W400,1,2023-12-01,17,False,exponential,689.2854023795404,0.0761749775476785,0.0,0.7925755350775019,False,,6570.225904868506,1,2108823.796821201,,0.0
Mahihkan Battery 02-21,ABWI100113506504W400,3,2025-11-01,8,False,exponential,644.8340642422863,0.2038066955159038,0.0,0.8128509273326286,False,,2544.319216669232,2,779790.3131120806,,0.0
Mahihkan Battery 02-21,ABWI100120406604W400,1,2023-03-01,6,False,exponential,378.966764896624,0.3803739936100818,0.0,0.820533905617609,False,,894.6230271377962,1,177646.00605225778,6791.076538013614,1.0
Mahihkan Battery 02-21,ABWI100120406604W400,3,2024-09-01,10,False,harmonic,422.1058071244664,0.877168650756567,1.0,0.783891361233898,False,,1096.9219816754708,2,258025.18189730248,22810.743665215236,1.0
Mahihkan Battery 02-21,ABWI100120406604W400,4,2025-07-01,7,False,exponential,243.9079363885521,0.5652116325304234,0.0,0.8219390153837971,False,,423.2784479717633,3,-4976.756034894402,-0.1476975716310327,
Mahihkan Battery 02-21,ABWI100120906604W400,2,2023-02-01,9,False,harmonic,792.9224475641705,0.5235252035996628,1.0,0.5879665571045333,False,,2639.1935369390053,1,843500.6458105078,,0.0
Mahihkan Battery 02-21,ABWI100120906604W400,3,2023-11-01,7,False,harmonic,1427.2312675635374,0.9344599578088156,1.0,0.9399831373251673,False,,3085.798485265432,2,1133907.2008362259,,0.0
Mahihkan Battery 02-21,ABWI100120906604W400,5,2025-07-01,12,False,exponential,1195.7085115949792,0.2815833006399378,0.0,0.722892105571453,False,,4101.652798175736,3,1437402.5629633076,,0.0
Mahihkan Battery 02-21,ABWI100121006604W400,1,2022-08-01,14,False,exponential,624.6213117176275,0.1148299235333601,0.0,0.8335373148698856,False,,4349.646782877663,1,1376270.875819622,,0.0
Mahihkan Battery 02-21,ABWI100121006604W400,3,2024-06-01,23,False,hyperbolic,506.1116946081532,0.2506201727137155,0.3407207632333797,0.936834315153598,False,,2688.904453578777,2,802970.1110918523,50611972512.56973,1.0
Mahihkan Battery 02-21,ABWI100121506504W400,3,2025-06-01,13,False,exponential,281.4814515542063,0.0303960997614131,0.0,0.6490311130499987,False,,3022.7998252577186,1,843477.3348228094,2837.5475802554142,2.0
Mahihkan Battery 02-21,ABWI100121506604W400,2,2024-06-01,7,False,exponential,256.9867691896858,0.1120333502256346,0.0,0.8892819573860833,False,,1246.772979989728,1,258833.3155084148,335.36219044266255,2.0
Mahihkan Battery 02-21,ABWI100121506604W400,3,2025-01-01,18,False,harmonic,195.4373118672442,0.0554956060433083,1.0,0.6164920998029781,False,,2439.1362766739758,2,633976.764754252,90.72177317378491,3.0
Mahihkan Battery 02-21,ABWI100122206504W400,2,2024-06-01,11,False,exponential,53.97583850850123,1.0515668741201998,0.0,0.953645666450412,False,,51.32847811302322,1,-170652.8535148796,-0.9999962351097397,
Mahihkan Battery 02-21,ABWI100122806504W400,1,2024-06-01,19,False,exponential,245.43988897490448,0.0402009377690448,0.0,0.5476403767511054,False,,3260.950843978905,1,911859.4991917172,594.2555037186952,2.0
Mahihkan Battery 02-21,ABWI100122806504W400,2,2026-01-01,6,False,exponential,205.23438793241704,0.0787395196694366,0.0,0.6480857420588916,False,,981.3961723425311,2,156096.4259005038,48.43617661382518,2.0
Mahihkan Battery 02-21,ABWI100122806604W400,2,2023-07-01,8,False,exponential,387.1900772040371,0.2239522223243078,0.0,0.8468583200785371,False,,1440.705745801583,1,360622.10379565635,79009.90994968727,1.0
Mahihkan Battery 02-21,ABWI100122806604W400,5,2025-05-01,10,False,exponential,257.53555126592954,0.3364295127645654,0.0,0.8614258366601953,False,,739.0205606673669,2,104002.28547769552,25.514164596857306,2.0
Mahihkan Battery 02-21,ABWI100123406504W400,1,2024-11-01,6,False,exponential,135.4434278441033,0.0850083258976082,0.0,0.7276933250775117,False,,636.5766011977565,1,31728.16565997258,1.519477707034265,4.0
Mahihkan Battery 02-21,ABWI100123406504W400,3,2025-11-01,8,False,harmonic,191.2575701038578,0.0848592211486222,1.0,0.5184879449680806,False,,1167.7573938487851,2,218360.84360957035,44.978630726516975,3.0
Mahihkan Battery 02-21,ABWI100130306604W400,2,2023-03-01,10,False,harmonic,591.6097391303966,0.2821165867037689,1.0,0.7506782735319075,False,,2811.1985345350768,1,852723.2239063437,,0.0
Mahihkan Battery 02-21,ABWI100130306604W400,4,2024-07-01,24,False,exponential,1119.1961946049312,0.0561930827987544,0.0,0.7833842547043512,False,,14746.63487691812,2,4827073.572006162,,0.0
Mahihkan Battery 02-21,ABWI100130406604W400,1,2022-12-01,11,False,harmonic,278.7841858323393,0.3425812271370847,1.0,0.7804501266862678,False,,1271.1249181025878,1,279886.6817200169,199.4459409030056,2.0
Mahihkan Battery 02-21,ABWI100130906604W400,2,2024-05-01,8,False,exponential,1463.7340930051544,0.14863254181591,0.0,0.852000481003927,False,,6849.216300496089,1,2362547.1185033987,,0.0
Mahihkan Battery 02-21,ABWI100130906604W400,4,2025-05-01,14,False,exponential,899.3506208949931,0.2050079308601579,0.0,0.734138294957244,False,,4138.201209910579,2,1381231.1372750339,,0.0
Mahihkan Battery 02-21,ABWI100131506504W400,3,2023-07-01,16,False,exponential,212.11360217822192,0.1189801536613118,0.0,0.8732660480167266,False,,1517.0990385038947,1,349203.2494320725,68.57767598683952,2.0
Mahihkan Battery 02-21,ABWI100131506504W400,5,2025-06-01,10,False,exponential,175.06650356827203,0.1683881933708627,0.0,0.816216303472661,False,,846.6453256783334,2,118741.93868724456,8.995037049715485,4.0
Mahihkan Battery 02-21,ABWI100132206504W400,1,2022-06-01,8,False,harmonic,113.34379632358664,0.5059546101814733,1.0,0.6865939084936912,False,,362.6700034555256,1,-56133.770367409,-0.7528648997593199,
Mahihkan Battery 02-21,ABWI100132606504W400,7,2025-06-01,10,False,harmonic,14.272969212979454,1.7150326040194852,1.0,0.6666497376779419,False,,24.123676696822187,1,-188603.26045152562,-0.9993293635651068,
Mahihkan Battery 02-21,ABWI100132806604W400,2,2023-12-01,19,False,exponential,410.8178528111118,0.1605013423987994,0.0,0.8359518313263148,False,,2438.3143556911045,1,703076.2680778876,958564.7876574011,1.0
Mahihkan Battery 02-21,ABWI100133406504W400,2,2025-04-01,15,False,harmonic,332.759414419908,0.1399004394550273,1.0,0.8043891999157053,False,,2689.944090897046,1,754292.9926430249,10632.698822731707,1.0
Mahihkan Battery 02-21,ABWI100133506504W400,2,2022-09-01,10,False,exponential,96.32523271556217,0.1080365295872301,0.0,0.7125409750048847,False,,588.9263766479264,1,14507.077054152756,0.39972093054521385,8.0
Mahihkan Battery 02-21,ABWI100133506504W400,6,2025-04-01,8,False,exponential,251.7014324341227,0.2591948974260934,0.0,0.9103173539611864,False,,848.9871339336389,2,136411.63664839056,48.927907161917716,2.0
Mahihkan Battery 02-21,ABWI100133506504W400,7,2025-12-01,7,False,harmonic,65.46137032053025,0.1902158190756521,1.0,0.6017839693449636,False,,291.32238576782106,3,-91719.35008828205,-0.9139927075228338,
Mahihkan Battery 02-21,ABWI100141606604W400,5,2026-01-01,6,False,exponential,182.78134889219933,0.3714346828154298,0.0,0.7556333454591083,False,,439.1075716823674,1,-15444.997246608318,-0.41159181667752465,
Mahihkan Battery 02-21,ABWI100142206604W400,2,2024-07-01,14,False,harmonic,1781.8524547806796,0.6776911161189194,1.0,0.9115510869136506,False,,6179.380246982592,1,2243386.4533860995,,0.0
Mahihkan Battery 02-21,ABWI100142606504W400,1,2022-11-01,9,False,exponential,210.84949590237943,0.157745838036714,0.0,0.9166710456604268,False,,1013.4629655572332,1,180135.68008595984,36.476968003296804,3.0
Mahihkan Battery 02-21,ABWI100142706504W400,6,2025-05-01,14,False,harmonic,613.297276646726,0.0578469865366862,1.0,0.7726247951010291,False,,6289.654472244953,1,1982138.5129798658,,0.0
Mahihkan Battery 02-21,ABWI100142906504W400,1,2022-09-01,6,False,exponential,424.0409440895486,1.181057600236091,0.0,0.983335058965586,False,,358.73462529836854,1,16427.460064605224,12.586814316754568,2.0
Mahihkan Battery 02-21,ABWI100142906504W400,2,2023-03-01,13,False,harmonic,241.209752416233,1.6139075920530588,1.0,0.8199192210233562,False,,461.8473647493231,2,10485.637622370637,0.4203333159908005,9.0
Mahihkan Battery 02-21,ABWI100142906504W400,4,2024-08-01,6,False,harmonic,65.496968235376,0.1135857116580202,1.0,0.6374723834770761,False,,299.6717570320092,3,-90635.58469742839,-0.935109011559776,
Mahihkan Battery 02-21,ABWI100151006504W400,1,2022-09-01,7,False,hyperbolic,77.0935554612415,1.4107586907365253,0.5568457050816472,0.996503431396926,False,,95.5085040059902,1,-150326.32962555176,-0.9994852332835432,
Mahihkan Battery 02-21,ABWI100151506504W400,2,2023-06-01,6,False,exponential,19.870148417470304,0.9689210624595294,0.0,0.8597068583848814,False,,20.446246307810306,1,-188711.10646736738,-0.9999999750653169,
Mahihkan Battery 02-21,ABWI100151506504W400,6,2026-01-01,6,False,exponential,188.0641298976208,0.4230909195054409,0.0,0.7895172495728119,False,,409.3933302650519,2,-23572.46013649749,-0.6070371370864286,
Mahihkan Battery 02-21,ABWI100151506604W400,3,2023-10-01,16,False,harmonic,1021.2690567121748,0.5746539416734485,1.0,0.8726740689868042,False,,4126.35851200922,1,1390651.9109817732,,0.0
Mahihkan Battery 02-21,ABWI100151506604W400,4,2025-02-01,8,False,exponential,250.2991786206881,0.1580129544861601,0.0,0.716109271889235,False,,1136.562276394758,2,227332.71013167163,157.90948112946967,2.0
Mahihkan Battery 02-21,ABWI100152006604W400,1,2023-12-01,8,False,exponential,773.6271989755951,0.5960601510468815,0.0,0.8560535706961354,False,,1286.8777975576638,1,401347.5773287188,,0.0
Mahihkan Battery 02-21,ABWI100152106504W400,6,2025-08-01,6,False,exponential,169.3725898358163,0.7395968522880458,0.0,0.8310403548870748,False,,226.29874924152284,1,-87000.16177391497,-0.9959097765375409,
Mahihkan Battery 02-21,ABWI100152106604W400,2,2023-12-01,7,False,exponential,228.53563084472523,0.5544608094131124,0.0,0.8639618411077956,False,,403.6749912873274,1,-14946.57409092466,-0.4773042567399942,
Mahihkan Battery 02-21,ABWI100152106604W400,4,2025-03-01,13,False,exponential,245.84110530366613,0.0961714016933243,0.0,0.7011907317686975,False,,1824.0611989098636,2,455081.0457905838,306.1419202509806,2.0
Mahihkan Battery 02-21,ABWI100152706504W400,2,2025-06-01,13,False,harmonic,542.0542043337429,0.0618668032629033,1.0,0.578912463340197,False,,5170.723205276835,1,1603002.8791178952,,1.0
Mahihkan Battery 02-21,ABWI100152806504W400,1,2023-06-01,8,False,harmonic,162.97727137151074,0.1502730102130756,1.0,0.5461574551696113,False,,856.1906544416657,1,113137.51925402705,8.616274595603345,4.0
Mahihkan Battery 02-21,ABWI100152806504W400,2,2024-02-01,6,False,exponential,211.9382406553852,0.3347378913719476,0.0,0.8618792253127935,False,,548.1788204181717,2,26298.01699723551,2.016134713377433,4.0
Mahihkan Battery 02-21,ABWI100152806604W400,2,2023-04-01,6,False,harmonic,98.67638717808,0.2991854897512796,1.0,0.745992245796673,False,,339.0095761644101,1,-69595.91105070486,-0.8905695111085141,
Mahihkan Battery 02-21,ABWI100152806604W400,3,2023-10-01,7,False,harmonic,72.06237710826264,0.4595538265186375,1.0,0.5343473397342429,False,,225.6636393957902,2,-110666.15748111505,-0.9696139057788277,
Mahihkan Battery 02-21,ABWI100152806604W400,4,2024-05-01,13,False,exponential,63.16947544385432,0.1463524261363878,0.0,0.7099462794748135,False,,367.2345243427857,3,-64167.15801298869,-0.6079076039823766,
Mahihkan Battery 02-21,ABWI100160306604W400,1,2022-10-01,8,False,harmonic,59.69781765244936,1.820488974371687,1.0,0.7154771583124446,False,,90.01307817104448,1,-155976.59165087188,-0.9977757673777128,
Mahihkan Battery 02-21,ABWI100160406604W400,3,2025-03-01,16,False,harmonic,808.7315216557413,0.0834523453514391,1.0,0.5195111708170836,False,,8219.016583056038,1,2657569.684409699,,0.0
Mahihkan Battery 02-21,ABWI100161006504W402,2,2023-10-01,27,False,exponential,392.1102577861443,0.0512221730988833,0.0,0.6446806651557807,False,,5734.998622712855,1,1733927.4375655,884819.088701288,1.0
Mahihkan Battery 02-21,ABWI100161006604W400,1,2022-10-01,20,False,harmonic,2204.4510511624417,0.1817610815069702,1.0,0.8552828685649484,False,,18600.96402333721,1,6361435.738442366,,0.0
Mahihkan Battery 02-21,ABWI100161006604W400,5,2026-01-01,6,False,exponential,1007.8300721831708,0.268162459073189,0.0,0.9077068022808632,False,,3006.2771724232,2,1000848.5917292897,,0.0
Mahihkan Battery 02-21,ABWI100161606504W400,1,2022-05-01,6,False,exponential,805.9864190267613,0.2418448359059855,0.0,0.9032870843079164,False,,2551.7516252560754,1,805983.0068487922,,0.0
Mahihkan Battery 02-21,ABWI100161606504W400,3,2023-12-01,21,False,exponential,335.5364479477836,0.0390946811723719,0.0,0.6888613256767808,False,,4806.320189020191,2,1428118.237770356,33081.89683169192,1.0
Mahihkan Battery 02-21,ABWI100161606604W400,1,2022-08-01,10,False,exponential,233.27665199468,0.8616275556492229,0.0,0.7393850537315099,False,,270.6905045232214,1,-57356.116932910845,-0.9809494935793095,
Mahihkan Battery 02-21,ABWI100161606604W400,4,2025-01-01,10,False,harmonic,284.97013839355054,0.182150859187277,1.0,0.7603988593293802,False,,1622.7837861199616,2,393385.4562524755,793.3331870073149,2.0
Mahihkan Battery 02-21,ABWI100161606604W400,5,2025-11-01,8,False,exponential,158.4064053379063,0.095603899252176,0.0,0.6772359602428417,False,,885.7597509837749,3,122221.23346513194,9.779959750213635,4.0
Mahihkan Battery 02-21,ABWI100162706504W400,2,2022-12-01,10,False,harmonic,343.40778441455546,0.323659264528612,1.0,0.8539800439636103,False,,1531.8523066843484,1,378838.60568461433,4184.297134826805,1.0
Mahihkan Battery 02-21,ABWI100162706504W400,4,2024-03-01,28,False,harmonic,382.9336017823267,0.0420840887777469,1.0,0.7725894659874375,False,,7084.400172169047,2,2132381.835770768,537299.7373589262,1.0
Mahihkan Battery 02-21,ABWI100162806504W400,2,2022-12-01,6,False,harmonic,570.0926184512493,1.0548395604120009,1.0,0.7900840418521073,False,,1076.5008310932883,1,280502.64757669653,,0.0
Mahihkan Battery 02-21,ABWI100162906504W400,3,2024-12-01,19,False,exponential,331.6874636256833,0.0244739427764937,0.0,0.8405711030043428,False,,5039.806966958139,1,1498768.6109318323,32235.375759606704,1.0
Mahihkan Battery 02-21,ABWI100163306504W400,2,2024-03-01,13,False,harmonic,985.8372859261872,0.3066676052351434,1.0,0.8042248064605856,False,,5165.246924338047,1,1718807.1435992222,,0.0
Mahihkan Battery 02-21,ABWI102010806604W400,1,2022-12-01,7,False,exponential,351.29701659679904,0.1919510597988038,0.0,0.8038077958780201,False,,1352.6741142061942,1,318815.3083983608,12243.21745259411,1.0
Mahihkan Battery 02-21,ABWI102010806604W400,4,2024-08-01,11,False,harmonic,271.9160318167795,0.0505569398269391,1.0,0.6322277731521784,False,,2378.331549158987,2,631778.0543560375,1544.556950635306,2.0
Mahihkan Battery 02-21,ABWI102010806604W400,5,2025-07-01,7,False,exponential,340.0060146483157,0.4405541577229374,0.0,0.7437116208834906,False,,736.4363367771728,3,119734.03397766991,328.9712944073892,2.0
Mahihkan Battery 02-21,ABWI102011506604W402,1,2023-06-01,19,False,exponential,2515.6095245618385,0.0657839134260225,0.0,0.8095006465911421,False,,27283.25344839561,1,9275556.231320424,,0.0
Mahihkan Battery 02-21,ABWI102011506604W402,2,2025-01-01,7,False,harmonic,1327.9096222996595,0.2622008675783632,1.0,0.7702056408640238,False,,5278.120238009169,2,1798953.9543558017,,0.0
Mahihkan Battery 02-21,ABWI102011606604W400,2,2024-05-01,26,False,exponential,473.47581570624936,0.0699173240906188,0.0,0.7230227955172341,False,,5672.348931805841,1,1748920.4714506797,1656202512.3152418,1.0
Mahihkan Battery 02-21,ABWI102012106504W400,1,2022-08-01,11,False,exponential,91.4253436746752,0.2148841102778835,0.0,0.9285466487367304,False,,385.4405052273081,1,-51416.25976124881,-0.623155239865277,
Mahihkan Battery 02-21,ABWI102012106504W400,4,2024-05-01,26,False,exponential,262.1331058631788,0.030129924737321,0.0,0.6951996059553296,False,,4725.366820765546,2,1366414.9697877306,1283.3854417973116,2.0
Mahihkan Battery 02-21,ABWI102012206504W400,2,2025-03-01,16,False,exponential,344.57483589269054,0.03202192633255,0.0,0.7760850796737414,False,,4314.075905212029,1,1276073.7992757445,58583.68604843726,1.0
Mahihkan Battery 02-21,ABWI102012906504W400,3,2025-05-01,14,False,harmonic,839.0072805327424,0.1085654056270258,1.0,0.8174153287315447,False,,7142.5319020394345,1,2320283.520704041,,0.0
Mahihkan Battery 02-21,ABWI102013306504W403,2,2023-12-01,10,False,harmonic,754.759614106598,0.3136869545673216,1.0,0.8318316596985527,False,,3416.5044572027714,1,1088242.9422951697,,0.0
Mahihkan Battery 02-21,ABWI102020306604W400,1,2022-08-01,11,False,exponential,176.06473303226394,0.1571493759149619,0.0,0.7236747205884986,False,,921.4724435472584,1,144135.8323661274,11.411856232000758,3.0
Mahihkan Battery 02-21,ABWI102021506504W400,2,2023-12-01,21,False,exponential,245.67320308627907,0.060551357014969,0.0,0.8912481863999352,False,,2919.657408179736,1,805477.7165900522,469.4669538525911,2.0
Mahihkan Battery 02-21,ABWI102021606604W400,3,2024-05-01,23,False,exponential,515.5962442253116,0.062108848402215,0.0,0.5902196364497359,False,,6311.897384651732,1,1966841.3067199017,,1.0
Mahihkan Battery 02-21,ABWI102022006604W400,2,2023-06-01,8,False,exponential,665.795439466042,0.5714620288354084,0.0,0.9635868188030808,False,,1153.0264683324915,1,332616.2046196383,,0.0
Mahihkan Battery 02-21,ABWI102022206604W400,4,2025-11-01,8,False,harmonic,278.4441690187895,0.759421287124821,1.0,0.87884766291323,False,,717.4007079222758,1,98145.84386340098,21.649226909417504,3.0
Mahihkan Battery 02-21,ABWI102022906604W400,1,2024-09-01,12,False,harmonic,748.3738648653328,0.7192861453300523,1.0,0.9451213925665708,False,,2356.6293276719216,1,747516.2681338497,,0.0
Mahihkan Battery 02-21,ABWI102023406504W400,2,2022-12-01,7,False,harmonic,372.2588512906016,0.3562466137880734,1.0,0.8275555689197311,False,,1307.1962448855925,1,306121.48050257773,16313.92424926459,1.0
Mahihkan Battery 02-21,ABWI102023506504W400,1,2022-07-01,8,False,exponential,331.4176119587302,0.1706781824248428,0.0,0.8814881510640916,False,,1446.0896929051855,1,347334.3604639524,5420.95662203369,1.0
Mahihkan Battery 02-21,ABWI102023506504W400,3,2024-11-01,6,False,exponential,191.9273149516203,0.2362956245792773,0.0,0.9338497640301257,False,,615.4680124510551,2,41963.85515819441,3.3295675864705254,4.0
Mahihkan Battery 02-21,ABWI102032106604W400,2,2023-11-01,11,False,exponential,114.55921416252328,0.2827544934573964,0.0,0.7828111645612099,False,,387.089492772222,1,-45260.63206259093,-0.632128773445022,
Mahihkan Battery 02-21,ABWI102032106604W400,4,2025-03-01,13,False,exponential,259.1593428941717,0.4073525818331852,0.0,0.8459769164175774,False,,633.0142740720863,2,69673.16128557279,11.304322620658187,3.0
Mahihkan Battery 02-21,ABWI102032206504W400,2,2024-07-01,7,False,harmonic,304.37958471108624,1.5432123193160263,1.0,0.9430007031186156,False,,486.8437261644862,1,31685.91554837275,3.53711999286502,4.0
Mahihkan Battery 02-21,ABWI102032306504W400,1,2022-05-01,10,False,harmonic,378.3438940552503,1.2808041264462284,1.0,0.8420482821938381,False,,775.4876113823844,1,144542.0912917611,272.123286253694,2.0
Mahihkan Battery 02-21,ABWI102032806504W400,4,2025-01-01,18,False,harmonic,269.8590232309205,0.194399991943992,1.0,0.6093247820001639,False,,2087.658878992016,1,543310.0077062651,397.1878739607555,2.0
Mahihkan Battery 02-21,ABWI102033406504W400,1,2022-12-01,15,False,exponential,1083.0384438072826,0.1219527009485433,0.0,0.806073378359941,False,,7455.194270779376,1,2508440.1760779764,,0.0
Mahihkan Battery 02-21,ABWI102033406604W400,1,2023-12-01,11,False,harmonic,233.52276139618107,0.1294332148640942,1.0,0.5216387158327769,False,,1597.2940219879767,1,373405.887279141,165.9756813280717,2.0
Mahihkan Battery 02-21,ABWI102033406604W400,2,2024-11-01,8,False,exponential,241.340323942445,0.5340000262288211,0.0,0.923678792702186,False,,445.6417357243643,2,2238.514512898437,0.22165366706505352,6.0
Mahihkan Battery 02-21,ABWI102040306604W400,1,2022-10-01,9,False,exponential,422.90570804104,0.436990336361352,0.0,0.8333103446715536,False,,948.8137764676836,1,210703.33611654246,93753.58953121411,1.0
Mahihkan Battery 02-21,ABWI102041006604W400,1,2022-10-01,14,False,exponential,285.68040204584463,0.0736815365586095,0.0,0.5491007006618648,False,,2495.1652220260057,1,681821.3454508208,2022.9768188978678,2.0
Mahihkan Battery 02-21,ABWI102041006604W400,3,2024-04-01,7,False,harmonic,236.1038322801302,0.4175351021585509,1.0,0.8546246145109375,False,,772.8806299978996,2,103274.56126896745,19.037991405738516,3.0
Mahihkan Battery 02-21,ABWI102041506604W400,7,2025-08-01,8,False,exponential,313.3925696667951,0.6302672557623376,0.0,0.8416960012829813,False,,494.0254713947997,1,34561.350769805875,7.802488226389395,2.0
Mahihkan Battery 02-21,ABWI102041606604W400,2,2024-08-01,20,False,exponential,1995.192698348624,0.1440673383241077,0.0,0.9068839817091492,False,,13072.663014401016,1,4585775.811458638,,0.0
Mahihkan Battery 02-21,ABWI102042306504W400,1,2022-07-01,11,False,harmonic,616.6744059593665,0.2927544089351656,1.0,0.7375140640065425,False,,3033.098951168053,1,933167.9199112903,,0.0
Mahihkan Battery 02-21,ABWI102043306604W400,2,2024-02-01,7,False,exponential,598.1388979128297,0.4681510718243932,0.0,0.823229467564639,False,,1229.4442636214894,1,340932.89850956475,,0.0
Mahihkan Battery 02-21,ABWI102043306604W400,3,2024-09-01,9,False,exponential,432.7801066131672,0.3007366641881748,0.0,0.7569383353000172,False,,1342.9925319830568,2,342911.3305006518,1156281.4950988016,1.0
Mahihkan Battery 02-21,ABWI102043506504W400,2,2023-05-01,10,False,exponential,84.9266587424529,0.1174541140823591,0.0,0.5106161554841504,False,,499.6645528781392,1,-17056.810679055845,-0.18360238516565064,
Mahihkan Battery 02-21,ABWI102043506504W400,4,2024-12-01,7,False,exponential,312.9523966858343,0.4267104863984118,0.0,0.864484529306206,False,,696.4139126964142,2,100335.37096146512,95.22716543452674,2.0
Mahihkan Battery 02-21,ABWI102043506504W400,6,2025-12-01,7,False,exponential,201.2839652153121,1.060666472104031,0.0,0.8592855051267997,False,,189.65804304320167,3,-91144.01058528373,-0.9995849573184743,
Mahihkan Battery 02-21,ABWI102050406604W400,1,2022-08-01,7,False,exponential,337.12829789620764,0.1915390546267925,0.0,0.9409053493622822,False,,1299.5833054030954,1,298347.1052931098,5603.152647150399,1.0
Mahihkan Battery 02-21,ABWI102050406604W400,2,2023-03-01,7,False,exponential,375.040683325848,0.3419001380311051,0.0,0.7947625963450068,False,,996.7503267271584,2,212338.80724112657,8528.621580653904,1.0
Mahihkan Battery 02-21,ABWI102050406604W400,3,2023-10-01,10,False,harmonic,455.8536993267946,0.181406977652474,1.0,0.6846947987827532,False,,2599.903922521012,3,750495.3630811578,64006474.704376854,1.0
Mahihkan Battery 02-21,ABWI102050406604W400,6,2026-01-01,6,False,exponential,481.65047827389066,0.2195298751698448,0.0,0.8992725717735315,False,,1606.2560306972573,4,426187.2445513032,867414737.2924329,1.0
Mahihkan Battery 02-21,ABWI102050906604W400,4,2024-10-01,15,False,harmonic,237.0087850413609,0.0699678446583426,1.0,0.6180307256048607,False,,2430.8104296071,1,644133.8845526004,330.7533412776615,2.0
Mahihkan Battery 02-21,ABWI102050906604W400,5,2026-01-01,6,False,exponential,204.3357928665732,0.1991052647912732,0.0,0.7960430753522968,False,,715.4996574398156,2,76076.28006665588,10.239805394658202,3.0
Mahihkan Battery 02-21,ABWI102051606604W400,1,2024-07-01,13,False,hyperbolic,4063.727602064076,0.3764448279546776,0.4193689559180709,0.956044851710262,False,,14625.987615902752,1,5565163.565103998,,0.0
Mahihkan Battery 02-21,ABWI102051606604W400,2,2025-08-01,8,False,harmonic,712.346618741991,0.3163878754749938,1.0,0.795449573099132,False,,2840.512839936862,2,883208.6879937082,,0.0
Mahihkan Battery 02-21,ABWI102052206504W402,1,2022-08-01,21,False,harmonic,313.48986766959746,0.2261263323198637,1.0,0.8281447818946581,False,,2424.675521926559,1,661473.2843411583,2000.1425633383385,1.0
Mahihkan Battery 02-21,ABWI102052206504W402,2,2024-05-01,15,False,exponential,105.72526349747942,0.0497045001526172,0.0,0.6002736390857466,False,,1117.8531125582942,2,188095.5730489951,4.774039253605154,6.0
Mahihkan Battery 02-21,ABWI102052306504W400,3,2023-06-01,9,False,exponential,381.6264866392581,0.182315355279687,0.0,0.8330908858475343,False,,1687.5187949599108,1,441304.8655356557,89727.3655896498,1.0
Mahihkan Battery 02-21,ABWI102052606504W400,3,2025-06-01,13,False,exponential,701.2744543159471,0.1338212622435415,0.0,0.5820186737703057,False,,4320.289876767568,1,1386371.8278241942,,0.0
Mahihkan Battery 02-21,ABWI102052706504W400,5,2024-12-01,14,False,exponential,252.40756051583665,0.1692864410623996,0.0,0.9682647305318444,False,,1351.6295639636387,1,305919.53657655715,163.68152628330836,2.0
Mahihkan Battery 02-21,ABWI102052806504W400,1,2023-03-01,16,False,exponential,579.4302149720558,0.0420547682404005,0.0,0.5341487882627157,False,,6747.924412662476,1,2124209.732214856,,0.0
Mahihkan Battery 02-21,ABWI102053306604W400,2,2024-03-01,7,False,harmonic,274.39451113900066,0.5338746229233058,1.0,0.5334239113385724,False,,799.4412848697854,1,121270.45773634543,46.12862480018073,2.0
Mahihkan Battery 02-21,ABWI102053306604W400,4,2026-01-01,6,False,exponential,286.6879281222147,0.2247581898381467,0.0,0.9103485488912342,False,,944.388132368108,2,169131.61908110973,284.5458871181839,2.0
Mahihkan Battery 02-21,ABWI102060906604W400,2,2024-05-01,26,False,exponential,288.1675063683884,0.0664028790856041,0.0,0.8290887321054506,False,,3567.6087292784114,1,1022017.0108141655,2461.387832890295,2.0
Mahihkan Battery 02-21,ABWI102061506504W400,1,2022-08-01,6,False,exponential,61.99604867018802,0.410989758027284,0.0,0.7915616340235009,False,,138.03453555888,1,-140860.4948560397,-0.9988405783016485,
Mahihkan Battery 02-21,ABWI102061506504W400,4,2024-09-01,10,False,hyperbolic,498.3426708935982,0.5918529751370906,0.3609954482805519,0.954638765407696,False,,1143.4889943499809,2,291757.65347739303,350194024.3874952,1.0
Mahihkan Battery 02-21,ABWI102062106604W400,2,2025-06-01,13,False,harmonic,208.2262478316003,0.2821068204493644,1.0,0.9139862826485504,False,,1137.13416571348,1,220262.71390311018,24.280318396509532,3.0
Mahihkan Battery 02-21,ABWI102062206504W400,1,2022-08-01,16,False,exponential,419.66441136199103,0.1297825412034658,0.0,0.8342288145058091,False,,2828.214864228167,1,830806.6621556031,2843537.7550315447,1.0
Mahihkan Battery 02-21,ABWI102062706504W400,1,2022-08-01,9,False,harmonic,199.258649655602,0.089272324589945,1.0,0.504470561485802,False,,1316.2335174565635,1,270366.9586384526,63.890822353134155,3.0
Mahihkan Battery 02-21,ABWI102062706504W400,3,2024-04-01,6,False,harmonic,176.82384429891204,0.7381888738396956,1.0,0.5773372375122032,False,,405.2444639134338,2,-29018.48665981894,-0.6363776669427132,
Mahihkan Battery 02-21,ABWI102062706504W400,4,2024-10-01,7,False,harmonic,115.50597747762755,0.2415475816962941,1.0,0.6066572775605064,False,,473.338162924298,3,-21661.63824463036,-0.37071407494135933,
Mahihkan Battery 02-21,ABWI102062706504W400,5,2025-05-01,8,False,exponential,164.5071169041,0.279397351519677,0.0,0.830479809616719,False,,525.807765452885,4,10512.846516348385,0.4822363290770624,6.0
Mahihkan Battery 02-21,ABWI102062706604W400,1,2022-09-01,8,False,harmonic,252.03166830290093,0.3591050022302447,1.0,0.7991094210651789,False,,950.2732508078574,1,165806.87333593698,57.29632639748978,2.0
Mahihkan Battery 02-21,ABWI102062706604W400,4,2024-12-01,7,False,harmonic,607.9131094388842,0.5257719546057374,1.0,0.7156604722083324,False,,1784.5067219954062,2,515985.2784759989,,0.0
Mahihkan Battery 02-21,ABWI102062706604W400,5,2025-07-01,6,False,exponential,540.6541929081212,0.5427334686807807,0.0,0.8355585622081914,False,,957.789669085476,3,236924.22880415877,,1.0
Mahihkan Battery 02-21,ABWI102062806504W400,2,2023-05-01,21,False,hyperbolic,291.18157695196305,0.1431303663151113,0.4555408860811174,0.9280948362820652,False,,2403.79985467359,1,653125.2050885771,1285.080864640198,2.0
Mahihkan Battery 02-21,ABWI102063206604W400,1,2022-11-01,23,False,exponential,1499.873338481799,0.1336003320943826,0.0,0.956637989744647,False,,10706.879792727186,1,3681443.585938254,,0.0
Mahihkan Battery 02-21,ABWI102063306604W400,1,2023-10-01,11,False,exponential,166.97503124291396,0.2643122853889838,0.0,0.9291405689857148,False,,597.2313552254287,1,36422.8581716218,1.5423606448984062,5.0
Mahihkan Battery 02-21,ABWI102063506504W400,1,2022-08-01,13,False,exponential,355.30898856706835,0.1078305330245006,0.0,0.7570108739540039,False,,2483.973373816141,1,698264.6675156979,43183.0007438916,1.0
Mahihkan Battery 02-21,ABWI102063506504W400,3,2024-06-01,10,False,exponential,315.3243788635128,0.0560310828364311,0.0,0.6550705174072642,False,,2414.0924155481475,2,654222.9701211861,9678.414675498218,1.0
Mahihkan Battery 02-21,ABWI102063506504W400,4,2025-04-01,6,False,harmonic,306.4076343345118,0.6324256567679633,1.0,0.7134310817556531,False,,759.4379533648861,3,114001.33197872095,91.97435933807579,2.0
Mahihkan Battery 02-21,ABWI102063506504W400,5,2025-10-01,9,False,exponential,168.75918866702065,0.1006413766776527,0.0,0.6010813834206602,False,,999.0099749313346,4,163367.0853685838,15.783556503453685,3.0
Mahihkan Battery 02-21,ABWI102070906604W400,1,2022-11-01,7,False,harmonic,268.63551453875704,0.2592881158305756,1.0,0.8899549025146557,False,,1072.2790862660202,1,205805.27066099652,195.08272767138715,2.0
Mahihkan Battery 02-21,ABWI102070906604W400,5,2024-08-01,7,False,harmonic,156.7125673114044,0.7236206154432784,1.0,0.6950927183446507,False,,390.38234407257545,2,-37379.057483859964,-0.6736033474851673,
Mahihkan Battery 02-21,ABWI102071006604W400,2,2024-11-01,20,False,harmonic,394.65243026558056,0.318459237238855,1.0,0.9284030952139264,False,,2475.1742192650204,1,699091.9557426788,94019.19197917236,1.0
Mahihkan Battery 02-21,ABWI102071506504W400,1,2022-12-01,6,False,harmonic,270.9393725377708,0.1955861012518818,1.0,0.8845753126127262,False,,1075.448656529327,1,202527.41210429836,302.61864747645825,2.0
Mahihkan Battery 02-21,ABWI102071506504W400,4,2024-07-01,17,False,exponential,276.54102088563275,0.0796514029506698,0.0,0.577876753501195,False,,2575.496595004014,2,707148.4801057384,1276.3702611622855,2.0
Mahihkan Battery 02-21,ABWI102072106504W400,4,2025-05-01,7,False,harmonic,77.33810884038601,1.2848310401756675,1.0,0.5052339393372367,False,,138.56276833600725,1,-136595.01565635353,-0.9957681500539132,
Mahihkan Battery 02-21,ABWI102072106504W400,5,2025-12-01,7,False,harmonic,73.82954620209904,0.1374672230333959,1.0,0.8342824779813286,False,,362.0402179357447,2,-67480.09400202052,-0.8047830854014619,
Mahihkan Battery 02-21,ABWI102072106604W400,3,2023-11-01,8,False,exponential,223.56436160720824,0.4304425635118366,0.0,0.8698183126820355,False,,502.7875827750362,1,17060.001516018994,1.1279049090419746,4.0
Mahihkan Battery 02-21,ABWI102072706504W400,3,2023-10-01,11,False,exponential,94.40582081720764,0.1016741612657773,0.0,0.5370083867673674,False,,625.0779063719012,1,26294.76961254119,0.628162501187179,8.0
Mahihkan Battery 02-21,ABWI102072706504W400,5,2025-08-01,11,False,exponential,65.70652238875373,0.2420664899193124,0.0,0.7198382553807535,False,,252.50502246366304,2,-101223.05281089728,-0.8968839184445798,
Mahihkan Battery 02-21,ABWI102072806504W400,3,2023-11-01,14,False,exponential,386.00638880284,0.1468925825786982,0.0,0.7528102725802098,False,,2291.713111762416,1,646569.8984068624,184224.92164651537,1.0
Mahihkan Battery 02-21,ABWI102073406504W400,1,2022-10-01,6,False,exponential,403.9265398441128,0.1555921031721656,0.0,0.5763026864490395,False,,1575.4077407654606,1,394608.02311720286,588298.611490429,1.0
Mahihkan Battery 02-21,ABWI102073406504W400,3,2024-12-01,19,False,exponential,454.0762799299723,0.0592873520037658,0.0,0.8352659909272122,False,,5176.050384285038,2,1589325.83131912,178724506.76085606,1.0
Mahihkan Battery 02-21,ABWI102080406604W400,1,2023-08-01,11,False,exponential,549.2902959257299,0.1227273933223951,0.0,0.9039984064860944,False,,3315.415689376241,1,1014603.4152624032,,1.0
Mahihkan Battery 02-21,ABWI102080506604W400,1,2023-02-01,8,False,exponential,286.74548802749285,0.3386158175496537,0.0,0.8974802214860002,False,,790.4115914610979,1,126064.28441631173,83.55548847016702,2.0
Mahihkan Battery 02-21,ABWI102080506604W400,5,2026-01-01,6,False,exponential,234.997431081596,0.3997507728080668,0.0,0.9871029213352842,False,,534.450605009014,2,27738.515081987418,2.602580228314567,3.0
Mahihkan Battery 02-21,ABWI102080806604W400,2,2024-12-01,19,False,harmonic,1462.6879539688389,0.2740037198481484,1.0,0.8890685022510916,False,,9745.041965574526,1,3319525.6760263545,,0.0
Mahihkan Battery 02-21,ABWI102082206504W400,2,2024-10-01,6,False,exponential,87.99776437056447,0.378518574582085,0.0,0.961229253324044,False,,208.48811026464543,1,-112070.59233363045,-0.9921388918506254,
Mahihkan Battery 02-21,ABWI102082206504W400,3,2025-04-01,9,False,harmonic,88.94428870574266,0.3811066178542939,1.0,0.5023091354045476,False,,347.3669156585303,2,-66446.62940098986,-0.7573793005319476,
Mahihkan Battery 02-21,ABWI102082806504W400,1,2023-05-01,20,False,exponential,357.4296365254835,0.0640098156510572,0.0,0.6608343772052243,False,,4031.731228891381,1,1195228.9997545525,82642.14247490378,1.0
Mahihkan Battery 02-21,ABWI102082806504W400,2,2025-01-01,18,False,harmonic,324.3843900982036,0.1090511765667837,1.0,0.852411518950872,False,,3230.9457093142382,2,924914.3466447772,9291.45349588497,1.0
Mahihkan Battery 02-21,ABWI102082906504W400,1,2022-12-01,20,False,harmonic,374.9923684147712,0.0671685833794296,1.0,0.5080104256466218,False,,4754.306640094941,1,1422153.4888414764,243957.63754338294,1.0
Mahihkan Battery 02-21,ABWI102090406604W400,1,2023-05-01,9,False,exponential,834.5371943297642,0.2289038192498959,0.0,0.8836784766735539,False,,3181.18941804781,1,1039018.763013051,,0.0
Mahihkan Battery 02-21,ABWI102091006604W400,2,2024-06-01,25,False,exponential,2723.929242255814,0.1574598379867936,0.0,0.9522924437223748,False,,16961.58055863584,1,6046006.184345901,,0.0
Mahihkan Battery 02-21,ABWI102092106504W400,5,2025-10-01,9,False,exponential,191.55165652842905,0.3934954693354356,0.0,0.9588039074646048,False,,472.6921247052945,1,255.17002149026212,0.10953072897551697,7.0
Mahihkan Battery 02-21,ABWI102092806504W400,1,2022-09-01,8,False,exponential,286.30150207775534,0.2749729427097058,0.0,0.8388358392564224,False,,925.8057226301906,1,169821.37116894856,176.9354202392503,2.0
Mahihkan Battery 02-21,ABWI102092806504W400,6,2026-01-01,6,False,harmonic,187.37953906500755,0.1399069758309582,1.0,0.5061847166255736,False,,816.2619683358948,2,100464.87208056203,14.05108181864931,3.0
Mahihkan Battery 02-21,ABWI102092906504W400,3,2024-07-01,24,False,exponential,373.421999984708,0.039179427724321,0.0,0.8182799885473142,False,,5809.110889779195,1,1751912.6587564861,294245.6109531691,1.0
Mahihkan Battery 02-21,ABWI102093306504W400,3,2025-04-01,15,False,exponential,746.746436963098,0.0699781043600828,0.0,0.6437485300004332,False,,6935.681313283719,1,2239206.1410988728,,0.0
Mahihkan Battery 02-21,ABWI102093406504W400,3,2025-10-01,9,False,harmonic,144.56655265561653,0.2276479538650845,1.0,0.9643250032737868,False,,707.9210709841764,1,63025.440318316905,2.5835074050467046,5.0
Mahihkan Battery 02-21,ABWI102100406604W400,1,2023-10-01,26,False,harmonic,4834.806507261725,0.5112833802751103,1.0,0.86963908367799,False,,25151.604357385226,1,9092354.156516224,,0.0
Mahihkan Battery 02-21,ABWI102100906604W400,1,2022-09-01,14,False,harmonic,537.9055453490253,0.1455538298863187,1.0,0.6849694716402386,False,,4106.224453787535,1,1264115.299371684,,1.0
Mahihkan Battery 02-21,ABWI102100906604W400,2,2023-11-01,6,False,exponential,462.74306257639336,0.3828508791364742,0.0,0.7461034829543827,False,,1087.145173678026,2,259468.11506068826,9938202.53118311,1.0
Mahihkan Battery 02-21,ABWI102100906604W400,3,2024-05-01,22,False,exponential,379.92198657552217,0.0676164849171173,0.0,0.826955467588633,False,,4349.368518972246,3,1302757.9693566528,317938.998286324,1.0
Mahihkan Battery 02-21,ABWI102101006504W400,1,2022-05-01,14,False,hyperbolic,194.54642741263663,0.574808288661779,0.3368423838935218,0.9230070805764168,False,,471.7514540530754,1,912.008822992995,0.1263556686650522,11.0
Mahihkan Battery 02-21,ABWI102101506504W400,7,2025-03-01,8,False,exponential,83.95114075658213,0.09148228671382,0.0,0.547244979275774,False,,476.2609646818274,1,-27125.96464198592,-0.37385635230475145,
Mahihkan Battery 02-21,ABWI102101506504W400,8,2025-11-01,8,False,harmonic,116.01178623433636,0.3769872437969526,1.0,0.7572512949355354,False,,427.8305467006078,2,-34674.36809007109,-0.5317988155595679,
Mahihkan Battery 02-21,ABWI102101506604W400,2,2024-05-01,20,False,harmonic,1664.7051718982786,0.078380725668684,1.0,0.6865682256655552,False,,20027.61665212024,1,6660813.391578167,,0.0
Mahihkan Battery 02-21,ABWI102101506604W400,3,2026-01-01,6,False,harmonic,961.7824371598828,0.3568891955843657,1.0,0.939741604576206,False,,3084.7172839326654,2,1003106.4812165772,,0.0
Mahihkan Battery 02-21,ABWI102101606604W400,2,2024-06-01,7,False,hyperbolic,268.7472880113438,0.2956299499436449,0.3227142698925242,0.996022348326285,False,,883.4540859360015,1,148079.76186892117,89.41487079540234,2.0
Mahihkan Battery 02-21,ABWI102101606604W400,3,2025-01-01,18,False,harmonic,122.30783186360787,0.0402959454600209,1.0,0.520964140874713,False,,1655.4698510183405,2,362477.2838509636,10.811168075028958,4.0
Mahihkan Battery 02-21,ABWI102102106604W400,2,2023-12-01,7,False,exponential,183.53212215262343,0.6463677364983521,0.0,0.8754619940893713,False,,280.86605625277554,1,-65616.26557084882,-0.9696890849569634,
Mahihkan Battery 02-21,ABWI102102106604W400,4,2024-11-01,20,False,exponential,171.98490671844672,0.0656943335753793,0.0,0.843174146146865,False,,1914.3194473649091,2,463294.35505279945,34.96617916260409,3.0
Mahihkan Battery 02-21,ABWI102102606504W400,1,2022-07-01,22,False,exponential,226.1918549739665,0.0496428679440345,0.0,0.7305426620463676,False,,3027.7305771784245,1,831434.0511895921,261.32313391148466,2.0
Mahihkan Battery 02-21,ABWI102102606504W400,2,2024-05-01,8,False,exponential,99.4349467763981,0.2903907148783375,0.0,0.9514556226974288,False,,308.8721840320331,2,-75646.18762843544,-0.8887939821740465,
Mahihkan Battery 02-21,ABWI102102706504W400,3,2024-08-01,9,False,harmonic,74.5803868476555,0.1671025364548402,1.0,0.6162488488109699,False,,409.6541763884579,1,-50145.920020881575,-0.589406520319991,
Mahihkan Battery 02-21,ABWI102102906504W400,1,2022-07-01,11,False,harmonic,256.56838584671715,1.0290343437297442,1.0,0.984632012363038,False,,626.1090536945816,1,65948.7438965479,4.833803986376192,4.0
Mahihkan Battery 02-21,ABWI102110906604W400,2,2023-11-01,6,False,harmonic,457.6899885690742,0.7521853162485281,1.0,0.8005673896188943,False,,1038.7546045198408,1,239421.107017288,1137160.613808801,1.0
Mahihkan Battery 02-21,ABWI102110906604W400,4,2024-09-01,18,False,harmonic,328.3059534068554,0.169459240437715,1.0,0.7848194854738,False,,2709.965338541067,2,759082.4946651228,6517.390592701593,1.0
Mahihkan Battery 02-21,ABWI102111006604W400,3,2025-02-01,17,False,hyperbolic,868.5495210059239,0.615233347362123,1.8773968604574136,0.9220790181952784,False,,5012.27200101881,1,1633721.6165132672,,0.0
Mahihkan Battery 02-21,ABWI102111506504W400,1,2022-08-01,17,False,exponential,36.75696205122328,0.1853419770524644,0.0,0.8030586161370203,False,,189.82817393460456,1,-128482.57722899552,-0.8731172544868807,
Mahihkan Battery 02-21,ABWI102112106604W400,4,2025-01-01,11,False,harmonic,263.3947409804956,0.244419579716949,1.0,0.804613725956892,False,,1406.5824400600864,1,319894.1806129101,209.73001310725618,2.0
Mahihkan Battery 02-21,ABWI102112806604W400,3,2026-01-01,6,False,exponential,284.9236900288104,0.2261230933271281,0.0,0.7588554316622267,False,,935.5791879386658,1,165939.27759585806,257.8449241139635,2.0
Mahihkan Battery 02-21,ABWI102112906504W400,1,2022-07-01,10,False,exponential,80.35694691511904,0.2981848383611084,0.0,0.934262953604372,False,,255.82429876359163,1,-96817.74981786417,-0.9218376946160681,
Mahihkan Battery 02-21,ABWI102112906604W400,2,2023-07-01,8,False,harmonic,929.8822051310964,0.5336899249578084,1.0,0.9391594533813464,False,,2895.7032563415246,1,954864.5717014868,,0.0
Mahihkan Battery 02-21,ABWI102112906604W400,5,2026-01-01,6,False,harmonic,834.1866546852665,0.251533476120612,1.0,0.65526004290797,False,,3050.973449975224,2,959474.96254406,,0.0
Mahihkan Battery 02-21,ABWI102113406504W400,4,2023-12-01,9,False,harmonic,461.3265270057472,1.01177502352384,1.0,0.7784304116096974,False,,1054.6878043901472,1,253352.33324539335,424521.02660795604,1.0
Mahihkan Battery 02-21,ABWI102113406504W400,6,2025-09-01,10,False,exponential,170.01702156903667,0.0968087886483544,0.0,0.7883817066625509,False,,1089.1893109581051,2,194262.53529572388,18.89637308276098,3.0
Mahihkan Battery 02-21,ABWI102121006604W400,1,2022-09-01,16,False,exponential,1612.1667713084353,0.2364648848554858,0.0,0.8326583724865371,False,,6662.718964910771,1,2388406.901177241,,0.0
Mahihkan Battery 02-21,ABWI102121006604W400,2,2024-01-01,14,False,exponential,682.4929248768245,0.1186492893226916,0.0,0.7704076663606813,False,,4659.663758056995,2,1492509.7818004345,,0.0
Mahihkan Battery 02-21,ABWI102121006604W400,4,2025-08-01,9,False,hyperbolic,179.6100239621635,0.2381690192901228,0.5474477550761516,0.9784174150139135,False,,789.2548236998036,3,98722.02890697372,7.12790635161509,4.0
Mahihkan Battery 02-21,ABWI102121506604W400,3,2024-05-01,26,False,hyperbolic,589.2284075547059,0.4629870057311293,1.5244310372984016,0.9055080579635164,False,,4297.925435927068,1,1320313.4108986545,,0.0
Mahihkan Battery 02-21,ABWI102121606604W400,1,2023-12-01,6,False,exponential,1034.6783052093272,0.3524544580336973,0.0,0.8075509746414847,False,,2581.404564053107,1,874944.8035225933,,0.0
Mahihkan Battery 02-21,ABWI102121606604W400,3,2024-10-01,7,False,exponential,1871.631751783763,0.2373174076874622,0.0,0.9114719296599492,False,,6388.895656307088,2,2307851.8896258753,,0.0
Mahihkan Battery 02-21,ABWI102122206504W400,2,2023-03-01,14,False,hyperbolic,435.9586312027481,0.6170846174872806,1.843969643816057,0.9001800168803935,False,,2218.7038314791507,1,625142.9239477203,741345.5810885734,1.0
Mahihkan Battery 02-21,ABWI102122206504W400,3,2024-05-01,10,False,exponential,126.31356585328706,0.2610539763563492,0.0,0.8616403831459242,False,,448.2987359293268,2,-22659.01073121844,-0.3617830841030535,
Mahihkan Battery 02-21,ABWI102122706504W400,3,2024-11-01,20,False,harmonic,693.3827975876735,0.1220768682695264,1.0,0.7420077413635429,False,,7019.8759747842105,1,2237905.982748266,,0.0
Mahihkan Battery 02-21,ABWI102123406504W400,1,2022-10-01,15,False,harmonic,386.34981911081854,0.0650289068461857,1.0,0.5254913278459615,False,,4044.6980038812967,1,1202099.7982299558,526238.5381334561,1.0
Mahihkan Battery 02-21,ABWI102123406504W400,2,2024-01-01,9,False,harmonic,445.4940831972967,0.2293809010729033,1.0,0.8518877527339531,False,,2174.947571464164,2,608435.4229602674,13678667.604756467,1.0
Mahihkan Battery 02-21,ABWI102123506504W400,1,2024-05-01,12,False,harmonic,806.773925612444,0.2229591518478862,1.0,0.908414651311772,False,,4710.149976764219,1,1525063.831297832,,0.0
Mahihkan Battery 02-21,ABWI102123506504W400,2,2025-05-01,7,False,exponential,346.2619394599402,0.3676909330814704,0.0,0.9452236427108826,False,,869.9210199396584,2,164487.24837665935,1116.580358178456,1.0
Mahihkan Battery 02-21,ABWI102123506504W400,3,2025-12-01,7,False,exponential,120.30851996882946,0.923784228481223,0.0,0.937406797633148,False,,130.03196609594616,3,-129591.38030051261,-0.9999084695388167,
Mahihkan Battery 02-21,ABWI102130306604W400,2,2023-01-01,12,False,exponential,661.1846413091464,0.1716892351669499,0.0,0.880651617261131,False,,3360.355427201948,1,1063070.3976429845,,0.0
Mahihkan Battery 02-21,ABWI102130306604W400,4,2025-07-01,12,False,exponential,303.12390991386013,0.0815965965907746,0.0,0.6397253882935359,False,,2319.4894268100184,2,627956.300841815,4009.889571680337,1.0
Mahihkan Battery 02-21,ABWI102131506504W400,1,2022-12-01,43,False,harmonic,599.6779762462752,0.0302475329292816,1.0,0.5743301230219848,False,,16518.541291664893,1,4962661.46412511,,0.0
Mahihkan Battery 02-21,ABWI102132606504W400,3,2024-01-01,30,False,exponential,548.07707781062,0.0388240285355199,0.0,0.8044873799669203,False,,9712.327712218052,1,3013709.9221201753,,1.0
Mahihkan Battery 02-21,ABWI102132806604W400,1,2022-07-01,16,False,hyperbolic,285.15939580456126,0.498918258516752,0.6055969133994428,0.9464288005860184,False,,989.69473985606,1,192147.86485785,62.14184780673158,2.0
Mahihkan Battery 02-21,ABWI102132806604W400,2,2023-11-01,9,False,harmonic,71.30694162629521,0.1406369133290319,1.0,0.7638966794597434,False,,414.6976943816345,2,-49421.451067357375,-0.5747116261603038,
Mahihkan Battery 02-21,ABWI102133406504W400,2,2023-06-01,11,False,harmonic,523.1577396605409,0.2368356633819933,1.0,0.7090339121407457,False,,2832.700341448533,1,845182.642022068,,1.0
Mahihkan Battery 02-21,ABWI102133406504W400,5,2025-03-01,16,False,harmonic,699.550564413257,0.3684603501988494,1.0,0.8500110104657987,False,,3665.86765913796,2,1162616.4232219718,,0.0
Mahihkan Battery 02-21,ABWI102133506504W400,1,2024-01-01,21,False,exponential,378.9822335679133,0.0714058619659036,0.0,0.8612880036638854,False,,4122.624133259947,1,1231467.0575032867,285700.11482571665,1.0
Mahihkan Battery 02-21,ABWI102133506504W400,2,2025-10-01,9,False,harmonic,173.31114847434884,0.1853725413507623,1.0,0.7291969108172482,False,,917.6019153239416,2,137306.31247479832,11.33815840244878,4.0
Mahihkan Battery 02-21,ABWI102140306604W400,1,2022-11-01,11,False,exponential,428.12642452468594,0.2497033243597916,0.0,0.921078988102942,False,,1604.5751711977855,1,430264.5530230297,1399724.3605997558,1.0
Mahihkan Battery 02-21,ABWI102141606604W400,1,2022-08-01,10,False,exponential,342.5783058622319,0.6916001244676767,0.0,0.7122445037378846,False,,494.85031700034295,1,41637.41595547862,18.15416541388264,2.0
Mahihkan Battery 02-21,ABWI102142106604W400,2,2023-11-01,8,False,exponential,208.82296612783125,0.396527152307529,0.0,0.84868277847653,False,,504.558327066954,1,14225.761995566114,0.8357699547795392,5.0
Mahihkan Battery 02-21,ABWI102142606504W400,1,2022-11-01,7,False,exponential,171.30239577619696,0.1276295305760258,0.0,0.8237404480770519,False,,792.8833010960673,1,94173.16364813392,8.59237163854791,3.0
Mahihkan Battery 02-21,ABWI102142706604W400,2,2022-09-01,26,False,hyperbolic,2369.78592548348,0.7890214551126834,1.201629948008681,0.9776355351095828,False,,10779.037294092186,1,3849901.1885334207,,0.0
Mahihkan Battery 02-21,ABWI102142806604W400,3,2024-07-01,7,False,exponential,290.55851984335663,0.5788923542965673,0.0,0.812492848290204,False,,493.1964600115528,1,28699.414066865604,4.369296135794758,3.0
Mahihkan Battery 02-21,ABWI102142806604W400,5,2025-07-01,8,False,harmonic,119.42084895618142,0.9851633116987948,1.0,0.6631904385276179,False,,264.7368224226492,2,-85710.20436174901,-0.925545625019859,
Mahihkan Battery 02-21,ABWI102142906504W400,2,2022-09-01,6,False,exponential,394.2319857930508,0.7913354474074046,0.0,0.9027188181271648,False,,493.8669524625868,1,52373.24136001334,138.9364367521909,1.0
Mahihkan Battery 02-21,ABWI102142906504W400,4,2023-11-01,13,False,harmonic,293.22139020496746,0.1085741171177877,1.0,0.6019443746581026,False,,2377.209185276788,2,641823.0706966638,2172.7130220736935,2.0
Mahihkan Battery 02-21,ABWI102142906604W400,1,2022-09-01,20,False,hyperbolic,2277.802128968131,0.3108861913886427,1.4238012815503798,0.9334493483173704,False,,16869.519226226304,1,5806122.766220808,,0.0
Mahihkan Battery 02-21,ABWI102142906604W400,3,2024-11-01,8,False,exponential,543.3698944415153,0.6098412143355164,0.0,0.5822765272005921,False,,884.2246899686286,2,215858.51851021298,,1.0
Mahihkan Battery 02-21,ABWI102142906604W400,4,2025-07-01,7,False,exponential,563.7873063717576,0.3154827786850177,0.0,0.5031235298274075,False,,1590.7022456732816,3,449459.5347180309,,0.0
Mahihkan Battery 02-21,ABWI102150406604W400,3,2023-12-01,10,False,exponential,1728.0058229278652,1.1614708619695284,0.0,0.999258050473132,False,,1487.760280279727,1,690369.8124207344,,0.0
Mahihkan Battery 02-21,ABWI102150406604W400,5,2025-07-01,6,False,harmonic,1359.507481435849,0.5835304320456915,1.0,0.6737727671922489,False,,3504.807274062164,2,1235149.2292319555,,0.0
Mahihkan Battery 02-21,ABWI102150406604W400,6,2026-01-01,6,False,exponential,2858.75603657622,0.4010551173537233,0.0,0.8278340078655354,False,,6485.522935467794,3,2565337.9612890566,,0.0
Mahihkan Battery 02-21,ABWI102150906604W400,6,2024-10-01,12,False,exponential,261.6170724358983,0.0634669887054721,0.0,0.7336324641262564,False,,2197.4199270969666,1,576111.9752939665,837.5106469510728,2.0
Mahihkan Battery 02-21,ABWI102150906604W400,7,2025-10-01,6,False,exponential,210.02980577469145,1.4139111253065912,0.0,0.9940791597693692,False,,148.5145389851265,2,-101680.84173585985,-0.9999933743795235,
Mahihkan Battery 02-21,ABWI102151406504W400,4,2025-02-01,11,False,exponential,150.18617097850913,0.0967447515394935,0.0,0.5284956217055733,False,,1016.809459222942,1,167085.90289054753,9.981916442488247,4.0
Mahihkan Battery 02-21,ABWI102151506504W400,1,2023-01-01,7,False,exponential,132.31152957011471,0.1825191133355147,0.0,0.5980475864267796,False,,522.8868217454545,1,-416.7833289271839,0.08789331317918725,6.0
Mahihkan Battery 02-21,ABWI102151506604W400,1,2023-01-01,20,False,exponential,1216.928743548141,0.0970363498422082,0.0,0.8489317442714935,False,,10740.082117281849,1,3606580.537679429,,0.0
Mahihkan Battery 02-21,ABWI102151606604W400,5,2025-11-01,8,False,exponential,236.4447380497268,0.1796478621355148,0.0,0.6920220327355802,False,,1003.4429386306426,1,181581.97391998346,69.85511750582833,2.0
Mahihkan Battery 02-21,ABWI102152106604W400,1,2022-09-01,9,False,harmonic,200.6572701475296,0.5146272991923595,1.0,0.6252530534367313,False,,673.9175493225434,1,66010.91845897697,4.077929598653203,4.0
Mahihkan Battery 02-21,ABWI102152106604W400,3,2023-10-01,9,False,exponential,280.85082223245587,0.3276674431048768,0.0,0.8387051689211028,False,,812.2154770111318,2,132886.18571523545,75.26243643280232,2.0
Mahihkan Battery 02-21,ABWI102152106604W400,5,2025-07-01,12,False,harmonic,275.93099870929086,0.1966779101028321,1.0,0.8597355558487384,False,,1700.3595521899267,3,418861.71376682236,493.34942480957153,2.0
Mahihkan Battery 02-21,ABWI102152806504W400,1,2022-08-01,7,False,hyperbolic,433.4263566900524,0.3205468126274828,0.3112400973618631,0.9909868779940992,False,,1355.1584715115853,1,339352.5628179299,1269071.2163238213,1.0
Mahihkan Battery 02-21,ABWI102152906504W400,2,2024-03-01,28,False,harmonic,177.21987586678162,0.0244361574166013,1.0,0.5376145748598833,False,,3780.642450633049,1,1032451.8121931558,69.8112176424476,3.0
Mahihkan Battery 02-21,ABWI102160406604W400,1,2023-01-01,11,False,harmonic,1356.4759290847685,0.5171559010997953,1.0,0.7032083199443273,False,,4984.718096818273,1,1745980.875542824,,0.0
Mahihkan Battery 02-21,ABWI102160406604W400,3,2024-06-01,21,False,exponential,1071.161287613129,0.0463179697990151,0.0,0.7249219906697262,False,,14382.925890166918,2,4699467.729390993,,0.0
Mahihkan Battery 02-21,ABWI102160506604W400,5,2024-09-01,10,False,harmonic,209.46633516901267,0.0544763459619798,1.0,0.5520091753361415,False,,1672.116415535614,1,387865.99438869674,135.5844184315074,2.0
Mahihkan Battery 02-21,ABWI102160906604W400,2,2024-04-01,24,False,exponential,390.726066701504,0.0943992627978866,0.0,0.903396380883052,False,,3709.569038165272,1,1104504.5141719955,478397.53682809713,1.0
Mahihkan Battery 02-21,ABWI102161006504W402,1,2023-10-01,23,False,exponential,866.7216825085214,0.0707161494402775,0.0,0.6978553384829356,False,,9846.47794857811,1,3203669.990986064,,0.0
Mahihkan Battery 02-21,ABWI102161006604W400,3,2023-09-01,8,False,harmonic,2149.9454218526,0.434478914901488,1.0,0.6604582806704453,False,,7416.024385836166,1,2700253.364519071,,0.0
Mahihkan Battery 02-21,ABWI102161006604W400,4,2024-05-01,15,False,harmonic,1814.8837543292047,0.1638434799546915,1.0,0.9255317502918944,False,,13741.933954468228,2,4705792.128149127,,0.0
Mahihkan Battery 02-21,ABWI102161006604W400,5,2025-08-01,11,False,exponential,882.65598276737,0.343109967549719,0.0,0.5636247814513675,False,,2513.4636020612984,3,836862.5581995967,,0.0
Mahihkan Battery 02-21,ABWI102161506504W400,2,2023-01-01,8,False,exponential,180.3470378989159,0.3221116408543059,0.0,0.9171655528954468,False,,517.3327387959674,1,11649.939546297763,0.5768046692011217,6.0
Mahihkan Battery 02-21,ABWI102161606504W400,2,2023-12-01,31,False,exponential,338.2881697011897,0.0294884255890039,0.0,0.8822683799442503,False,,6873.26364638032,1,2046008.7731097476,42962.66426251362,1.0
Mahihkan Battery 02-21,ABWI102162906504W400,2,2023-11-01,25,False,exponential,252.4250713343582,0.030415373867841,0.0,0.6749063175185994,False,,4419.465774447438,1,1269566.7464805215,873.3701216662294,2.0
Mahihkan Battery 02-21,ABWI102162906504W400,3,2025-12-01,7,False,harmonic,163.70724574702817,0.1095602068773042,1.0,0.6320423877038188,False,,850.5689112109344,2,108587.49941811283,9.896379069425748,3.0
Mahihkan Battery 02-21,ABWI103010306604W400,4,2024-10-01,15,False,harmonic,175.1487380178998,0.387756005875827,1.0,0.8405640981418718,False,,866.9548397188885,1,124640.06494382594,5.009618612101601,5.0
Mahihkan Battery 02-21,ABWI103010406604W400,4,2025-06-01,13,False,harmonic,528.4023064525584,0.1086867466469382,1.0,0.6105298140724454,False,,4282.383441528819,1,1316539.3647310226,,1.0
Mahihkan Battery 02-21,ABWI103010806604W400,2,2025-07-01,7,False,harmonic,405.3590939339315,0.5139024962996904,1.0,0.696078785054701,False,,1203.2717250010635,1,281638.2766413486,49873.112870133526,1.0
Mahihkan Battery 02-21,ABWI103011506504W400,4,2024-06-01,11,False,exponential,262.7214666824533,0.1324901303910873,0.0,0.6976445394827444,False,,1521.235174283603,1,360365.8654453071,379.9542006644041,2.0
Mahihkan Battery 02-21,ABWI103011606604W400,3,2024-05-01,26,False,hyperbolic,404.0265572608734,0.207490223066784,0.6244363012958037,0.890127002544408,False,,3048.7961814778555,1,885706.0532482871,412073.5191080638,1.0
Mahihkan Battery 02-21,ABWI103012106504W400,2,2023-12-01,18,False,harmonic,267.380622497155,0.136397609485912,1.0,0.716331618693514,False,,2430.516555634113,1,652834.2508371128,576.6475074914482,2.0
Mahihkan Battery 02-21,ABWI103020306604W400,1,2023-05-01,20,False,exponential,310.8554557777848,0.0302090618593387,0.0,0.5759123335831916,False,,4666.354737383342,1,1374612.1686598589,10690.204484726155,1.0
Mahihkan Battery 02-21,ABWI103020906604W400,1,2022-07-01,8,False,hyperbolic,2768.521220203534,0.2609819091044731,0.4590240781252898,0.9922890832140996,False,,10728.430073018955,1,3925381.064190958,,0.0
Mahihkan Battery 02-21,ABWI103020906604W400,3,2023-09-01,15,False,harmonic,4766.324933485627,0.8122858337686559,1.0,0.9774419125306036,False,,15133.18879765187,2,5885131.353855818,,0.0
Mahihkan Battery 02-21,ABWI103022206604W400,1,2023-03-01,26,False,harmonic,831.4140893074575,0.3708504603941492,1.0,0.7750257637436524,False,,5301.715947637646,1,1711645.0669833825,,0.0
Mahihkan Battery 02-21,ABWI103023506504W400,5,2025-07-01,7,False,exponential,98.04971890932931,0.4214429615021489,0.0,0.8928188524904762,False,,220.4766738405973,1,-105160.3169319454,-0.9853970015861706,
Mahihkan Battery 02-21,ABWI103031506504W400,1,2022-09-01,11,False,exponential,146.0933962006577,0.1131092726941388,0.0,0.6943481467353247,False,,919.4078103166976,1,135006.69526977907,6.9007606105316315,4.0
Mahihkan Battery 02-21,ABWI103031506504W400,3,2024-05-01,7,False,harmonic,171.52522287438114,0.3285691822966513,1.0,0.7529669946274686,False,,623.2690442188396,2,39807.90147404927,2.1333626662098455,4.0
Mahihkan Battery 02-21,ABWI103032206504W400,1,2023-08-01,9,False,exponential,147.7996828357365,0.1859505650780091,0.0,0.8012651942920977,False,,645.7391684482759,1,45873.05115137561,1.9115946262728487,5.0
Mahihkan Battery 02-21,ABWI103032306504W400,3,2024-01-01,6,False,harmonic,12.556815710650312,1.0112097158203486,1.0,0.7770029441911562,False,,24.28231138697513,1,-189241.80871608673,-0.9999937480937414,
Mahihkan Battery 02-21,ABWI103032706604W400,1,2022-05-01,11,False,harmonic,580.8170867893023,0.3044498834853874,1.0,0.9508035472201628,False,,2804.2804823053834,1,850307.6237400195,,0.0
Mahihkan Battery 02-21,ABWI103032706604W400,3,2024-07-01,14,False,harmonic,420.17155042584073,0.8719111053245016,1.0,0.637966606817497,False,,1243.645916205958,2,307053.0679252213,20204.54862285354,1.0
Mahihkan Battery 02-21,ABWI103032806504W400,2,2023-02-01,16,False,exponential,180.58233909145923,0.1329426221302045,0.0,0.8777896737520889,False,,1196.4538352821378,1,236935.9302257551,19.784538639821413,3.0
Mahihkan Battery 02-21,ABWI103033506504W400,1,2022-07-01,14,False,exponential,296.99728825860376,0.1195698352282663,0.0,0.8349700521612211,False,,2018.154214180098,1,533451.8422062652,1923.4524861950179,2.0
Mahihkan Battery 02-21,ABWI103033506504W400,3,2024-08-01,23,False,harmonic,526.121083156434,0.444020446857526,1.0,0.9199887857499196,False,,2863.94162584228,2,854946.2442592791,2132462098668.6104,1.0
Mahihkan Battery 02-21,ABWI103040306604W400,3,2024-04-01,27,False,exponential,991.8844514717508,0.0907916196410097,0.0,0.864281374328432,False,,9983.395931075567,1,3287274.3333691927,,0.0
Mahihkan Battery 02-21,ABWI103041006604W400,4,2024-10-01,12,False,exponential,364.2842066665696,0.1268767361889539,0.0,0.780849737854485,False,,2244.7890701729943,1,622553.0398392467,58382.149047587875,1.0
Mahihkan Battery 02-21,ABWI103042206504W400,3,2025-08-01,11,False,exponential,248.0533204740348,0.181634796406782,0.0,0.7012632787116604,False,,1180.4740639596632,1,246869.13001529663,117.51495122732346,2.0
Mahihkan Battery 02-21,ABWI103042306504W400,2,2023-07-01,10,False,harmonic,486.3647340086236,0.1802022576138739,1.0,0.8108799987724209,False,,2780.885093613255,1,816342.7763899274,3541755265.6934566,1.0
Mahihkan Battery 02-21,ABWI103042706504W400,1,2022-05-01,12,False,harmonic,520.8107010272358,0.2199071109820178,1.0,0.778740453631114,False,,3059.1071518833214,1,919581.2709347492,3042376344740.7627,1.0
Mahihkan Battery 02-21,ABWI103042706504W400,2,2023-05-01,6,False,exponential,237.7319855161376,0.4110940908999977,0.0,0.68203997897385,False,,529.2079432110232,2,26745.23676800641,2.5279201433539433,3.0
Mahihkan Battery 02-21,ABWI103042806504W400,3,2025-06-01,13,False,exponential,266.11275036249776,0.0415878617150847,0.0,0.5800251072526514,False,,2672.307837861621,1,728771.6267393351,1308.8994452081185,2.0
Mahihkan Battery 02-21,ABWI103043406504W400,1,2022-07-01,6,False,exponential,846.815588586776,0.1463635190093491,0.0,0.7060491033863381,False,,3381.5222614426466,1,1070303.8888732106,,0.0
Mahihkan Battery 02-21,ABWI103043506504W400,3,2024-12-01,19,False,exponential,141.48511346313023,0.0922525155148493,0.0,0.618674187004305,False,,1267.904493895255,1,248635.77802063216,9.47774061866261,4.0
Mahihkan Battery 02-21,ABWI103050306604W400,2,2024-04-01,23,False,harmonic,129.98920775526906,0.0680159608929346,1.0,0.5130283682983217,False,,1799.7593020344596,1,408498.4478641331,10.832512322159465,4.0
Mahihkan Battery 02-21,ABWI103051006604W400,3,2024-03-01,7,False,exponential,687.6781647125227,0.3781090512536899,0.0,0.9182746546891668,False,,1689.817681241501,1,511653.1291661075,,0.0
Mahihkan Battery 02-21,ABWI103052206504W400,7,2026-01-01,6,False,exponential,41.27833501551907,0.4666354456690164,0.0,0.91595196393984,False,,83.07925808000613,1,-163441.59589342805,-0.999875877212494,
Mahihkan Battery 02-21,ABWI103052306504W400,4,2024-10-01,7,False,exponential,627.2750320243977,0.1339124385352866,0.0,0.8781761698820508,False,,2849.644603065948,1,860722.9272640389,,0.0
Mahihkan Battery 02-21,ABWI103052606504W400,4,2025-08-01,9,False,exponential,177.07960799838798,0.3520313021076039,0.0,0.9061754726998762,False,,481.85725190891,1,-59.85882317795085,0.09796651173637261,8.0
Mahihkan Battery 02-21,ABWI103052806504W400,1,2022-05-01,8,False,harmonic,507.3820894752267,0.2958461311022368,1.0,0.6832892237894508,False,,2081.954845998449,1,590238.1888262538,55520564421.32692,1.0
Mahihkan Battery 02-21,ABWI103052806504W400,2,2023-01-01,11,False,harmonic,401.60594705396073,0.2283890464247274,1.0,0.8610125601278507,False,,2209.0533997229827,2,613473.3782877065,321961.9895940517,1.0
Mahihkan Battery 02-21,ABWI103052806504W400,3,2023-12-01,9,False,harmonic,231.46237278624992,0.0970728428208236,1.0,0.6938150934965228,False,,1497.1564106010726,3,336407.8649064345,193.0259046661148,2.0
Mahihkan Battery 02-21,ABWI103053406504W400,1,2023-12-01,6,False,exponential,536.3059791796194,0.2200837042252477,0.0,0.8980319302948545,False,,1786.191552672407,1,496527.7560633607,,1.0
Mahihkan Battery 02-21,ABWI103053406504W400,2,2024-06-01,7,False,harmonic,391.5900287879034,0.7023600368372452,1.0,0.9057205915397244,False,,991.1563053889904,2,211284.49697118593,6407.40559514197,1.0
Mahihkan Battery 02-21,ABWI103060306604W400,3,2024-06-01,6,False,harmonic,541.6995278201573,0.148774949711665,1.0,0.944209346016056,False,,2322.9197916629414,1,657445.0156699703,,1.0
Mahihkan Battery 02-21,ABWI103060306604W400,4,2024-12-01,19,False,exponential,514.4382598583783,0.0562927952911239,0.0,0.8011989134924912,False,,6002.623326387897,2,1870610.6940037701,3009868305346.538,1.0
Mahihkan Battery 02-21,ABWI103060906604W400,4,2024-09-01,19,False,exponential,308.15498975311834,0.1116279780804747,0.0,0.931874862371842,False,,2429.508182900752,1,671196.9196234117,3540.4926276483743,1.0
Mahihkan Battery 02-21,ABWI103061506504W400,2,2022-12-01,6,False,exponential,38.4393934913133,0.9937945857861936,0.0,0.9548864347973304,False,,38.579901585212966,1,-178471.99815157984,-0.9999998284112442,
Mahihkan Battery 02-21,ABWI103062106504W400,1,2022-06-01,12,False,exponential,200.6003496528154,0.0798468124561632,0.0,0.6411550041334324,False,,1548.5975710427867,1,352217.8133721459,72.23258530876254,3.0
Mahihkan Battery 02-21,ABWI103062106604W400,2,2022-12-01,7,False,harmonic,552.103388515658,0.5079183573178299,1.0,0.7612721433903702,False,,1648.2278630441765,1,458951.29803481046,,1.0
Mahihkan Battery 02-21,ABWI103062106604W400,4,2023-12-01,7,False,exponential,154.2712970876715,0.5499447693031493,0.0,0.876321713130798,False,,274.54970667681266,2,-74407.83435448569,-0.9686252564722735,
Mahihkan Battery 02-21,ABWI103062206504W400,1,2022-09-01,11,False,harmonic,300.7236554100857,0.2724560781751082,1.0,0.8872126661778686,False,,1529.3002515199032,1,368824.7692680463,791.6601062140977,2.0
Mahihkan Battery 02-21,ABWI103062206504W400,3,2024-08-01,9,False,exponential,110.21007019108296,0.4238335690554318,0.0,0.8939509309974362,False,,254.2981265902152,2,-90635.15330761064,-0.9560387040984627,
Mahihkan Battery 02-21,ABWI103062606504W400,3,2024-09-01,8,False,harmonic,366.2346539538922,0.33260842279276,1.0,0.921036785242414,False,,1428.8957158151525,1,346874.65125730884,13724.816089264656,1.0
Mahihkan Battery 02-21,ABWI103062806504W400,1,2022-12-01,15,False,exponential,313.13676922565446,0.1253150293542294,0.0,0.8843050946702259,False,,2117.400260493418,1,570832.6606192553,3807.161117404774,1.0
Mahihkan Battery 02-21,ABWI103062806504W400,3,2025-02-01,6,False,harmonic,129.00783380555265,0.3593792966916186,1.0,0.6223723495183351,False,,412.6021569955716,2,-38982.86245398848,-0.6947256567510713,
Mahihkan Battery 02-21,ABWI103062806604W400,1,2023-04-01,12,False,exponential,501.9575961776096,0.0864806644636362,0.0,0.5712457774787372,False,,3748.142881587941,1,1141735.2334662282,134546302877.76315,1.0
Mahihkan Battery 02-21,ABWI103062806604W400,2,2024-04-01,10,False,exponential,146.6799979254997,0.3027540874511534,0.0,0.8294337781469273,False,,461.0197414190026,2,-13614.852980182532,-0.2315814144613696,
Mahihkan Battery 02-21,ABWI103063506504W400,3,2025-04-01,15,False,exponential,497.8047893919324,0.0933794702315925,0.0,0.5844120539417992,False,,4017.291636845424,1,1233818.3957411954,56212744129.11143,1.0
Mahihkan Battery 02-21,ABWI103071006604W400,2,2024-01-01,30,False,exponential,503.8309259031711,0.0687147826835865,0.0,0.9169208426548164,False,,6399.03502076705,1,1982263.0703790002,242068742215.2885,1.0
Mahihkan Battery 02-21,ABWI103072006604W400,1,2022-08-01,35,False,exponential,793.8652085490153,0.3707159532598813,0.0,0.7897284263855161,False,,2141.4329808397106,1,694671.6888888946,,0.0
Mahihkan Battery 02-21,ABWI103072106504W400,3,2024-07-01,13,False,exponential,357.2189128360575,0.0685070327396097,0.0,0.6285170673044073,False,,3074.306911350457,1,885983.4411483884,77340.18973857985,1.0
Mahihkan Battery 02-21,ABWI103072106604W400,4,2023-12-01,7,False,exponential,234.34009791087416,0.681964983053603,0.0,0.9323449221083768,False,,340.7216772499299,1,-34294.9763840026,-0.8573460559140627,
Mahihkan Battery 02-21,ABWI103072106604W400,6,2024-12-01,12,False,exponential,315.74415689490456,0.1280477570938109,0.0,0.8348424829757456,False,,1935.3889364973652,2,509656.4639798408,4175.732338597278,1.0
Mahihkan Battery 02-21,ABWI103072206504W400,2,2024-07-01,16,False,exponential,268.8938912179819,0.1055982318095525,0.0,0.8276988128751093,False,,2076.3270363026704,1,545301.8093498929,680.857042356552,2.0
Mahihkan Battery 02-21,ABWI103072806504W400,1,2022-10-01,27,False,harmonic,582.5321290830179,0.0827545495803804,1.0,0.6945247481552699,False,,8262.949040053529,1,2575664.2390186773,,0.0
Mahihkan Battery 02-21,ABWI103072806604W400,2,2024-08-01,6,False,exponential,261.6492357900522,1.161642370869385,0.0,0.8890755015076752,False,,225.02910279260277,1,-65313.07214424867,-0.9987907242119025,
Mahihkan Battery 02-21,ABWI103072906504W400,2,2022-12-01,7,False,exponential,42.16544137802936,0.6900610997082017,0.0,0.7848111829514077,False,,60.61612544190009,1,-170411.1582390044,-0.9999744658330129,
Mahihkan Battery 02-21,ABWI103072906504W400,4,2024-08-01,10,False,hyperbolic,317.52573204143783,0.9317730849310032,1.4919570136457605,0.9865342078691786,False,,995.4254227882492,2,199360.23610800097,139.9426723843207,2.0
Mahihkan Battery 02-21,ABWI103072906504W400,5,2025-06-01,8,False,harmonic,93.25107150429072,0.2117095213031222,1.0,0.6683116980081268,False,,436.4618394009327,3,-37680.09791900302,-0.5278940051183107,
Mahihkan Battery 02-21,ABWI103073406504W400,1,2022-08-01,10,False,harmonic,54.16956102706295,0.7293711583630843,1.0,0.5763818745237654,False,,157.11558420457465,1,-135976.18311399865,-0.9679563404747685,
Mahihkan Battery 02-21,ABWI103080406604W400,2,2023-07-01,10,False,exponential,372.81354166815794,0.0845418937495473,0.0,0.7573654130595026,False,,2516.336088285829,1,704676.9004769013,164210.9306494511,1.0
Mahihkan Battery 02-21,ABWI103080506604W400,3,2023-04-01,7,False,harmonic,479.5023423067172,1.1377868131879731,1.0,0.7761180674719813,False,,924.3204616892732,1,213218.8892834371,2068130.7667691354,1.0
Mahihkan Battery 02-21,ABWI103080506604W400,5,2025-07-01,6,False,harmonic,258.49907139647337,0.9365057483419276,1.0,0.870089021115407,False,,521.6734597456725,2,28150.53959881784,2.577513856561901,4.0
Mahihkan Battery 02-21,ABWI103080506604W400,6,2026-01-01,6,False,harmonic,213.9853056094753,0.4237059570256729,1.0,0.9835319504831648,False,,638.7440219914887,3,52927.225934198636,5.252966808349493,3.0
Mahihkan Battery 02-21,ABWI103081606604W400,1,2024-05-01,22,False,harmonic,891.1700254848531,0.3855963331902393,1.0,0.8362499900492579,False,,5198.957192168049,1,1700882.9229141867,,0.0
Mahihkan Battery 02-21,ABWI103082906504W400,1,2022-12-01,12,False,harmonic,851.3515209079528,0.2389749981849412,1.0,0.9607065727230484,False,,4818.868773289062,1,1571396.9407137982,,0.0
Mahihkan Battery 02-21,ABWI103083406504W400,1,2022-09-01,18,False,exponential,25.81950621026595,0.9838647039098112,0.0,0.9753066398339878,False,,26.24294334567349,1,-185419.76773970376,-0.9999942600662263,
Mahihkan Battery 02-21,ABWI103090406604W400,4,2025-07-01,10,False,harmonic,489.263705061101,0.0632356106630246,1.0,0.522224127909447,False,,3791.394884731174,1,1137354.014497321,18965337865.285778,1.0
Mahihkan Battery 02-21,ABWI103090506604W400,2,2023-03-01,8,False,harmonic,276.71805159539326,0.5119440171563258,1.0,0.6288871440810815,False,,880.1720759195438,1,149559.3621440901,63.44456106021326,2.0
Mahihkan Battery 02-21,ABWI103090506604W400,6,2025-12-01,7,False,harmonic,472.5659185299611,1.996080884810537,1.0,0.9972782740316442,False,,640.6890440473437,2,125153.4929458547,32976.40337414481,1.0
Mahihkan Battery 02-21,ABWI103091006504W400,2,2023-02-01,6,False,exponential,167.08057724537989,0.6466164031391158,0.0,0.8679563548900056,False,,253.05449094860856,1,-78861.97845647963,-0.9886446122350598,
Mahihkan Battery 02-21,ABWI103091006504W400,5,2025-04-01,15,False,exponential,458.3187065857409,0.2137078291358983,0.0,0.9265524843883608,False,,2057.675092950124,2,589512.3761913709,45131926.658750474,1.0
Mahihkan Battery 02-21,ABWI103091506504W400,1,2022-07-01,8,False,harmonic,91.01717652214536,0.4558931912920617,1.0,0.7757277137577017,False,,306.7065451375574,1,-79532.62800743926,-0.8695132500216717,
Mahihkan Battery 02-21,ABWI103091506504W400,7,2025-10-01,6,False,exponential,97.1154746364882,0.2545636565543242,0.0,0.6087590448577754,False,,298.6733625797812,2,-81502.10655787386,-0.9443276928578893,
Mahihkan Battery 02-21,ABWI103091606504W400,3,2024-03-01,9,False,harmonic,66.21105436045576,0.1616055702128858,1.0,0.7469113131084268,False,,367.87771730954887,1,-65630.25252511035,-0.7052253803057498,
Mahihkan Battery 02-21,ABWI103091606504W400,5,2025-08-01,11,False,exponential,61.26239138353554,0.1009141199181537,0.0,0.6916439007937683,False,,407.0187422479245,2,-52711.789403926785,-0.5336009914764404,
Mahihkan Battery 02-21,ABWI103092806504W400,2,2023-02-01,10,False,harmonic,302.62893134639165,0.5051601183148389,1.0,0.6478905307975438,False,,1078.5289142191104,1,222428.12159013355,202.90386666449825,2.0
Mahihkan Battery 02-21,ABWI103092906504W400,5,2026-01-01,6,False,exponential,286.0095362782829,0.62608783143781,0.0,0.8433166239896135,False,,446.14666214936335,1,11566.136292320036,1.241064975982772,3.0
Mahihkan Battery 02-21,ABWI103093406504W400,1,2022-06-01,9,False,exponential,242.0726209480676,0.568673741983992,0.0,0.8731082211129335,False,,423.1304662057609,1,-4847.592637558315,-0.12985452757532712,
Mahihkan Battery 02-21,ABWI103093406504W400,2,2023-03-01,7,False,harmonic,25.08088106960306,1.10709496639611,1.0,0.8366607304897722,False,,49.13834730685554,2,-178141.4058298662,-0.9997886383717578,
Mahihkan Battery 02-21,ABWI103102206504W400,7,2025-08-01,9,False,exponential,53.06598109716592,0.4876085009864119,0.0,0.8925946706456094,False,,107.47745541943314,1,-152314.98206314142,-0.9982161094788041,
Mahihkan Battery 02-21,ABWI103102706504W400,2,2023-10-01,12,False,exponential,3.4988886934718693,0.5683704301601964,0.0,0.7021837732999519,False,,6.149282929006206,1,-197165.18957938254,-0.9999842101923878,
Mahihkan Battery 02-21,ABWI103102706504W400,3,2024-10-01,14,False,exponential,8.556871926018978,0.7640626343851271,0.0,0.8758497648278007,False,,11.198922736645825,2,-194349.00037968575,-0.9999898057328522,
Mahihkan Battery 02-21,ABWI103102806504W400,1,2023-03-01,17,False,harmonic,502.3228862796627,0.0704830017195535,1.0,0.8870314140406873,False,,5613.432004622303,1,1736501.5528340654,181385356514.93683,1.0
Mahihkan Battery 02-21,ABWI103103406504W400,2,2023-10-01,12,False,exponential,766.0821556750655,0.1267672807156966,0.0,0.6039697006993823,False,,4723.088264871991,1,1530562.0563415566,,0.0
Mahihkan Battery 02-21,ABWI103110906604W400,2,2023-01-01,10,False,harmonic,399.3018998504485,0.255366242480308,1.0,0.8933518754083494,False,,1982.66738465666,1,537986.6708101704,216577.1149010117,1.0
Mahihkan Battery 02-21,ABWI103110906604W400,3,2023-11-01,6,False,harmonic,341.4107700527999,0.6068638469906629,1.0,0.7823679544383934,False,,863.5463393493679,2,155253.31542559835,568.936632778364,2.0
Mahihkan Battery 02-21,ABWI103111006604W400,1,2023-05-01,8,False,exponential,572.7204939717894,0.5143874186259009,0.0,0.8639732046466673,False,,1095.2274527007312,1,292404.616935567,,0.0
Mahihkan Battery 02-21,ABWI103111006604W400,3,2024-06-01,11,False,exponential,550.395166031292,0.206882884516982,0.0,0.8637199709285621,False,,2387.13076854936,2,716222.7450024608,,1.0
Mahihkan Battery 02-21,ABWI103111006604W400,4,2025-05-01,10,False,exponential,98.14922099957764,0.24866037816646,0.0,0.776342960667508,False,,361.8750568752922,3,-57778.83802589929,-0.723298339684461,
Mahihkan Battery 02-21,ABWI103111506504W400,1,2022-11-01,8,False,exponential,131.3060557286208,0.1472772310975136,0.0,0.6548090432192967,False,,617.1118666020157,1,30719.883333899576,1.1418394157846978,6.0
Mahihkan Battery 02-21,ABWI103111506504W400,2,2023-07-01,6,False,exponential,122.71674932181207,0.5125512025091358,0.0,0.8727876928751976,False,,228.36791485991597,2,-97293.28425152063,-0.991520532385579,
Mahihkan Battery 02-21,ABWI103111506504W400,5,2024-10-01,19,False,harmonic,147.41045600012154,0.1704282458157514,1.0,0.8051536375028236,False,,1249.08247056977,3,240760.4265411635,8.047774116890524,4.0
Mahihkan Battery 02-21,ABWI103112106604W400,3,2023-12-01,8,False,exponential,252.0023752464871,0.6479596534422162,0.0,0.8257752533452003,False,,386.7359775548624,1,-14870.07344747772,-0.5240593834099501,
Mahihkan Battery 02-21,ABWI103112106604W400,5,2025-01-01,18,False,hyperbolic,216.0633824755908,0.2341978584271026,1.8691813256746872,0.9289412960590416,False,,1868.7834937854964,2,456037.7130006992,61.21266152453959,3.0
Mahihkan Battery 02-21,ABWI103112206504W400,3,2024-06-01,6,False,exponential,212.67423582663383,0.3470740290134422,0.0,0.8749249051424994,False,,536.3975517758245,1,22778.342353815147,1.681098285899719,4.0
Mahihkan Battery 02-21,ABWI103112206504W400,6,2025-08-01,8,False,harmonic,102.1878382837428,0.5226383305820401,1.0,0.5545286477969305,False,,321.6390611485646,2,-71996.55099427787,-0.8449184269220141,
Mahihkan Battery 02-21,ABWI103112806504W400,2,2023-01-01,7,False,exponential,149.26139886781377,0.5798218176823208,0.0,0.9024537724950824,False,,252.9804302210641,1,-82639.78444559204,-0.981952646648528,
Mahihkan Battery 02-21,ABWI103112806504W400,5,2024-07-01,8,False,harmonic,9.873712933291667,0.362439971763738,1.0,0.6760693924123479,False,,37.07283127812118,2,-185718.5741639284,-0.9994590329712901,
Mahihkan Battery 02-21,ABWI103113506504W400,2,2024-05-01,11,False,exponential,87.07285228792941,0.1789053581119249,0.0,0.8864035242349697,False,,418.68581867350326,1,-41744.12716324377,-0.503153282782174,
Mahihkan Battery 02-21,ABWI103113506504W400,3,2025-04-01,12,False,exponential,184.9184796408744,0.4668393549675012,0.0,0.9293392564055722,False,,394.6455882412976,2,-26785.14020318749,-0.5834618095549116,
Mahihkan Battery 02-21,ABWI103120306604W400,1,2022-07-01,6,False,exponential,799.274689695393,0.3080509541366303,0.0,0.8696414882624921,False,,2185.95619867096,1,690618.9381253069,,0.0
Mahihkan Battery 02-21,ABWI103120406604W400,2,2023-11-01,21,False,harmonic,604.8492645536913,0.1709049523087695,1.0,0.8358045077556103,False,,5392.391715977101,1,1691343.332884052,,0.0
Mahihkan Battery 02-21,ABWI103120406604W400,4,2026-01-01,6,False,exponential,717.441989283534,0.407989682522919,0.0,0.9816408783891036,False,,1606.4219009658996,2,487258.10661309445,,0.0
Mahihkan Battery 02-21,ABWI103121506504W400,1,2023-01-01,6,False,harmonic,157.8910579749506,0.445890338443489,1.0,0.6336549049011385,False,,460.9166819204759,1,-16598.925412138924,-0.3715099831148919,
Mahihkan Battery 02-21,ABWI103121506504W400,3,2024-03-01,7,False,exponential,123.09787181568284,0.2659770411045779,0.0,0.893293506068574,False,,390.8988373818318,2,-44316.970623406276,-0.7248431419573929,
Mahihkan Battery 02-21,ABWI103122206504W400,1,2022-08-01,9,False,exponential,513.8728145750306,0.2116387196776899,0.0,0.8221791417180299,False,,2066.624042813753,1,597648.5160827114,406076850100.3502,1.0
Mahihkan Battery 02-21,ABWI103122206504W400,2,2023-05-01,6,False,exponential,66.51804509426479,1.3055297713788712,0.0,0.9901933120485172,False,,50.93080312778276,2,-167691.13412533992,-0.9999999662200104,
Mahihkan Battery 02-21,ABWI103122206504W400,5,2025-03-01,13,False,exponential,113.56337880835488,0.2086188051016243,0.0,0.8702818811817343,False,,508.2124148547607,3,-5218.777343578122,0.0004996968133521573,12.0
Mahihkan Battery 02-21,ABWI103122706504W400,2,2023-05-01,7,False,harmonic,199.817707013246,0.1033709444625702,1.0,0.5183012887183049,False,,1052.3594419779108,1,181011.44195537386,44.29492497743251,3.0
Mahihkan Battery 02-21,ABWI103122706504W400,3,2023-12-01,10,False,exponential,285.4976237018989,0.0599754879740416,0.0,0.526937074920192,False,,2147.1237476240512,2,561434.8782236003,2342.644449783601,2.0
Mahihkan Battery 02-21,ABWI103122706504W400,4,2024-10-01,7,False,harmonic,326.4100378357568,0.4807328825002974,1.0,0.6613672425163866,False,,1000.5837354203323,3,197830.87667969105,606.1236291089766,2.0
Mahihkan Battery 02-21,ABWI103122806504W400,2,2022-10-01,9,False,harmonic,41.29601796362376,0.62154429471422,1.0,0.6818435874371279,False,,125.31732519672768,1,-149551.12077450514,-0.9866600503566607,
Mahihkan Battery 02-21,ABWI103130306604W400,3,2025-12-01,7,False,exponential,145.91161229564992,0.1845597974719969,0.0,0.6966601200233415,False,,573.3826994821973,1,19086.85869683372,0.8178963446978067,5.0
Mahihkan Battery 02-21,ABWI103130906604W400,2,2024-05-01,15,False,hyperbolic,4178.585522912199,0.3414504913564403,1.9555849722068104,0.7782895741729985,False,,28556.411224628777,1,10058608.421849666,,0.0
Mahihkan Battery 02-21,ABWI103130906604W400,3,2025-08-01,8,False,exponential,2655.2175173445303,0.4320149747875731,0.0,0.8253791747642154,False,,5952.201589720995,2,2371619.405373385,,0.0
Mahihkan Battery 02-21,ABWI103131406504W400,1,2022-08-01,7,False,exponential,229.3475247131765,0.339748752082148,0.0,0.8693521222437628,False,,612.4641028918796,1,53095.969354063185,6.0996204612895015,3.0
Mahihkan Battery 02-21,ABWI103131506504W400,1,2025-01-01,18,False,exponential,279.4998282405262,0.0557940232687669,0.0,0.8666921812252351,False,,3174.497687690899,1,897464.9389146509,1925.6006403418764,2.0
Mahihkan Battery 02-21,ABWI103132606504W400,3,2025-09-01,10,False,exponential,312.0251393707736,0.1902880515426055,0.0,0.9593285509429206,False,,1395.201673421792,1,331518.1823412703,1647.120761267123,1.0
Mahihkan Battery 02-21,ABWI103132806504W400,2,2023-10-01,21,False,exponential,292.84471025934624,0.0708071156431687,0.0,0.9002041188161753,False,,3200.863014047264,1,910910.5316602315,2868.8704200666834,1.0
Mahihkan Battery 02-21,ABWI103133406504W400,1,2024-04-01,10,False,harmonic,1455.7906355306,0.4732404102028694,1.0,0.7885484307513487,False,,5371.491817794294,1,1891288.5442440186,,0.0
Mahihkan Battery 02-21,ABWI103133406504W400,3,2025-09-01,10,False,exponential,686.4839412968174,0.0762086280082529,0.0,0.6431362388226528,False,,4804.016965727545,2,1519155.7835820518,,0.0
Mahihkan Battery 02-21,ABWI103133506504W400,1,2023-05-01,11,False,exponential,27.5489491163816,0.4795773670577561,0.0,0.6239402524273567,False,,57.15032892654091,1,-174755.00452150084,-0.9991698609131787,
Mahihkan Battery 02-21,ABWI103133506504W400,3,2025-03-01,8,False,exponential,180.6525554176404,0.17804737736586,0.0,0.81576862887676,False,,770.4527857326757,2,92737.20935416626,7.982430477872285,3.0
Mahihkan Battery 02-21,ABWI103140306604W400,1,2022-09-01,16,False,exponential,360.0273807640887,0.1102373062923758,0.0,0.5615734935729373,False,,2706.173313571781,1,774255.4580164119,55279.37677345161,1.0
Mahihkan Battery 02-21,ABWI103141006504W400,1,2022-08-01,14,False,exponential,452.5110345955571,0.0863843445427909,0.0,0.612508476876318,False,,3675.317568520887,1,1109069.7602308616,108792907.81400193,1.0
Mahihkan Battery 02-21,ABWI103141406504W400,1,2023-01-01,24,False,exponential,228.1721289897806,0.1096564062383963,0.0,0.8861664203478063,False,,1931.0741385851488,1,487151.7784363719,136.03662205033717,2.0
Mahihkan Battery 02-21,ABWI103141506504W400,3,2023-11-01,11,False,exponential,548.3139273007008,0.0625274534267135,0.0,0.7627359309262773,False,,4361.08626517174,1,1344045.9561419373,,1.0
Mahihkan Battery 02-21,ABWI103141506504W400,4,2024-10-01,12,False,exponential,579.710497264787,0.0827072152904731,0.0,0.6781719846028232,False,,4411.205836524362,2,1375627.325753049,,0.0
Mahihkan Battery 02-21,ABWI103141506504W400,5,2025-10-01,9,False,exponential,482.3144421461751,0.182443620642722,0.0,0.920903059818197,False,,2131.843823109198,3,610216.1215017956,1494516122.7798686,1.0
Mahihkan Battery 02-21,ABWI103142106604W400,2,2023-04-01,7,False,harmonic,100.5682033404353,0.9338444873119564,1.0,0.8983762015119194,False,,217.51899170205144,1,-105982.25472833302,-0.9765137640720329,
Mahihkan Battery 02-21,ABWI103142106604W400,5,2025-01-01,8,False,exponential,143.57850233156157,0.3052740554046492,0.0,0.7924264490322575,False,,429.4222932017302,2,-25802.621899553807,-0.4932001027414271,
Mahihkan Battery 02-21,ABWI103142606504W400,1,2022-08-01,16,False,harmonic,378.05138543612287,0.1074600425102023,1.0,0.8049378154191398,False,,3519.460728390536,1,1032906.9610503356,196043.9890177481,1.0
Mahihkan Battery 02-21,ABWI103142806604W400,5,2025-11-01,8,False,exponential,33.78200303368455,0.9052784317250469,0.0,0.9329442645608982,False,,37.28999116592211,1,-179970.70604911135,-0.999997910006071,
Mahihkan Battery 02-21,ABWI103142906504W400,1,2022-08-01,7,False,exponential,179.6485175925474,0.2950670419279765,0.0,0.7921925136980505,False,,531.6638819987527,1,14865.78674656833,0.769856104210626,5.0
Mahihkan Battery 02-21,ABWI103142906504W400,3,2024-12-01,19,False,harmonic,350.50341020717104,0.1159560539710292,1.0,0.9415572225012154,False,,3518.8747175023764,2,1023731.8375993915,34493.885155331074,1.0
Mahihkan Battery 02-21,ABWI103151006504W400,1,2022-06-01,10,False,harmonic,216.5055299006075,0.5575044741479751,1.0,0.8445691831515949,False,,731.3678233064774,1,89219.63689278121,6.696519695925861,4.0
Mahihkan Battery 02-21,ABWI103151006504W400,4,2024-01-01,9,False,harmonic,130.88072479732875,0.2651943762951178,1.0,0.8337420577847195,False,,602.039710221198,2,25692.613495513167,0.8228353186931863,6.0
Mahihkan Battery 02-21,ABWI103151006504W400,5,2024-10-01,14,False,exponential,302.2578001813382,0.1902371264612644,0.0,0.8758640034191165,False,,1478.0788656037323,3,360017.20606963034,1046.5122277469811,2.0
Mahihkan Battery 02-21,ABWI103151406504W400,4,2026-01-01,6,False,exponential,99.58639867226888,0.5934482290343095,0.0,0.9650710436072428,False,,163.04072625124934,1,-123842.883154526,-0.9989208189233073,
Mahihkan Battery 02-21,ABWI103151506504W400,2,2023-09-01,9,False,harmonic,190.24803520422023,0.2522672095151208,1.0,0.922496106097486,False,,893.6061167444257,1,133983.56782499596,12.963259046957974,3.0
Mahihkan Battery 02-21,ABWI103151706604W400,1,2023-07-01,6,False,harmonic,676.2130456255131,1.5808196395999166,1.0,0.9762522156124148,False,,1005.2118382069452,1,287934.75227042096,,0.0
Mahihkan Battery 02-21,ABWI103151706604W400,4,2025-01-01,6,False,exponential,877.3178790625999,0.2507511621513204,0.0,0.925017896971386,False,,2721.590905107878,2,877729.6870309659,,0.0
Mahihkan Battery 02-21,ABWI103151706604W400,6,2025-11-01,8,False,exponential,554.6080766215566,0.1570300212633946,0.0,0.776168100260814,False,,2526.260020672338,3,749350.8058026292,,1.0
Mahihkan Battery 02-21,ABWI103152106604W400,1,2023-04-01,11,False,harmonic,67.55877796142977,0.1311124578296064,1.0,0.663891131496395,False,,460.0951672427976,1,-34752.815753814524,-0.3537202958095834,
Mahihkan Battery 02-21,ABWI103152706504W400,2,2023-06-01,10,False,harmonic,388.7488297575111,0.5950705489492518,1.0,0.5726020113600379,False,,1266.611181320193,1,304270.40695395827,9971.271644796781,1.0
Mahihkan Battery 02-21,ABWI103152706504W400,4,2025-03-01,16,False,harmonic,325.0858845308711,0.0405818856527841,1.0,0.7418651855678599,False,,4008.168545202959,2,1171414.1936125867,19382.731698715794,1.0
Mahihkan Battery 02-21,ABWI103160506604W400,4,2026-01-01,6,False,exponential,238.97364784179047,0.1202617598682777,0.0,0.8700086530687619,False,,1021.3989163802552,1,178612.61433813133,120.89167407417668,2.0
Mahihkan Battery 02-21,ABWI103160906604W400,2,2023-08-01,8,False,exponential,408.5200218275387,0.1362920174838282,0.0,0.9145865795980176,False,,1989.9552367942288,1,539689.535822751,1069639.4636560646,1.0
Mahihkan Battery 02-21,ABWI103160906604W400,3,2024-04-01,6,False,exponential,340.0476476320511,0.1001020576465561,0.0,0.6373330296418205,False,,1533.8324475141458,2,362707.03953372047,18808.251924859924,1.0
Mahihkan Battery 02-21,ABWI103161006504W400,3,2024-01-01,14,False,harmonic,418.1814677749453,0.1347383447612501,1.0,0.7105476007196574,False,,3289.8385910172296,1,969586.5713632603,2767653.114628478,1.0
Mahihkan Battery 02-21,ABWI103161506504W400,1,2023-03-01,7,False,exponential,133.00169461047454,0.2970187213509663,0.0,0.82428816949387,False,,391.7979292834378,1,-41504.49329442925,-0.7169467703690008,
Mahihkan Battery 02-21,ABWI103161506504W400,4,2025-08-01,6,False,exponential,177.6510203861927,0.4281218718614676,0.0,0.922498049939566,False,,383.1552450693963,2,-34479.18674220381,-0.7584957805019412,
Mahihkan Battery 02-21,ABWI103161606504W400,2,2023-12-01,30,False,exponential,305.470104325824,0.1050430291804761,0.0,0.8792806883660371,False,,2783.592111311505,1,781483.6616144695,3378.750960224106,1.0
Mahihkan Battery 02-21,ABWI103163306504W400,3,2025-02-01,10,False,harmonic,1176.9640899104847,0.254275101074375,1.0,0.827995326736389,False,,5854.863672278483,1,1978745.4690935444,,0.0
Mahihkan Battery 02-21,ABWI103163306504W400,4,2025-12-01,7,False,harmonic,645.2305205641209,0.2830591919307037,1.0,0.7978503463269261,False,,2490.1095641790957,2,747884.1664337439,,0.0
Mahihkan Battery 02-21,ABWI104010306604W400,3,2024-05-01,8,False,harmonic,159.70508854711147,0.1032935691456849,1.0,0.5049731705091197,False,,931.261778560221,1,135715.4299311082,11.539818740441458,4.0
Mahihkan Battery 02-21,ABWI104010306604W400,4,2025-01-01,8,False,exponential,215.92491570555927,0.240421813776088,0.0,0.7376202768936804,False,,766.8832567742011,2,100963.08099978749,14.586757771878887,3.0
Mahihkan Battery 02-21,ABWI104010406604W400,2,2023-07-01,10,False,exponential,430.9549102046335,0.1121086154441685,0.0,0.5673068573506943,False,,2591.198479847529,1,745927.7499600807,9409854.905849218,1.0
Mahihkan Battery 02-21,ABWI104010406604W400,5,2025-08-01,7,False,harmonic,300.0687717706064,0.1064714354946989,1.0,0.7615725322365716,False,,1569.587622906801,2,368865.7202762731,2782.8816072395207,1.0
Mahihkan Battery 02-21,ABWI104012106504W400,1,2023-01-01,15,False,exponential,197.64740330896947,0.1074494045130112,0.0,0.7997005893329088,False,,1472.4033244620914,1,330146.5872338896,47.89878705396646,3.0
Mahihkan Battery 02-21,ABWI104012206504W400,2,2023-05-01,6,False,exponential,295.06385401731507,0.2444345639033618,0.0,0.841384230796182,False,,928.6354411459414,1,166572.96717424257,333.2391842272872,2.0
Mahihkan Battery 02-21,ABWI104013306504W400,3,2023-12-01,11,False,harmonic,1747.5903641596356,0.1812346482025268,1.0,0.8200260709456149,False,,10572.928949855928,1,3648919.774794296,,0.0
Mahihkan Battery 02-21,ABWI104013406504W400,3,2024-01-01,11,False,harmonic,538.3622846428609,0.153756131608414,1.0,0.7329657552769296,False,,3466.4975932427947,1,1052877.932440906,,1.0
Mahihkan Battery 02-21,ABWI104020906604W400,2,2024-04-01,13,False,exponential,996.8160337233448,0.1110991769862052,0.0,0.714999536656326,False,,6855.617790681869,1,2283949.5496298294,,0.0
Mahihkan Battery 02-21,ABWI104021506504W400,1,2024-03-01,28,False,exponential,346.961869094466,0.052469586952698,0.0,0.9061498898555772,False,,5090.92115333603,1,1515169.0988142162,52297.99439286064,1.0
Mahihkan Battery 02-21,ABWI104022106604W400,1,2023-04-01,7,False,exponential,44.08758110454764,0.6040799199022957,0.0,0.7472704653574673,False,,71.91941839829579,1,-166256.15540515524,-0.999917271256817,
Mahihkan Battery 02-21,ABWI104022106604W400,5,2025-03-01,8,False,exponential,355.1744448810994,0.2142937482922057,0.0,0.6704711029292951,False,,1358.9494382586483,2,326171.8637586893,11858.009551244128,1.0
Mahihkan Battery 02-21,ABWI104022106604W400,6,2025-11-01,8,False,harmonic,200.51537430599348,1.3180651320794643,1.0,0.9321903717613031,False,,372.1385944761877,3,-30725.82748058297,-0.6112036324734799,
Mahihkan Battery 02-21,ABWI104022706504W400,3,2024-06-01,22,False,exponential,418.8525149435365,0.2832330482083184,0.0,0.8194245722828918,False,,1475.9172240231926,1,388051.3982886896,421411.49939079105,1.0
Mahihkan Battery 02-21,ABWI104022806504W400,3,2024-05-01,20,False,exponential,739.8933989406713,0.1019056208670634,0.0,0.8290581691780856,False,,6314.708037913885,1,2045829.7214303038,,0.0
Mahihkan Battery 02-21,ABWI104022806504W400,4,2026-01-01,6,False,harmonic,178.74437202923457,0.7318050919934874,1.0,0.7246180510906239,False,,411.4900963425872,2,-26591.108390667152,-0.6000146586595891,
Mahihkan Battery 02-21,ABWI104030306604W400,1,2022-08-01,7,False,exponential,157.94412887145,0.231174891089015,0.0,0.8307392944151512,False,,547.7741827348243,1,14349.220390022976,0.6576733486674142,5.0
Mahihkan Battery 02-21,ABWI104030306604W400,4,2024-09-01,8,False,harmonic,82.39632191487655,0.2573433765272505,1.0,0.8014675104022875,False,,357.96347550829995,2,-65354.22317652794,-0.7704146601323494,
Mahihkan Battery 02-21,ABWI104030306604W400,5,2025-05-01,7,False,harmonic,63.11645586686601,0.7242392384926541,1.0,0.8161769414562918,False,,157.15555696256314,3,-134526.59813516698,-0.9922750965293212,
Mahihkan Battery 02-21,ABWI104030906604W400,5,2024-10-01,10,False,harmonic,656.7337610881377,0.2530232592079079,1.0,0.7793311967218717,False,,3273.928918883021,1,1017962.0867138909,,0.0
Mahihkan Battery 02-21,ABWI104030906604W400,7,2025-12-01,7,False,hyperbolic,653.6298166044202,0.5204050936484266,0.6873375331150123,0.9949414494558888,False,,1746.1748223287327,2,516325.1259387381,,0.0
Mahihkan Battery 02-21,ABWI104031006604W400,1,2023-02-01,13,False,harmonic,516.9197602638651,0.5112926375019615,1.0,0.5451324408171799,False,,2056.67653958399,1,594248.6307331517,89371583650.71027,1.0
Mahihkan Battery 02-21,ABWI104031006604W400,3,2024-11-01,6,False,exponential,281.01549731933545,0.7853409203572812,0.0,0.8882036093999984,False,,354.61056328093264,2,-19270.995913962757,-0.7366542119016275,
Mahihkan Battery 02-21,ABWI104031006604W400,4,2025-05-01,9,False,harmonic,106.27528579630082,0.1571307421979412,1.0,0.9022561622495644,False,,596.1061784282583,3,17462.40026953201,0.5077042225457975,7.0
Mahihkan Battery 02-21,ABWI104031506504W400,1,2023-07-01,15,False,exponential,458.7120464235207,0.0559807570014361,0.0,0.6594599227144736,False,,4655.600850496884,1,1422819.874725197,313404801.3935349,1.0
Mahihkan Battery 02-21,ABWI104031506504W400,2,2024-10-01,19,False,exponential,168.21758906800466,0.1419825602394649,0.0,0.8928706579515064,False,,1104.9670636300943,2,204355.33314584589,11.801901510152124,4.0
Mahihkan Battery 02-21,ABWI104032806604W400,1,2022-08-01,6,False,exponential,147.2126819717726,0.7565056846672004,0.0,0.8645100218703187,False,,192.51660062528023,1,-103137.23717706693,-0.9986773503720713,
Mahihkan Battery 02-21,ABWI104033306604W400,1,2022-09-01,18,False,harmonic,230.63290632979283,0.1765639131452689,1.0,0.9242298012222644,False,,1867.7359433427264,1,462168.2665066276,106.87572218464658,2.0
Mahihkan Battery 02-21,ABWI104033506504W402,1,2024-07-01,9,False,harmonic,155.8715849738743,0.6429336187437499,1.0,0.9169181410537868,False,,464.24974647495446,1,-12391.351606891281,-0.1883096183221452,
Mahihkan Battery 02-21,ABWI104040306604W400,2,2024-03-01,11,False,harmonic,1181.9022384765692,0.156842998107979,1.0,0.75341403696734,False,,7554.931272772577,1,2532807.562302324,,0.0
Mahihkan Battery 02-21,ABWI104040306604W400,3,2025-02-01,17,False,hyperbolic,1005.9266895712608,0.6036774074667052,1.4601569113454695,0.9364632844266908,False,,5052.2875132295785,2,1683268.6772453254,,0.0
Mahihkan Battery 02-21,ABWI104042206504W400,2,2023-05-01,11,False,exponential,185.14440312705767,0.097586741403373,0.0,0.7069358458807459,False,,1248.707311048115,1,251020.1808320906,33.32772415840635,3.0
Mahihkan Battery 02-21,ABWI104042606504W400,2,2024-03-01,8,False,exponential,11.168746301085458,0.4977315580593817,0.0,0.8105893456652136,False,,22.020780480750823,1,-190178.3229101937,-0.9999813614078199,
Mahihkan Battery 02-21,ABWI104042706504W400,1,2022-06-01,6,False,harmonic,316.6488588317522,0.3921297790866438,1.0,0.6212671311868898,False,,976.917519278354,1,184115.24787743826,594.0330697151234,2.0
Mahihkan Battery 02-21,ABWI104042706504W400,2,2022-12-01,7,False,exponential,230.2211800223714,0.1912414519825976,0.0,0.8074487327580523,False,,888.1952507288216,2,140541.4318542643,42.67949915558844,2.0
Mahihkan Battery 02-21,ABWI104042806504W400,2,2023-01-01,9,False,exponential,153.0803870311669,0.0864209201244651,0.0,0.6298968055236276,False,,957.5464209709124,1,145605.920083485,10.549954400283408,4.0
Mahihkan Battery 02-21,ABWI104043306504W400,1,2023-10-01,16,False,exponential,155.74022392219288,0.1230859148960853,0.0,0.8247265370863964,False,,1088.7321714827362,1,195150.66184498067,9.83006128639436,4.0
Mahihkan Battery 02-21,ABWI104051006604W400,1,2022-11-01,7,False,exponential,2240.535184362201,0.2035096119623849,0.0,0.9741083635713638,False,,8360.46153661893,1,3025682.058251386,,0.0
Mahihkan Battery 02-21,ABWI104051006604W400,2,2023-06-01,11,False,exponential,1302.944738046932,0.1176126882088944,0.0,0.7624084792070407,False,,8040.126226534611,2,2737040.829321819,,0.0
Mahihkan Battery 02-21,ABWI104051006604W400,6,2025-12-01,7,False,exponential,837.7863420233213,0.2990302122882563,0.0,0.8185361814249468,False,,2456.2574952315363,3,794640.7139394365,,0.0
Mahihkan Battery 02-21,ABWI104052206504W400,1,2022-08-01,16,False,exponential,184.6731071085907,0.2333893456825481,0.0,0.844131211339258,False,,772.3616337434413,1,99527.7887183422,6.095516724581928,4.0
Mahihkan Battery 02-21,ABWI104052206504W400,3,2024-06-01,13,False,exponential,84.10980668319355,0.0433114662529886,0.0,0.5114593370157143,False,,836.0785894508482,2,90886.06264326579,1.8252384934483468,7.0
Mahihkan Battery 02-21,ABWI104052606504W400,5,2025-10-01,9,False,harmonic,117.4674211818247,1.8057676023750728,1.0,0.9552635915463008,False,,185.2609068483765,1,-110552.17702755891,-0.9701052493157781,
Mahihkan Battery 02-21,ABWI104061506504W400,5,2024-12-01,8,False,exponential,288.9152148140265,0.3260016739994276,0.0,0.821481588813757,False,,820.939705895657,1,136519.18957637562,107.35978382751516,2.0
Mahihkan Battery 02-21,ABWI104062206504W400,2,2025-12-01,7,False,harmonic,206.4025061402752,0.3350175171634295,1.0,0.7412457930388364,False,,743.9363763932347,1,86658.76916940871,9.7309968456321,3.0
Mahihkan Battery 02-21,ABWI104062706504W400,1,2022-08-01,9,False,harmonic,77.94817110368373,0.291853274425529,1.0,0.6691526472583574,False,,344.08382705773084,1,-70222.57104138465,-0.763607832691134,
Mahihkan Battery 02-21,ABWI104063306604W400,1,2022-08-01,25,False,exponential,231.89587748819253,0.0758495207778722,0.0,0.9061943556595832,False,,2598.3131032164247,1,698759.1744821644,234.13444745855014,2.0
Mahihkan Battery 02-21,ABWI104063406504W400,1,2024-03-01,28,False,exponential,514.2151906730685,0.0320825476482635,0.0,0.6882090602923181,False,,9500.416267531918,1,2937867.0082378527,,1.0
Mahihkan Battery 02-21,ABWI104063506504W400,1,2022-08-01,11,False,exponential,282.8557496558252,0.1225826123968681,0.0,0.9451857731595704,False,,1708.3285375331773,1,425795.69106633565,990.64771045594,2.0
Mahihkan Battery 02-21,ABWI104063506504W400,2,2023-07-01,6,False,harmonic,136.49174417395977,0.3805841261781401,1.0,0.8249983113096793,False,,426.3882178429024,2,-32787.471515559366,-0.6276815147561514,
Mahihkan Battery 02-21,ABWI104063506504W400,4,2024-10-01,17,False,harmonic,376.9282370203901,0.2002725515359491,1.0,0.8831324025203983,False,,2790.4737567189145,3,798189.7786320923,76730.04283452366,1.0
Mahihkan Battery 02-21,ABWI104071506504W400,3,2024-06-01,17,False,exponential,590.1134944702285,0.0863225507402297,0.0,0.8950526139448264,False,,5260.380587535052,1,1661057.1341294083,,0.0
Mahihkan Battery 02-21,ABWI104072106604W400,2,2023-07-01,12,False,harmonic,888.4976215581443,1.069469379901674,1.0,0.9270008860634366,False,,2182.55389615948,1,726885.4690210083,,0.0
Mahihkan Battery 02-21,ABWI104072206504W400,2,2024-01-01,7,False,harmonic,503.3683459715161,0.8072322892455067,1.0,0.9303299189920948,False,,1181.4908168076222,1,299600.3986818333,579624502.8766229,1.0
Mahihkan Battery 02-21,ABWI104072206504W400,3,2024-08-01,8,False,exponential,140.0645762569285,0.3683223751477704,0.0,0.6396639583604802,False,,360.3053314071914,2,-49143.920563930915,-0.7910382744773311,
Mahihkan Battery 02-21,ABWI104072206504W400,4,2025-04-01,8,False,harmonic,102.3507946312705,1.336149492989484,1.0,0.9231879319019548,False,,188.33694653293935,3,-114097.12608707965,-0.9784756792192979,
Mahihkan Battery 02-21,ABWI104072606504W400,5,2025-05-01,10,False,harmonic,115.21397811815608,0.3691945368163402,1.0,0.7262518496070033,False,,482.41021399415945,1,-15977.51226795392,-0.19441261754747918,
Mahihkan Battery 02-21,ABWI104073406504W400,1,2022-07-01,8,False,harmonic,17.779524523495418,0.676665088022317,1.0,0.5001810901619406,False,,48.82927073010642,1,-180002.28526362337,-0.9992404060510403,
Mahihkan Battery 02-21,ABWI104073406504W400,2,2023-03-01,7,False,exponential,16.720142076335442,0.5649022831733196,0.0,0.9711753236651272,False,,29.03083898656262,2,-186626.14135325578,-0.9999922456543874,
Mahihkan Battery 02-21,ABWI104073506504W400,4,2025-06-01,13,False,exponential,275.27815724974295,0.1258661282976192,0.0,0.8124327668945069,False,,1761.2330629733024,1,443704.94375473633,693.6770145045199,2.0
Mahihkan Battery 02-21,ABWI104080406604W400,1,2023-12-01,7,False,harmonic,483.78486300938977,0.2153696460655479,1.0,0.7971572448134608,False,,2065.071202400188,1,572788.511919733,1702955019.7454867,1.0
Mahihkan Battery 02-21,ABWI104080406604W400,2,2024-07-01,11,False,exponential,484.8085071216684,0.0697521153497685,0.0,0.6588961764743423,False,,3723.5131797230406,2,1123767.9373965748,8422886287.62016,1.0
Mahihkan Battery 02-21,ABWI104080806604W400,1,2022-09-01,17,False,harmonic,1248.7333510832518,0.1150062359566761,1.0,0.5755602172608298,False,,11764.976809301896,1,3916830.515179137,,0.0
Mahihkan Battery 02-21,ABWI104080806604W400,5,2025-12-01,7,False,exponential,776.115233745553,0.2449928586098944,0.0,0.8876940607655219,False,,2597.772318019016,2,823690.3981110556,,0.0
Mahihkan Battery 02-21,ABWI104082106504W400,2,2024-05-01,14,False,exponential,40.45457179122416,0.4242164632061997,0.0,0.8134887827730168,False,,95.1117987549818,1,-159139.929334413,-0.9937772385029395,
Mahihkan Battery 02-21,ABWI104082206504W400,2,2023-10-01,17,False,exponential,384.49749120552974,0.0686609798717237,0.0,0.6106437999075803,False,,3857.0955597823863,1,1148609.614234366,425415.3265362684,1.0
Mahihkan Battery 02-21,ABWI104082206504W400,4,2025-08-01,11,False,harmonic,580.9742680161221,0.5170348603548912,1.0,0.8025023142708246,False,,2135.2147964912247,2,633546.8086417761,,0.0
Mahihkan Battery 02-21,ABWI104082706504W400,1,2023-01-01,10,False,exponential,458.1969721154276,0.1372596737021751,0.0,0.9167467674452884,False,,2492.122209014875,1,722431.4997398227,111387662.4919584,1.0
Mahihkan Battery 02-21,ABWI104082706504W400,3,2024-04-01,11,False,harmonic,243.89149786988835,0.1830210904037169,1.0,0.6434212297963846,False,,1469.860956136814,2,335324.16561367305,157.8694827511994,2.0
Mahihkan Battery 02-21,ABWI104082706504W400,4,2025-03-01,6,False,exponential,178.95150466544865,0.2964224536682405,0.0,0.7770130294812184,False,,501.74742493995865,3,3253.672596197137,0.2372297530950589,5.0
Mahihkan Battery 02-21,ABWI104082706504W400,6,2026-01-01,6,False,exponential,180.01402300229313,0.3613186617170663,0.0,0.8765697015701411,False,,441.2102291702395,4,-15474.080348647763,-0.4068546646649345,
Mahihkan Battery 02-21,ABWI104082806504W400,2,2023-06-01,9,False,exponential,274.1402313283821,0.1083014006477857,0.0,0.8484847536269107,False,,1576.2207079868583,1,375698.56519071845,795.3920515625776,2.0
Mahihkan Battery 02-21,ABWI104090406604W400,1,2023-07-01,8,False,exponential,525.2371171682216,0.1400380577007918,0.0,0.889074084662995,False,,2527.277464432777,1,741276.9218012973,,1.0
Mahihkan Battery 02-21,ABWI104091006504W400,5,2024-12-01,11,False,harmonic,399.3771459732674,0.3634665675662032,1.0,0.8304119345506544,False,,1768.0402042112753,1,470321.81952352653,93075.80597123683,1.0
Mahihkan Battery 02-21,ABWI104091506504W400,3,2024-07-01,24,False,exponential,114.85502731742736,0.0740940880591434,0.0,0.7237245108736226,False,,1288.2582525830194,1,245718.29901489173,5.269453299848297,5.0
Mahihkan Battery 02-21,ABWI104091606504W400,1,2022-09-01,10,False,exponential,152.9153873544805,0.6805332449751637,0.0,0.8351242781810446,False,,224.45043044471305,1,-90954.67078855983,-0.9898269743916942,
Mahihkan Battery 02-21,ABWI104091606504W400,5,2025-06-01,7,False,harmonic,30.843801430232755,1.3192206007810967,1.0,0.6810836853944252,False,,54.37721898539874,2,-174984.25848093466,-0.9997462280872051,
Mahihkan Battery 02-21,ABWI104092106504W400,1,2022-06-01,13,False,exponential,61.58040466921965,0.0893103255376839,0.0,0.5741943302105087,False,,473.5819028503474,1,-30614.06322441584,-0.26788870493517425,
Mahihkan Battery 02-21,ABWI104092106504W400,7,2025-10-01,9,False,harmonic,119.91154867314512,0.0859518515242994,1.0,0.5893125274959083,False,,799.3827570321744,2,85345.27089462626,3.25727127161265,5.0
Mahihkan Battery 02-21,ABWI104101506504W400,1,2022-09-01,10,False,exponential,54.27334672919558,0.4000173043741621,0.0,0.9758008508603426,False,,133.19290722185997,1,-143418.73341710964,-0.992532443871958,
Mahihkan Battery 02-21,ABWI104101506504W400,3,2024-08-01,23,False,harmonic,349.71798170580115,0.424300958381538,1.0,0.8726444683355642,False,,1958.1322207453336,2,518807.96275092376,2965.5957816385258,1.0
Mahihkan Battery 02-21,ABWI104102206604W400,3,2023-11-01,8,False,exponential,655.2145516360355,0.4808901045324572,0.0,0.8622599786493987,False,,1333.4263924200118,1,389933.04152650764,,0.0
Mahihkan Battery 02-21,ABWI104102206604W400,5,2024-12-01,15,False,exponential,1552.6206549235176,0.0990592278702058,0.0,0.8913931345552546,False,,12126.691893591773,2,4143545.2846334777,,0.0
Mahihkan Battery 02-21,ABWI104102706504W400,1,2022-06-01,8,False,exponential,129.36426238207503,0.2202611530891595,0.0,0.8108943653024119,False,,486.4873091536645,1,-11054.065024906151,-0.17047154444788815,
Mahihkan Battery 02-21,ABWI104102706504W400,3,2023-08-01,35,False,harmonic,147.69213901894696,0.0360747171365459,1.0,0.6733500382427811,False,,3342.888932099036,2,873909.2306066003,25.074570615598248,4.0
Mahihkan Battery 02-21,ABWI104102806504W400,4,2024-01-01,7,False,harmonic,233.18355691263136,1.135309700850198,1.0,0.9265225238262248,False,,450.0831505795533,1,1130.039399311774,0.14768767817509176,6.0
Mahihkan Battery 02-21,ABWI104111506504W400,1,2023-04-01,11,False,exponential,103.20085225506269,0.2365175547183656,0.0,0.8039869177415597,False,,403.9815252043675,1,-42437.7416017812,-0.5627089775485066,
Mahihkan Battery 02-21,ABWI104112206504W400,1,2022-09-01,8,False,exponential,278.60774083528406,0.2904499199718311,0.0,0.8133781850606381,False,,865.3000549290471,1,148385.52075568459,104.48133876600825,2.0
Mahihkan Battery 02-21,ABWI104112206504W400,4,2024-12-01,6,False,harmonic,85.42750782913963,0.6961440550246076,1.0,0.803829743237476,False,,201.76839451498387,2,-115542.98405292629,-0.9903432761123624,
Mahihkan Battery 02-21,ABWI104112706504W400,1,2022-08-01,12,False,exponential,94.3838189589084,0.602859983596704,0.0,0.7930845768556808,False,,156.44715728918175,1,-126692.58834526819,-0.9955716631143285,
Mahihkan Battery 02-21,ABWI104112706504W400,4,2025-11-01,8,False,exponential,388.42078816345537,0.1206753186753727,0.0,0.9324732802386918,False,,1992.939020823504,2,534707.2013980225,296877.0245291275,1.0
Mahihkan Battery 02-21,ABWI104112806504W400,2,2023-05-01,8,False,harmonic,290.8693146169681,0.2343688440268548,1.0,0.8583958391478609,False,,1310.619320146061,1,290218.91314488865,648.3053521476869,2.0
Mahihkan Battery 02-21,ABWI104112806504W400,4,2024-08-01,23,False,harmonic,450.5428290012142,0.0595087307178373,1.0,0.5485756380319607,False,,6528.820716295995,2,2000081.9737330691,125178104.60342513,1.0
Mahihkan Battery 02-21,ABWI104112806604W400,2,2024-01-01,7,False,exponential,174.79478509356213,0.1538899689290552,0.0,0.5363456670730113,False,,749.0455173637671,1,81718.0642595563,7.0001254684338345,3.0
Mahihkan Battery 02-21,ABWI104113506504W400,1,2022-05-01,7,False,exponential,71.4548371912659,1.1835892604838345,0.0,0.92522049289608,False,,60.35608443157883,1,-163549.91776765115,-0.9999995720989713,
Mahihkan Battery 02-21,ABWI104120306604W400,1,2023-01-01,6,False,exponential,587.3553945474961,0.189543713012119,0.0,0.8128927037534192,False,,2105.0183191508067,1,608308.0619791015,,0.0
Mahihkan Battery 02-21,ABWI104120306604W400,2,2023-07-01,8,False,harmonic,294.34721816429726,0.2910159832960045,1.0,0.7299647819903601,False,,1216.173826553634,2,261103.83349226753,498.81203672545985,2.0
Mahihkan Battery 02-21,ABWI104120406604W400,1,2023-10-01,14,False,harmonic,2428.8512171562265,0.8058601773464589,1.0,0.9518513200345,False,,7559.493291477859,1,2850775.4823482293,,0.0
Mahihkan Battery 02-21,ABWI104121006604W400,1,2022-11-01,25,False,exponential,2959.93064912424,0.1527452326649813,0.0,0.6989737020232238,False,,18952.715585840164,1,6756114.574067929,,0.0
Mahihkan Battery 02-21,ABWI104121006604W400,2,2024-12-01,9,False,hyperbolic,2330.4764845673853,0.9619641878430992,1.555260063533117,0.9671204665682034,False,,6962.173336615391,2,2612778.730466575,,0.0
Mahihkan Battery 02-21,ABWI104121506504W400,6,2026-01-01,6,False,harmonic,187.5638861257893,0.3626840189941975,1.0,0.5728653734696221,False,,597.6530321161091,1,33412.00468731667,2.1674566056687214,4.0
Mahihkan Battery 02-21,ABWI104122206504W400,2,2024-07-01,6,False,harmonic,93.99925638715062,0.2800492993529784,1.0,0.5563918058649477,False,,330.9289475714038,1,-73310.94259610784,-0.9024784610757451,
Mahihkan Battery 02-21,ABWI104122606504W400,1,2022-11-01,8,False,exponential,26.2404526793967,0.3309422992123532,0.0,0.7038012318707402,False,,73.67436463138067,1,-169724.33221793326,-0.9989413070169175,
Mahihkan Battery 02-21,ABWI104122706504W400,4,2025-03-01,16,False,harmonic,285.6353658507071,0.1192807195875887,1.0,0.7297864262097234,False,,2556.6092412290445,1,698717.7484158275,1419.948713850608,2.0
Mahihkan Battery 02-21,ABWI104131406504W400,1,2023-08-01,6,False,harmonic,45.12904234469707,1.6061047313579302,1.0,0.8903236147515066,False,,66.43324876053472,1,-167630.22748369735,-0.9998941312107241,
Mahihkan Battery 02-21,ABWI104131506504W400,2,2024-10-01,21,False,exponential,311.93285927625874,0.0360107930684641,0.0,0.5600473578269592,False,,4595.867570077189,1,1353101.0294401585,10497.052077639686,1.0
Mahihkan Battery 02-21,ABWI104132606504W400,3,2024-01-01,30,False,exponential,467.1853821352104,0.0444091931419463,0.0,0.8515021768526485,False,,7744.035066198431,1,2377343.555381381,995635883.5617323,1.0
Mahihkan Battery 02-21,ABWI104132806504W400,1,2022-11-01,8,False,exponential,144.51876031338736,0.3202099414449563,0.0,0.8552783622471596,False,,416.49401142850553,1,-29768.119794415426,-0.5614749896897544,
Mahihkan Battery 02-21,ABWI104133506504W400,3,2025-09-01,10,False,harmonic,130.84579585375607,0.090713931564782,1.0,0.7244847469753941,False,,931.2199052222776,1,131632.76594025857,5.923239474970432,5.0
Mahihkan Battery 02-21,ABWI104141406504W400,1,2022-08-01,19,False,harmonic,525.5431337645665,0.0665555600853476,1.0,0.6734252278814141,False,,6454.271990228815,1,2008804.0947404872,,1.0
Mahihkan Battery 02-21,ABWI104141506504W400,1,2022-05-01,10,False,harmonic,419.0008150980496,0.2670053492454397,1.0,0.5188061946604703,False,,2040.361643963932,1,561479.6833934811,888761.6837569429,1.0
Mahihkan Battery 02-21,ABWI104141506504W400,4,2025-03-01,16,False,exponential,253.29028620518812,0.0571971603913021,0.0,0.7251431571479248,False,,2655.009328802279,2,723638.2834797918,654.1822226376919,2.0
Mahihkan Battery 02-21,ABWI104142106504W400,1,2023-01-01,7,False,harmonic,263.3644656288531,0.5203769236894021,1.0,0.6967460595684996,False,,777.0116740537084,1,111420.18263346252,31.748972329583275,2.0
Mahihkan Battery 02-21,ABWI104142106504W400,3,2024-03-01,22,False,hyperbolic,537.9530310065048,0.256745405338579,0.5709397253225562,0.8829312682124996,False,,3229.8378159295835,2,983091.8871167325,,1.0
Mahihkan Battery 02-21,ABWI104142106604W400,3,2024-11-01,10,False,exponential,296.507736520629,0.2792293494650157,0.0,0.8679467470885897,False,,996.8063632821662,1,198096.91097856654,274.11926951296294,2.0
Mahihkan Battery 02-21,ABWI104142106604W400,5,2026-01-01,6,False,harmonic,135.22188793438136,0.3452244855492443,1.0,0.8461138353272474,False,,439.52464935173816,2,-29044.03817245938,-0.5702840426072205,
Mahihkan Battery 02-21,ABWI104142206504W400,1,2022-11-01,7,False,exponential,31.645875921772745,0.2835279504346126,0.0,0.8268947104273137,False,,96.2763023986484,1,-161315.72022100867,-0.9986203012005287,
Mahihkan Battery 02-21,ABWI104142806604W400,1,2023-12-01,13,False,exponential,98.59703512955366,0.1214614486754855,0.0,0.7745595674170265,False,,644.3868368906881,1,34905.79868596043,0.7754679808570746,8.0
Mahihkan Battery 02-21,ABWI104151006504W400,3,2024-01-01,8,False,harmonic,140.4804249064976,1.1315313008018348,1.0,0.8372243498803804,False,,286.5145992595196,1,-73371.90663271083,-0.8965534343841567,
Mahihkan Battery 02-21,ABWI104151006504W400,5,2025-01-01,12,False,harmonic,204.8440223604308,0.1302305616013708,1.0,0.6177836665875556,False,,1480.268016010972,2,329474.12461396673,61.364100943978166,3.0
Mahihkan Battery 02-21,ABWI104151406504W400,1,2023-03-01,10,False,exponential,232.09577707702948,0.1353982821435355,0.0,0.8197992128732583,False,,1271.5550647053667,1,270172.1036576762,110.05254791677817,2.0
Mahihkan Battery 02-21,ABWI104151406504W400,2,2024-01-01,9,False,harmonic,99.05659769478127,0.3707647293917546,1.0,0.6700336594258942,False,,391.97757774148494,2,-49617.77714903936,-0.6343758783369711,
Mahihkan Battery 02-21,ABWI104151406504W400,3,2024-10-01,8,False,exponential,174.97169885207697,0.4478144814122816,0.0,0.8356290051866859,False,,379.8593014945137,3,-34614.30894771935,-0.7129556180348762,
Mahihkan Battery 02-21,ABWI104151406504W400,4,2025-06-01,7,False,harmonic,61.45635143315671,0.5158823756301306,1.0,0.8315048066554965,False,,182.0860654396953,4,-127086.81834887293,-0.9860161322242824,
Mahihkan Battery 02-21,ABWI104151506504W400,1,2023-10-01,10,False,hyperbolic,154.12562045021846,0.630140790105854,0.4556732005803054,0.9602880716945664,False,,360.14784093724387,1,-45839.075930770276,-0.7044384422998603,
Mahihkan Battery 02-21,ABWI104151506504W400,4,2026-01-01,6,False,harmonic,147.20137467628606,1.6206134351001409,1.0,0.7264911840722796,False,,215.49158297539608,2,-94772.90761694135,-0.9877922236824328,
Mahihkan Battery 02-21,ABWI104151606504W400,2,2022-10-01,9,False,exponential,185.9710931846104,0.5097127475535566,0.0,0.8631097266822614,False,,361.1407959315268,1,-38053.78543735615,-0.7740322069676631,
Mahihkan Battery 02-21,ABWI104151706604W400,4,2025-11-01,8,False,exponential,744.067152858689,0.1290144333350003,0.0,0.6633416832005319,False,,3712.695861619953,1,1174757.2076758347,,0.0
Mahihkan Battery 02-21,ABWI104152106504W400,2,2022-12-01,13,False,harmonic,18.954740189539088,0.3967127976134555,1.0,0.6866670526253584,False,,86.84559644704683,1,-167158.60615816517,-0.9692841125941315,
Mahihkan Battery 02-21,ABWI104152106504W400,5,2025-04-01,8,False,exponential,12.087718884290886,0.2509109926935101,0.0,0.7046076646162361,False,,41.70284800995586,2,-183545.25981176048,-0.9995692096994707,
Mahihkan Battery 02-21,ABWI104152706504W400,4,2025-05-01,14,False,harmonic,398.23724906948974,0.0934189588057727,1.0,0.728071432894569,False,,3565.175530756791,1,1052139.779400951,898779.0055629719,1.0
Mahihkan Battery 02-21,ABWI104152906504W400,2,2024-07-01,8,False,harmonic,377.5401482496133,0.0885073474637741,1.0,0.5492544500838737,False,,2283.640388659424,1,619169.7529801822,228928.32508065444,1.0
Mahihkan Battery 02-21,ABWI104152906504W400,4,2025-10-01,9,False,harmonic,406.4413727198113,0.07688261469395,1.0,0.5336155776473768,False,,2780.0632331202387,2,789251.4266092443,1967721.322727304,1.0
Mahihkan Battery 02-21,ABWI104160506604W400,2,2023-12-01,15,False,exponential,559.1141813287016,0.1868921058957581,0.0,0.9625892358369748,False,,2810.3337456472527,1,861626.0345442422,,1.0
Mahihkan Battery 02-21,ABWI104160506604W400,5,2026-01-01,6,False,exponential,291.5416167145478,0.2175163166196527,0.0,0.8170616109674658,False,,976.898101833638,2,180451.11249277048,389.83631791279004,2.0
Mahihkan Battery 02-21,ABWI104160906604W400,4,2024-05-01,26,False,exponential,461.28684994439055,0.0856735257364116,0.0,0.8062286306680555,False,,4803.838958198603,1,1472893.3280480641,296252945.1736797,1.0
Mahihkan Battery 02-21,ABWI104161506504W400,3,2024-09-01,22,False,hyperbolic,169.12076438929589,0.4285598740545072,1.9645866634017783,0.806552639695386,False,,1350.7662697567157,1,275164.8907364927,8.313480145023828,4.0
Mahihkan Battery 02-21,ABWI104161606504W400,1,2022-09-01,8,False,exponential,235.56264762402884,0.1717954387395334,0.0,0.827544740104363,False,,1024.2714426176394,1,187906.0888115118,74.22716900956921,2.0
Mahihkan Battery 02-21,ABWI104161606504W400,4,2024-10-01,21,False,harmonic,219.74273833955965,0.1665378880035043,1.0,0.9405050289922556,False,,1983.800755195363,2,495046.8269208546,79.54175401989599,2.0
Mahihkan Battery 02-21,ABWI104163306504W400,1,2023-06-01,7,False,harmonic,285.21461453776,1.2822270577594794,1.0,0.6618335692483539,False,,511.63624941072607,1,34024.76653286303,3.449510323996779,4.0
Mahihkan Battery 02-21,ABWI104163306504W400,4,2025-11-01,8,False,harmonic,461.5211527680887,0.9157657170848652,1.0,0.6793874440898917,False,,1068.1193949799538,2,255876.49075242295,706221.7610293296,1.0
Mahihkan Battery 02-21,ABWI105010406604W400,2,2025-06-01,13,False,harmonic,567.3105972493121,0.0717481362343918,1.0,0.6581052992193495,False,,5210.152376026374,1,1623198.3066059258,,0.0
Mahihkan Battery 02-21,ABWI105011506504W400,3,2024-03-01,8,False,exponential,29.589812742234333,1.3008137134387483,0.0,0.9907944463455552,False,,22.74646845122746,1,-185597.69568331097,-0.9999999872510351,
Mahihkan Battery 02-21,ABWI105012106504W400,4,2025-02-01,7,False,exponential,98.00335920963202,0.1699369692346692,0.0,0.8329788272299333,False,,401.1810737039292,1,-47859.64041215361,-0.7019635524666614,
Mahihkan Battery 02-21,ABWI105012206504W400,1,2023-03-01,6,False,exponential,228.45301681790147,0.3262948787900301,0.0,0.7909908010388207,False,,601.3015664230335,1,47199.986241441846,5.613045200406239,3.0
Mahihkan Battery 02-21,ABWI105012206504W400,4,2025-11-01,8,False,exponential,203.1031721303161,0.1194840573986539,0.0,0.7086672991402364,False,,1046.2882354116475,2,185476.2189904749,40.25529438911661,3.0
Mahihkan Battery 02-21,ABWI105013406504W400,1,2024-01-01,30,False,harmonic,310.40573185741204,0.0251348576636943,1.0,0.5572234132738839,False,,6939.555117686635,1,2048572.9003291286,11225.993467471515,1.0
Mahihkan Battery 02-21,ABWI105021506504W400,1,2022-08-01,14,False,exponential,154.94358279056442,0.1640302705559577,0.0,0.8838501891449385,False,,849.5594372179113,1,117016.46639145567,5.301730988079848,4.0
Mahihkan Battery 02-21,ABWI105021506504W400,3,2025-04-01,15,False,harmonic,266.43728801417853,0.105696436425578,1.0,0.6585762633371993,False,,2394.482908314984,2,641236.0493489262,728.0334867038514,2.0
Mahihkan Battery 02-21,ABWI105022206504W400,2,2023-03-01,6,False,harmonic,179.19985667671514,0.3957287294237265,1.0,0.9401775592284144,False,,550.7422737419228,1,16723.117790174645,0.891635588092514,5.0
Mahihkan Battery 02-21,ABWI105022706504W400,3,2024-05-01,6,False,harmonic,374.2394343577423,0.6809360578982042,1.0,0.958812925430441,False,,893.8711400140784,1,173074.31867729177,2337.3099519942607,1.0
Mahihkan Battery 02-21,ABWI105022706504W400,6,2025-10-01,9,False,harmonic,227.06730984295285,0.3151078227457898,1.0,0.8282840424736957,False,,968.793426018283,2,167288.2521926351,32.27210476732844,3.0
Mahihkan Battery 02-21,ABWI105022806604W400,3,2025-12-01,7,False,exponential,78.83594040660039,0.1851385345515087,0.0,0.6975608724996962,False,,309.3028381016856,1,-81781.68361981955,-0.8998629000345411,
Mahihkan Battery 02-21,ABWI105023506504W400,2,2025-09-01,10,False,harmonic,155.35743183293644,0.4278547680989234,1.0,0.5849182460518908,False,,604.084764302954,1,33146.63672938982,1.1220507603456649,6.0
Mahihkan Battery 02-21,ABWI105030906604W400,4,2026-01-01,6,False,harmonic,268.0269327782872,0.2104402951088102,1.0,0.9574449641221914,False,,1039.9759718819223,1,190877.8943639805,236.1529098276118,2.0
Mahihkan Battery 02-21,ABWI105031506504W400,2,2023-06-01,25,False,exponential,123.37133695996263,0.0354596104767074,0.0,0.6542015659270619,False,,2045.4274580829508,1,483219.4885719481,11.62541115507003,4.0
Mahihkan Battery 02-21,ABWI105032206504W400,1,2023-03-01,9,False,harmonic,107.97041884802309,0.602547511618637,1.0,0.5265393221348014,False,,333.27061156217184,1,-66294.3690381285,-0.7875821350105308,
Mahihkan Battery 02-21,ABWI105032206504W400,5,2025-03-01,7,False,exponential,98.35855053607608,0.1555420608613069,0.0,0.6336687462369142,False,,419.493551104718,2,-42092.520206092166,-0.6400726667559253,
Mahihkan Battery 02-21,ABWI105032306504W400,1,2024-02-01,23,False,exponential,379.4282878455559,0.0976328811169831,0.0,0.7905419593911766,False,,3474.8409536354047,1,1026665.4165380504,214721.642836481,1.0
Mahihkan Battery 02-21,ABWI105033406504W400,1,2022-08-01,14,False,exponential,586.3927710255501,0.0654135888023997,0.0,0.7061589440160139,False,,5376.837542541779,1,1690575.0924710734,,0.0
Mahihkan Battery 02-21,ABWI105033406504W400,2,2023-10-01,6,False,exponential,368.9108729421544,0.1897492552463878,0.0,0.5526499949476982,False,,1321.4730156066769,2,307486.4896089912,35035.39884916791,1.0
Mahihkan Battery 02-21,ABWI105040306604W400,4,2025-03-01,8,False,harmonic,429.0396268219969,0.2736183946822899,1.0,0.6252823163053083,False,,1818.4205641774288,1,486646.1758367635,1969549.3832606755,1.0
Mahihkan Battery 02-21,ABWI105042206504W400,1,2022-08-01,9,False,exponential,66.18171136756943,1.0690757978107797,0.0,0.972541878337526,False,,61.90143415614446,1,-164346.61307479296,-0.9999968172180176,
Mahihkan Battery 02-21,ABWI105042206504W400,3,2024-02-01,29,False,hyperbolic,153.09276243753138,0.1465711219934264,1.871881515507674,0.9231608914258296,False,,2128.120837155635,2,510438.5047317724,14.418110693844852,4.0
Mahihkan Battery 02-21,ABWI105042306504W400,1,2022-10-01,9,False,harmonic,99.44737227961396,0.4882246423962323,1.0,0.688133792653314,False,,343.2800663043454,1,-65178.98815100627,-0.7662779508583781,
Mahihkan Battery 02-21,ABWI105042306504W400,3,2024-01-01,8,False,harmonic,102.50377908165754,0.1859635221620165,1.0,0.6331765528523625,False,,502.3460262855135,2,-14438.500840245382,-0.19315824428674377,
Mahihkan Battery 02-21,ABWI105042306504W400,4,2024-09-01,8,False,harmonic,87.5749851125689,0.1819879493358109,1.0,0.6772991432272869,False,,432.36744638638567,3,-40459.226196880154,-0.5495735359702917,
Mahihkan Battery 02-21,ABWI105042306504W400,5,2025-05-01,6,False,exponential,78.53515282330522,0.201149478070045,0.0,0.5661212467009497,False,,273.64425414164856,4,-94305.06698024561,-0.960647656832187,
Mahihkan Battery 02-21,ABWI105042606504W400,5,2024-03-01,7,False,exponential,356.88078358747964,0.869676630409267,0.0,0.9139155809931866,False,,409.4285830946652,1,16540.419410632825,3.971839109978685,2.0
Mahihkan Battery 02-21,ABWI105042706504W400,1,2023-03-01,28,False,harmonic,346.89614039640054,0.1279558268441909,1.0,0.6799120900141536,False,,4127.05497283736,1,1202814.7628219635,25181.15791934023,1.0
Mahihkan Battery 02-21,ABWI105042806504W400,3,2024-03-01,12,False,harmonic,289.39343698809665,0.1451964811245246,1.0,0.7249236865047038,False,,2010.6914506700143,1,522195.62738387944,1321.0075466861633,2.0
Mahihkan Battery 02-21,ABWI105051006604W400,1,2022-11-01,7,False,harmonic,2497.523834475987,0.3616201030158053,1.0,0.7208619713216436,False,,8713.757524597806,1,3177852.893539312,,0.0
Mahihkan Battery 02-21,ABWI105051006604W400,2,2023-06-01,7,False,harmonic,3273.571861852496,0.9219002044302702,1.0,0.8393041770299068,False,,7132.532635766177,2,2876618.651392553,,0.0
Mahihkan Battery 02-21,ABWI105051006604W400,4,2024-12-01,15,False,hyperbolic,857.7367604464595,0.2422115580140382,0.5254708467691587,0.929640868328993,False,,4617.634310142021,3,1517489.6295526142,,0.0
Mahihkan Battery 02-21,ABWI105051506504W400,2,2023-05-01,6,False,exponential,45.54996014594586,0.2063240425786592,0.0,0.933061538161106,False,,156.75049113710358,1,-139296.9648684926,-0.9959405938656948,
Mahihkan Battery 02-21,ABWI105051506504W400,4,2024-03-01,7,False,exponential,60.15791411034451,0.4872446151311674,0.0,0.8925547825322737,False,,119.38898440029966,2,-146987.81405262355,-0.9990336933066813,
Mahihkan Battery 02-21,ABWI105052706504W400,2,2023-03-01,12,False,harmonic,392.39548783074986,0.572993825619664,1.0,0.5725499029699268,False,,1413.3311584543017,1,354386.0757808126,14387.032447006657,1.0
Mahihkan Battery 02-21,ABWI105060306604W400,2,2023-12-01,9,False,harmonic,492.9693091960805,0.722971100170678,1.0,0.8061353441079556,False,,1374.506061966613,1,363299.9081549376,150341014.3865527,1.0
Mahihkan Battery 02-21,ABWI105060906604W400,1,2022-12-01,6,False,harmonic,298.5592014969497,0.1208716388285927,1.0,0.6649658832248888,False,,1347.068102489964,1,292807.4744695028,2063.864285699964,1.0
Mahihkan Battery 02-21,ABWI105060906604W400,5,2025-05-01,8,False,exponential,203.3800634665387,0.1112833038068965,0.0,0.7839308406139203,False,,1077.2785799877593,2,195171.73038672205,44.99017995469121,3.0
Mahihkan Battery 02-21,ABWI105061506504W400,2,2024-05-01,6,False,harmonic,106.01013020989264,0.8756087345886416,1.0,0.658088012976602,False,,221.94174700721123,1,-103975.48080187148,-0.9858185605278482,
Mahihkan Battery 02-21,ABWI105061506504W400,3,2024-11-01,11,False,exponential,48.67664284442268,0.3556325855406252,0.0,0.8270196034830527,False,,134.13575996514487,2,-144308.99331068384,-0.9875594320241785,
Mahihkan Battery 02-21,ABWI105062206504W400,1,2023-03-01,6,False,exponential,37.51082897373875,0.4197619649195045,0.0,0.8484263772722255,False,,82.16182440744787,1,-164649.23596406548,-0.9998458172845492,
Mahihkan Battery 02-21,ABWI105062206504W400,3,2024-01-01,8,False,harmonic,24.04850064929996,1.852787844082621,1.0,0.687795937831046,False,,35.84221645877236,2,-182392.28359126035,-0.9997599020998026,
Mahihkan Battery 02-21,ABWI105062706504W400,1,2022-08-01,7,False,exponential,50.81555822129717,0.2635185087971817,0.0,0.8218751557831353,False,,162.3507900725797,1,-135420.83810107858,-0.9921173667810977,
Mahihkan Battery 02-21,ABWI105070306604W400,2,2023-12-01,6,False,exponential,133.6642009061958,0.4963088932034012,0.0,0.957309017502004,False,,255.60780695484883,1,-85922.70334997571,-0.9832471918352258,
Mahihkan Battery 02-21,ABWI105070306604W400,3,2024-06-01,6,False,exponential,110.5819050436154,0.2693219413367882,0.0,0.7647281762086235,False,,329.00652737306143,2,-68503.41354624339,-0.9102456022979653,
Mahihkan Battery 02-21,ABWI105070306604W400,5,2025-06-01,6,False,exponential,164.27137302649567,0.7529676586630172,0.0,0.993561721142358,False,,215.78441964348917,3,-91602.13376380784,-0.9971787882197433,
Mahihkan Battery 02-21,ABWI105072206504W400,1,2022-11-01,44,False,exponential,267.92886753379884,0.0212144902469757,0.0,0.7152467290106144,False,,7663.597219689753,1,2194004.591580076,1804.243031609395,2.0
Mahihkan Battery 02-21,ABWI105072706504W400,1,2022-12-01,12,False,harmonic,367.0269173033657,0.4225422774259889,1.0,0.7057543155948109,False,,1566.4984540291025,1,397961.3874457732,7777.431783047126,1.0
Mahihkan Battery 02-21,ABWI105072706504W400,5,2025-03-01,14,False,exponential,131.79667341356986,0.0816616164045761,0.0,0.7501704717225753,False,,1099.450310573997,2,190469.1127593029,7.353548461409774,4.0
Mahihkan Battery 02-21,ABWI105073406504W400,3,2023-09-01,13,False,exponential,435.0543577891912,0.0920782181100967,0.0,0.5152975872775434,False,,3297.4901602969944,1,981358.6811284625,17472659.71553908,1.0
Mahihkan Battery 02-21,ABWI105073406504W400,5,2025-08-01,11,False,exponential,253.9009368318388,0.0818527305991127,0.0,0.7217955868764088,False,,1841.254914227021,2,459126.7584433213,491.64903730732215,2.0
Mahihkan Battery 02-21,ABWI105073506504W400,3,2025-05-01,7,False,exponential,144.20476092105,0.3490231080131935,0.0,0.8474024287937043,False,,377.2685118439309,1,-43378.85558078879,-0.7637148978582728,
Mahihkan Battery 02-21,ABWI105080406604W400,1,2025-07-01,12,False,exponential,371.3018985974962,0.04271971440997,0.0,0.5700948765794374,False,,3486.0682409101832,1,1016323.3159083559,246758.5496440031,1.0
Mahihkan Battery 02-21,ABWI105081506504W400,1,2022-05-01,6,False,exponential,37.826938144848576,0.630777821747689,0.0,0.9634490735593982,False,,58.60644424405294,1,-172148.2977724733,-0.9999873714877043,
Mahihkan Battery 02-21,ABWI105081506504W400,3,2023-06-01,6,False,exponential,10.315614045031824,0.3174466491586249,0.0,0.5808925389482453,False,,27.65795645629716,2,-188679.02453101115,-0.9999917383509562,
Mahihkan Battery 02-21,ABWI105081506504W400,6,2025-08-01,11,False,exponential,286.35440420380496,0.1703129497582626,0.0,0.8238778570943907,False,,1423.0983781648167,3,335363.14302045846,649.6858857004042,2.0
Mahihkan Battery 02-21,ABWI105082706504W400,3,2024-09-01,6,False,harmonic,217.6068522352356,1.080526951316256,1.0,0.6935928138013667,False,,405.3277928094399,1,-18292.353069671164,-0.49592985674596224,
Mahihkan Battery 02-21,ABWI105082706504W400,5,2025-08-01,7,False,harmonic,126.66583686172298,0.7763969182504882,1.0,0.7436022541116016,False,,303.731233281569,2,-72266.56448346566,-0.9035695814726658,
Mahihkan Battery 02-21,ABWI105082906504W400,6,2024-11-01,11,False,harmonic,155.56903472497618,0.5779121983036305,1.0,0.5361460541442371,False,,537.2138128765883,1,12013.076554797513,0.39430535054480753,8.0
Mahihkan Battery 02-21,ABWI105083406504W400,4,2024-02-01,7,False,exponential,132.59545124745884,0.747008223365328,0.0,0.9091027515292815,False,,176.5508393512229,1,-111568.76271238373,-0.9987420275638111,
Mahihkan Battery 02-21,ABWI105091006504W400,2,2023-07-01,10,False,harmonic,219.96352598084607,0.130578533498199,1.0,0.6331267435040375,False,,1407.292730331119,1,307384.6463170695,98.2830989585384,2.0
Mahihkan Battery 02-21,ABWI105092106504W400,4,2025-07-01,7,False,exponential,86.12010976610836,0.3519723368964421,0.0,0.8404203478082726,False,,223.8539420199622,1,-106932.48093455555,-0.9806640168136402,
Mahihkan Battery 02-21,ABWI105092806504W400,2,2024-01-01,6,False,exponential,871.5804671504084,0.5877925770252872,0.0,0.8889697068733196,False,,1439.2081538756884,1,470498.01404446247,,0.0
Mahihkan Battery 02-21,ABWI105092806504W400,3,2024-07-01,24,False,harmonic,189.92002808851112,0.1694260493261919,1.0,0.7250200528663028,False,,1818.8671649905853,2,432158.4009905432,29.783720966514352,3.0
Mahihkan Battery 02-21,ABWI105092906504W400,1,2022-06-01,11,False,exponential,316.98469037450906,0.1318239889308638,0.0,0.921579845610264,False,,1840.5925334745832,1,477752.1592454063,4235.1212010224135,1.0
Mahihkan Battery 02-21,ABWI105093406504W400,3,2023-04-01,6,False,exponential,95.83054230014456,0.5444516221122013,0.0,0.9702624875267,False,,169.30129063471665,1,-122705.8960654193,-0.9983902961505183,
Mahihkan Battery 02-21,ABWI105101006504W400,1,2022-07-01,8,False,exponential,526.2170496496091,0.5090753227013186,0.0,0.795651258219579,False,,1016.0657392975418,1,255655.09223936492,369063578375.43317,1.0
Mahihkan Battery 02-21,ABWI105101406504W400,2,2025-03-01,11,False,exponential,248.2955266484339,0.1471296574258484,0.0,0.7066125404153627,False,,1353.09751082273,1,302523.48041981866,179.99012287347344,2.0
Mahihkan Battery 02-21,ABWI105101506504W400,1,2022-11-01,11,False,exponential,94.65192453926606,0.4416121219583488,0.0,0.9289767003177511,False,,212.66776193514863,1,-107796.94471884944,-0.972213224773357,
Mahihkan Battery 02-21,ABWI105102706504W400,2,2023-07-01,6,False,harmonic,79.43173999677299,0.1750662614954617,1.0,0.5698217267954754,False,,325.78902701583974,1,-78783.27418688407,-0.9087267059588842,
Mahihkan Battery 02-21,ABWI105102706504W400,4,2024-09-01,8,False,exponential,130.64636393425644,0.3915608468026167,0.0,0.8637806670959258,False,,319.1048835650348,2,-64846.06859157086,-0.8885775941816909,
Mahihkan Battery 02-21,ABWI105102806504W400,2,2023-10-01,14,False,harmonic,127.96570314164036,0.0519114771766402,1.0,0.5855516821753094,False,,1346.5405468148938,1,266108.16021615063,10.516705916648336,4.0
Mahihkan Battery 02-21,ABWI105102806504W400,4,2025-12-01,7,False,harmonic,145.1539438925351,0.11630942333061,1.0,0.6350526639744865,False,,743.3399372050035,2,70280.45075622812,4.049899434173916,4.0
Mahihkan Battery 02-21,ABWI105103406504W400,2,2023-03-01,7,False,exponential,72.07182142012533,0.2856762844855879,0.0,0.7581084565582489,False,,218.1327939460928,1,-112258.54616735782,-0.9788612255302436,
Mahihkan Battery 02-21,ABWI105112206504W400,2,2024-01-01,13,False,exponential,198.86803700892992,0.0857264989867219,0.0,0.6940933519181609,False,,1558.6771261259191,1,356301.3826653584,64.19197427642771,3.0
Mahihkan Battery 02-21,ABWI105112206504W400,4,2025-08-01,11,False,harmonic,114.26418387611638,0.0905834008226429,1.0,0.5804195564649013,False,,872.0917046444733,2,109376.10331483763,3.478825279086407,5.0
Mahihkan Battery 02-21,ABWI105112806504W400,3,2024-02-01,17,False,exponential,174.37487154947974,0.1078793374359822,0.0,0.787892290798061,False,,1358.1193247595156,1,287341.6205990248,22.185865022492695,3.0
Mahihkan Battery 02-21,ABWI105112806604W400,2,2024-01-01,14,False,exponential,161.88279384852115,0.1654236540879958,0.0,0.7489300460782609,False,,882.0330427934068,1,129402.90731638747,6.684111093063434,4.0
Mahihkan Battery 02-21,ABWI105112806604W400,4,2025-07-01,6,False,exponential,108.85346055383134,0.35711145714694,0.0,0.836316428088719,False,,269.0489347385673,2,-87707.58762584753,-0.9711591067326478,
Mahihkan Battery 02-21,ABWI105113406504W400,1,2024-02-01,29,False,hyperbolic,433.3394453839116,0.4125944845472676,1.8101300398953184,0.7844831800815155,False,,3943.065576293776,1,1157804.890284284,1612984.0177067656,1.0
Mahihkan Battery 02-21,ABWI105120306604W400,1,2022-06-01,7,False,exponential,544.3969389972176,0.1133575940950184,0.0,0.8213047829398217,False,,2630.5184155992506,1,768743.3414636193,,1.0
Mahihkan Battery 02-21,ABWI105120306604W400,2,2023-01-01,6,False,harmonic,682.2592725331793,1.267285362311573,1.0,0.9868068932895686,False,,1158.6610178911471,2,335639.202803588,,0.0
Mahihkan Battery 02-21,ABWI105120306604W400,4,2024-06-01,25,False,harmonic,603.9417415411125,0.0331903923024903,1.0,0.6057346389071498,False,,10993.9153460801,3,3437308.472580399,,0.0
Mahihkan Battery 02-21,ABWI105120406604W400,1,2023-08-01,14,False,exponential,2728.254954610383,0.212156542049914,0.0,0.9111816321639916,False,,12200.016237145226,1,4480718.68694097,,0.0
Mahihkan Battery 02-21,ABWI105121506504W400,2,2024-05-01,7,False,exponential,58.60417780477956,1.1455233458786556,0.0,0.976501116673499,False,,51.142459920240206,1,-169592.6741122781,-0.9999996733375616,
Mahihkan Battery 02-21,ABWI105122206504W400,1,2022-08-01,18,False,exponential,409.79023203601713,0.0858841438757597,0.0,0.8175083986982421,False,,3754.5582557776447,1,1125213.6220929907,2164789.3578213197,1.0
Mahihkan Battery 02-21,ABWI105123406504W400,2,2024-03-01,8,False,exponential,539.3353690001145,0.2030880510808564,0.0,0.8127669933084865,False,,2132.5850478333005,1,620929.3136616838,,1.0
Mahihkan Battery 02-21,ABWI105123506504W400,3,2025-05-01,14,False,exponential,454.3004643293754,0.0963484353444812,0.0,0.7571211699551131,False,,3491.4452745415747,1,1051168.1494664347,117429629.6430671,1.0
Mahihkan Battery 02-21,ABWI105130306604W400,1,2022-07-01,18,False,harmonic,1031.9157289866705,0.3083821843120912,1.0,0.8167587072988753,False,,6289.559409518537,1,2094825.621393212,,0.0
Mahihkan Battery 02-21,ABWI105130306604W400,3,2024-06-01,21,False,exponential,524.135403127904,0.0652814466292987,0.0,0.6716799512358791,False,,5990.525097734099,2,1870452.0488620999,,1.0
Mahihkan Battery 02-21,ABWI105132606504W400,5,2024-12-01,9,False,harmonic,202.04574241758365,0.5352283314327545,1.0,0.7671607858252627,False,,664.6900653767883,1,63386.79673606474,3.8633703526636527,4.0
Mahihkan Battery 02-21,ABWI105132606504W400,6,2025-09-01,7,False,harmonic,140.09855905304377,0.4117658073836391,1.0,0.6295962966852293,False,,461.51419114691424,2,-19127.042392883326,-0.36012460325361617,
Mahihkan Battery 02-21,ABWI105132806504W400,1,2022-09-01,10,False,harmonic,142.29833090089275,0.6778606504572924,1.0,0.8969940882502665,False,,430.6306211768463,1,-26054.202852581475,-0.38898160166176277,
Mahihkan Battery 02-21,ABWI105133506504W400,1,2022-08-01,19,False,exponential,45.81254082243765,0.4762651479201076,0.0,0.836335174900756,False,,96.17994905502252,1,-157601.448005914,-0.9937697203005262,
Mahihkan Battery 02-21,ABWI105141506504W400,3,2024-11-01,8,False,harmonic,185.4832746766315,0.1806057025704531,1.0,0.8558031939462316,False,,918.1255231886582,1,138655.28750572697,15.977215792410764,3.0
Mahihkan Battery 02-21,ABWI105141506504W400,4,2025-07-01,12,False,harmonic,142.99287374052537,0.253250904326143,1.0,0.7919879026109369,False,,788.2223639621615,2,90679.75578054777,3.1034742052313122,5.0
Mahihkan Battery 02-21,ABWI105142806604W400,1,2023-04-01,7,False,harmonic,151.90200375820103,0.3235443863853762,1.0,0.8084814354655743,False,,555.5056103323992,1,13488.099221832676,0.572041361847565,6.0
Mahihkan Battery 02-21,ABWI105142806604W400,2,2023-11-01,6,False,exponential,104.7534387433096,0.5128370172660628,0.0,0.8145871376566759,False,,194.84687547878855,2,-112357.28070841145,-0.9963432553594529,
Mahihkan Battery 02-21,ABWI105142806604W400,5,2026-01-01,6,False,exponential,177.86951367521567,0.2314729282077541,0.0,0.6510933326220845,False,,576.8064646036162,3,26216.799289323895,1.5802458876618464,4.0
Mahihkan Battery 02-21,ABWI105151006504W400,4,2024-01-01,9,False,exponential,129.10716381586866,0.2429795966692155,0.0,0.8547050561109968,False,,471.6932491795726,1,-14926.654968684063,-0.2378006616750501,
Mahihkan Battery 02-21,ABWI105160506604W400,2,2023-11-01,10,False,harmonic,384.59379322461024,0.1532599916683454,1.0,0.5793391788042235,False,,2331.870162750727,1,646135.761464509,193192.13989938374,1.0
Mahihkan Battery 02-21,ABWI105160506604W400,3,2024-09-01,6,False,harmonic,257.3263743497127,0.1533067213544968,1.0,0.8266200474202068,False,,1094.7926663634253,2,204680.64438148693,238.77435580239862,2.0
Mahihkan Battery 02-21,ABWI105160506604W400,5,2025-07-01,6,False,harmonic,334.00403260252705,1.407193439864051,1.0,0.7301316893647531,False,,532.930398533942,3,51892.415321960834,15.585947557817107,3.0
Mahihkan Battery 02-21,ABWI105160506604W400,6,2026-01-01,6,False,exponential,709.3689910848354,0.3566747839202105,0.0,0.9512958318744394,False,,1754.8545250261125,4,532263.7864533154,,0.0
Mahihkan Battery 02-21,ABWI105160906604W400,4,2024-05-01,26,False,exponential,542.6154393117621,0.1053978089375204,0.0,0.891073902044365,False,,4815.950103718948,1,1504495.9863433582,,1.0
Mahihkan Battery 02-21,ABWI105161606504W400,4,2024-03-01,12,False,harmonic,206.07434661217167,0.4422572076322758,1.0,0.8308003769220403,False,,858.1470848704153,1,128786.94372996457,9.261491939294126,4.0
Mahihkan Battery 02-21,ABWI105162706504W400,4,2025-09-01,10,False,exponential,465.9829256454544,0.0792042414408409,0.0,0.8294785002441103,False,,3218.6470387441013,1,953741.6405313527,564622644.0754378,1.0
Mahihkan Battery 02-21,ABWI105162906504W400,1,2022-09-01,7,False,exponential,148.10729192453454,1.0344496288296503,0.0,0.8780180348477458,False,,143.07238412251647,1,-118782.73706268675,-0.9999262815289233,
Mahihkan Battery 02-21,ABWI105163306504W400,2,2023-06-01,12,False,exponential,522.9306914912845,0.1241430744249411,0.0,0.6333911275922597,False,,3262.711550201989,1,993674.5836020701,,1.0
Mahihkan Battery 02-21,ABWI106010306604W400,1,2022-08-01,7,False,exponential,446.6234115974571,0.2003053201205741,0.0,0.9012317430360453,False,,1681.0465634080956,1,447528.306265807,14858729.29979862,1.0
Mahihkan Battery 02-21,ABWI106010306604W400,3,2023-07-01,7,False,harmonic,181.35125333215308,0.780072304359386,1.0,0.7802890959951605,False,,433.7398227884747,2,-17472.163431859557,-0.3826025039289399,
Mahihkan Battery 02-21,ABWI106010306604W400,4,2024-02-01,11,False,exponential,144.72027437078523,0.4895669606857782,0.0,0.902630752900348,False,,294.253745735188,3,-69384.32416706631,-0.9175128524189233,
Mahihkan Battery 02-21,ABWI106010406604W400,1,2022-12-01,6,False,harmonic,786.1032717219225,0.3737595102677927,1.0,0.9022337116851958,False,,2474.163670284791,1,768752.861933579,,0.0
Mahihkan Battery 02-21,ABWI106010406604W400,4,2025-08-01,11,False,harmonic,464.9284195850203,0.0949108645087632,1.0,0.6348750750960663,False,,3502.0837554585937,2,1044111.2144691267,440270864.22690475,1.0
Mahihkan Battery 02-21,ABWI106011006604W400,1,2022-07-01,8,False,harmonic,815.393497546065,0.6380716419414991,1.0,0.9250054814240204,False,,2311.77484723578,1,740170.6605655956,,0.0
Mahihkan Battery 02-21,ABWI106011006604W400,3,2023-12-01,16,False,harmonic,415.1677147373493,0.1172418950243177,1.0,0.6502172037941087,False,,3740.681911761507,2,1114179.2965486594,2576190.75603916,1.0
Mahihkan Battery 02-21,ABWI106011006604W400,4,2025-04-01,9,False,exponential,322.5306504909799,0.2162865673818177,0.0,0.8450509691025454,False,,1278.3302221166673,3,294601.3638629118,2008.3049547562891,1.0
Mahihkan Battery 02-21,ABWI106011506504W400,8,2025-11-01,8,False,harmonic,373.1141667288432,0.1269480755272186,1.0,0.9386076210603668,False,,2060.0484149181425,1,548217.9411421204,117700.0490241104,1.0
Mahihkan Battery 02-21,ABWI106012906504W400,3,2025-06-01,13,False,harmonic,253.30221056181588,0.0649112110334809,1.0,0.9193265339921768,False,,2387.628171131257,1,633477.9937483065,639.0303859935019,2.0
Mahihkan Battery 02-21,ABWI106013406504W400,1,2022-07-01,8,False,exponential,308.2425381183066,0.0843988635688913,0.0,0.5543144293586089,False,,1793.019755957043,1,448379.72819343297,4803.207392814065,1.0
Mahihkan Battery 02-21,ABWI106021006604W400,4,2023-12-01,15,False,hyperbolic,658.5505962497375,0.5891576984627661,1.7674786062708547,0.9424447695185296,False,,3478.879068692027,1,1087837.1943406498,,0.0
Mahihkan Battery 02-21,ABWI106021006604W400,5,2025-03-01,16,False,harmonic,189.1956479071885,0.1212211699163658,1.0,0.6637231938094308,False,,1682.8802491146257,2,391906.85628677596,41.18187269897632,3.0
Mahihkan Battery 02-21,ABWI106021506504W400,1,2022-12-01,20,False,harmonic,243.5268303995262,0.5307830338764835,1.0,0.6001282148323877,False,,1125.1566429810875,1,224485.5211678293,22.385296354313517,3.0
Mahihkan Battery 02-21,ABWI106022206504W400,3,2024-07-01,7,False,exponential,114.97648051954934,0.4561662088088479,0.0,0.9281224918293036,False,,241.7049599387681,1,-94266.07484451735,-0.9799478946058879,
Mahihkan Battery 02-21,ABWI106022206504W400,5,2025-11-01,7,False,exponential,482.782013057619,0.3014746354331863,0.0,0.9470875550651184,False,,1407.313664321446,2,370577.5173907001,384081706.47792214,1.0
Mahihkan Battery 02-21,ABWI106022806604W400,1,2022-08-01,12,False,harmonic,76.41205399698472,0.3718475854429645,1.0,0.7722532267585797,False,,348.8954369004264,1,-68115.61480760582,-0.6607920088067195,
Mahihkan Battery 02-21,ABWI106022806604W400,5,2025-03-01,6,False,exponential,133.67354756935077,0.5096622312666406,0.0,0.7995307425081367,False,,249.9561086356312,2,-87737.5406489413,-0.9857217904279914,
Mahihkan Battery 02-21,ABWI106023506504W400,1,2023-10-01,22,False,exponential,725.1520257263505,0.0777541614487448,0.0,0.9624046496803292,False,,7640.419251070956,1,2460614.838829307,,0.0
Mahihkan Battery 02-21,ABWI106023506504W400,2,2025-08-01,11,False,harmonic,248.88692932578056,0.1303084519358664,1.0,0.6084734705977604,False,,1698.5222362510597,2,409898.5945314836,291.57675257457134,2.0
Mahihkan Battery 02-21,ABWI106030306604W400,1,2022-11-01,8,False,harmonic,413.5144744464187,0.2294339880783014,1.0,0.7759179409911485,False,,1878.3975910594145,1,501724.13712021464,787880.6058576788,1.0
Mahihkan Battery 02-21,ABWI106030306604W400,2,2023-07-01,22,False,harmonic,385.4413658700551,0.2585327807164755,1.0,0.8363114062511929,False,,2833.0793866911063,2,810617.9324775932,81290.99971831148,1.0
Mahihkan Battery 02-21,ABWI106032806504W400,1,2023-01-01,12,False,exponential,331.0195178133263,0.1401476686261341,0.0,0.6443411172019793,False,,1922.510179205362,1,509827.3705107772,7766.883452753183,1.0
Mahihkan Battery 02-21,ABWI106040306604W400,1,2023-06-01,7,False,hyperbolic,505.43830247839344,0.3816176032235551,1.8900827992011533,0.9851621943029876,False,,1985.1204585735952,1,551098.63574505,28097802700.89251,1.0
Mahihkan Battery 02-21,ABWI106041006604W400,2,2024-04-01,16,False,exponential,2731.537552051462,0.1637775198526088,0.0,0.9521155577775032,False,,15464.645847396509,1,5555846.035804599,,0.0
Mahihkan Battery 02-21,ABWI106041006604W400,3,2025-08-01,8,False,harmonic,266.80916325251883,0.32927111568504,1.0,0.9509594228506524,False,,1045.5983313032143,2,199881.0134762165,122.83390572524107,2.0
Mahihkan Battery 02-21,ABWI106042206504W400,1,2022-05-01,12,False,exponential,341.18095884946035,0.0920904479886532,0.0,0.8813466849146557,False,,2477.8656717652025,1,689908.1910603533,23672.699964839983,1.0
Mahihkan Battery 02-21,ABWI106042206504W400,4,2026-01-01,6,False,exponential,118.7782409299428,0.4843146797302311,0.0,0.9627965302178672,False,,231.83490645138957,2,-97120.04111368806,-0.9900495844620649,
Mahihkan Battery 02-21,ABWI106042306504W400,1,2023-09-01,24,False,harmonic,386.9485822775053,0.0988029970958135,1.0,0.8939066587170582,False,,4759.519400062013,1,1421642.5116516463,385304.0055924401,1.0
Mahihkan Battery 02-21,ABWI106043506504W400,2,2024-04-01,27,False,harmonic,390.8846511322769,0.0408771121740852,1.0,0.8241525769023733,False,,7111.477817135973,1,2147145.18464092,935832.5082249724,1.0
Mahihkan Battery 02-21,ABWI106050306604W400,2,2024-12-01,19,False,exponential,592.1319735740466,0.0542392102288068,0.0,0.6491473554290896,False,,7021.708348005418,1,2218570.1005671043,,0.0
Mahihkan Battery 02-21,ABWI106052206504W400,3,2024-01-01,30,False,exponential,151.65923382692415,0.0337411436352602,0.0,0.5723723017797171,False,,2861.353563553024,1,741749.10392502,27.822190487738627,3.0
Mahihkan Battery 02-21,ABWI106052806504W400,1,2022-11-01,12,False,exponential,505.9747066036484,0.0954655699527656,0.0,0.7982100502300609,False,,3614.454033459351,1,1100652.311320189,273463010642.64334,1.0
Mahihkan Battery 02-21,ABWI106052806504W400,3,2024-07-01,24,False,exponential,247.25418625344025,0.0254530888160253,0.0,0.5088531202165422,False,,4440.553154940745,2,1274481.2990523041,760.1947906166738,2.0
Mahihkan Battery 02-21,ABWI106053506504W400,2,2023-09-01,19,False,harmonic,430.2504402828792,0.2261350628275063,1.0,0.7931603080170396,False,,3171.789197184135,1,933884.3397156766,3312692.3851263435,1.0
Mahihkan Battery 02-21,ABWI106060306604W400,1,2022-08-01,9,False,harmonic,249.5686267179532,1.0670337339322074,1.0,0.573865653609348,False,,552.2532614130387,1,39460.83251635173,2.572602361900988,5.0
Mahihkan Battery 02-21,ABWI106060306604W400,3,2023-11-01,15,False,harmonic,187.70885311745505,0.2486181587759909,1.0,0.7273252707686821,False,,1173.1107713793538,2,227178.42602032278,15.980734765166865,3.0
Mahihkan Battery 02-21,ABWI106060906604W400,4,2026-01-01,6,False,exponential,209.29198270580773,0.2172934602870108,0.0,0.8905831576602496,False,,701.6657076044977,1,73231.74244901689,10.073261205301707,3.0
Mahihkan Battery 02-21,ABWI106062706504W400,3,2023-09-01,21,False,harmonic,179.46424751424155,0.2318577162994919,1.0,0.6155229513248124,False,,1369.785865414576,1,287290.90582831745,14.33242128156899,4.0
Mahihkan Battery 02-21,ABWI106063306604W400,1,2022-08-01,36,False,harmonic,220.2205757756753,0.1416658710574106,1.0,0.7939576011475249,False,,2810.9900949292955,1,739832.2769408892,97.98175150863614,2.0
Mahihkan Battery 02-21,ABWI106063506504W402,2,2025-07-01,7,False,exponential,108.1758481935763,0.4229752630117165,0.0,0.818658537121108,False,,242.5080964152992,1,-95605.60186014671,-0.9776308080313412,
Mahihkan Battery 02-21,ABWI106070306604W400,1,2023-06-01,6,False,exponential,58.69061895892936,0.91396786874388,0.0,0.982477926425928,False,,63.94847157415731,1,-165516.8541034332,-0.9999977786830284,
Mahihkan Battery 02-21,ABWI106072006604W400,2,2023-07-01,16,False,exponential,1656.1591542709766,0.2940625381997238,0.0,0.8513390401763729,False,,5581.027339292102,1,2039109.2573101423,,0.0
Mahihkan Battery 02-21,ABWI106072006604W400,5,2025-12-01,7,False,harmonic,598.5495596420585,0.4201843092256017,1.0,0.7343051068438754,False,,1953.7035649171228,2,567056.0939810881,,0.0
Mahihkan Battery 02-21,ABWI106072206504W400,3,2024-10-01,21,False,harmonic,309.90748887715284,0.0351624134322643,1.0,0.5861144703975658,False,,4873.668461264501,1,1435419.9837765347,9804.853982993533,1.0
Mahihkan Battery 02-21,ABWI106072706504W400,1,2023-02-01,11,False,exponential,1608.4307997329572,0.1967639859112314,0.0,0.8700214722216922,False,,7235.843493055415,1,2561952.525624562,,0.0
Mahihkan Battery 02-21,ABWI106073406504W400,1,2022-09-01,6,False,harmonic,534.8502210361582,1.0628918005894037,1.0,0.7051006807719584,False,,1005.6079953979396,1,249471.87955188996,866162169222.3002,1.0
Mahihkan Battery 02-21,ABWI106080406604W400,1,2023-06-01,13,False,harmonic,411.47335048410673,0.0863217350351356,1.0,0.5473837314038175,False,,3586.7107212225883,1,1061304.849883514,2634561.7389326594,1.0
Mahihkan Battery 02-21,ABWI106081506504W400,2,2023-10-01,7,False,harmonic,74.50514070983446,0.398700743540968,1.0,0.5838999632739993,False,,249.023640021974,1,-102678.4510985083,-0.9554321703327397,
Mahihkan Battery 02-21,ABWI106081506504W400,4,2025-02-01,17,False,exponential,118.598071895416,0.0963837024481175,0.0,0.6613241962793208,False,,991.437397161626,2,153096.07253733368,4.050602811087623,5.0
Mahihkan Battery 02-21,ABWI106082106504W400,1,2022-08-01,22,False,harmonic,154.14800894609397,0.069801611000278,1.0,0.5225339375095238,False,,2054.768222060758,1,497339.9944769676,21.89807397172894,4.0
Mahihkan Battery 02-21,ABWI106082106504W400,2,2024-06-01,10,False,exponential,103.0766534637839,0.104724206250139,0.0,0.7370198221005554,False,,638.8840413542915,2,32277.646735637296,0.8584752608116906,7.0
Mahihkan Battery 02-21,ABWI106082706504W400,3,2025-05-01,7,False,exponential,252.8024022384789,0.1801837689375664,0.0,0.7307397819250884,False,,1005.5632044876962,1,183357.77049161686,123.72048214967275,2.0
Mahihkan Battery 02-21,ABWI106083406504W400,1,2023-03-01,17,False,exponential,262.5706990590326,0.089698426584124,0.0,0.7274529011185152,False,,2290.1465598826558,1,612038.0207460948,638.3418985289541,2.0
Mahihkan Battery 02-21,ABWI106091506504W400,1,2022-05-01,17,False,exponential,262.5623184618636,0.0969233682704402,0.0,0.8305553717424152,False,,2187.5116743121757,1,579349.1667591706,585.0500571489673,2.0
Mahihkan Battery 02-21,ABWI106091606504W400,1,2022-08-01,19,False,exponential,244.70112877514453,0.0732440027317674,0.0,0.5941497864584525,False,,2510.127081262048,1,676410.0381711381,388.3901861992694,2.0
Mahihkan Battery 02-21,ABWI106091606504W400,3,2024-08-01,12,False,exponential,232.2641777963101,0.111816867963485,0.0,0.7122386024031628,False,,1534.2616140236555,2,357347.91660855274,151.54948315485953,2.0
Mahihkan Battery 02-21,ABWI106091606504W400,4,2025-08-01,11,False,harmonic,124.60494364590689,0.1079723805335966,1.0,0.5383366757677045,False,,903.4426912034492,3,122264.55330402199,4.455947133892608,5.0
Mahihkan Battery 02-21,ABWI106092806504W400,1,2022-06-01,11,False,harmonic,238.927828048896,0.4355212729151159,1.0,0.5386050385321244,False,,963.4871759597324,1,170472.81116459647,27.506192975817793,3.0
Mahihkan Battery 02-21,ABWI106092806504W400,2,2023-05-01,11,False,harmonic,261.5318692028585,0.1456282416695518,1.0,0.720664613535109,False,,1717.309859485391,2,419304.2106472226,417.0566877416163,2.0
Mahihkan Battery 02-21,ABWI106092906504W400,3,2025-08-01,11,False,harmonic,324.6193388147622,0.0636799601808162,1.0,0.7191808395560775,False,,2706.404843828705,1,751232.1967152704,14771.973432345307,1.0
Mahihkan Battery 02-21,ABWI106102706504W400,3,2024-05-01,6,False,harmonic,365.23665754074943,0.386256977365916,1.0,0.6918094141128487,False,,1133.9616625969843,1,245270.05308290612,8287.550646748065,1.0
Mahihkan Battery 02-21,ABWI106103406504W400,1,2022-07-01,13,False,harmonic,96.87875581352176,0.5074232213703637,1.0,0.8453446368791373,False,,387.1322182054757,1,-50599.51866043044,-0.5286237778855059,
Mahihkan Battery 02-21,ABWI106111006504W400,2,2022-12-01,12,False,exponential,75.52756364481102,0.1726371288319891,0.0,0.8667673572600811,False,,382.3785150965092,1,-56197.21599813092,-0.598639812159101,
Mahihkan Battery 02-21,ABWI106111506504W400,1,2022-09-01,6,False,harmonic,32.08662651957284,0.4605273273826994,1.0,0.7932412552214655,False,,92.33572648062784,1,-163142.6563716787,-0.9993961876690752,
Mahihkan Battery 02-21,ABWI106111506504W400,4,2024-09-01,7,False,harmonic,282.96751112368577,0.8734345738227489,1.0,0.8962021320153711,False,,635.6540549584073,2,71917.44357971675,14.035115999098814,3.0
Mahihkan Battery 02-21,ABWI106111506504W400,5,2025-04-01,15,False,harmonic,67.08780105372739,0.1146341170185959,1.0,0.5186543486456361,False,,585.4988968559035,3,6245.476665758182,0.1757923726892039,13.0
Mahihkan Battery 02-21,ABWI106112206504W400,1,2022-09-01,16,False,exponential,320.5953395484951,0.1946290058292073,0.0,0.7604845491141216,False,,1574.04326138211,1,396796.3155311955,2383.8021859240675,1.0
Mahihkan Battery 02-21,ABWI106112706504W400,2,2023-08-01,7,False,harmonic,116.26972940607943,0.8296646221475623,1.0,0.5943176256766687,False,,268.796375792878,1,-85888.34042368544,-0.9436190053418814,
Mahihkan Battery 02-21,ABWI106112706504W400,4,2025-12-01,7,False,harmonic,106.73228911420446,0.1520712839951483,1.0,0.8066881329728386,False,,508.76739065294106,2,-12949.316044933512,-0.19355633515810589,
Mahihkan Battery 02-21,ABWI106120306604W400,2,2024-07-01,24,False,exponential,423.9950537527332,0.0555619771199391,0.0,0.6668767185506286,False,,5619.821515390857,1,1714761.6670456058,10012972.866002362,1.0
Mahihkan Battery 02-21,ABWI106121006604W400,1,2022-10-01,22,False,harmonic,7486.934681129921,0.3057188441626057,1.0,0.7943332180920745,False,,50070.6510063476,1,17833146.93597684,,0.0
Mahihkan Battery 02-21,ABWI106123506504W400,1,2024-05-01,14,False,harmonic,665.5166721692792,0.1128859651077505,1.0,0.5988478407096884,False,,5588.593096009886,1,1774500.3888067594,,0.0
Mahihkan Battery 02-21,ABWI106123506504W400,2,2025-07-01,12,False,exponential,569.2655915249587,0.0916261627400065,0.0,0.5714013012888082,False,,4143.810035846538,2,1287819.1043384643,,0.0
Mahihkan Battery 02-21,ABWI106130306604W400,1,2024-01-01,6,False,harmonic,930.1585896757896,0.4274352911088988,1.0,0.5066343386614012,False,,2765.9926120133155,1,896167.5332488086,,0.0
Mahihkan Battery 02-21,ABWI106130306604W400,2,2024-07-01,24,False,exponential,571.8870357980487,0.0427072494179886,0.0,0.5946986988046681,False,,8586.145346203246,2,2693745.6639475212,,0.0
Mahihkan Battery 02-21,ABWI106131406504W400,3,2025-03-01,16,False,exponential,210.48866347395264,0.1135976714785784,0.0,0.6305098847978319,False,,1551.975972984514,1,359921.6875612979,69.19990245343546,2.0
Mahihkan Battery 02-21,ABWI106131506504W400,4,2023-12-01,6,False,harmonic,720.8198876262902,0.2533235123016101,1.0,0.6842339375102723,False,,2629.867776810359,1,799907.8370747205,,0.0
Mahihkan Battery 02-21,ABWI106131506504W400,7,2025-09-01,10,False,harmonic,638.2964641339181,0.1673330133896741,1.0,0.8314541006527992,False,,3750.9204985474457,2,1166238.0997879307,,0.0
Mahihkan Battery 02-21,ABWI106132606504W400,2,2022-09-01,14,False,harmonic,292.4481094867585,0.382019569418523,1.0,0.9420294085853372,False,,1414.8427359541165,1,331320.61786319106,274.8645753132005,2.0
Mahihkan Battery 02-21,ABWI106132606504W400,5,2024-11-01,10,False,exponential,529.1986446648782,0.1723914683727794,0.0,0.8142321414224639,False,,2522.2090303236555,2,751615.9956369543,,1.0
Mahihkan Battery 02-21,ABWI106132606504W400,6,2025-09-01,6,False,harmonic,300.8517175332513,0.3328253967459665,1.0,0.5529820015641385,False,,992.1526861939416,3,184771.3622890614,418.1632736289935,2.0
Mahihkan Battery 02-21,ABWI106133406504W400,3,2025-03-01,6,False,harmonic,335.12713332081904,0.4246360312283,1.0,0.6359419545651736,False,,999.402470536929,1,195820.5361874301,1211.639676019693,1.0
Mahihkan Battery 02-21,ABWI106140306604W400,1,2023-02-01,10,False,harmonic,334.3755297482267,0.4316700695159331,1.0,0.7562400066831981,False,,1294.2577600215575,1,299890.40720766305,1293.0610084052778,1.0
Mahihkan Battery 02-21,ABWI106140306604W400,3,2024-07-01,24,False,exponential,253.74334105377065,0.0341937696367888,0.0,0.5711045818446125,False,,4154.5408378051525,2,1189990.071132259,878.3709375249974,2.0
Mahihkan Battery 02-21,ABWI106141506504W400,1,2023-09-01,23,False,harmonic,827.5394275342311,0.032800861624154,1.0,0.6151206582672142,False,,14182.29621597168,1,4522035.807477461,,0.0
Mahihkan Battery 02-21,ABWI106141506504W400,2,2025-08-01,11,False,exponential,678.2996673261696,0.1033576647406622,0.0,0.8068995851322623,False,,4457.342013677061,2,1415213.4058174265,,0.0
Mahihkan Battery 02-21,ABWI106142806504W400,1,2022-10-01,9,False,exponential,227.8322716271589,0.1329013313100248,0.0,0.6590231634057889,False,,1195.9488032330355,1,242645.9547411056,93.44584476658862,2.0
Mahihkan Battery 02-21,ABWI106150406604W400,1,2023-09-01,20,False,harmonic,5116.992444997775,0.3196416939323758,1.0,0.9299956075035036,False,,32025.235019612846,1,11435650.669516753,,0.0
Mahihkan Battery 02-21,ABWI106151006504W400,3,2023-12-01,10,False,exponential,160.48834112822442,0.1111118487274524,0.0,0.7407384966265795,False,,968.9074165376404,1,153509.10038587573,11.166592970770065,4.0
Mahihkan Battery 02-21,ABWI106151006504W400,5,2025-03-01,9,False,exponential,99.96749314517427,0.1383288416775467,0.0,0.7580072119284333,False,,514.5824824289557,2,-8985.526203377402,-0.07942037414966296,
Mahihkan Battery 02-21,ABWI106152706504W400,3,2025-12-01,7,False,harmonic,213.3520886519788,0.3225837179729885,1.0,0.6068153336902755,False,,781.1884285201753,1,100154.33820341238,13.941783245020579,3.0
Mahihkan Battery 02-21,ABWI106161506504W400,3,2024-03-01,7,False,harmonic,202.02405239135692,0.3662115602961033,1.0,0.694190778550563,False,,701.0144918232777,1,72023.06570048515,6.631574484158226,4.0
Mahihkan Battery 02-21,ABWI106163406504W400,1,2023-01-01,17,False,exponential,321.0341130272603,0.1980848187438744,0.0,0.8602077155877109,False,,1564.8124387744142,1,394080.946694877,2337.246394751575,1.0
Mahihkan Battery 02-21,ABWI107010306604W400,1,2022-08-01,8,False,exponential,109.22237272971203,0.186607876464625,0.0,0.7639169017705354,False,,453.76975773639134,1,-26815.57025650893,-0.4271856157338234,
Mahihkan Battery 02-21,ABWI107010406604W400,1,2023-06-01,14,False,exponential,490.2032720249869,0.0951247025496822,0.0,0.6580330756727257,False,,3792.7245969335263,1,1158119.2284370312,14651111577.498934,1.0
Mahihkan Battery 02-21,ABWI107011006604W402,1,2022-07-01,8,False,harmonic,461.13519917034085,0.3710507721298731,1.0,0.5430934561660301,False,,1713.0065689463586,1,461115.693459536,22410567.871023994,1.0
Mahihkan Battery 02-21,ABWI107011006604W402,3,2024-01-01,25,False,exponential,550.7049477405149,0.0806843364858608,0.0,0.874900674097631,False,,5917.37380195112,2,1855073.6971089588,,1.0
Mahihkan Battery 02-21,ABWI107011506504W400,1,2023-10-01,7,False,harmonic,349.76846042542496,0.2452313971812071,1.0,0.528096820128579,False,,1425.4069378198026,1,337549.019132281,10300.296886298582,1.0
Mahihkan Battery 02-21,ABWI107011506504W400,2,2024-05-01,20,False,harmonic,352.6782371329922,0.25808049332025,1.0,0.9197509062788148,False,,2484.8382076571816,2,691655.4706100094,11300.544451844287,1.0
Mahihkan Battery 02-21,ABWI107012206504W400,3,2024-12-01,15,False,harmonic,257.77183795546955,0.1038061988785973,1.0,0.6797197331998537,False,,2331.4071925041776,1,618607.5783206896,526.7139010262496,2.0
Mahihkan Battery 02-21,ABWI107012706504W400,3,2025-02-01,17,False,exponential,313.90123929965125,0.0633607176489632,0.0,0.6508294901332574,False,,3266.939610712096,1,938202.2131056892,8308.782490801961,1.0
Mahihkan Battery 02-21,ABWI107012906504W400,3,2024-07-01,24,False,harmonic,454.80585193935457,0.065229561478222,1.0,0.8314567657733587,False,,6569.085333551405,1,2011825.47668601,186820030.6366069,1.0
Mahihkan Battery 02-21,ABWI107013406504W400,2,2023-07-01,6,False,harmonic,203.1414596174956,1.4373961939924362,1.0,0.6579238428879517,False,,320.0043522366787,1,-48035.86506299124,-0.87960202849975,
Mahihkan Battery 02-21,ABWI107013406504W400,7,2025-09-01,10,False,harmonic,119.00147691397224,0.986341113066368,1.0,0.8998563795178078,False,,287.79715534410093,2,-77723.36222403904,-0.84459314726926,
Mahihkan Battery 02-21,ABWI107021506504W400,1,2022-11-01,10,False,exponential,141.24486286227437,0.112232902620909,0.0,0.6669628373152363,False,,848.8306447794225,1,109890.40430915932,5.300570664543424,4.0
Mahihkan Battery 02-21,ABWI107022206504W400,1,2023-12-01,20,False,harmonic,329.2371553585765,0.3048335956028146,1.0,0.6101991728818843,False,,2116.5044662391942,1,566753.1661021159,2353.4116112762786,1.0
Mahihkan Battery 02-21,ABWI107023506504W400,3,2024-10-01,9,False,harmonic,194.0211013453868,0.3806364063216577,1.0,0.6823006595778363,False,,758.187381114397,1,91474.64861189245,6.660905569700723,4.0
Mahihkan Battery 02-21,ABWI107030306604W402,1,2024-06-01,11,False,exponential,141.72987031017286,0.1657673639142955,0.0,0.9376890411332433,False,,716.9376519721744,1,69031.69105154864,2.645135014500403,5.0
Mahihkan Battery 02-21,ABWI107031506504W400,2,2024-01-01,30,False,harmonic,479.0073125965289,0.0301429115520118,1.0,0.6955946519696022,False,,10235.652452714843,1,3126986.8202314656,5780098575.368903,1.0
Mahihkan Battery 02-21,ABWI107032306504W400,2,2025-08-01,7,False,exponential,134.9589246823334,0.1538261476136816,0.0,0.7359402182193928,False,,578.4439345933623,1,17547.164023703284,0.7063135699300389,5.0
Mahihkan Battery 02-21,ABWI107033306604W400,1,2024-02-01,6,False,exponential,348.9331176153964,0.3506774172552947,0.0,0.9577852090369842,False,,873.672838283915,1,163497.36026059708,1532.7631840778374,1.0
Mahihkan Battery 02-21,ABWI107040306604W400,1,2022-12-01,13,False,exponential,544.7947901691361,0.1226982697417407,0.0,0.9276719279967164,False,,3539.249978001708,1,1091141.5865073923,,1.0
Mahihkan Battery 02-21,ABWI107041006604W400,1,2024-05-01,10,False,hyperbolic,2315.920271350352,0.3689344752911754,1.6917710929767131,0.9753835517298146,False,,11314.89216919406,1,4009610.88475104,,0.0
Mahihkan Battery 02-21,ABWI107042806504W400,2,2024-03-01,13,False,harmonic,400.25623549195,0.2740577271301663,1.0,0.5932483353930216,False,,2216.902246234602,1,617919.468493596,198812.5155215147,1.0
Mahihkan Battery 02-21,ABWI107043506504W402,2,2024-10-01,15,False,harmonic,581.1945077867756,0.1450153764472029,1.0,0.7588823928376938,False,,4630.548058434763,1,1445003.858367847,,0.0
Mahihkan Battery 02-21,ABWI107051006604W400,1,2024-03-01,20,False,exponential,3479.219636940072,0.1496720827706241,0.0,0.9511988137885034,False,,22080.669013255923,1,7913669.296606869,,0.0
Mahihkan Battery 02-21,ABWI107051506504W400,2,2023-12-01,7,False,exponential,96.61975082951048,0.730244317084744,0.0,0.9653506125467112,False,,131.5142621592181,1,-134622.5021460609,-0.9996633980599585,
Mahihkan Battery 02-21,ABWI107051506504W400,4,2024-11-01,6,False,harmonic,12.017108687063155,1.1792158012298422,1.0,0.8806919179070113,False,,21.28656119171808,2,-190299.32775613238,-0.9999961236684819,
Mahihkan Battery 02-21,ABWI107052206504W400,1,2022-06-01,11,False,exponential,144.3782814363482,0.120084316985931,0.0,0.9332518661694772,False,,881.4265135532105,1,122431.34056060467,5.872831007094974,4.0
Mahihkan Battery 02-21,ABWI107052206504W400,3,2024-08-01,11,False,harmonic,181.14376210817383,0.1429435223238522,1.0,0.6103312513489306,False,,1197.327788412964,2,231465.68104263113,24.234167477784148,3.0
Mahihkan Battery 02-21,ABWI107060306604W400,1,2022-12-01,10,False,exponential,237.4557702797225,0.1534277179880114,0.0,0.6769334811816519,False,,1213.9760787910543,1,253328.74949689765,108.37483730137816,2.0
Mahihkan Battery 02-21,ABWI107060306604W400,3,2024-06-01,15,False,harmonic,324.7115495893154,0.2588675627114881,1.0,0.7803674054565012,False,,1989.1075014487944,2,525921.9726130004,2646.5886221985756,1.0
Mahihkan Battery 02-21,ABWI107061506504W402,5,2024-11-01,8,False,exponential,43.091795654225166,0.2735762752758452,0.0,0.8834506340733408,False,,139.86006178776813,1,-144171.43951116042,-0.9919209277803358,
Mahihkan Battery 02-21,ABWI107062206504W400,1,2025-07-01,12,False,harmonic,153.06042401357843,0.1760576069953204,1.0,0.5640210250024096,False,,987.1668389101908,1,157452.48019763187,7.728374447901402,4.0
Mahihkan Battery 02-21,ABWI107062706504W400,2,2025-09-01,10,False,harmonic,287.740337121824,0.2763651076813612,1.0,0.9441565504632496,False,,1379.9427494013314,1,316091.6763160353,438.63410659405133,2.0
Mahihkan Battery 02-21,ABWI107062806504W400,1,2023-03-01,12,False,harmonic,101.90510019830108,0.3263679942113488,1.0,0.8700733698051528,False,,497.26690890898976,1,-13737.314969436844,-0.1171720986574577,
Mahihkan Battery 02-21,ABWI107063306604W400,2,2024-03-01,7,False,exponential,229.91331310667016,0.7504547816855657,0.0,0.8812786645494629,False,,304.7627638833188,1,-47112.95491607473,-0.9474469353495965,
Mahihkan Battery 02-21,ABWI107070306604W400,3,2023-04-01,12,False,exponential,46.1617394322955,0.4819801763444732,0.0,0.8262450735640016,False,,95.48047121364291,1,-157779.74342194857,-0.9970293945947314,
Mahihkan Battery 02-21,ABWI107070306604W400,6,2025-02-01,11,False,exponential,102.19435992877897,0.2478481692683656,0.0,0.906756393779614,False,,385.3359501276266,2,-48793.26589927959,-0.6311860840430105,
Mahihkan Battery 02-21,ABWI107071506504W400,1,2023-03-01,7,False,exponential,28.287101075483,0.8735904731995358,0.0,0.9954942667566528,False,,32.30874260695797,1,-182883.14774763834,-0.9999991677165369,
Mahihkan Battery 02-21,ABWI107071506504W400,3,2024-02-01,6,False,exponential,378.917235629148,0.2322897259807971,0.0,0.9024174124583472,False,,1226.4445699380794,2,281194.45097407483,40023.86374723093,1.0
Mahihkan Battery 02-21,ABWI107071506504W400,5,2025-08-01,7,False,exponential,255.793659727604,0.3418725005886163,0.0,0.8100495161654505,False,,679.867753880375,3,81245.97598291072,19.292605948714712,2.0
Mahihkan Battery 02-21,ABWI107072706504W400,2,2023-03-01,6,False,harmonic,459.3876149296309,0.6037991605895676,1.0,0.7837638768039865,False,,1164.8280608630198,1,278906.0998736636,3426601.306152337,1.0
Mahihkan Battery 02-21,ABWI107081506504W400,1,2022-09-01,11,False,exponential,420.1853986243807,0.1144581816048481,0.0,0.7268349194532222,False,,2628.7648397114795,1,758577.5059029204,3570237.088323193,1.0
Mahihkan Battery 02-21,ABWI107081506504W400,3,2024-06-01,13,False,harmonic,179.11593699074095,0.3238437567312029,1.0,0.8864926976190686,False,,912.92198769228,2,140329.3029607467,7.470352892931485,4.0
Mahihkan Battery 02-21,ABWI107082106504W400,1,2024-03-01,8,False,exponential,134.63132782493568,0.2765903253743675,0.0,0.8773264638051808,False,,433.5015677658592,1,-26691.04587561707,-0.4862793874358412,
Mahihkan Battery 02-21,ABWI107082106504W400,2,2024-11-01,9,False,exponential,89.6173281139565,0.0975380361270048,0.0,0.6498112347126108,False,,536.8705665023673,2,-5054.038401061207,0.0031306704967799526,8.0
Mahihkan Battery 02-21,ABWI107082206504W400,3,2024-04-01,27,False,exponential,508.54773439402254,0.0306780162044202,0.0,0.8449212720356833,False,,9336.326931813092,1,2887852.642598291,1035665331872.1205,1.0
Mahihkan Battery 02-21,ABWI107091506504W400,1,2022-08-01,7,False,exponential,151.3556847606435,0.4272105392085615,0.0,0.8523374618208336,False,,336.4804641459363,1,-54854.24132850033,-0.8777865928415907,
Mahihkan Battery 02-21,ABWI107091506504W400,3,2024-05-01,12,False,harmonic,221.06089536850388,0.8145082000724178,1.0,0.6129613980767775,False,,645.1669764108575,2,63425.60237688337,3.1811624975489057,5.0
Mahihkan Battery 02-21,ABWI107091506504W400,4,2025-05-01,14,False,hyperbolic,126.16838434866676,0.6331348319405944,1.862447177844988,0.8382411422191671,False,,638.7745782831303,3,37723.331018039156,0.7850530947581245,9.0
Mahihkan Battery 02-21,ABWI107092706504W400,3,2025-12-01,7,False,harmonic,245.0021786662692,0.118059603304443,1.0,0.680698876733189,False,,1250.0346311769172,1,254773.2090380911,230.73975401695301,2.0
Mahihkan Battery 02-21,ABWI107092906504W400,1,2022-09-01,22,False,exponential,301.0205045993612,0.0414631116080801,0.0,0.6591129317895279,False,,4344.038194330923,1,1270226.3384875096,5900.3690281634035,1.0
Mahihkan Battery 02-21,ABWI107092906504W400,3,2024-12-01,19,False,harmonic,258.63883446065495,0.0958733536267204,1.0,0.725202788025227,False,,2798.343204768109,2,767251.1305898991,586.7271955355461,2.0
Mahihkan Battery 02-21,ABWI107100306604W400,3,2024-05-01,12,False,harmonic,781.4768401188542,0.1485591547476445,1.0,0.5670072517740834,False,,5383.600288028503,1,1735433.0598017434,,0.0
Mahihkan Battery 02-21,ABWI107100306604W400,4,2025-05-01,9,False,exponential,454.59350265179495,0.1100912296382237,0.0,0.5997864460542393,False,,2596.1721818411734,2,749144.3734948196,102853485.08789137,1.0
Mahihkan Battery 02-21,ABWI107101406504W400,3,2025-12-01,7,False,exponential,270.0236427211736,0.2964660431490567,0.0,0.92410451554502,False,,796.4801904720674,1,122113.96036486754,62.99706374677139,2.0
Mahihkan Battery 02-21,ABWI107101506504W400,1,2022-05-01,13,False,exponential,119.49143813640212,0.2153141474334672,0.0,0.9207489364376212,False,,521.1849665615501,1,503.85185050470864,0.11030206161462885,11.0
Mahihkan Battery 02-21,ABWI107101506504W400,3,2023-11-01,6,False,harmonic,56.04123743434001,0.2527895175648017,1.0,0.8636403183042181,False,,204.6129280544752,2,-122214.51077911662,-0.9871668649371608,
Mahihkan Battery 02-21,ABWI107101506504W400,5,2025-04-01,7,False,exponential,250.95146033610123,0.3271692415852063,0.0,0.7540909131935262,False,,689.3777235085902,3,83105.60382435788,18.79910674401099,3.0
Mahihkan Battery 02-21,ABWI107102106504W400,1,2023-10-01,14,False,exponential,58.44365255045153,0.3417503180390286,0.0,0.9024937098205168,False,,169.58335362651846,1,-130169.21208516987,-0.9650156211830218,
Mahihkan Battery 02-21,ABWI107102806504W400,4,2023-11-01,12,False,harmonic,224.60404858264923,0.7101089098858027,1.0,0.8075245466530163,False,,712.7814211102149,1,86151.47979699998,5.335844332990683,4.0
Mahihkan Battery 02-21,ABWI107103406504W400,1,2023-01-01,11,False,exponential,75.61434459174549,0.4789725055048555,0.0,0.9411138892075126,False,,157.0547496904349,1,-130644.76689555682,-0.9911235655015131,
Mahihkan Battery 02-21,ABWI107111506504W400,2,2024-11-01,20,False,harmonic,239.53050091191807,0.0712395277907238,1.0,0.5012022150745683,False,,2978.16375964359,1,817651.0389728794,359.4004105666188,2.0
Mahihkan Battery 02-21,ABWI107112206504W400,2,2023-02-01,7,False,harmonic,226.35456075353497,0.3080620374451318,1.0,0.7066324316681404,False,,844.5755465906706,1,123413.8120182429,25.58756223037507,3.0
Mahihkan Battery 02-21,ABWI107112606504W400,6,2025-12-01,7,False,exponential,433.7029162142463,0.7350639924383761,0.0,0.8197326553560926,False,,586.583244996133,1,92233.19670130727,6854.880242583332,1.0
Mahihkan Battery 02-21,ABWI107112806504W400,3,2025-07-01,12,False,exponential,107.87981242075492,0.0878279703935163,0.0,0.724515646297614,False,,800.1651042464114,1,86662.44836440106,2.337828435847929,6.0
Mahihkan Battery 02-21,ABWI107113406504W400,2,2025-05-01,14,False,harmonic,377.68394678327576,0.1070470331465842,1.0,0.6616949695425169,False,,3230.968339939868,1,939546.2922417294,192246.7268619872,1.0
Mahihkan Battery 02-21,ABWI107121006604W402,1,2024-04-01,27,False,exponential,3028.781082568094,0.0595566522472695,0.0,0.5138952390829971,False,,40670.0357748292,1,13620218.463617697,,0.0
Mahihkan Battery 02-21,ABWI107122606504W400,1,2022-10-01,20,False,exponential,76.92203697252548,0.3845725649182475,0.0,0.8406348399197386,False,,199.92821264160423,1,-115859.21144583197,-0.9489356396923894,
Mahihkan Battery 02-21,ABWI107122606504W400,5,2025-08-01,10,False,exponential,57.11135784569976,0.2821117519078467,0.0,0.8630366956954377,False,,190.38903294816728,2,-123849.38102192048,-0.9648105048547946,
Mahihkan Battery 02-21,ABWI107122806504W400,2,2024-07-01,24,False,harmonic,698.2171774368204,0.1177567401742085,1.0,0.7967674835896059,False,,7956.327610185561,1,2526751.020500412,,0.0
Mahihkan Battery 02-21,ABWI107123406504W400,3,2025-03-01,16,False,harmonic,719.5997656655585,0.1256755321917738,1.0,0.6116920779842023,False,,6311.085969658328,1,2022553.05252367,,0.0
Mahihkan Battery 02-21,ABWI107123506504W400,1,2023-08-01,21,False,exponential,698.9905249530252,0.0532894587278786,0.0,0.7851225890827103,False,,8833.150524744937,1,2825147.46375732,,0.0
Mahihkan Battery 02-21,ABWI107123506504W400,3,2025-11-01,8,False,exponential,738.7950631887411,0.0523811839346127,0.0,0.5408823686245502,False,,4828.269804366359,2,1516297.8212235428,,0.0
Mahihkan Battery 02-21,ABWI107130306604W400,1,2022-07-01,18,False,harmonic,1366.9013727668105,0.3859480934254456,1.0,0.7435071436456993,False,,7341.186526624565,1,2518485.7599879466,,0.0
Mahihkan Battery 02-21,ABWI107131406504W400,1,2022-11-01,8,False,exponential,242.7283121992405,0.0840895499228203,0.0,0.6273226371999003,False,,1413.482276762723,1,311049.57862671,284.39341449669945,2.0
Mahihkan Battery 02-21,ABWI107131406504W400,5,2025-07-01,6,False,harmonic,182.13578763808263,0.2995104506507885,1.0,0.739088452766923,False,,625.4852748166497,2,40619.70149044014,2.7688270502751875,4.0
Mahihkan Battery 02-21,ABWI107131506504W400,2,2025-08-01,11,False,harmonic,627.5300058463791,0.2858328868888853,1.0,0.8106975326081619,False,,3121.263464770692,1,964361.6095929687,,0.0
Mahihkan Battery 02-21,ABWI107132606504W400,2,2024-12-01,9,False,harmonic,467.0333983703591,0.4460097816516256,1.0,0.8926516194500869,False,,1688.2484529572691,1,457630.9515066386,25353354.8530661,1.0
Mahihkan Battery 02-21,ABWI107133406504W400,2,2024-03-01,12,False,harmonic,1011.2503797294052,0.4435878652165446,1.0,0.6347201039544195,False,,4204.241150642365,1,1411195.865729591,,0.0
Mahihkan Battery 02-21,ABWI107140306604W400,1,2022-07-01,18,False,harmonic,3406.729166914526,0.4560561471986873,1.0,0.7964513290620607,False,,16584.71278885922,1,6019227.491309364,,0.0
Mahihkan Battery 02-21,ABWI107140306604W400,2,2024-01-01,24,False,exponential,1386.865668369643,0.0670647372543133,0.0,0.849565884733859,False,,16544.08401472932,2,5491085.772121079,,0.0
Mahihkan Battery 02-21,ABWI107141006504W400,1,2022-11-01,22,False,harmonic,434.5880129438576,0.0584994728764826,1.0,0.8623625846774456,False,,6145.470448535286,1,1876578.004279791,25796676.219868578,1.0
Mahihkan Battery 02-21,ABWI107141006504W400,2,2024-09-01,22,False,exponential,379.8221094324848,0.0655594517381511,0.0,0.7482333168234325,False,,4424.063250357756,2,1326118.6705592142,323758.78669292066,1.0
Mahihkan Battery 02-21,ABWI107141506504W400,1,2022-05-01,17,False,hyperbolic,227.10734865719,1.4999112349872723,1.957941096296182,0.8367629261760157,False,,923.2650765194148,1,155791.64807966872,6.684175506754496,5.0
Mahihkan Battery 02-21,ABWI107142106504W400,2,2023-06-01,6,False,harmonic,967.208313135746,0.1633530868954364,1.0,0.5360158585564645,False,,4044.9486085282224,1,1299762.4370085592,,0.0
Mahihkan Battery 02-21,ABWI107142106504W400,4,2024-07-01,10,False,exponential,1097.8654741653831,0.0797599651898189,0.0,0.6891398834721736,False,,7564.912997218703,2,2512523.437861423,,0.0
Mahihkan Battery 02-21,ABWI107142606504W400,4,2024-03-01,17,False,exponential,252.94465040667012,0.0595072986802803,0.0,0.6857646435855629,False,,2704.994376689021,1,739975.1362347949,627.9873677279861,2.0
Mahihkan Battery 02-21,ABWI107142706504W400,3,2024-10-01,17,False,exponential,245.9124476382995,0.2266161587315071,0.0,0.8283592771270029,False,,1062.1150357538393,1,210081.13802242576,63.684167006529606,2.0
Mahihkan Battery 02-21,ABWI107142806504W400,1,2023-11-01,20,False,harmonic,384.444364894092,0.1395872316949055,1.0,0.9559456245432978,False,,3670.805206510487,1,1081032.6618150717,217813.36147630116,1.0
Mahihkan Battery 02-21,ABWI107143406504W400,3,2023-11-01,10,False,exponential,213.75243734236,0.3340182279888603,0.0,0.7315271035567101,False,,617.2689529400917,1,53605.52911026049,4.241941039098857,4.0
Mahihkan Battery 02-21,ABWI107150406604W400,1,2023-09-01,6,False,hyperbolic,4183.805295281124,1.3048347596317171,0.5703204201281643,0.9911067660231788,False,,5386.558521774701,1,2545509.255844117,,0.0
Mahihkan Battery 02-21,ABWI107150406604W400,2,2024-03-01,9,False,exponential,2338.911200202916,0.1466962847424053,0.0,0.9234196698275866,False,,11685.858174089097,2,4157348.5273799296,,0.0
Mahihkan Battery 02-21,ABWI107151006504W400,2,2022-11-01,8,False,harmonic,120.73923925230042,0.4846875669915896,1.0,0.6629450697258265,False,,394.74371591058025,1,-44062.271464159334,-0.6516843810840363,
Mahihkan Battery 02-21,ABWI107151006504W400,4,2024-01-01,9,False,exponential,146.8851476166909,0.8913781465270807,0.0,0.9852184955406628,False,,164.73027227465602,2,-112055.24445533966,-0.9994057893675492,
Mahihkan Battery 02-21,ABWI107151406504W400,1,2022-06-01,13,False,exponential,190.91991280710693,0.0637502051820474,0.0,0.9057586478356904,False,,1687.2967691892766,1,394327.0447930644,64.10979307510091,3.0
Mahihkan Battery 02-21,ABWI107151406504W400,3,2024-04-01,8,False,exponential,169.7515733909037,0.0908359021904014,0.0,0.525453378039338,False,,965.2055085957116,2,150231.31681472002,16.225462691398874,3.0
Mahihkan Battery 02-21,ABWI107151406504W400,4,2024-12-01,8,False,harmonic,109.041917589845,0.1219974542588574,1.0,0.5668609637340467,False,,608.7385750901027,3,20759.152496645722,0.6531748853582888,6.0
Mahihkan Battery 02-21,ABWI107151506504W400,1,2022-07-01,15,False,harmonic,111.65153669281678,0.1582971032087686,1.0,0.5159230617590125,False,,857.8453082600362,1,105811.71344283102,2.3790117040754546,7.0
Mahihkan Battery 02-21,ABWI107151506504W400,3,2024-02-01,15,False,exponential,131.77344367784576,0.3429321760168588,0.0,0.6909646229328439,False,,382.0132169936233,2,-42631.10077689666,-0.6279596350224417,
Mahihkan Battery 02-21,ABWI107151506504W400,5,2025-10-01,9,False,exponential,218.53249054545745,0.1452283691651555,0.0,0.8307959647950284,False,,1097.54144702475,3,208922.2666990901,56.671269136494345,2.0
Mahihkan Battery 02-21,ABWI107160306604W400,3,2024-05-01,21,False,exponential,206.73233980774228,0.7731486283266356,0.0,0.9474148445799796,False,,267.3901418973365,1,-64522.84134250659,-0.9773345341426924,
Mahihkan Battery 02-21,ABWI107161506504W400,1,2022-07-01,14,False,exponential,252.8579543022278,0.2360002268910135,0.0,0.743895002297327,False,,1032.0710918738623,1,201329.45297918786,74.25654904951097,2.0
Mahihkan Battery 02-21,ABWI107161606504W400,2,2024-03-01,8,False,exponential,487.5203935587148,0.2546525668959581,0.0,0.8972535071397297,False,,1664.8263572489368,1,458154.5558628388,1399052399.6647477,1.0
Mahihkan Battery 02-21,ABWI107162706504W400,1,2023-11-01,32,False,exponential,311.0761803028532,0.0393350300462337,0.0,0.6834731417956301,False,,5662.261778573095,1,1665999.9000767441,9682.478377947516,1.0
Mahihkan Battery 02-21,ABWI107162906504W400,3,2024-04-01,27,False,harmonic,235.15593098589304,0.0243263242755081,1.0,0.7204272190329951,False,,4880.677417908064,1,1396182.3224220125,496.4948438736736,2.0
Mahihkan Battery 02-21,ABWI107163406504W400,1,2023-01-01,9,False,exponential,22.46129405586116,1.2729090135812795,0.0,0.9375471298331354,False,,17.645453122888693,1,-188951.44168421486,-0.9999999829641305,
Mahihkan Battery 02-21,ABWI108011006604W400,3,2024-04-01,9,False,exponential,325.2489688219626,0.2017030783041062,0.0,0.8687049687677608,False,,1350.0213415658748,1,318340.700943993,2744.138066190271,1.0
Mahihkan Battery 02-21,ABWI108011506504W400,4,2024-11-01,18,False,harmonic,227.91166322402944,0.1470509280665967,1.0,0.5470584729311774,False,,2005.36520912094,1,505662.54400628904,122.0380685940809,2.0
Mahihkan Battery 02-21,ABWI108012106504W400,2,2023-04-01,19,False,harmonic,222.182645375011,0.0699071278340382,1.0,0.6122321204764642,False,,2685.976760236967,1,720327.4427053333,195.31692934475092,2.0
Mahihkan Battery 02-21,ABWI108012706504W400,3,2024-05-01,6,False,harmonic,328.37096418481946,0.2953863567906073,1.0,0.8256985811527897,False,,1133.5478412026705,1,235622.9285230512,2099.988953318175,1.0
Mahihkan Battery 02-21,ABWI108012906504W400,2,2024-07-01,8,False,harmonic,177.15580028223636,0.175048832317479,1.0,0.5179384600730331,False,,886.1710004875434,1,126372.87146231138,12.176997320115229,3.0
Mahihkan Battery 02-21,ABWI108021006604W400,1,2022-09-01,7,False,harmonic,243.6728963246817,0.2152599759886989,1.0,0.6076446752226206,False,,1040.3189619743248,1,189295.64600266732,97.71429791955056,2.0
Mahihkan Battery 02-21,ABWI108021506504W400,3,2024-10-01,9,False,exponential,273.771027312424,0.6189493250706926,0.0,0.8856022230295338,False,,440.6312187304792,1,8076.965756378925,0.7104002498827975,4.0
Mahihkan Battery 02-21,ABWI108031506504W400,1,2022-05-01,15,False,exponential,276.16234761410993,0.0483056177651511,0.0,0.6763663522822554,False,,2946.9558074752185,1,822207.3707694951,1829.7965420759037,2.0
Mahihkan Battery 02-21,ABWI108031506504W400,2,2023-08-01,12,False,harmonic,183.94472105519256,0.1146712701131531,1.0,0.7540574864168785,False,,1388.2590026104224,2,294327.61079752346,34.68297844988538,3.0
Mahihkan Battery 02-21,ABWI108032206504W400,3,2025-01-01,11,False,exponential,268.2961378734394,0.1195688721275668,0.0,0.8470797871007152,False,,1641.5983739042883,1,400332.8762647618,556.9363013655086,2.0
Mahihkan Battery 02-21,ABWI108033506504W400,4,2025-06-01,6,False,harmonic,273.1934400956006,0.3184717963544104,1.0,0.5575014654242973,False,,916.534528996158,1,154221.9918601503,132.953827337998,2.0
Mahihkan Battery 02-21,ABWI108040306604W400,2,2025-12-01,7,False,exponential,489.04577310061103,0.0834145662855194,0.0,0.720447358298757,False,,2593.0265100862844,1,740105.1514908262,13952305818.612246,1.0
Mahihkan Battery 02-21,ABWI108041006604W402,1,2022-08-01,19,False,harmonic,4465.556504488101,0.5398299757687518,1.0,0.6969798543494028,False,,20026.633212690074,1,7391966.786625928,,0.0
Mahihkan Battery 02-21,ABWI108041006604W402,3,2024-08-01,20,False,exponential,2438.0908381457853,0.1003397392099493,0.0,0.9168496722199312,False,,21032.20066077043,2,7271849.575024279,,0.0
Mahihkan Battery 02-21,ABWI108042206504W400,4,2024-01-01,22,False,harmonic,407.9480405299047,0.1061017574518459,1.0,0.5234830071335425,False,,4630.169579514791,1,1390647.427006915,1631366.8516006137,1.0
Mahihkan Battery 02-21,ABWI108042206504W400,5,2025-11-01,8,False,harmonic,328.5783041947767,0.263316585374138,1.0,0.8127966692628004,False,,1414.4413909771506,2,332796.41959561827,3006.4094338395876,1.0
Mahihkan Battery 02-21,ABWI108042306504W400,2,2025-12-01,7,False,harmonic,233.5345189865904,0.1115215399637488,1.0,0.6005546906057082,False,,1208.2373582246714,1,238633.1171928058,154.44044701657575,2.0
Mahihkan Battery 02-21,ABWI108042806504W400,1,2023-03-01,10,False,harmonic,457.5246993903479,0.4905313198174035,1.0,0.9618267553971208,False,,1656.359834297372,1,446977.43498181,6068429.090419289,1.0
Mahihkan Battery 02-21,ABWI108042806504W400,4,2025-04-01,8,False,harmonic,124.1986775248189,0.6852630031949213,1.0,0.8232632020958065,False,,338.7501370277933,2,-61052.64895782371,-0.8064962469967493,
Mahihkan Battery 02-21,ABWI108050306604W400,2,2023-05-01,10,False,exponential,564.2553468426653,0.132182908377515,0.0,0.7759786991676322,False,,3130.497580062904,1,955497.6425088237,,0.0
Mahihkan Battery 02-21,ABWI108051006604W400,2,2024-09-01,19,False,exponential,1632.801442953031,0.1345107638881162,0.0,0.9227169122363864,False,,11196.388683879302,1,3877100.93213833,,0.0
Mahihkan Battery 02-21,ABWI108052206504W400,2,2024-06-01,25,False,exponential,140.96062029561173,0.0637141716259788,0.0,0.8955168015736528,False,,1762.5132318195635,1,403433.54716411745,13.742041135006847,4.0
Mahihkan Battery 02-21,ABWI108052306504W400,1,2022-05-01,6,False,exponential,178.92147896161362,0.408392992169888,0.0,0.898285014653799,False,,400.3183984549895,1,-28702.71552276003,-0.6776131404827175,
Mahihkan Battery 02-21,ABWI108052306504W400,3,2023-05-01,13,False,exponential,248.93586463779727,0.0997915160671158,0.0,0.9053022821429572,False,,1812.8675734596816,2,452462.1982877983,329.9878592598794,2.0
Mahihkan Battery 02-21,ABWI108052306504W400,5,2025-11-01,8,False,exponential,79.04074775237385,0.0977234049306527,0.0,0.8856947231546829,False,,438.7146830252221,3,-40224.43378577649,-0.5342105852965474,
Mahihkan Battery 02-21,ABWI108052606504W400,2,2023-03-01,9,False,exponential,501.69531084173633,0.1842273167269977,0.0,0.9646932744651352,False,,2204.433583328217,1,638597.8253803103,39546847061.34632,1.0
Mahihkan Battery 02-21,ABWI108052606504W400,4,2024-05-01,14,False,harmonic,448.4462387690068,0.3002903674616857,1.0,0.9011018563782508,False,,2463.2331887003297,2,710215.8786214393,9993544.124677688,1.0
Mahihkan Battery 02-21,ABWI108052706504W400,2,2023-05-01,14,False,harmonic,254.6861558921553,0.1136222441824747,1.0,0.5750272830801251,False,,2133.772617861375,1,554044.6410477891,427.5686386096797,2.0
Mahihkan Battery 02-21,ABWI108052806504W400,2,2024-07-01,24,False,hyperbolic,471.8040792530617,0.2769132671206341,1.6171692630856225,0.770844318334677,False,,4308.1063522210925,1,1296618.368935773,226274651.1638936,1.0
Mahihkan Battery 02-21,ABWI108053506504W400,1,2022-05-01,14,False,exponential,326.30307190761926,0.151586220683413,0.0,0.8925331669947144,False,,1894.781270811839,1,501887.21561870386,5319.218224771411,1.0
Mahihkan Battery 02-21,ABWI108053506504W400,4,2024-04-01,22,False,harmonic,228.75736068171503,0.0907468110990282,1.0,0.536927809059569,False,,2766.4140400357483,2,745743.3574365822,202.90543339014582,2.0
Mahihkan Battery 02-21,ABWI108062206504W400,2,2022-12-01,24,False,harmonic,84.90640641039539,0.1415581780440157,1.0,0.8541411829419943,False,,888.3093882025397,1,106499.80500028346,1.3028568029124274,10.0
Mahihkan Battery 02-21,ABWI108062206504W400,4,2025-11-01,8,False,hyperbolic,106.36822266593286,1.0235871762691446,0.3784121285462714,0.9778138387971512,False,,150.7045880496532,2,-125635.22843976346,-0.996004627442821,
Mahihkan Battery 02-21,ABWI108062806504W400,2,2024-03-01,9,False,harmonic,103.45335588715454,0.4166184081852339,1.0,0.8525690574117426,False,,386.890801313468,1,-50171.19990337003,-0.6478404362172353,
Mahihkan Battery 02-21,ABWI108062806504W400,3,2024-12-01,7,False,harmonic,42.48836514604464,0.8254205664242024,1.0,0.9024068697048496,False,,98.505991667025,2,-158212.5465596199,-0.9983026519249569,
Mahihkan Battery 02-21,ABWI108071506504W400,1,2022-06-01,10,False,harmonic,653.6824052435009,0.2145707636892848,1.0,0.7344743578018571,False,,3491.367748635749,1,1087075.1074688404,,0.0
Mahihkan Battery 02-21,ABWI108071506504W400,5,2024-11-01,6,False,exponential,97.02531293171096,0.3266217496609784,0.0,0.9679304888013186,False,,255.20283604447908,2,-95067.1562435851,-0.9766579834631198,
Mahihkan Battery 02-21,ABWI108072206504W400,2,2023-02-01,10,False,harmonic,253.0092707110209,0.9622796224965312,1.0,0.8470364409249496,False,,621.2970423210091,1,62973.444474575634,4.8864730455721705,4.0
Mahihkan Battery 02-21,ABWI108072206504W400,3,2023-12-01,9,False,exponential,146.6337626767615,0.3458312488831925,0.0,0.8647641250703043,False,,405.1396871662277,2,-32418.142058842554,-0.58953750589147,
Mahihkan Battery 02-21,ABWI108072206504W400,4,2024-09-01,8,False,exponential,93.47600233897128,0.335311381554925,0.0,0.759249632558721,False,,259.7076713811473,3,-93041.60720251995,-0.9493577817927394,
Mahihkan Battery 02-21,ABWI108072706504W400,2,2022-12-01,8,False,exponential,374.282505564201,0.223527836771577,0.0,0.79659280994457,False,,1394.3725146502557,1,342473.43886805756,33886.0528722915,1.0
Mahihkan Battery 02-21,ABWI108072706504W400,5,2025-05-01,8,False,exponential,200.8760213257492,1.0537737527958555,0.0,0.9458853160758556,False,,190.5837886520465,2,-90930.87959183012,-0.9994863365423996,
Mahihkan Battery 02-21,ABWI108073406504W400,3,2024-02-01,7,False,exponential,356.5069800873653,0.2675690718207031,0.0,0.7612969046546023,False,,1127.650907186665,1,249469.6493711863,6680.861719526952,1.0
Mahihkan Battery 02-21,ABWI108073506504W400,2,2022-11-01,8,False,harmonic,243.5625343839721,0.2649792595752378,1.0,0.5956547955107678,False,,1045.8197254124257,1,194099.1991569011,76.07328250094906,2.0
Mahihkan Battery 02-21,ABWI108081506504W400,3,2024-08-01,21,False,hyperbolic,410.8718820664412,0.908526751736068,1.579959499752786,0.9540861388124834,False,,1975.3910943969477,1,538721.5748916091,23640.461797487216,1.0
Mahihkan Battery 02-21,ABWI108082706504W400,1,2022-05-01,8,False,harmonic,440.0455741184628,0.3134794025969704,1.0,0.5572320226970501,False,,1761.7004349884362,1,471371.4467228048,3885291.9282295317,1.0
Mahihkan Battery 02-21,ABWI108082706504W400,3,2024-04-01,8,False,exponential,538.5667444362524,0.19439853579678,0.0,0.9036568174671872,False,,2185.451541716972,2,637486.4541650139,,1.0
Mahihkan Battery 02-21,ABWI108082906504W400,1,2023-08-01,16,False,harmonic,437.6543052058676,0.1322220445415577,1.0,0.732678126595945,False,,3761.500062840125,1,1127090.0943737265,15910228.298964914,1.0
Mahihkan Battery 02-21,ABWI108083406504W400,1,2022-07-01,11,False,exponential,475.397951958184,0.2011577484202846,0.0,0.8737878811630644,False,,2104.7607816613813,1,605326.7923837265,444918464.62306494,1.0
Mahihkan Battery 02-21,ABWI108083406504W400,3,2023-11-01,7,False,harmonic,111.9787838659907,1.2357048476156758,1.0,0.793925278289426,False,,205.4296576439176,2,-106718.31730749072,-0.9818409914221781,
Mahihkan Battery 02-21,ABWI108091006504W400,2,2024-03-01,9,False,exponential,220.76437223638823,0.2353599393571968,0.0,0.7361367863494075,False,,825.1997870669554,1,122489.0510782589,20.231610125055727,3.0
Mahihkan Battery 02-21,ABWI108091006504W400,3,2024-12-01,11,False,exponential,125.17857251828256,0.126223648897557,0.0,0.8691014588836646,False,,744.3267095958972,2,73220.27688823204,2.4166610871988192,6.0
Mahihkan Battery 02-21,ABWI108091506504W400,1,2022-12-01,15,False,exponential,267.51131625056854,0.3475863494042941,0.0,0.9135370514560212,False,,765.4379746309487,1,116092.39848855093,34.31584614706249,2.0
Mahihkan Battery 02-21,ABWI108091506504W400,4,2024-12-01,7,False,exponential,192.289852074064,0.3835236428804496,0.0,0.8731775588221771,False,,467.1608212790627,2,-2735.184609296648,-0.006915099672476721,
Mahihkan Battery 02-21,ABWI108091606504W400,6,2025-03-01,11,False,exponential,51.78310874124382,0.5448070426222974,0.0,0.8947429179911759,False,,94.8112445560667,1,-156777.43298023465,-0.9985108184768713,
Mahihkan Battery 02-21,ABWI108092706504W400,2,2024-12-01,19,False,exponential,314.6365071548396,0.0267818824726027,0.0,0.5227064525321399,False,,4685.345145762255,1,1381961.836969777,13353.669306311824,1.0
Mahihkan Battery 02-21,ABWI108100306604W400,5,2024-11-01,17,False,exponential,544.7785524412935,0.1727755437954363,0.0,0.8762480125056591,False,,2985.9389678230564,1,916363.1210176434,,1.0
Mahihkan Battery 02-21,ABWI108101006504W400,4,2024-12-01,9,False,exponential,197.6885918148681,0.2860693779090755,0.0,0.9171367299080284,False,,638.4052552356161,1,56141.305885956775,4.00666932392471,4.0
Mahihkan Battery 02-21,ABWI108101406504W400,5,2025-05-01,6,False,exponential,153.59566784561932,0.3915803358299276,0.0,0.8829327082230153,False,,354.8180932743284,1,-49403.57735635701,-0.8618465902931376,
Mahihkan Battery 02-21,ABWI108102106504W400,3,2025-07-01,6,False,exponential,46.78265206610502,0.264891871942605,0.0,0.790978677749307,False,,140.57162070070072,1,-143940.48695305263,-0.9977779920538462,
Mahihkan Battery 02-21,ABWI108102206504W400,4,2024-01-01,12,False,exponential,192.2591309507828,0.0716722200367097,0.0,0.8803899947198609,False,,1547.4304851568436,1,349173.09416793106,59.964082716437616,3.0
Mahihkan Battery 02-21,ABWI108102806504W400,1,2022-06-01,7,False,exponential,345.387686460482,0.4072643107483035,0.0,0.953480463606512,False,,799.0534399938897,1,141353.27663129132,660.9509406629619,1.0
Mahihkan Battery 02-21,ABWI108102806504W400,2,2023-01-01,10,False,exponential,344.6033852416988,0.3054658808781617,0.0,0.5744632700123178,False,,1074.94556763167,2,235199.00737350958,2200.7607393665103,1.0
Mahihkan Battery 02-21,ABWI108111006504W400,1,2024-01-01,8,False,exponential,318.7871000393473,0.7365467866398376,0.0,0.8352422605506027,False,,431.61835901341,1,15143.3750598107,2.205337802868807,3.0
Mahihkan Battery 02-21,ABWI108112206504W400,1,2022-07-01,34,False,exponential,343.687033999415,0.2150736483879696,0.0,0.8580653593099559,False,,1596.9308545884946,1,410471.66018669034,6202.903830743221,1.0
Mahihkan Battery 02-21,ABWI108112206504W400,2,2025-05-01,7,False,harmonic,308.6364944821524,0.1644162342361263,1.0,0.7735588534179699,False,,1437.7074097671305,2,330497.0598152794,2456.7673605402533,1.0
Mahihkan Battery 02-21,ABWI108112206504W400,3,2025-12-01,7,False,exponential,270.3198977072676,0.0669363399553647,0.0,0.5856270551466175,False,,1510.7628169823745,3,343010.9189584223,1017.3949376822058,2.0
Mahihkan Battery 02-21,ABWI108112606504W400,3,2025-03-01,6,False,exponential,229.3350873895874,0.6169816377839323,0.0,0.9862607251414244,False,,362.53237816833285,1,-28804.818432696873,-0.7903628218636635,
Mahihkan Battery 02-21,ABWI108112806504W400,1,2022-05-01,10,False,exponential,132.2787178593021,0.1729941349296125,0.0,0.7310035753649862,False,,629.0755926552231,1,37424.397127368764,1.247361942200489,6.0
Mahihkan Battery 02-21,ABWI108112806504W400,3,2023-11-01,12,False,exponential,118.13904335079454,0.3347520817152248,0.0,0.9493326810428048,False,,346.5602884438409,2,-57720.439760608206,-0.7601148220619609,
Mahihkan Battery 02-21,ABWI108112806504W400,5,2025-05-01,6,False,harmonic,6.401579065810512,0.4609107022957605,1.0,0.8006211121877747,False,,18.414996572359936,3,-192648.74089379993,-0.9999954188286997,
Mahihkan Battery 02-21,ABWI108113406504W400,1,2022-08-01,17,False,exponential,523.6856209861543,0.0575471170872157,0.0,0.8151180478928087,False,,5678.935730505921,1,1770797.4300142573,,1.0
Mahihkan Battery 02-21,ABWI108120306604W400,7,2026-01-01,6,False,harmonic,381.6484037575273,0.8315144254240504,1.0,0.861330722623799,False,,821.5459709017557,1,152638.6366671041,1698.526477135018,1.0
Mahihkan Battery 02-21,ABWI108121506504W400,1,2023-08-01,12,False,harmonic,676.521705341704,0.3056017210656238,1.0,0.9390845158817696,False,,3410.4022989954974,1,1071965.1175239673,,0.0
Mahihkan Battery 02-21,ABWI108122606504W400,2,2022-10-01,9,False,exponential,43.205685668870125,0.3739846506311577,0.0,0.8067767389506959,False,,111.53852551867377,1,-153205.08094371902,-0.9960094682490936,
Mahihkan Battery 02-21,ABWI108122606504W400,8,2025-05-01,7,False,exponential,52.19522463781604,0.7328180494515901,0.0,0.7866897545995447,False,,70.80382907235285,2,-164761.56100642297,-0.9999690704747204,
Mahihkan Battery 02-21,ABWI108123506504W400,3,2024-01-01,8,False,exponential,201.6144968777536,0.0725991761034667,0.0,0.7077891633687367,False,,1223.4353268605544,1,239630.271552618,67.53888829967545,2.0
Mahihkan Battery 02-21,ABWI108131406504W400,1,2022-07-01,17,False,exponential,123.19360887460108,0.1519540113732125,0.0,0.8870872457980545,False,,749.4947186283226,1,76624.78407942418,1.9610754380150341,6.0
Mahihkan Battery 02-21,ABWI108131406504W400,4,2025-09-01,8,False,exponential,94.43400906045292,0.1984738102940801,0.0,0.7513477124926649,False,,378.558254240555,2,-54624.782038350415,-0.727649652114786,
Mahihkan Battery 02-21,ABWI108132606504W400,2,2024-12-01,11,False,hyperbolic,563.1879208924231,0.480155713142493,0.3738710521055302,0.9531408662433762,False,,1571.4942782780624,1,448193.0439602343,,0.0
Mahihkan Battery 02-21,ABWI108132606504W400,3,2025-11-01,8,False,exponential,155.58608232674774,0.3332485618317651,0.0,0.9339510253674936,False,,434.4147491484167,2,-21275.143221277533,-0.43817829753052595,
Mahihkan Battery 02-21,ABWI108132806504W400,1,2024-01-01,30,False,harmonic,332.44046417613094,0.0225796321132653,1.0,0.7285632748290566,False,,7615.313286744263,1,2263367.7797859516,34532.107261064135,1.0
Mahihkan Battery 02-21,ABWI108133406504W400,2,2024-03-01,12,False,harmonic,1322.8110626623445,0.3898202366943518,1.0,0.8507299046201328,False,,5892.859361737812,1,2035362.2232155,,0.0
Mahihkan Battery 02-21,ABWI108141006504W400,1,2026-01-01,6,False,exponential,281.5338172826399,0.1111991144822994,0.0,0.5805920736831678,False,,1232.61627306328,1,254787.79191270412,878.341666672271,2.0
Mahihkan Battery 02-21,ABWI108141506504W400,2,2023-08-01,14,False,harmonic,143.0221699943795,0.3948135491316191,1.0,0.6474204842973288,False,,679.5881501062985,1,55827.33025087987,1.445123382106099,7.0
Mahihkan Battery 02-21,ABWI108142806504W400,1,2022-05-01,6,False,exponential,358.9234750516783,0.2632005123807563,0.0,0.8529450751538002,False,,1082.5785816739374,1,231365.09670731766,7867.116461266344,1.0
Mahihkan Battery 02-21,ABWI108142806504W400,4,2024-02-01,6,False,exponential,284.9698451188678,0.3466168970050389,0.0,0.86492097343965,False,,719.4048278206704,2,98718.61000518316,60.09552766963018,2.0
Mahihkan Battery 02-21,ABWI108142806504W400,7,2025-08-01,11,False,harmonic,211.73627959007715,0.962208735318859,1.0,0.5384414352761948,False,,539.051291044102,3,26623.241421373128,1.0545778000595964,7.0
Mahihkan Battery 02-21,ABWI108150306604W400,2,2024-04-01,8,False,harmonic,532.0953748130888,0.1442993667664122,1.0,0.7963561002899368,False,,2830.147373301712,1,833279.4835014008,,1.0
Mahihkan Battery 02-21,ABWI108150306604W400,3,2024-12-01,19,False,harmonic,659.366125922438,0.4261830634185602,1.0,0.8499675401342552,False,,3416.08740679543,2,1069994.0412154784,,0.0
Mahihkan Battery 02-21,ABWI108150406604W400,2,2024-05-01,7,False,harmonic,2043.7177833771325,0.4071582591372909,1.0,0.9672134641147458,False,,6766.750361440881,1,2449352.9690984213,,0.0
Mahihkan Battery 02-21,ABWI108151006504W400,1,2022-07-01,14,False,harmonic,84.30977360673303,0.4132747761544483,1.0,0.6541421212097719,False,,390.6351423467845,1,-52438.35185814983,-0.5000605886464098,
Mahihkan Battery 02-21,ABWI108151006504W400,5,2025-09-01,10,False,exponential,386.5856927776864,0.1417198004350223,0.0,0.7431084487286796,False,,2066.6153681718524,2,566805.4201181056,203840.4482576925,1.0
Mahihkan Battery 02-21,ABWI108151406504W400,2,2025-01-01,18,False,harmonic,307.61920858019096,0.0896834640412179,1.0,0.5856510946619327,False,,3296.2734480408462,1,940781.4506301438,4999.319135955954,1.0
Mahihkan Battery 02-21,ABWI108151606604W400,1,2022-08-01,6,False,exponential,302.50098480051395,0.6670567727218704,0.0,0.8088761633366387,False,,445.1996460739589,1,15121.12057929972,1.9970547537367773,3.0
Mahihkan Battery 02-21,ABWI108152906504W400,1,2022-07-01,8,False,exponential,158.6797603645719,0.3387944174304798,0.0,0.8790719807562647,False,,437.2134227188034,1,-19622.52441465672,-0.4117879300852212,
Mahihkan Battery 02-21,ABWI108152906504W400,2,2023-03-01,7,False,harmonic,115.96053692786018,0.8525778734146457,1.0,0.8381656347912225,False,,264.0441686423628,2,-87456.24241097749,-0.9477643311005232,
Mahihkan Battery 02-21,ABWI108152906504W400,4,2025-09-01,10,False,hyperbolic,246.03257285903493,0.4730132993592536,1.9329404545997309,0.9177127521262936,False,,1148.149265159938,3,229690.82779729518,60.00149966002074,2.0
Mahihkan Battery 02-21,ABWI108160306604W400,3,2024-05-01,10,False,harmonic,462.60932169732496,0.5304928993065937,1.0,0.8366660234326234,False,,1605.7089798378213,1,431859.41065043345,8144000.650919815,1.0
Mahihkan Battery 02-21,ABWI108160306604W400,4,2025-03-01,16,False,exponential,122.68516243483462,0.1296182000176766,0.0,0.7487092434460727,False,,827.5393609390384,2,101584.38305159836,2.751907923329876,6.0
Mahihkan Battery 02-21,ABWI108161006504W400,5,2025-03-01,6,False,harmonic,149.63132667934877,0.6432187106987252,1.0,0.5426833048199657,False,,367.7624722662805,1,-47622.025812103464,-0.812661830267532,
Mahihkan Battery 02-21,ABWI108161006504W400,6,2025-09-01,10,False,exponential,220.3711043977185,0.2800082833393522,0.0,0.754874546846634,False,,739.1618249872768,2,95320.91365362096,11.723392218957736,3.0
Mahihkan Battery 02-21,ABWI108161506504W400,2,2023-02-01,15,False,exponential,223.38416205798444,0.1261233909141568,0.0,0.8414268767043152,False,,1504.0787809206497,1,347826.520165913,93.46655177697939,2.0
Mahihkan Battery 02-21,ABWI108161606504W400,1,2022-09-01,8,False,harmonic,78.11103812412185,0.6609627387424554,1.0,0.6406557663025245,False,,217.28095446832043,1,-111265.79143054903,-0.9613266372447598,
Mahihkan Battery 02-21,ABWI108161606504W400,4,2024-11-01,6,False,harmonic,606.5790890301203,1.7444207477221607,1.0,0.9457298827278788,False,,848.2519868790398,2,221855.9157478833,,0.0
Mahihkan Battery 02-21,ABWI108161606504W400,5,2025-05-01,14,False,exponential,221.5964861722304,0.121570447657397,0.0,0.8565854964465094,False,,1490.4509358280984,3,342322.35832967504,92.38981078254048,2.0
Mahihkan Battery 02-21,ABWI108162706504W400,4,2025-04-01,8,False,exponential,117.9692335810298,0.6413728080267027,0.0,0.897209753091064,False,,182.84521171577717,1,-112738.23239081806,-0.9965632235674877,
Mahihkan Battery 02-21,ABWI108162806504W400,1,2023-04-01,18,False,exponential,1151.1099653734163,0.0809011219391846,0.0,0.7557736860075287,False,,10911.69181113212,1,3638324.603435164,,0.0
Mahihkan Battery 02-21,ABWI108162906504W400,3,2023-03-01,7,False,harmonic,112.8502728007139,0.5651726107193651,1.0,0.6019871590787786,False,,319.6063798794183,1,-70768.34009264159,-0.8816997319558062,
Mahihkan Battery 02-21,ABWI108162906504W400,5,2024-04-01,27,False,harmonic,270.6021516014678,0.0298524486983066,1.0,0.5442841611400346,False,,5358.329547454369,2,1558132.984278434,1842.7832212741505,2.0
Mahihkan Battery 02-21,ABWI108163406504W400,1,2022-09-01,9,False,harmonic,53.9860467283258,0.3106568080931344,1.0,0.5885929452920438,False,,231.80985856493285,1,-112202.30683243406,-0.9253334691455839,
Mahihkan Battery 02-21,ABWI109010406604W400,1,2022-12-01,19,False,exponential,420.08778077529865,0.0626328020635333,0.0,0.6339264537929786,False,,4666.74179322303,1,1417130.419141982,6595227.168831788,1.0
Mahihkan Battery 02-21,ABWI109010406604W400,3,2026-01-01,6,False,exponential,535.8115918227853,0.1212178856022388,0.0,0.813547023150134,False,,2284.340675829477,2,647175.4289407947,,1.0
Mahihkan Battery 02-21,ABWI109011506504W400,3,2023-09-01,6,False,harmonic,91.18173330631642,0.295284183605522,1.0,0.5088968456812518,False,,314.80309601855225,1,-79024.09918112481,-0.9227078513627095,
Mahihkan Battery 02-21,ABWI109011506504W400,5,2024-10-01,11,False,hyperbolic,208.36179754620505,1.2070857301015627,1.6326619977981367,0.9572004759467052,False,,641.7205765635592,2,59264.26459412672,2.50906192637109,6.0
Mahihkan Battery 02-21,ABWI109012106504W400,1,2022-05-01,10,False,harmonic,580.7708065410718,0.1663247377774618,1.0,0.6078476411062332,False,,3420.3681450342265,1,1045502.6503999971,,0.0
Mahihkan Battery 02-21,ABWI109012706504W400,3,2024-06-01,7,False,harmonic,284.170135343048,0.5258598994354178,1.0,0.8850888814441605,False,,834.1026160730553,1,134667.07187209648,71.87893457498461,2.0
Mahihkan Battery 02-21,ABWI109013406504W400,1,2022-05-01,31,False,hyperbolic,538.6483465801738,0.1045647746656434,1.7314101700862403,0.8475021601184971,False,,8599.534650068523,1,2637482.5613931376,,1.0
Mahihkan Battery 02-21,ABWI109020306604W400,1,2022-11-01,14,False,harmonic,358.6573768142409,0.1550638856917719,1.0,0.7853437694234002,False,,2669.193552903638,1,754121.8608998499,37997.1115361133,1.0
Mahihkan Battery 02-21,ABWI109021506504W400,6,2024-08-01,10,False,exponential,597.2679348590203,0.2308038210541524,0.0,0.8742553598042994,False,,2330.403152432601,1,707253.1881906134,,0.0
Mahihkan Battery 02-21,ABWI109022206504W400,6,2026-01-01,6,False,harmonic,332.69079792524445,0.3623100160875073,1.0,0.8518700684736136,False,,1060.530306440114,1,214151.707823977,1621.397350464909,1.0
Mahihkan Battery 02-21,ABWI109022306504W400,1,2024-05-01,26,False,exponential,220.6469874973141,0.1063739546062545,0.0,0.7339064500284873,False,,1943.7233668749368,1,488474.9160281372,108.17253938088459,2.0
Mahihkan Battery 02-21,ABWI109023406504W400,1,2022-10-01,14,False,harmonic,389.3646547381773,0.0675848865121569,1.0,0.7490470833980278,False,,3836.173230172556,1,1135684.0459850046,629246.1221169938,1.0
Mahihkan Battery 02-21,ABWI109023406504W400,2,2023-12-01,10,False,exponential,300.1131422868949,0.1495751703129682,0.0,0.8369225383458402,False,,1556.8343258892744,2,380139.7786625115,1535.586418434542,2.0
Mahihkan Battery 02-21,ABWI109032206504W400,4,2025-02-01,17,False,harmonic,83.08241802194762,0.0939172183557152,1.0,0.6045663446770746,False,,844.1183859515604,1,93492.54832612387,1.4649046550930778,9.0
Mahihkan Battery 02-21,ABWI109033506504W400,1,2022-05-01,15,False,harmonic,539.4729251571173,0.2783640870999457,1.0,0.5142169520581759,False,,3185.953020099471,1,967518.7499155637,,1.0
Mahihkan Battery 02-21,ABWI109042206504W400,3,2023-12-01,15,False,harmonic,441.7851905320442,0.0696718440071301,1.0,0.6207664560668642,False,,4536.53739157531,1,1375213.097822813,45582760.8707896,1.0
Mahihkan Battery 02-21,ABWI109042206504W400,4,2025-03-01,8,False,exponential,431.823594724116,0.1118516736846791,0.0,0.8531426171710772,False,,2282.8828072751903,2,637669.0078171273,10213710.9673226,1.0
Mahihkan Battery 02-21,ABWI109042206504W400,5,2025-11-01,8,False,hyperbolic,377.9292766063506,0.6926893099082424,1.8092197277286024,0.9317334320326264,False,,1298.425675687034,3,307235.14566635387,7991.025176744667,1.0
Mahihkan Battery 02-21,ABWI109042806504W400,1,2023-06-01,18,False,harmonic,350.9199511643103,0.1006068366182979,1.0,0.5558015147971103,False,,3604.9270176288383,1,1051912.5769256887,41031.90972720665,1.0
Mahihkan Battery 02-21,ABWI109043506504W400,1,2022-06-01,14,False,harmonic,526.3514151914115,0.2956424858540074,1.0,0.8289312131905595,False,,2914.203137182163,1,875827.4964206395,,1.0
Mahihkan Battery 02-21,ABWI109050306604W400,1,2023-06-01,9,False,exponential,422.0676099649341,0.1035640546072568,0.0,0.8912195193100112,False,,2470.7868507508706,1,700117.306864563,4770506.848758957,1.0
Mahihkan Battery 02-21,ABWI109051006604W400,1,2024-06-01,22,False,exponential,4145.174314640237,0.1354410542213427,0.0,0.9864020963946374,False,,29050.0298183512,1,10353685.58320384,,0.0
Mahihkan Battery 02-21,ABWI109052206504W400,3,2024-05-01,10,False,exponential,201.71669122624343,0.0717665403594449,0.0,0.5521512581593215,False,,1439.4053774598865,1,313828.8781342923,78.64127660480956,2.0
Mahihkan Battery 02-21,ABWI109052706504W400,3,2023-05-01,6,False,exponential,343.65016398078734,0.2875861174294697,0.0,0.8250863964878815,False,,982.1496158493616,1,196122.26050662453,2422.4479935748054,1.0
Mahihkan Battery 02-21,ABWI109052706504W400,5,2024-04-01,7,False,exponential,190.3934547437329,0.470527339191837,0.0,0.8126896733150215,False,,389.6196557102229,2,-28378.631516302816,-0.6749054114999382,
Mahihkan Battery 02-21,ABWI109052806504W400,1,2022-07-01,8,False,exponential,62.4271571555581,0.722968532012677,0.0,0.9726392752231748,False,,86.08266620538888,1,-157354.21878670898,-0.99988566512155,
Mahihkan Battery 02-21,ABWI109061506504W400,4,2024-05-01,6,False,harmonic,133.98664707951312,0.5509091753813182,1.0,0.867777921384561,False,,355.0581747375828,1,-55566.235723019025,-0.8526261855804997,
Mahihkan Battery 02-21,ABWI109061506504W400,5,2024-11-01,8,False,exponential,79.06205689119774,0.1700241973074797,0.0,0.6320171522268143,False,,345.67935982994845,2,-69207.6953446226,-0.8041991482946783,
Mahihkan Battery 02-21,ABWI109061506504W400,6,2025-07-01,7,False,harmonic,8.57949310366227,1.6163074657594338,1.0,0.515708848272344,False,,13.327263424493534,3,-193589.1609207245,-0.9999931858479819,
Mahihkan Battery 02-21,ABWI109070306604W400,2,2023-11-01,8,False,harmonic,655.7518572471704,1.1185093865490636,1.0,0.9544148689116096,False,,1346.8913296197663,1,394050.93553548615,,0.0
Mahihkan Battery 02-21,ABWI109071506504W400,1,2022-07-01,8,False,exponential,279.87894662497695,0.1482107170513872,0.0,0.874323838438646,False,,1311.4145286162486,1,290540.129193404,613.3539821259002,2.0
Mahihkan Battery 02-21,ABWI109071506504W400,3,2024-05-01,8,False,exponential,150.06338099794564,0.1209306276764783,0.0,0.8275979979219781,False,,769.2953458599476,2,83643.02820271946,4.870748838663202,4.0
Mahihkan Battery 02-21,ABWI109072106504W400,1,2022-12-01,9,False,harmonic,73.28862152892901,0.3371442979081296,1.0,0.5508802846903992,False,,303.20948683206245,1,-84496.96757595186,-0.8411898924163885,
Mahihkan Battery 02-21,ABWI109072106504W400,2,2023-09-01,11,False,exponential,65.57250208531147,0.1508377623947232,0.0,0.7550046588427158,False,,351.9995673410372,2,-69001.55888384575,-0.6935273933478544,
Mahihkan Battery 02-21,ABWI109072106504W400,5,2025-12-01,7,False,exponential,49.313725420377104,0.1835321507578165,0.0,0.8087012462518809,False,,194.3381737684016,3,-125783.48723107918,-0.9813921779789735,
Mahihkan Battery 02-21,ABWI109072706504W400,4,2024-06-01,9,False,harmonic,481.7291531432792,0.2552240591702431,1.0,0.5107846873416824,False,,2251.792179518559,1,642189.0949770381,869391674.1499029,1.0
Mahihkan Battery 02-21,ABWI109072706504W400,6,2025-10-01,9,False,harmonic,273.3446602959912,0.1262222449349654,1.0,0.6907421204942074,False,,1643.5362440288368,2,394249.5116998131,771.0500732099025,2.0
Mahihkan Battery 02-21,ABWI109081506504W400,3,2024-07-01,19,False,hyperbolic,655.0770152852585,0.6812596371553763,1.588257980043628,0.8230746926209997,False,,3462.874771038879,1,1080149.090683953,,0.0
Mahihkan Battery 02-21,ABWI109082106504W400,1,2023-11-01,13,False,harmonic,157.6757992907264,0.2638130225582044,1.0,0.868375555391639,False,,889.5287314854831,1,127464.88690170317,5.2514513967864875,5.0
Mahihkan Battery 02-21,ABWI109082206504W400,1,2022-12-01,13,False,harmonic,289.7066138169004,0.1781977310645625,1.0,0.5176711548428029,False,,1949.1736278187789,1,503460.1137268538,1016.0615523118954,2.0
Mahihkan Battery 02-21,ABWI109082206504W400,3,2024-12-01,19,False,exponential,361.2399022347506,0.0720674811954139,0.0,0.7413704547993022,False,,3737.891295738341,2,1103995.524486531,93911.47536503784,1.0
Mahihkan Battery 02-21,ABWI109083406504W400,1,2023-07-01,25,False,harmonic,395.5564745407811,0.0976237791366237,1.0,0.7894390468932998,False,,5006.639729885851,1,1500207.7971772098,709777.308222024,1.0
Mahihkan Battery 02-21,ABWI109091006504W400,3,2025-07-01,8,False,exponential,109.41435165805817,0.2266355776484391,0.0,0.905587533475032,False,,404.01154048324696,1,-42568.80034448271,-0.642971365926424,
Mahihkan Battery 02-21,ABWI109091506504W400,1,2022-07-01,7,False,exponential,192.0923167820152,0.5770821297780278,0.0,0.8850366514954363,False,,327.00811641776727,1,-48491.96441696394,-0.9034033863932465,
Mahihkan Battery 02-21,ABWI109091606504W400,1,2022-05-01,14,False,exponential,137.2905461278703,0.0894427866162538,0.0,0.62118604822684,False,,1096.148181602763,1,191155.68380442087,7.988958311599525,4.0
Mahihkan Battery 02-21,ABWI109091606504W400,4,2024-09-01,12,False,exponential,172.39116062872588,0.2524574864408384,0.0,0.7904576857983888,False,,649.8429643852807,2,55392.17129396454,2.622042349407964,5.0
Mahihkan Battery 02-21,ABWI109091606504W400,6,2026-01-01,6,False,exponential,48.08957581576868,0.2548159871364029,0.0,0.559323752864308,False,,147.81240621679362,3,-141348.4158135387,-0.9972172858847436,
Mahihkan Battery 02-21,ABWI109092706504W400,3,2024-04-01,6,False,exponential,77.29189704780035,0.4126083064247728,0.0,0.7714101273943743,False,,171.56951198020496,1,-126435.28051131265,-0.9971011113192075,
Mahihkan Battery 02-21,ABWI109092706504W400,5,2025-11-01,8,False,exponential,224.7618911745664,0.2454038848678192,0.0,0.8853947854123894,False,,787.2915940372615,2,109765.07481353737,19.516453071920576,3.0
Mahihkan Battery 02-21,ABWI109092806504W400,2,2023-06-01,17,False,exponential,298.24316671873737,0.1630348118930361,0.0,0.6476634675974242,False,,1714.8753293817765,1,437309.51747277763,1207.9291967132726,2.0
Mahihkan Battery 02-21,ABWI109100306604W400,3,2024-05-01,8,False,exponential,789.9629118050501,0.1688376691178278,0.0,0.7604298154207549,False,,3466.7399967887,1,1110871.429049442,,0.0
Mahihkan Battery 02-21,ABWI109102106504W400,1,2023-06-01,10,False,exponential,25.2973007896466,0.2703887383167645,0.0,0.8213950731686845,False,,87.2957174444759,1,-165297.3731617512,-0.9939985747983836,
Mahihkan Battery 02-21,ABWI109102206504W400,4,2023-12-01,18,False,exponential,228.66595917713337,0.1282427056183754,0.0,0.7308513586498511,False,,1605.7929531949708,1,383044.61619994073,110.52663482901276,2.0
Mahihkan Battery 02-21,ABWI109111006504W400,1,2022-10-01,9,False,exponential,98.02829099324008,1.3196364750732814,0.0,0.9848834964336536,False,,74.28379824337408,1,-152612.54051464106,-0.9999994038412564,
Mahihkan Battery 02-21,ABWI109111406504W400,3,2026-01-01,6,False,harmonic,175.7726524186468,0.1502402388219001,1.0,0.7919964177914294,False,,751.8202852817526,1,77640.9271211274,7.62532107124253,3.0
Mahihkan Battery 02-21,ABWI109112206504W400,1,2022-07-01,6,False,exponential,395.4449694019109,0.3360059372460086,0.0,0.7024183810644434,False,,1020.1565487306982,1,221401.17140685787,36038.8556966377,1.0
Mahihkan Battery 02-21,ABWI109112206504W400,2,2023-01-01,7,False,harmonic,481.07916507112935,0.4138282428627955,1.0,0.6738476551896211,False,,1581.1929165183444,2,419961.8291344256,208793095.9797417,1.0
Mahihkan Battery 02-21,ABWI109112206504W400,4,2023-12-01,6,False,harmonic,164.8233674776735,0.4180043548704332,1.0,0.7330757990735556,False,,494.8803657352836,3,-4286.418998590398,-0.045350579059377005,
Mahihkan Battery 02-21,ABWI109112206504W400,6,2025-10-01,9,False,exponential,130.36942612475488,0.0827873826428309,0.0,0.6689654468632251,False,,827.2267529270919,4,97979.97916959847,4.449337364412857,5.0
Mahihkan Battery 02-21,ABWI109113506504W400,4,2024-10-01,6,False,exponential,179.83067195489042,0.199142946988081,0.0,0.9275965828649996,False,,629.6354988563348,1,42950.128395364736,3.1217453980250154,4.0
Mahihkan Battery 02-21,ABWI109120306604W400,2,2022-12-01,8,False,exponential,853.2503553246278,0.3068018212515011,0.0,0.9453032838245654,False,,2542.177381233374,1,832044.6562902234,,0.0
Mahihkan Battery 02-21,ABWI109121406504W400,3,2025-03-01,8,False,harmonic,43.53030325451454,0.3488613891449176,1.0,0.8344550954161605,False,,166.27959527776943,1,-136132.95702117117,-0.9797692264251009,
Mahihkan Battery 02-21,ABWI109121506504W400,2,2023-05-01,9,False,exponential,382.51674906742335,0.2165522531409027,0.0,0.8470548260022357,False,,1514.8236066318618,1,386185.39111158974,63118.47841955029,1.0
Mahihkan Battery 02-21,ABWI109121506504W400,4,2025-01-01,6,False,harmonic,591.961086304376,0.2031850121814354,1.0,0.6101978032912753,False,,2322.296684810016,2,671075.7550628426,,0.0
Mahihkan Battery 02-21,ABWI109121506504W400,5,2025-07-01,12,False,exponential,682.0096752428859,0.0766571659071455,0.0,0.5905852886952071,False,,5350.900204293455,3,1704540.3518178372,,0.0
Mahihkan Battery 02-21,ABWI109122606504W400,3,2025-12-01,7,False,harmonic,267.1150605774906,0.5120390641025123,1.0,0.7935642380611251,False,,794.3101781301135,1,117822.98093654793,38.55887696220577,2.0
Mahihkan Battery 02-21,ABWI109122806504W400,3,2024-08-01,23,False,harmonic,137.2470001895334,0.1605333061290391,1.0,0.816645107868323,False,,1321.6714207247423,1,259636.31728048206,6.521665536128218,5.0
Mahihkan Battery 02-21,ABWI109131106504W400,3,2023-10-01,7,False,exponential,183.84295665480107,1.403618740910168,0.0,0.9732025394724296,False,,130.97076285988356,1,-113642.76286823042,-0.9999965300650101,
Mahihkan Battery 02-21,ABWI109131506504W400,2,2025-05-01,14,False,exponential,762.482390675668,0.1538267540191305,0.0,0.8162319667328868,False,,4381.436707257434,1,1425171.1826024917,,0.0
Mahihkan Battery 02-21,ABWI109132606504W400,1,2022-07-01,12,False,harmonic,336.0981991591592,0.5943969572799905,1.0,0.9113666293490026,False,,1185.1145409206138,1,266592.85940268164,565.2826316341946,2.0
Mahihkan Battery 02-21,ABWI109132606504W400,4,2024-10-01,18,False,exponential,484.3299341711127,0.2320912836742655,0.0,0.885528278955692,False,,2054.8075627751573,2,595555.4308943336,1115884401.4321303,1.0
Mahihkan Battery 02-21,ABWI109133406504W400,5,2025-09-01,10,False,exponential,861.9590974163226,0.1350782821188166,0.0,0.5999871287034895,False,,4728.217169971558,1,1548005.9275936908,,0.0
Mahihkan Battery 02-21,ABWI109150306604W400,1,2024-01-01,14,False,harmonic,393.7533558644272,0.1117973373487961,1.0,0.717513273038549,False,,3317.827594551216,1,971841.4497385175,541091.99276857,1.0
Mahihkan Battery 02-21,ABWI109150306604W400,3,2025-07-01,8,False,exponential,140.9268838074138,0.2867000356617414,0.0,0.895713570522939,False,,441.9497350361189,2,-22401.77639618751,-0.4255450932501136,
Mahihkan Battery 02-21,ABWI109150406604W400,1,2023-10-01,7,False,harmonic,5128.962591985383,1.1091339893113012,1.0,0.9277000196943384,False,,10037.704055900733,1,4266628.088757866,,0.0
Mahihkan Battery 02-21,ABWI109150406604W400,2,2024-05-01,7,False,exponential,1790.0868089880453,0.1574827898678993,0.0,0.9370193840151888,False,,7592.162127121917,2,2660740.459159223,,0.0
Mahihkan Battery 02-21,ABWI109150406604W400,3,2024-12-01,11,False,exponential,1551.3188157365012,0.2832432757090262,0.0,0.9012282773024136,False,,5234.08763991688,3,1892870.8260201123,,0.0
Mahihkan Battery 02-21,ABWI109151406504W400,4,2025-04-01,6,False,exponential,354.45544068494803,0.2144920497557041,0.0,0.9177847005828776,False,,1196.2512954377655,1,265169.3017829377,10829.499824374436,1.0
Mahihkan Battery 02-21,ABWI109151506504W400,2,2023-08-01,8,False,exponential,116.83311205825171,0.3193934468759211,0.0,0.7726366261002806,False,,337.3814563207714,1,-62160.19631745736,-0.8432801330882959,
Mahihkan Battery 02-21,ABWI109152706504W400,1,2022-09-01,33,False,harmonic,815.033318679412,0.0807992049239052,1.0,0.7302071375157466,False,,13105.250399233206,1,4126053.864979192,,0.0
Mahihkan Battery 02-21,ABWI109152906504W400,1,2022-08-01,7,False,hyperbolic,196.7080232095581,0.9003873667036814,0.594944238976803,0.9863916530288211,False,,352.6437893070159,1,-39215.4204601366,-0.7790283379059596,
Mahihkan Battery 02-21,ABWI109160306604W400,4,2025-01-01,9,False,exponential,177.85891785480823,0.4907342372760268,0.0,0.8586203056239745,False,,358.0578584466342,1,-40898.49340931583,-0.7864254303779434,
Mahihkan Battery 02-21,ABWI109161006504W400,1,2023-03-01,8,False,harmonic,179.02449823946677,0.1647830509138227,1.0,0.5390569622924771,False,,913.4869388256502,1,135476.1706402818,14.20111798938156,3.0
Mahihkan Battery 02-21,ABWI109161406504W400,1,2022-07-01,8,False,hyperbolic,138.36950355443656,1.5075926415130645,0.4336325746018274,0.9898908342675432,False,,147.19458380754818,1,-118404.26170945304,-0.9971343465642134,
Mahihkan Battery 02-21,ABWI109161506504W400,1,2022-07-01,15,False,harmonic,199.50206036746144,0.8108860380811556,1.0,0.8752846981379424,False,,634.1248436267109,1,54929.66416930927,1.8281303444419006,6.0
Mahihkan Battery 02-21,ABWI109161506504W400,4,2024-06-01,9,False,exponential,52.82103650749055,0.1920652865529547,0.0,0.6546215075412294,False,,226.19107935306693,2,-113595.42648058821,-0.9389124345628834,
Mahihkan Battery 02-21,ABWI109161506504W400,5,2025-03-01,9,False,exponential,157.12226502791077,0.2954811294463076,0.0,0.970867876388648,False,,494.5306593032464,3,-621.7497181108074,0.08145069145830663,8.0
Mahihkan Battery 02-21,ABWI109161506504W400,6,2025-12-01,7,False,harmonic,34.326112841580155,0.6419904256214086,1.0,0.5189277968730241,False,,91.09090602473712,4,-162622.5938466887,-0.9984963167883883,
Mahihkan Battery 02-21,ABWI109161606504W400,1,2022-09-01,15,False,exponential,265.3641042539916,0.3062638118873503,0.0,0.8942681442254882,False,,857.6936950102863,1,146487.22307454635,52.1568247107263,2.0
Mahihkan Battery 02-21,ABWI109161606504W400,3,2025-04-01,15,False,exponential,557.2148897829396,0.0818846778021251,0.0,0.9155087069559604,False,,4812.415980307989,2,1505255.8001726703,,1.0
Mahihkan Battery 02-21,ABWI109162706504W400,1,2022-10-01,9,False,exponential,253.09890086495537,0.5022589868824565,0.0,0.9501607372114868,False,,498.4357059623814,1,22713.007863790222,1.9756147325143871,4.0
Mahihkan Battery 02-21,ABWI109162706504W400,3,2024-05-01,16,False,harmonic,367.7072802146913,0.2397932192708021,1.0,0.7783982915109087,False,,2417.047422192619,2,675334.733602199,31089.86250306223,1.0
Mahihkan Battery 02-21,ABWI109162706504W400,4,2025-09-01,10,False,harmonic,233.9180645637509,0.3764672244427421,1.0,0.8829555822400548,False,,970.0701256643694,3,170594.99041754595,30.476947382526813,3.0
Mahihkan Battery 02-21,ABWI110012206504W400,2,2023-05-01,8,False,exponential,421.8413507876903,0.1886704131927814,0.0,0.5799158667097052,False,,1741.624613701434,1,465418.7026402694,1684557.2641874263,1.0
Mahihkan Battery 02-21,ABWI110012206504W400,5,2025-08-01,11,False,exponential,438.5321093563557,0.1760674491911801,0.0,0.9218067895489676,False,,2131.6129760369536,2,604453.5311265917,8877259.44812383,1.0
Mahihkan Battery 02-21,ABWI110012706504W400,3,2024-03-01,12,False,harmonic,299.0787712203951,0.2512741350571936,1.0,0.8855341018770186,False,,1654.5763251168014,1,409903.7353436465,862.5355154221579,2.0
Mahihkan Battery 02-21,ABWI110012706504W400,4,2025-03-01,6,False,exponential,159.29298179814887,0.685093058059528,0.0,0.9562691903584872,False,,228.7000219051983,2,-88579.96620760958,-0.9948206444019805,
Mahihkan Battery 02-21,ABWI110021506504W400,3,2025-02-01,10,False,harmonic,61.04208040701167,0.3204855083711715,1.0,0.7660160482225791,False,,273.55704047579303,1,-96701.22592307413,-0.8554654915886803,
Mahihkan Battery 02-21,ABWI110032206504W400,5,2025-10-01,9,False,exponential,77.21046312168681,0.4851446761906195,0.0,0.941477960763904,False,,157.1284606010464,1,-130369.17873595512,-0.9942575203298963,
Mahihkan Battery 02-21,ABWI110042206504W400,3,2025-07-01,12,False,exponential,297.8734746800693,0.1184592013342527,0.0,0.7951818145851106,False,,1907.6774636413213,1,495654.6122577303,2025.5355831169495,2.0
Mahihkan Battery 02-21,ABWI110042306504W400,2,2025-10-01,9,False,exponential,918.5796192012332,0.1540961793740632,0.0,0.8864332018335771,False,,4471.660914205947,1,1473986.2482731058,,0.0
Mahihkan Battery 02-21,ABWI110043506504W400,3,2024-10-01,9,False,exponential,362.3080170209128,0.1330352516809462,0.0,0.7739895353920088,False,,1900.923172442522,1,503622.5806895139,48058.28715723858,1.0
Mahihkan Battery 02-21,ABWI110043506504W400,4,2025-07-01,8,False,exponential,201.2372673166501,0.3395748779721412,0.0,0.9297741377272428,False,,553.4439156086725,2,28419.06439897776,1.7449722672050845,4.0
Mahihkan Battery 02-21,ABWI110050306604W400,3,2025-05-01,14,False,harmonic,287.8346715668169,0.0649522281911249,1.0,0.6984204176684295,False,,2866.0747834981253,1,796970.0588804162,2628.100484995513,2.0
Mahihkan Battery 02-21,ABWI110051006604W400,1,2024-04-01,24,False,hyperbolic,2857.654264983832,0.2538310311311634,0.5697457036626736,0.9433499211040954,False,,17721.437898426037,1,6259742.649275186,,0.0
Mahihkan Battery 02-21,ABWI110061506504W400,1,2023-11-01,26,False,harmonic,201.271708528654,0.1038248893419235,1.0,0.7719467135659858,False,,2536.003708560882,1,660449.4498073757,71.06023246022608,3.0
Mahihkan Battery 02-21,ABWI110061506504W400,2,2026-01-01,6,False,exponential,74.99331442790988,0.1177461013017209,0.0,0.9776825981646192,False,,322.6701302724123,2,-80546.63212255262,-0.9126372639416968,
Mahihkan Battery 02-21,ABWI110062206504W400,1,2022-07-01,6,False,exponential,297.07928553308955,0.4456533874611974,0.0,0.7479670544462607,False,,620.6311636467433,1,70376.58973000263,31.893955904810888,2.0
Mahihkan Battery 02-21,ABWI110062206504W400,4,2024-02-01,29,False,exponential,267.9533698507116,0.0372748211166455,0.0,0.759434840167714,False,,4749.742724598501,2,1372921.5722360308,1489.2855241493933,2.0
Mahihkan Battery 02-21,ABWI110071006504W400,3,2024-03-01,10,False,exponential,872.3753650068085,0.1370596631488339,0.0,0.7551159780112539,False,,4748.522784072613,1,1557420.609202713,,0.0
Mahihkan Battery 02-21,ABWI110071506504W400,2,2023-11-01,32,False,harmonic,348.36788854016896,0.0725750766299692,1.0,0.5946654707687415,False,,5763.427550094149,1,1701469.9500497766,47275.683123057825,1.0
Mahihkan Battery 02-21,ABWI110072206504W400,2,2023-01-01,32,False,exponential,587.9240299930971,0.0751109015387948,0.0,0.6452123007945754,False,,7119.84143041944,1,2236902.4537144005,,0.0
Mahihkan Battery 02-21,ABWI110081506504W400,2,2024-04-01,20,False,exponential,354.41418150548293,0.1035518142476075,0.0,0.8377235835639116,False,,2991.1448097530306,1,865037.1222904883,43174.36555975728,1.0
Mahihkan Battery 02-21,ABWI110082106504W400,4,2024-04-01,17,False,exponential,373.2336743396663,0.11862200838846,0.0,0.8923570076198057,False,,2727.590620927956,1,785598.5384827029,112076.58613798168,1.0
Mahihkan Battery 02-21,ABWI110082106504W400,5,2025-09-01,7,False,exponential,150.7063059762209,0.3776058805974295,0.0,0.922360317557114,False,,370.72122236152416,2,-43912.33641748443,-0.7838881446283583,
Mahihkan Battery 02-21,ABWI110082206504W400,1,2024-10-01,21,False,harmonic,302.2808510784312,0.0539930849011199,1.0,0.7110475771758665,False,,4243.279607120547,1,1235786.7938988975,5610.9476757203,1.0
Mahihkan Battery 02-21,ABWI110082706504W400,1,2023-01-01,12,False,harmonic,1211.3169118582402,0.3463605668152984,1.0,0.7915079462131452,False,,5736.310149374361,1,1957399.0927998524,,0.0
Mahihkan Battery 02-21,ABWI110082706504W400,2,2024-01-01,11,False,harmonic,1016.602724273356,0.480900117581197,1.0,0.7466286616193614,False,,3887.4535744179466,2,1307566.612542128,,0.0
Mahihkan Battery 02-21,ABWI110083406504W400,1,2023-01-01,10,False,harmonic,308.3316228732631,0.2441698635806418,1.0,0.8574864859306605,False,,1560.7459967872194,1,379435.7696346317,1360.2294434678142,2.0
Mahihkan Battery 02-21,ABWI110091006504W400,1,2022-08-01,8,False,harmonic,112.27823446838391,1.055339279582996,1.0,0.6414150120503385,False,,238.87291694289928,1,-95698.3768424827,-0.9493819524914098,
Mahihkan Battery 02-21,ABWI110091006504W400,3,2024-06-01,23,False,exponential,288.71263189050313,0.0632656790060497,0.0,0.7309676162884786,False,,3498.4916879965936,2,1002135.0791683239,2617.5057744484334,2.0
Mahihkan Battery 02-21,ABWI110091506504W400,4,2024-02-01,7,False,harmonic,258.1704987976669,0.3032772745074932,1.0,0.7193744765671631,False,,969.403829510224,1,170796.7596846395,93.29485318598338,2.0
Mahihkan Battery 02-21,ABWI110092106504W400,1,2024-03-01,7,False,harmonic,90.66784171464428,0.1465247276410191,1.0,0.5197264622960944,False,,436.8041845424742,1,-39673.0014769674,-0.5866554344767201,
Mahihkan Battery 02-21,ABWI110092106504W400,4,2025-10-01,9,False,exponential,71.30757265641134,0.3387223610046179,0.0,0.76912086407613,False,,200.53431772679767,2,-117348.82751720466,-0.9742781013836788,
Mahihkan Battery 02-21,ABWI110092706504W400,1,2022-06-01,15,False,exponential,570.9996136450408,0.0792145926748996,0.0,0.8007027325682287,False,,5011.446796612795,1,1572795.3567821651,,0.0
Mahihkan Battery 02-21,ABWI110092906504W400,1,2022-09-01,6,False,exponential,321.67035411011665,0.7385544180946769,0.0,0.84500769189483,False,,430.35812762750646,1,14794.057381104083,2.3170531431023433,3.0
Mahihkan Battery 02-21,ABWI110092906504W400,3,2024-01-01,30,False,hyperbolic,476.63538672037726,0.3253051112350961,1.320251755946501,0.9414696163923032,False,,4085.4309579255055,2,1217984.0212447713,266715956.2851258,1.0
Mahihkan Battery 02-21,ABWI110100306604W400,3,2024-05-01,8,False,exponential,684.3999566016944,0.0645210226260258,0.0,0.5653263786776981,False,,4276.869599511086,1,1330222.7633084613,,0.0
Mahihkan Battery 02-21,ABWI110100306604W400,4,2025-01-01,18,False,hyperbolic,661.8756205934836,0.3227476030629675,0.6036130452938334,0.960810720886821,False,,3248.690083448856,2,1021464.4040208627,,0.0
Mahihkan Battery 02-21,ABWI110101506504W400,1,2022-05-01,13,False,harmonic,61.81972389235664,0.1403479609743776,1.0,0.7751445285662761,False,,457.3623412998351,1,-36558.27228800074,-0.3207798310240425,
Mahihkan Battery 02-21,ABWI110102106504W400,1,2022-12-01,6,False,exponential,54.606241043262855,0.7617904095651514,0.0,0.944666903297647,False,,70.9395273352985,1,-164223.02229095215,-0.99998964124334,
Mahihkan Battery 02-21,ABWI110102106504W400,3,2023-10-01,15,False,harmonic,47.57476602998951,0.3909970289082449,1.0,0.698375420322868,False,,234.39931307276856,2,-112173.42126036283,-0.800794237868176,
Mahihkan Battery 02-21,ABWI110102206504W400,3,2023-05-01,7,False,exponential,72.24289244162853,0.4420723616370725,0.0,0.8857809336682998,False,,156.016268234032,1,-132213.5977576827,-0.9967344994404044,
Mahihkan Battery 02-21,ABWI110102206504W400,5,2024-10-01,10,False,harmonic,125.90728684947706,0.2869891979805212,1.0,0.8315441257809353,False,,593.6846759375787,2,22560.141555360962,0.6542465284052874,7.0
Mahihkan Battery 02-21,ABWI110110306604W400,2,2022-10-01,18,False,exponential,738.6540751312533,0.085843536246299,0.0,0.7088561393681672,False,,6769.517565166783,1,2189311.36765385,,0.0
Mahihkan Battery 02-21,ABWI110112606504W400,1,2022-07-01,6,False,exponential,19.14041121482829,0.9490544686045198,0.0,0.9784200046375297,False,,20.10000935632445,1,-188996.30681489373,-0.9999999719119959,
Mahihkan Battery 02-21,ABWI110112606504W400,2,2023-01-01,21,False,exponential,3.1694453755155525,1.0241746179782762,0.0,0.6435716478283368,False,,3.0946337845449974,2,-198250.96079241732,-0.9999993793794774,
Mahihkan Battery 02-21,ABWI110113406504W400,1,2023-03-01,12,False,exponential,845.3316257260894,0.0536953228910309,0.0,0.8061417824673511,False,,7477.870851481273,1,2426017.5456169546,,0.0
Mahihkan Battery 02-21,ABWI110113406504W400,3,2025-08-01,11,False,harmonic,569.3936486546359,0.0538349956278691,1.0,0.5114740731488546,False,,4919.27443668898,2,1522619.8145009028,,0.0
Mahihkan Battery 02-21,ABWI110113506504W400,3,2023-05-01,6,False,harmonic,88.69891955561823,1.118292449677739,1.0,0.6685607532428002,False,,162.00264462709458,1,-126913.34126063353,-0.9966136201963923,
Mahihkan Battery 02-21,ABWI110113506504W400,6,2024-10-01,6,False,exponential,88.12747519906398,0.1745295865571097,0.0,0.7216380301950069,False,,327.7448839399458,2,-75102.51353472253,-0.9084701505520302,
Mahihkan Battery 02-21,ABWI110120306604W400,1,2022-06-01,10,False,harmonic,401.2039413388953,0.3014192865042433,1.0,0.892535172396687,False,,1849.940681515232,1,495701.2314784707,170688.74944201388,1.0
Mahihkan Battery 02-21,ABWI110121406504W400,2,2023-06-01,9,False,exponential,5.026234849996187,1.348718354993414,0.0,0.99282591304213,False,,3.726654970185363,1,-197595.15206233697,-0.9999999996628613,
Mahihkan Battery 02-21,ABWI110122606504W400,3,2024-12-01,13,False,exponential,160.72233036012182,0.1686461974840852,0.0,0.8872876353618311,False,,846.6122587562529,1,117200.4761775328,5.994345482041667,4.0
Mahihkan Battery 02-21,ABWI110122606504W400,4,2026-01-01,6,False,harmonic,73.42068583654967,0.232209751401989,1.0,0.6746644997369218,False,,275.9186001089847,2,-95677.09087905967,-0.9562419588078053,
Mahihkan Battery 02-21,ABWI110123506504W400,1,2024-09-01,22,False,harmonic,508.83340607761664,0.0486320307492578,1.0,0.5493364942287342,False,,7611.806414472543,1,2361539.432038817,904120991286.2477,1.0
Mahihkan Battery 02-21,ABWI110131106504W400,1,2024-01-01,11,False,exponential,257.37452390627027,0.1985655364869387,0.0,0.7386617870724953,False,,1150.265358019911,1,239493.7468299436,138.2359326357608,2.0
Mahihkan Battery 02-21,ABWI110131406504W400,3,2024-12-01,9,False,harmonic,181.5292146094293,0.2251930166883063,1.0,0.5872482053316145,False,,892.7493396712588,1,131498.4513374644,11.410483889780055,3.0
Mahihkan Battery 02-21,ABWI110131406504W400,4,2025-09-01,10,False,harmonic,157.73804943057846,0.3448244219911355,1.0,0.7343874393088353,False,,682.7403052685917,2,59137.00451765243,2.3187760676990052,5.0
Mahihkan Battery 02-21,ABWI110131506504W400,3,2025-07-01,7,False,exponential,1240.7802553156107,0.3206257568427132,0.0,0.921431185206765,False,,3459.690797221686,1,1216165.0804445806,,0.0
Mahihkan Battery 02-21,ABWI110132606504W400,3,2025-12-01,7,False,harmonic,616.5512809346037,0.5125654774156557,1.0,0.9476434079299382,False,,1832.499291686419,1,533305.2569746776,,0.0
Mahihkan Battery 02-21,ABWI110133406504W400,2,2024-03-01,12,False,harmonic,1108.1978855114453,0.1304989774952008,1.0,0.5575699502339997,False,,8002.38497557451,1,2662574.872571193,,0.0
Mahihkan Battery 02-21,ABWI110133406504W400,5,2026-01-01,6,False,exponential,726.6917361200399,0.1827509164887586,0.0,0.7534011940210111,False,,2648.1415243173915,2,813372.0584579005,,0.0
Mahihkan Battery 02-21,ABWI110142806504W400,3,2023-11-01,8,False,exponential,51.65139710579618,0.3142381131124009,0.0,0.8928723146133694,False,,151.06422921255196,1,-138441.8058030696,-0.9915131430282441,
Mahihkan Battery 02-21,ABWI110150306604W400,4,2024-05-01,26,False,harmonic,409.8423744767424,0.1386665909680766,1.0,0.8366425311634775,False,,4513.828917247026,1,1347447.1283189666,1365974.35570408,1.0
Mahihkan Battery 02-21,ABWI110151006504W400,1,2022-10-01,13,False,harmonic,201.52263557478275,0.142609615279112,1.0,0.9439879473809694,False,,1481.918509697046,1,329900.4906873965,50.545315865862634,3.0
Mahihkan Battery 02-21,ABWI110151506504W400,4,2024-02-01,11,False,exponential,72.56569644472118,0.1790742297950891,0.0,0.6305111365763073,False,,348.7048680931913,1,-68183.43983332989,-0.7114753244931231,
Mahihkan Battery 02-21,ABWI110151506504W400,5,2025-01-01,14,False,harmonic,48.236896110402654,0.7735604889876478,1.0,0.9178752101829176,False,,154.06075987854683,2,-138140.2629228348,-0.9216592420525586,
Mahihkan Battery 02-21,ABWI110152106504W400,1,2022-07-01,6,False,harmonic,353.8021637889604,0.1195058774650674,1.0,0.5475425807358415,False,,1600.466375094808,1,385244.75230736245,37747.475880815844,1.0
Mahihkan Battery 02-21,ABWI110152106504W400,4,2024-08-01,17,False,exponential,481.8328425583336,0.1081191933149761,0.0,0.6788678853098362,False,,3747.329162728452,2,1144885.3733118179,3394892439.240921,1.0
Mahihkan Battery 02-21,ABWI110152606504W400,1,2023-12-01,16,False,exponential,327.10376694697,0.0573079100514695,0.0,0.5943425921192738,False,,3426.148787611185,1,991992.8590994896,17176.36949912529,1.0
Mahihkan Battery 02-21,ABWI110152606504W400,2,2025-04-01,8,False,harmonic,251.098880936756,0.1158676746443543,1.0,0.7849151785184428,False,,1421.486089469166,2,314514.27343274635,329.28306767901955,2.0
Mahihkan Battery 02-21,ABWI110152606504W400,3,2025-12-01,7,False,exponential,275.2498016112577,0.1522480962819265,0.0,0.6934241568012927,False,,1185.1274787061311,3,245351.37437163998,452.27409325204707,2.0
Mahihkan Battery 02-21,ABWI110152906504W400,3,2025-05-01,14,False,harmonic,121.45381526377751,0.0699982317364145,1.0,0.8155863544593432,False,,1185.2185033106248,1,213024.39806957688,7.0809990221909604,5.0
Mahihkan Battery 02-21,ABWI110153406504W400,2,2022-10-01,9,False,harmonic,18.82249740156488,0.5538951769190851,1.0,0.5345451147090545,False,,60.802931987659214,1,-175822.68225411067,-0.9971464091921802,
Mahihkan Battery 02-21,ABWI110153406504W400,6,2025-11-01,8,False,harmonic,180.8002471197061,0.1086974324451985,1.0,0.807940926761171,False,,1040.7712129959143,2,175852.22428367886,24.483077206859793,3.0
Mahihkan Battery 02-21,ABWI110161006504W400,2,2022-12-01,7,False,exponential,113.99289385671672,0.239743797190736,0.0,0.6268853164131565,False,,386.7021801330765,1,-48019.547269636445,-0.7417218311756213,
Mahihkan Battery 02-21,ABWI110161006504W400,3,2023-07-01,10,False,exponential,97.82403483826668,0.2026470974528232,0.0,0.6773310727913049,False,,419.1071330524319,2,-39271.68032633708,-0.5250103072583887,
Mahihkan Battery 02-21,ABWI110161006504W400,5,2025-01-01,7,False,harmonic,246.25544865131184,0.6441717190774684,1.0,0.7455241274727168,False,,652.334088596652,3,67782.48566524641,8.646708436391211,3.0
Mahihkan Battery 02-21,ABWI110161406504W400,1,2022-12-01,8,False,harmonic,395.0357963031415,0.3242654084243686,1.0,0.7262404949662298,False,,1558.5052090255797,1,395374.4355336651,91947.91361237112,1.0
Mahihkan Battery 02-21,ABWI110161406504W400,2,2023-08-01,14,False,harmonic,362.7392112246888,0.3120279863492441,1.0,0.5500668232326167,False,,1953.6502112480264,2,523647.4211049281,13189.989275013555,1.0
Mahihkan Battery 02-21,ABWI110161506504W400,1,2022-07-01,12,False,exponential,162.7571899031351,0.2488877229346959,0.0,0.8462194174154982,False,,620.943064743005,1,43562.93792127467,1.7716929759054914,5.0
Mahihkan Battery 02-21,ABWI110161506504W400,3,2024-05-01,14,False,harmonic,114.92075849926246,0.676297785620905,1.0,0.772481529870424,False,,399.0445032338866,2,-42249.75845785081,-0.45536377487129354,
Mahihkan Battery 02-21,ABWI110161606504W400,1,2023-07-01,8,False,exponential,178.93708123320707,0.1176667507959117,0.0,0.7941954511101685,False,,927.4706553685425,1,141372.26775644044,16.41854008294504,3.0
Mahihkan Battery 02-21,ABWI110161606504W400,2,2024-03-01,6,False,exponential,146.31944354963812,0.299233207321459,0.0,0.7560310295461201,False,,407.7805100957694,2,-34581.575904004596,-0.6923572550136101,
Mahihkan Battery 02-21,ABWI110161606504W400,4,2025-02-01,16,False,exponential,73.86239252052493,0.4412886176065603,0.0,0.8974122135714525,False,,167.23522282792112,3,-127546.2383062037,-0.97932348133719,
Mahihkan Battery 02-21,ABWI111010406604W400,1,2022-05-01,6,False,exponential,383.6150698616197,0.1822367073077322,0.0,0.918537759437412,False,,1399.705589527214,1,335489.9318987206,99861.94827867976,1.0
Mahihkan Battery 02-21,ABWI111010406604W400,3,2023-06-01,11,False,harmonic,346.74269375961563,0.2594001810616235,1.0,0.8777319369636557,False,,1803.162863361889,2,468742.83234843146,8084.245300984807,1.0
Mahihkan Battery 02-21,ABWI111011506504W402,3,2024-03-01,14,False,exponential,623.3044454937914,0.0900077769109308,0.0,0.6849524112228469,False,,4960.914420814441,1,1570891.9766701062,,0.0
Mahihkan Battery 02-21,ABWI111011506504W402,5,2025-12-01,7,False,exponential,233.67636061565275,0.1331502898022259,0.0,0.5650811030787931,False,,1063.9667733008214,2,195883.5619352486,99.6718652709873,2.0
Mahihkan Battery 02-21,ABWI111012206504W400,3,2025-09-01,10,False,harmonic,898.9748577309189,0.1079477693852698,1.0,0.5719407175332554,False,,6096.972248968755,1,1983304.0917244607,,0.0
Mahihkan Battery 02-21,ABWI111013406504W400,2,2023-08-01,35,False,harmonic,555.0239011977197,0.0355715002940515,1.0,0.6699038013117125,False,,12618.290209681598,1,3852392.4607556956,,1.0
Mahihkan Battery 02-21,ABWI111022206504W400,4,2025-10-01,9,False,harmonic,199.8176033278112,0.4790442809708012,1.0,0.6645538259955969,False,,696.5252955191761,1,73073.03879499307,4.774051315804267,4.0
Mahihkan Battery 02-21,ABWI111032306504W400,1,2023-01-01,6,False,exponential,15.666353483828232,1.0797005413559932,0.0,0.9704372406191528,False,,14.487610639286164,1,-191617.83241151483,-0.9999999968770911,
Mahihkan Battery 02-21,ABWI111032806504W400,2,2024-03-01,21,False,exponential,228.98639154214823,0.0616590866515961,0.0,0.6520794638041492,False,,2696.399388314731,1,729374.5138051779,249.96771523344808,2.0
Mahihkan Battery 02-21,ABWI111041406504W400,3,2024-08-01,11,False,exponential,483.5035049526757,0.3278398894055223,0.0,0.8666459162006075,False,,1434.7691336550645,1,387228.1874622833,311997424.04260916,1.0
Mahihkan Battery 02-21,ABWI111043506504W400,1,2022-10-01,11,False,harmonic,200.97190024322532,0.0718866891786554,1.0,0.5459777968076689,False,,1628.863022650671,1,374193.83178664924,87.68683269467867,2.0
Mahihkan Battery 02-21,ABWI111043506504W400,2,2023-09-01,6,False,exponential,191.1933388732727,0.8556180064023682,0.0,0.942916065322171,False,,222.1392225164599,2,-83218.90721882167,-0.9975123329270581,
Mahihkan Battery 02-21,ABWI111043506504W400,4,2024-11-01,11,False,exponential,406.0833908532522,0.3455336920421444,0.0,0.9540893810155092,False,,1148.967254581178,3,274567.19481860637,72048.71215282557,1.0
Mahihkan Battery 02-21,ABWI111050306604W400,1,2022-10-01,6,False,exponential,360.99477062019633,0.4015535924275977,0.0,0.9511246077227484,False,,818.1969245309265,1,148952.141385727,1693.2174552084507,1.0
Mahihkan Battery 02-21,ABWI111051006604W400,2,2024-10-01,21,False,harmonic,3181.8971874921244,0.3496822303005051,1.0,0.8582097736576041,False,,19304.02378895752,1,6832444.310773395,,0.0
Mahihkan Battery 02-21,ABWI111052206504W400,2,2025-09-01,10,False,harmonic,123.45374814167916,0.0639806361846042,1.0,0.6786187143926907,False,,954.3126106620664,1,136711.0469839201,5.821402699069182,5.0
Mahihkan Battery 02-21,ABWI111052606504W400,1,2022-10-01,9,False,exponential,105.6360782729713,0.5248578399221815,0.0,0.8741625938319766,False,,199.47841718446736,1,-109895.7986640283,-0.9889664021329779,
Mahihkan Battery 02-21,ABWI111052706504W400,2,2024-01-01,10,False,exponential,347.54497069970165,0.0962305553614634,0.0,0.5332015798138858,False,,2231.9202609271047,1,607647.0741050247,31910.7779759294,1.0
Mahihkan Battery 02-21,ABWI111052706504W400,5,2026-01-01,6,False,exponential,152.3657766668518,0.0818721937862384,0.0,0.6000036951447099,False,,722.3150388978852,2,62513.81688890489,4.394457864247486,4.0
Mahihkan Battery 02-21,ABWI111061506504W400,2,2024-08-01,12,False,exponential,290.5004104489455,0.0676034553560317,0.0,0.6405636638120249,False,,2387.885285623969,1,645429.5550653394,2681.9252146441872,2.0
Mahihkan Battery 02-21,ABWI111071506504W400,2,2024-04-01,27,False,harmonic,239.5731238422657,0.0566874022872224,1.0,0.7627531042807731,False,,3923.789026853242,1,1104608.2279105738,415.52694482502307,2.0
Mahihkan Battery 02-21,ABWI111072706504W400,4,2023-12-01,7,False,exponential,316.1316274449057,0.1467294964451868,0.0,0.5512166491003493,False,,1383.112471053474,1,318268.5631433603,3239.667234585879,1.0
Mahihkan Battery 02-21,ABWI111081506504W400,3,2024-05-01,14,False,exponential,314.267757009689,0.0945293002958516,0.0,0.9289825355484534,False,,2439.4716771991766,1,673222.1249086728,5816.855606337379,1.0
Mahihkan Battery 02-21,ABWI111082106504W400,2,2024-01-01,17,False,harmonic,249.3628967008029,0.1644471145972078,1.0,0.7457308598170768,False,,2022.6009615771768,1,517262.7339685353,229.36969269412054,2.0
Mahihkan Battery 02-21,ABWI111082106504W400,3,2025-06-01,13,False,harmonic,159.6912978978763,0.3212037884927688,1.0,0.6888088218611708,False,,817.3218388642059,2,104527.17862385066,3.9646662155364263,5.0
Mahihkan Battery 02-21,ABWI111082206504W400,2,2023-03-01,17,False,exponential,431.9379372070668,0.0463221577190782,0.0,0.7900869360199502,False,,5082.014446151912,1,1550274.296385219,22666633.43187964,1.0
Mahihkan Battery 02-21,ABWI111082206504W400,3,2024-08-01,19,False,harmonic,217.60106692910523,0.0714366913138452,1.0,0.5842019765376987,False,,2612.0516451940343,2,695489.268347056,164.16000908286958,2.0
Mahihkan Battery 02-21,ABWI111082706504W400,2,2023-03-01,7,False,exponential,369.8621613703842,0.6700406298390257,0.0,0.9483693087891264,False,,546.9299974989088,1,64545.149708603705,118.77849791536076,2.0
Mahihkan Battery 02-21,ABWI111082706504W400,4,2024-05-01,10,False,exponential,77.61604470127575,0.175835947091124,0.0,0.5955425539828835,False,,365.344397627444,2,-61900.06554512823,-0.6955704313826014,
Mahihkan Battery 02-21,ABWI111092906504W400,1,2022-09-01,6,False,exponential,320.3288804531442,0.6860187336061648,0.0,0.7928928142332565,False,,459.32422696717873,1,23871.707455723776,4.814624533683336,3.0
Mahihkan Battery 02-21,ABWI111092906504W400,3,2024-01-01,12,False,exponential,300.08652500814964,0.1664445746890443,0.0,0.9026329571144408,False,,1558.2715765797484,2,383986.72246390773,1259.1432338153018,2.0
Mahihkan Battery 02-21,ABWI111092906504W400,6,2025-10-01,9,False,exponential,213.49278089753057,0.1994788679403436,0.0,0.8079004658357858,False,,892.5093536759885,3,142276.57890531782,24.00613702804715,3.0
Mahihkan Battery 02-21,ABWI111101006504W400,2,2022-12-01,13,False,harmonic,510.5941855004764,0.5180382421558528,1.0,0.5128925814068575,False,,2016.2945036062931,1,579582.6182189619,18500321543.36429,1.0
Mahihkan Battery 02-21,ABWI111101406504W400,1,2024-06-01,9,False,harmonic,305.8293307604665,0.2137666233396374,1.0,0.5539803282698038,False,,1534.9910685398145,1,368368.6209130067,1519.612164237548,2.0
Mahihkan Battery 02-21,ABWI111101406504W400,2,2025-03-01,12,False,exponential,186.6719854001813,0.1087920071075146,0.0,0.7047984179722048,False,,1250.8012678623345,2,253583.36834803794,31.42087557744548,3.0
Mahihkan Battery 02-21,ABWI111102706504W400,4,2025-12-01,7,False,harmonic,250.7164624418523,0.175571057957696,1.0,0.6198142684265051,False,,1144.6206270687585,1,223702.79287649307,177.50041873118687,2.0
Mahihkan Battery 02-21,ABWI111102906504W400,2,2023-03-01,7,False,harmonic,471.8994871176121,1.2506149363585934,1.0,0.6393529958607714,False,,859.4568374423012,1,191179.35032106368,468889.41713241243,1.0
Mahihkan Battery 02-21,ABWI111102906504W400,4,2025-01-01,18,False,harmonic,359.5385859912752,0.126699254482199,1.0,0.9391483067099964,False,,3371.289268854046,2,979777.5351539969,52152.68652818549,1.0
Mahihkan Battery 02-21,ABWI111110306604W403,1,2022-08-01,6,False,harmonic,822.9032396300208,0.4251076611406522,1.0,0.9748374419316026,False,,2452.8492581273263,1,771569.6904958916,,0.0
Mahihkan Battery 02-21,ABWI111110306604W403,3,2024-03-01,13,False,harmonic,783.4895199891554,0.0600237127536976,1.0,0.6345968404742184,False,,7528.794581823579,2,2423461.771017896,,0.0
Mahihkan Battery 02-21,ABWI111111406504W400,1,2022-08-01,15,False,harmonic,462.9000333271888,0.0524604446554605,1.0,0.6015510816789278,False,,5122.087584142414,1,1567202.161760795,546722689.6895292,1.0
Mahihkan Battery 02-21,ABWI111111406504W400,3,2024-12-01,19,False,exponential,448.82358818969067,0.0491315750756945,0.0,0.5797254895142868,False,,5543.426542443627,2,1702367.9066868522,114718613.62563862,1.0
Mahihkan Battery 02-21,ABWI111112806504W400,1,2022-07-01,12,False,exponential,68.45896887889593,0.2759482833363185,0.0,0.926677030663934,False,,239.0395562821471,1,-104860.97496658996,-0.9106162676540238,
Mahihkan Battery 02-21,ABWI111112806504W400,4,2024-10-01,12,False,exponential,278.3560401665335,0.2395856109698521,0.0,0.900371990404206,False,,1096.2790925278566,2,227844.06849995122,200.63566290552305,2.0
Mahihkan Battery 02-21,ABWI111112806504W400,5,2025-10-01,9,False,harmonic,189.3093690525148,0.2085809544989722,1.0,0.7022767853395739,False,,959.183231731999,3,154700.00111807216,17.01104409587088,3.0
Mahihkan Battery 02-21,ABWI111120306604W400,2,2023-03-01,10,False,harmonic,472.81456972067866,1.428274585995151,1.0,0.7127516357400918,False,,902.6521019793378,1,209712.6994309481,249422.75046288164,1.0
Mahihkan Battery 02-21,ABWI111121106504W400,3,2024-03-01,8,False,exponential,325.4369923241511,0.3414413812753212,0.0,0.7595429065010612,False,,891.0598154221744,1,168105.06803270557,512.1537581911206,2.0
Mahihkan Battery 02-21,ABWI111131406504W400,1,2023-01-01,8,False,exponential,234.56119723743268,0.1520784884334831,0.0,0.6105105292889059,False,,1085.4772920261044,1,206854.48146722215,90.6692077603164,2.0
Mahihkan Battery 02-21,ABWI111141406504W400,3,2024-12-01,14,False,harmonic,199.20464799004668,0.1555113826783485,1.0,0.5996004076115056,False,,1480.7796175139383,1,329376.8098995482,42.92009813784374,3.0
Mahihkan Battery 02-21,ABWI111150306604W400,1,2022-10-01,7,False,exponential,34.134343850427506,0.3351243699323454,0.0,0.6544409472221413,False,,92.1016563315559,1,-162026.94769909448,-0.9990662577225365,
Mahihkan Battery 02-21,ABWI111150306604W400,3,2023-12-01,31,False,exponential,359.49293093612886,0.058065841258804,0.0,0.9211923795024702,False,,5167.781670675914,2,1540957.1669583204,100174.06879674131,1.0
Mahihkan Battery 02-21,ABWI111152106504W400,1,2022-07-01,6,False,exponential,673.4980638517608,0.1499974661586498,0.0,0.5714238949395798,False,,2664.511824377289,1,802807.7772760381,,0.0
Mahihkan Battery 02-21,ABWI111152106504W400,4,2024-05-01,20,False,exponential,478.2988415053479,0.0933537450706039,0.0,0.7149642966380585,False,,4331.542635391218,2,1331202.2146210964,2430141834.281989,1.0
Mahihkan Battery 02-21,ABWI111152606504W400,2,2025-04-01,15,False,exponential,200.6099003243783,0.0266757783678668,0.0,0.6531226802485142,False,,2479.981640282048,1,648361.4020608235,141.26548823396286,2.0
Mahihkan Battery 02-21,ABWI111161006504W400,3,2023-04-01,7,False,exponential,104.25795228615988,0.5191363388221567,0.0,0.7848354121778599,False,,195.5253985754977,1,-111851.27334680482,-0.9940469485132805,
Mahihkan Battery 02-21,ABWI111162706504W400,2,2023-11-01,22,False,exponential,613.1244021898145,0.0829364409384584,0.0,0.888692183394872,False,,6200.393293515087,1,1967728.1418084812,,0.0
Mahihkan Battery 02-21,ABWI111163406504W400,1,2023-04-01,19,False,exponential,177.2665761770175,0.0664331516050357,0.0,0.5734865300043319,False,,1913.144172536692,1,464748.37694218697,40.94362371543179,3.0
Mahihkan Battery 02-21,ABWI111163406504W400,2,2024-11-01,6,False,harmonic,99.49642870372168,0.1235844706959797,1.0,0.6509897408897568,False,,446.6233992271669,2,-36462.22977171096,-0.6111901660528658,
Mahihkan Battery 02-21,ABWI112010406604W400,1,2022-05-01,7,False,exponential,429.41483952694654,0.457793325482912,0.0,0.922888162134452,False,,899.9486017994252,1,193991.74427316865,129090.18546992086,1.0
Mahihkan Battery 02-21,ABWI112032806504W400,3,2024-05-01,18,False,exponential,611.5654377046609,0.0874117437056264,0.0,0.6843742332389426,False,,5545.7708133450005,1,1759478.9954529176,,0.0
Mahihkan Battery 02-21,ABWI112040306604W400,2,2025-07-01,8,False,harmonic,519.8112967606614,0.1085817435497635,1.0,0.6821661006457671,False,,2993.0958446435907,1,880852.1377407482,,1.0
Mahihkan Battery 02-21,ABWI112050306604W400,1,2022-11-01,9,False,harmonic,398.890372797389,1.1404845610211307,1.0,0.5404180648899096,False,,846.9824599392023,1,171471.82563548558,1432.7280073490974,1.0
Mahihkan Battery 02-21,ABWI112051006604W400,2,2024-09-01,22,False,harmonic,1349.0932373847213,0.1037322252297942,1.0,0.846103112824072,False,,15456.90047561447,1,5106176.33534391,,0.0
Mahihkan Battery 02-21,ABWI112052206504W400,4,2025-05-01,11,False,harmonic,138.67381755954884,0.8088683318815361,1.0,0.8241839427163733,False,,392.9938096770976,1,-38749.48983819748,-0.5247749494285243,
Mahihkan Battery 02-21,ABWI112072706504W400,3,2025-04-01,6,False,harmonic,745.8180182302831,0.6793503156692889,1.0,0.7687246751099706,False,,1783.4891332755342,1,544147.1815255841,,0.0
Mahihkan Battery 02-21,ABWI112081506504W400,2,2024-10-01,14,False,harmonic,658.2430810848329,0.5070101879534885,1.0,0.9644602806523496,False,,2715.5353527305824,1,843282.8193660947,,0.0
Mahihkan Battery 02-21,ABWI112081506504W400,3,2025-12-01,7,False,harmonic,125.26649705536605,0.1032881847112631,1.0,0.5925321143760978,False,,659.8491334051294,2,38894.687382692886,1.5739319508074106,5.0
Mahihkan Battery 02-21,ABWI112082106504W400,1,2024-03-01,11,False,exponential,86.42264865731195,0.1242738383402554,0.0,0.7230452305522399,False,,518.1809906334718,1,-9999.246643739458,-0.06511944025966854,
Mahihkan Battery 02-21,ABWI112092706504W400,4,2025-12-01,7,False,exponential,159.57516745833334,0.2218027148053709,0.0,0.7853011709271068,False,,567.1447705442687,1,20872.74552938711,0.9753779132814704,5.0
Mahihkan Battery 02-21,ABWI112092906504W400,1,2022-08-01,7,False,exponential,191.5882688821321,0.4133351412457297,0.0,0.8705536889154588,False,,437.8434547962336,1,-12400.128778176353,-0.3240004055702963,
Mahihkan Battery 02-21,ABWI112092906504W400,5,2025-11-01,8,False,exponential,147.7026067449754,0.1536535513034296,0.0,0.7803317241507167,False,,680.0812997378483,2,55116.696436621554,2.636479053675836,5.0
Mahihkan Battery 02-21,ABWI112101506504W400,2,2022-10-01,7,False,harmonic,68.95426225122317,0.238117683875102,1.0,0.6284736208245693,False,,284.0461872148684,1,-93074.23400383428,-0.923081289846157,
Mahihkan Battery 02-21,ABWI112121106504W400,1,2023-02-01,7,False,exponential,81.00048370997865,0.3156412092339899,0.0,0.891955819687884,False,,228.4560109415894,1,-106717.5141952659,-0.9766978368897034,
Mahihkan Battery 02-21,ABWI112132606504W400,2,2023-06-01,12,False,exponential,66.6955618240596,0.116319131039499,0.0,0.5312543177441996,False,,431.39855323451695,1,-42879.63653279678,-0.43252545529155173,
Mahihkan Battery 02-21,ABWI112143406504W400,4,2025-03-01,10,False,exponential,1188.9098990913296,0.1315306604263485,0.0,0.801764825619774,False,,6613.028219277708,1,2240060.4997020797,,0.0
Mahihkan Battery 02-21,ABWI112162706504W400,2,2022-12-01,10,False,harmonic,174.00545489700588,0.8045846693136781,1.0,0.6026157806653565,False,,476.2869886095942,1,-3464.5999794711906,0.013315565541113017,9.0
Mahihkan Battery 02-21,ABWI112162706504W400,5,2025-10-01,9,False,harmonic,467.7248593962783,0.0943662819836928,1.0,0.6995888082793786,False,,3047.272016975076,2,890818.6992705293,626242771.4313809,1.0
Mahihkan Battery 02-21,ABWI113030306604W402,3,2024-06-01,18,False,harmonic,1715.1650955029772,0.2579416308607355,1.0,0.6894821307715202,False,,11506.221173323029,1,3955095.671059793,,0.0
Mahihkan Battery 02-21,ABWI113030306604W402,4,2025-12-01,7,False,harmonic,764.9623831473606,0.1380746663104543,1.0,0.5437541710351692,False,,3746.6590058098623,2,1171669.3637083503,,0.0
Mahihkan Battery 02-21,ABWI113050306604W400,2,2023-12-01,6,False,harmonic,341.3235247805811,0.3441585131848767,1.0,0.688407017843405,False,,1110.805404207637,1,231946.36296179474,2901.6113609028066,1.0
Mahihkan Battery 02-21,ABWI113051006604W400,1,2023-08-01,8,False,exponential,3348.1446473413325,1.0038579751345431,0.0,0.7638969584335575,False,,3334.192374694352,1,1668310.1164476126,,0.0
Mahihkan Battery 02-21,ABWI113051006604W400,3,2024-08-01,17,False,harmonic,4147.482786130045,0.5424918634148388,1.0,0.9701534940712758,False,,17771.963794418316,2,6588141.637768361,,0.0
Mahihkan Battery 02-21,ABWI113101506504W400,3,2024-03-01,10,False,harmonic,263.0417892444952,0.151781789573649,1.0,0.8636391505639865,False,,1600.2634144795736,1,380430.8346218173,415.09003988269745,2.0
Mahihkan Battery 02-21,ABWI113101506504W400,5,2025-07-01,12,False,harmonic,459.5500111237015,0.3551592501801572,1.0,0.712629040186795,False,,2148.55775114542,2,609487.1617767628,21215875.475976005,1.0
Mahihkan Battery 02-21,ABWI113102906504W400,1,2022-08-01,7,False,exponential,192.38212911230548,0.527815785118225,0.0,0.8686174355884326,False,,355.4280570478626,1,-39101.38400769973,-0.823583579016762,
Mahihkan Battery 02-21,ABWI113102906504W400,2,2023-03-01,13,False,exponential,276.54145258986114,0.9059037634363448,0.0,0.8589775633787319,False,,305.26347235905644,2,-35998.66562372954,-0.9369678200877318,
Mahihkan Battery 02-21,ABWI113121106504W400,2,2025-01-01,18,False,hyperbolic,307.45778624701273,0.5817281517924919,1.5758230704197205,0.9179779537081244,False,,1694.3115601657782,1,423494.63059895777,325.798345149607,2.0
Mahihkan Battery 02-21,ABWI114082106504W400,2,2025-05-01,14,False,exponential,180.52548839668904,0.0648747883804103,0.0,0.7205786236346041,False,,1660.6160368302396,1,383702.67828061257,45.29553625685066,3.0
Mahihkan Battery 02-21,ABWI114102906504W400,1,2022-08-01,7,False,exponential,288.00048728786504,0.5198988737582954,0.0,0.9183976473339176,False,,539.4019098823194,1,43266.63991086174,8.701150630822614,3.0
Mahihkan Battery 02-21,ABWI114102906504W400,3,2024-01-01,9,False,harmonic,170.56847492779613,0.1916673515707944,1.0,0.6104572095413876,False,,892.1180127064431,2,128477.35397556591,9.7712732842161,4.0
Mahihkan Battery 02-21,ABWI114102906504W400,4,2024-10-01,21,False,harmonic,100.70911755700736,0.0339951152569571,1.0,0.8755090109143491,False,,1596.0836686616592,3,335283.47660375136,6.104482983735611,6.0
Mahihkan Battery 02-21,ABWI114120306604W400,1,2023-06-01,9,False,exponential,664.5648235624371,0.1614739202661114,0.0,0.8823504300790169,False,,3153.3627602108386,1,985140.3339727432,,0.0
Mahihkan Battery 02-21,ABWI114120306604W400,5,2025-09-01,8,False,harmonic,354.6347454275929,0.1467043212195445,1.0,0.6999725323015221,False,,1876.827188265469,2,485707.03030724963,32264.16014638214,1.0
Mahihkan Battery 02-21,ABWI114141506504W400,1,2023-07-01,7,False,harmonic,357.12136333690466,0.7699723320701995,1.0,0.9465053145858972,False,,860.2314378788335,1,161353.25919125992,615.9307943946344,2.0
Mahihkan Battery 02-21,ABWI117022206504W400,1,2025-06-01,13,False,harmonic,168.8996001658024,0.0765748675562774,1.0,0.8076266695500607,False,,1523.862480662573,1,334138.4695276349,30.308345854098295,3.0
Mahihkan Battery 02-21,ABWI117050306604W400,3,2025-07-01,12,False,harmonic,416.2660409044427,0.0491746649001144,1.0,0.523424015882495,False,,3926.043016207259,1,1167303.2925314095,5778939.286556222,1.0
Mahihkan Battery 02-21,ABWI1S0021506504W400,1,2022-05-01,16,False,harmonic,245.16184861164928,0.2277480375605835,1.0,0.5901583163153021,False,,1652.9802536663603,1,397035.76394116227,123.04938059505895,2.0
Mahihkan Battery 02-21,ABWI1S0021506504W400,6,2025-03-01,10,False,harmonic,209.16443771873864,0.0669407910381763,1.0,0.5582639549744703,False,,1601.2702049105112,2,365589.63603996363,118.57319476957099,2.0
Mahihkan Battery 02-21,ABWI1S0021606604W400,5,2025-05-01,11,False,exponential,522.9715406398324,0.1970320562552437,0.0,0.6776003961558739,False,,2350.387121273745,1,697284.347595097,,1.0
Mahihkan Battery 02-21,ABWI1S0022806604W400,1,2022-07-01,9,False,exponential,155.67815043054256,0.4417290205862915,0.0,0.8964050845058932,False,,345.81441691271283,1,-49962.22358793524,-0.8221477278695852,
Mahihkan Battery 02-21,ABWI1S0032806604W400,2,2024-01-01,16,False,exponential,67.17187667274946,0.2070147217367919,0.0,0.7102012496672586,False,,312.6564795518943,1,-80588.63298567882,-0.7227251404219308,
Mahihkan Battery 02-21,ABWI1S0041506604W400,2,2023-03-01,13,False,harmonic,280.82147465266,0.0474860708133404,1.0,0.6108123083946753,False,,2843.159674987809,1,785946.1644196481,2329.379122050485,2.0
Mahihkan Battery 02-21,ABWI1S0041506604W400,3,2024-04-01,6,False,exponential,311.0500311448389,0.1447237246473428,0.0,0.9177231291373328,False,,1247.3348322576817,2,268182.4698608694,2406.175477089323,1.0
Mahihkan Battery 02-21,ABWI1W0042806504W400,1,2023-08-01,11,False,harmonic,390.2007105256831,0.0663103906983217,1.0,0.612310588214201,False,,3223.4048622799573,1,934029.5210053376,675782.2243269323,1.0
Mahihkan Battery 02-21,ABWI1W0042806504W400,2,2024-07-01,13,False,exponential,326.15643963292325,0.0507697785679733,0.0,0.5870705639913065,False,,3103.878990199711,2,884775.2385774531,17702.372764262254,1.0
Mahihkan Battery 02-21,ABWI1W0052806504W400,1,2022-08-01,15,False,exponential,67.77682692883572,0.2268775485549856,0.0,0.6339199363567591,False,,288.79911967594074,1,-88351.49334157418,-0.7903577256653431,
Mahihkan Battery 02-21,ABWI1W0052806504W400,3,2024-08-01,9,False,hyperbolic,449.72052176858136,1.3417592729387409,1.2822030365465875,0.9948465345713065,False,,1013.0505406743908,2,238269.07646648627,69744.23534565636,1.0
Mahihkan Battery 02-21,ABWI1W0122806504W400,1,2023-07-01,7,False,harmonic,279.21472993329286,1.056891682963654,1.0,0.849970587287223,False,,562.1911890333024,1,48041.4154424251,5.961217798983389,3.0
Mahihkan Battery 02-21,ABWI1W0122806504W400,4,2025-05-01,14,False,harmonic,281.8718111458793,0.0543268066115575,1.0,0.5137661530729558,False,,2934.796977204612,2,816838.0036367588,2269.0243316612873,2.0
Nabiye 11-23,ABWI100010106603W400,5,2025-02-01,6,False,exponential,1252.1451442165508,0.1919565341009064,0.0,0.8362385401021667,False,,4461.212571706299,1,1515157.0731656426,,0.0
Nabiye 11-23,ABWI100010106603W400,6,2025-08-01,6,False,exponential,777.2560592515744,0.3964241517232806,0.0,0.9135862338129694,False,,1778.9426053880145,2,556817.0477619886,,0.0
Nabiye 11-23,ABWI100012506603W400,1,2023-01-01,11,False,exponential,283.63446200410795,0.0921118094730557,0.0,0.6483068678909909,False,,1961.339548863226,1,506219.8637621089,1477.1730286781228,2.0
Nabiye 11-23,ABWI100012506603W400,2,2023-12-01,7,False,harmonic,210.2322115304078,1.09639797508976,1.0,0.9627047405114578,False,,414.25651874409385,2,-16043.191809136719,-0.3892411460624401,
Nabiye 11-23,ABWI100012506603W400,4,2024-11-01,6,False,harmonic,63.41862906753441,0.3450794720505169,1.0,0.6375076582067605,False,,206.17019669195096,3,-119811.50658841508,-0.9876150400992961,
Nabiye 11-23,ABWI100012606603W400,3,2024-03-01,8,False,exponential,1262.7178123078454,0.1290966019383464,0.0,0.8228093035808046,False,,6298.903325697898,1,2132493.4853217853,,0.0
Nabiye 11-23,ABWI100021306603W400,3,2023-02-01,8,False,exponential,185.60280529431247,0.2057809209332021,0.0,0.7936794016602229,False,,728.0742496910926,1,80661.27125889488,6.71003909625439,4.0
Nabiye 11-23,ABWI100021306603W400,5,2024-03-01,8,False,harmonic,96.67790524679376,0.6606233312124324,1.0,0.5149411545555227,False,,269.00324186225345,2,-90149.95321162122,-0.920109400568622,
Nabiye 11-23,ABWI100021806602W402,1,2023-01-01,10,False,exponential,773.4035409787044,0.1740019262128111,0.0,0.6883244208684538,False,,3664.660905073748,1,1183864.1169480265,,0.0
Nabiye 11-23,ABWI100021806602W402,3,2024-04-01,7,False,harmonic,509.0130230794881,1.9084727461716628,1.0,0.5985443470946551,False,,710.6276558740889,2,156328.97118561814,11163264.99347355,1.0
Nabiye 11-23,ABWI100023006602W400,3,2024-03-01,8,False,exponential,747.785394760573,0.1717083033621225,0.0,0.7950285829392718,False,,3252.395605372442,1,1031672.0513095929,,0.0
Nabiye 11-23,ABWI100023606603W400,1,2022-09-01,8,False,harmonic,153.16035732702758,0.3191788289283445,1.0,0.6237629862227834,False,,608.4178176666028,1,32161.16860695221,1.2964145274928383,5.0
Nabiye 11-23,ABWI100023606603W400,5,2025-07-01,6,False,exponential,313.37368729958985,0.4050272195607974,0.0,0.9631954211495798,False,,705.6063196598071,2,101439.75962794773,117.96742658017372,2.0
Nabiye 11-23,ABWI100032406603W400,3,2023-04-01,8,False,exponential,200.11131011317,0.3626240865483931,0.0,0.9271192448872064,False,,521.5082873944616,1,17731.69864506823,0.9970270001667816,5.0
Nabiye 11-23,ABWI100032406603W400,4,2023-12-01,9,False,exponential,165.23253607408842,0.1884769679014345,0.0,0.6901762590033711,False,,715.9238734709724,2,72962.16576471925,4.17509331544405,4.0
Nabiye 11-23,ABWI100032406603W400,5,2024-09-01,6,False,harmonic,131.6322391511384,0.9566831956107732,1.0,0.8251237430267293,False,,262.536373956035,3,-84775.7475136226,-0.9679177779288165,
Nabiye 11-23,ABWI100042406603W400,2,2023-02-01,6,False,exponential,190.23614414993187,0.22747736420112,0.0,0.6221314477135659,False,,622.6857378463859,1,43720.88169494573,3.4912947856899033,4.0
Nabiye 11-23,ABWI100042406603W400,5,2024-11-01,7,False,exponential,181.8848181514168,0.949543348382353,0.0,0.961187173778477,False,,191.3011153515021,2,-95259.8141031475,-0.9992514199784195,
Nabiye 11-23,ABWI100043606603W400,4,2024-05-01,8,False,harmonic,308.6354427936411,0.8935895427401261,1.0,0.6624007839142654,False,,724.5766046205741,1,108109.31351613328,41.87323782162314,2.0
Nabiye 11-23,ABWI100043606603W400,6,2025-05-01,8,False,harmonic,229.98140098351703,0.1340585711313097,1.0,0.8979481463765473,False,,1250.1755496494893,2,255049.69150297908,123.27421683280403,2.0
Nabiye 11-23,ABWI100051306603W400,4,2024-08-01,12,False,exponential,1677.0491808818413,0.111470426560616,0.0,0.8942334973225335,False,,11096.089268159229,1,3830047.0489584324,,0.0
Nabiye 11-23,ABWI100051306603W400,5,2025-08-01,8,False,exponential,609.7656275657466,0.2578557062884847,0.0,0.7434562081508402,False,,2064.2142323244348,2,617385.1445370633,,0.0
Nabiye 11-23,ABWI100052406603W400,2,2023-04-01,6,False,exponential,284.0579755748476,0.2604467324603847,0.0,0.880250742795124,False,,862.0838788025652,1,143035.26108506782,163.73579705779872,2.0
Nabiye 11-23,ABWI100052406603W400,4,2024-08-01,8,False,harmonic,298.162250602605,1.6411569043450962,1.0,0.6952643961000662,False,,481.1285434393189,2,29470.396333214507,2.595567750940056,4.0
Nabiye 11-23,ABWI100052406603W400,5,2025-04-01,9,False,harmonic,264.750653526344,0.6980750735269121,1.0,0.5207599842568638,False,,753.0164025996434,3,107271.40685144134,18.388816736893293,3.0
Nabiye 11-23,ABWI100052406603W400,6,2026-01-01,6,False,harmonic,137.4425126564806,0.3649612463701975,1.0,0.8549744828376605,False,,436.8304099652327,4,-29306.83345215006,-0.578047750445749,
Nabiye 11-23,ABWI100052506603W400,1,2022-08-01,11,False,exponential,383.6350201957749,0.1936060705648099,0.0,0.9288330228807548,False,,1745.9663187704105,1,465292.46243160934,89638.31248675319,1.0
Nabiye 11-23,ABWI100052506603W400,4,2024-06-01,14,False,exponential,271.2473705616016,0.2579929322688565,0.0,0.9219906779261828,False,,1022.9875760020456,2,202688.0224429833,119.50760575330004,2.0
Nabiye 11-23,ABWI100053606603W400,2,2023-01-01,11,False,exponential,693.8912541126568,0.3005887313092747,0.0,0.9092389899863256,False,,2223.84767787372,1,697358.9463707313,,0.0
Nabiye 11-23,ABWI100062306603W400,1,2022-07-01,12,False,harmonic,2668.9094530437205,0.5158102011824331,1.0,0.704251226514889,False,,10206.915378910657,1,3763535.3268364826,,0.0
Nabiye 11-23,ABWI100062306603W400,5,2024-07-01,6,False,exponential,1449.077134575876,0.6978110537005435,0.0,0.9341820148035944,False,,2045.0523184805888,2,802096.3047371483,,0.0
Nabiye 11-23,ABWI100062306603W400,6,2025-01-01,8,False,exponential,403.55094181235,0.1699343694113052,0.0,0.726101897014674,False,,1764.9216484816095,3,467749.761840189,488420.46842480026,1.0
Nabiye 11-23,ABWI100062606603W400,1,2022-08-01,11,False,exponential,1559.290251122012,0.2601188083058295,0.0,0.9651869900143908,False,,5651.679970739665,1,2032313.32696033,,0.0
Nabiye 11-23,ABWI100062606603W400,3,2023-12-01,20,False,exponential,762.6846333147782,0.0989047038519532,0.0,0.7642994899577744,False,,6644.582418821505,2,2158143.6065032966,,0.0
Nabiye 11-23,ABWI100063606603W400,2,2023-01-01,9,False,exponential,374.939185771572,0.1828852707943185,0.0,0.7781653325700048,False,,1654.81445788509,1,429066.6185227777,57692.109588651925,1.0
Nabiye 11-23,ABWI100063606603W400,3,2023-10-01,6,False,exponential,156.80152186904894,0.3044525618539387,0.0,0.7068813928976794,False,,432.1385082362042,2,-24247.572694312465,-0.5504208483298101,
Nabiye 11-23,ABWI100070106603W400,2,2022-12-01,13,False,harmonic,1271.1179235387867,0.3578369518519896,1.0,0.7205813326870596,False,,6152.414833857592,1,2109171.244900433,,0.0
Nabiye 11-23,ABWI100070106603W400,3,2024-01-01,11,False,harmonic,784.7584133797046,0.1336818338485206,1.0,0.5011579266531933,False,,5309.260633673431,2,1708264.358276528,,0.0
Nabiye 11-23,ABWI100070106603W400,5,2025-06-01,6,False,exponential,912.413179130006,0.2704517886919393,0.0,0.9369067165952404,False,,2707.8267926245594,3,882866.9799342135,,0.0
Nabiye 11-23,ABWI100070706602W400,2,2023-01-01,9,False,exponential,912.6213303102946,0.246012562774453,0.0,0.679080582104795,False,,3304.3723613247994,1,1098554.113830012,,0.0
Nabiye 11-23,ABWI100070706602W400,5,2025-09-01,10,False,exponential,1833.8287661468453,0.1822475185010624,0.0,0.9348389184206088,False,,8435.976697698723,2,2999870.3704142882,,0.0
Nabiye 11-23,ABWI100071306603W400,2,2023-02-01,8,False,exponential,339.8597892578352,0.3528936627869326,0.0,0.9657861495287448,False,,905.8417789576888,1,176361.43863235135,952.6243073155925,1.0
Nabiye 11-23,ABWI100071306603W400,4,2024-05-01,6,False,exponential,265.53835585440146,0.2921405675285929,0.0,0.7848106580978361,False,,751.438696804723,2,103756.61497956254,47.79708654775324,2.0
Nabiye 11-23,ABWI100071306603W400,5,2024-11-01,20,False,exponential,145.10310708055545,0.078782239885832,0.0,0.7272299091640515,False,,1460.7991597266976,3,311011.94043479045,12.740156954349745,4.0
Nabiye 11-23,ABWI100071806602W402,5,2025-08-01,11,False,exponential,1181.0510819726358,0.2714889882365903,0.0,0.74177637876178,False,,4130.714846342589,1,1441447.317697884,,0.0
Nabiye 11-23,ABWI100072506603W400,2,2023-04-01,6,False,harmonic,244.0143316330277,0.5864268033515081,1.0,0.769451912197377,False,,627.5648327431884,1,57124.50822436999,7.688765936097521,3.0
Nabiye 11-23,ABWI100072506603W400,4,2024-06-01,22,False,harmonic,535.1552599117946,0.3472158270227982,1.0,0.8352210969296013,False,,3323.3872229970407,2,1006528.4521574635,,1.0
Nabiye 11-23,ABWI100072606603W400,1,2025-11-01,6,False,harmonic,1287.8134676551747,0.8535683941620238,1.0,0.6294808419949058,False,,2733.5253110200665,1,978013.9023892084,,0.0
Nabiye 11-23,ABWI100073506603W400,1,2023-04-01,8,False,exponential,2187.484465429103,0.3391264807544188,0.0,0.8550168707332284,False,,6022.454923580383,1,2285047.3810325535,,0.0
Nabiye 11-23,ABWI100073606603W400,2,2023-02-01,8,False,exponential,430.1067304092039,0.2017186765828839,0.0,0.8589731245653863,False,,1707.6032464455584,1,456866.84151519556,2972013.5950532267,1.0
Nabiye 11-23,ABWI100073606603W400,3,2023-10-01,6,False,exponential,154.65455296595405,0.2794777102299915,0.0,0.7034149307777031,False,,449.9124515479137,2,-19269.45900920344,-0.4455030408409504,
Nabiye 11-23,ABWI100082506603W400,2,2023-01-01,6,False,harmonic,1157.0090241967594,0.7463072155121384,1.0,0.6651917428964238,False,,2636.633373380537,1,914144.1627343398,,0.0
Nabiye 11-23,ABWI100082506603W400,6,2025-01-01,6,False,exponential,1232.421037656696,0.4430900780168514,0.0,0.7618026021990164,False,,2586.583457221704,2,925454.8724173454,,0.0
Nabiye 11-23,ABWI100082606603W400,1,2022-10-01,9,False,exponential,297.8639456947536,0.2398804657716346,0.0,0.9068645563341722,False,,1098.3627786391053,1,230256.5896016602,464.29701448815007,2.0
Nabiye 11-23,ABWI100082606603W400,6,2025-02-01,6,False,exponential,107.54653093654372,0.784474071724418,0.0,0.7517519029613204,False,,135.85539841771114,2,-130787.3257965498,-0.9998393960419613,
Nabiye 11-23,ABWI100090106603W400,2,2022-12-01,6,False,exponential,1222.5152538989394,0.525134252229684,0.0,0.9706292620990442,False,,2228.3255223148767,1,808139.4861411265,,0.0
Nabiye 11-23,ABWI100090106603W400,4,2024-01-01,6,False,exponential,895.9929696024697,0.3492955593312973,0.0,0.9140156703212852,False,,2249.6940501628,2,735367.142593445,,0.0
Nabiye 11-23,ABWI100090106603W400,6,2024-12-01,12,False,exponential,1483.9887474945451,0.2456713640979309,0.0,0.940894941953634,False,,5723.768850265162,3,2041215.719364705,,0.0
Nabiye 11-23,ABWI100091106603W400,1,2023-03-01,7,False,hyperbolic,716.3817833010671,0.904088188750915,0.4104842359105412,0.983126167357373,False,,1130.3798858056227,1,336263.74902945623,,0.0
Nabiye 11-23,ABWI100091106603W400,4,2025-01-01,18,False,exponential,532.1504436880147,0.114851890964604,0.0,0.85477229158778,False,,4047.137250515808,2,1256571.4015536758,,1.0
Nabiye 11-23,ABWI100091206603W400,2,2022-11-01,6,False,harmonic,131.46088882542844,0.4187929122008402,1.0,0.7572105922965188,False,,394.3897598815382,1,-44000.82610096999,-0.7531115580149071,
Nabiye 11-23,ABWI100091306603W400,2,2023-02-01,9,False,exponential,298.0458843648652,0.2358003296806585,0.0,0.8854120594308871,False,,1112.592489181192,1,234902.58706051268,491.725277847015,2.0
Nabiye 11-23,ABWI100091306603W400,5,2024-10-01,14,False,exponential,168.04846574783016,0.1090706189769025,0.0,0.9160082384542116,False,,1206.1014896328722,2,235561.27269694486,17.32493346454985,3.0
Nabiye 11-23,ABWI100091406603W400,2,2023-04-01,6,False,exponential,2085.172414820302,0.2931653656885944,0.0,0.8288736961471813,False,,5887.692363865255,1,2181210.633628717,,0.0
Nabiye 11-23,ABWI100091406603W400,4,2024-05-01,6,False,exponential,1311.6331421550522,0.3133136795053942,0.0,0.766808749890483,False,,3547.458576578817,2,1249092.0655461312,,0.0
Nabiye 11-23,ABWI100091406603W400,5,2024-11-01,18,False,exponential,1834.6741811703207,0.1438243120951886,0.0,0.9113164063885516,False,,11798.260986766189,3,4127306.48746178,,0.0
Nabiye 11-23,ABWI100092506603W400,1,2022-08-01,7,False,harmonic,1618.5889703969126,0.3019163201668291,1.0,0.5035595844772054,False,,6088.653255801146,1,2128160.581722182,,0.0
Nabiye 11-23,ABWI100092506603W400,5,2025-01-01,6,False,exponential,1360.2333489867412,0.622691262880975,0.0,0.8262100583932515,False,,2132.352882885156,2,809596.3175215825,,0.0
Nabiye 11-23,ABWI100092606603W400,1,2022-09-01,7,False,harmonic,426.4859549740279,0.3914128143210583,1.0,0.8466560327804085,False,,1437.2521492061785,1,360809.5496764913,617224.8597700275,1.0
Nabiye 11-23,ABWI100092606603W400,4,2024-09-01,18,False,harmonic,419.94634350122686,0.5531222296453763,1.0,0.7015440625370857,False,,1817.5220868058268,2,492934.29410187824,118506.18529244086,1.0
Nabiye 11-23,ABWI100100706602W400,3,2024-01-01,11,False,exponential,1505.999794123664,0.4779418372852458,0.0,0.8850614079722057,False,,3134.5968652964457,1,1183537.7054770514,,0.0
Nabiye 11-23,ABWI100100706602W400,5,2025-09-01,10,False,exponential,1753.525311553818,0.2331729966408387,0.0,0.9291460649821544,False,,6789.849916201068,2,2446696.645781207,,0.0
Nabiye 11-23,ABWI100101206603W400,1,2023-01-01,10,False,exponential,198.2363681716194,0.3026018156971419,0.0,0.8914312673242484,False,,623.3281757359713,1,51984.765998632465,3.4191134067565327,4.0
Nabiye 11-23,ABWI100101306603W400,4,2024-05-01,8,False,exponential,269.0008782178537,0.1984916009089943,0.0,0.7880089954907494,False,,1078.288416377893,1,214091.78740437754,209.9567906463546,2.0
Nabiye 11-23,ABWI100101306603W400,5,2025-01-01,8,False,exponential,276.28389980568693,0.1544256727563198,0.0,0.8524638634482817,False,,1268.9826827953195,2,276222.6222297985,487.09593378403383,2.0
Nabiye 11-23,ABWI100101306603W400,6,2025-09-01,10,False,harmonic,135.13117735653694,0.5100999294383198,1.0,0.5908480639618439,False,,479.0793171190193,3,-12186.430596960303,-0.1477019275053586,
Nabiye 11-23,ABWI100101806602W400,4,2024-10-01,21,False,exponential,1163.6126232267702,0.0788411814995811,0.0,0.744624971455349,False,,11940.501823420129,1,3969152.6948986626,,0.0
Nabiye 11-23,ABWI100103506603W400,1,2022-09-01,8,False,exponential,2566.9523872488826,0.3082827204190625,0.0,0.8464255189075215,False,,7619.674218360361,1,2895666.9255735422,,0.0
Nabiye 11-23,ABWI100103506603W400,5,2024-09-01,7,False,exponential,780.8665812083359,0.3124724540237502,0.0,0.8721127719893568,False,,2218.5599884220737,2,704444.7709991024,,0.0
Nabiye 11-23,ABWI100103606603W402,1,2024-06-01,13,False,exponential,558.0742925223273,0.1044470935642711,0.0,0.8816515663333525,False,,3968.753795967422,1,1232326.4244546245,,1.0
Nabiye 11-23,ABWI100112306603W400,1,2022-07-01,10,False,exponential,1372.5582635376454,0.2985373613468123,0.0,0.8332521831492727,False,,4365.335569924937,1,1561003.6362943535,,0.0
Nabiye 11-23,ABWI100112306603W400,4,2024-02-01,13,False,exponential,1061.6555775714385,0.1674733699974046,0.0,0.7708688891939202,False,,5620.609085071277,2,1904458.28202472,,0.0
Nabiye 11-23,ABWI100112306603W400,6,2026-01-01,6,False,exponential,418.26192711262007,0.151441202518713,0.0,0.8102603533179229,False,,1648.649479577374,3,420937.52442447445,1931379.837488499,1.0
Nabiye 11-23,ABWI100112606603W400,1,2022-08-01,11,False,exponential,2064.0925038888013,0.1973048714623891,0.0,0.9524815419178024,False,,9267.39741993983,1,3338451.512251502,,0.0
Nabiye 11-23,ABWI100112606603W400,4,2024-06-01,7,False,exponential,1173.1981023789758,0.1140117715774239,0.0,0.6481267693097738,False,,5657.612101448084,2,1884244.3627852583,,0.0
Nabiye 11-23,ABWI100113106602W400,2,2023-12-01,6,False,harmonic,1256.2852055484552,0.1369614199976114,1.0,0.7805141031941238,False,,5501.76534690032,1,1823297.469173846,,0.0
Nabiye 11-23,ABWI100113106602W400,3,2024-06-01,18,False,harmonic,1256.186730930323,0.1627663025718306,1.0,0.9213262559144184,False,,10562.386897121109,2,3531864.354406794,,0.0
Nabiye 11-23,ABWI100113106602W400,4,2025-12-01,7,False,exponential,433.30417790199584,0.460742346791008,0.0,0.7392933373189974,False,,903.0670133614908,3,195919.05247835806,177679.8072734088,1.0
Nabiye 11-23,ABWI100121306603W400,2,2023-06-01,6,False,exponential,137.90141730189063,0.5459511778485476,0.0,0.8322532258611403,False,,243.04390002716497,1,-88960.80941759398,-0.988897206141584,
Nabiye 11-23,ABWI100121306603W400,6,2025-04-01,11,False,exponential,83.63589267130497,0.1966576071272164,0.0,0.6011509726356649,False,,376.3989290505557,2,-56335.268994488164,-0.6455486910353533,
Nabiye 11-23,ABWI100122406603W400,1,2022-06-01,11,False,exponential,666.7878739885913,0.3786571687818923,0.0,0.8000163478226445,False,,1733.587191979488,1,528254.3430806155,,0.0
Nabiye 11-23,ABWI100122406603W400,3,2024-01-01,6,False,exponential,270.9814625315151,0.1624378962182546,0.0,0.6288723349722722,False,,1038.7430345856053,2,193422.04478585103,293.79930144356337,2.0
Nabiye 11-23,ABWI100122406603W400,4,2024-07-01,6,False,exponential,283.1211891949465,0.6400525558074079,0.0,0.9317447617040976,False,,432.8360402768467,3,6576.823477296062,0.6584520812355157,4.0
Nabiye 11-23,ABWI100122406603W400,5,2025-01-01,6,False,harmonic,64.89492717539943,0.1590598002331673,1.0,0.5685218258394444,False,,273.3791634682848,4,-98769.76083885935,-0.9564792526445565,
Nabiye 11-23,ABWI100132506603W400,1,2022-09-01,10,False,exponential,793.5435274776395,0.304246672822138,0.0,0.977051054097835,False,,2483.7674405221464,1,804935.8353147928,,0.0
Nabiye 11-23,ABWI100132506603W400,4,2025-01-01,7,False,exponential,353.61177627878595,0.7271197912757246,0.0,0.929689704239063,False,,483.3232165141108,2,39927.627280498666,21.73650536010704,2.0
Nabiye 11-23,ABWI100133006602W400,4,2024-05-01,6,False,harmonic,965.2414434719988,0.2089000946715606,1.0,0.5001150188726812,False,,3753.953214520594,1,1210330.1397834092,,0.0
Nabiye 11-23,ABWI100133006602W400,5,2024-11-01,9,False,harmonic,866.2388303481448,0.2315870834026836,1.0,0.5718215989662986,False,,4212.936387720771,2,1366803.4779297002,,0.0
Nabiye 11-23,ABWI100133006602W400,7,2025-12-01,7,False,harmonic,792.8155680681807,0.8757445769740033,1.0,0.979637488556776,False,,1778.3268607030532,3,561029.0957927743,,0.0
Nabiye 11-23,ABWI100141306603W400,3,2023-05-01,10,False,exponential,317.48809176752314,0.2537596314473661,0.0,0.5771508421162634,False,,1152.2269665520266,1,254058.6916803481,1001.8527173303503,1.0
Nabiye 11-23,ABWI100141306603W400,6,2024-12-01,16,False,exponential,158.74101159066552,0.1653035047348492,0.0,0.7889939373508207,False,,892.1040590935813,2,132343.64566879926,6.14835800980081,4.0
Nabiye 11-23,ABWI100142506603W400,2,2023-01-01,9,False,exponential,269.4227281221072,0.2107541849064134,0.0,0.7321328225854649,False,,1086.5543977695284,1,219178.7444771033,190.09576362224493,2.0
Nabiye 11-23,ABWI100142606603W400,1,2022-05-01,14,False,exponential,839.1455232378855,0.0880812994205147,0.0,0.6948354657899295,False,,6751.013390866012,1,2207065.014388054,,0.0
Nabiye 11-23,ABWI100142606603W402,1,2025-12-01,7,False,exponential,3061.700849604448,0.2011437920675383,0.0,0.9291206306019488,False,,11497.822263001512,1,4230788.703225574,,0.0
Nabiye 11-23,ABWI100143606603W400,1,2022-06-01,11,False,exponential,411.18454468293993,0.1521892928878063,0.0,0.8215020123600335,False,,2195.2634889565347,1,617593.0528013073,1090199.8326456265,1.0
Nabiye 11-23,ABWI100143606603W400,6,2025-10-01,9,False,exponential,505.9985960298192,0.1664128860180168,0.0,0.5697234832181379,False,,2360.615745102224,2,689540.8188001199,117310919993.19888,1.0
Nabiye 11-23,ABWI100150706602W400,1,2023-01-01,9,False,exponential,685.4932958781455,0.2334023559790574,0.0,0.7749128112326388,False,,2577.533385667733,1,806272.2471612097,,0.0
Nabiye 11-23,ABWI100150706602W400,5,2025-08-01,11,False,harmonic,915.5046900726852,0.2886268752312566,1.0,0.8769200920007764,False,,4532.97361613552,2,1492013.1765636464,,0.0
Nabiye 11-23,ABWI100151206603W400,3,2023-03-01,7,False,exponential,141.27022608776065,0.8361603929276269,0.0,0.9545994795846356,False,,168.46606436365502,1,-112202.23047662793,-0.9993909935245062,
Nabiye 11-23,ABWI100151206603W400,4,2023-10-01,7,False,exponential,20.16450335325996,0.4194518476474005,0.0,0.8812641394431655,False,,45.52225501619509,2,-180437.21602031865,-0.9999260024016089,
Nabiye 11-23,ABWI100151406603W402,1,2023-01-01,11,False,exponential,1224.7247140708396,0.2917839936594171,0.0,0.950466282235925,False,,4027.9124521496265,1,1417837.0067988695,,0.0
Nabiye 11-23,ABWI100151406603W402,4,2025-01-01,7,False,exponential,362.61129702741306,0.133319558854729,0.0,0.6077668089854964,False,,1650.200625893317,2,414064.96660851926,48101.88114810228,1.0
Nabiye 11-23,ABWI100152406603W400,1,2022-07-01,10,False,exponential,646.944822829479,0.4343032098878217,0.0,0.9114789977291984,False,,1470.2549453826068,1,435315.89479887,,0.0
Nabiye 11-23,ABWI100152406603W400,2,2023-05-01,6,False,exponential,253.9967100822335,0.2420005309719304,0.0,0.5875484268747049,False,,803.8654227607675,2,116934.44757443672,52.7569176779162,2.0
Nabiye 11-23,ABWI100152406603W400,4,2024-03-01,7,False,harmonic,243.45190322168463,0.1631983489327786,1.0,0.7819014602118974,False,,1136.5996783692212,3,219243.8101456551,146.50350870134815,2.0
Nabiye 11-23,ABWI100152406603W400,6,2025-02-01,10,False,exponential,205.0822504271396,0.2724955736891287,0.0,0.758065626472346,False,,703.2748828113771,4,79881.2295683082,7.060879971282448,3.0
Nabiye 11-23,ABWI100152506603W400,2,2023-04-01,11,False,harmonic,445.9835496082375,0.6195538077920014,1.0,0.8367395569415674,False,,1480.0449344014078,1,388366.5495892379,770038.8385006889,1.0
Nabiye 11-23,ABWI100152606603W400,2,2023-04-01,6,False,exponential,1332.9046799691369,0.4365960307165329,0.0,0.975393588601296,False,,2830.5897923024204,1,1027791.2217035203,,0.0
Nabiye 11-23,ABWI100152606603W400,4,2024-07-01,15,False,harmonic,2722.63484987585,0.5210093874388478,1.0,0.7140897357376615,False,,11373.567089074362,2,4162053.5157314027,,0.0
Nabiye 11-23,ABWI100152606603W400,5,2025-10-01,9,False,harmonic,3563.1441617075284,0.3012297111021026,1.0,0.74262423050975,False,,15511.154462955035,3,5662587.713120886,,0.0
Nabiye 11-23,ABWI100153506603W400,1,2022-07-01,11,False,exponential,2179.064028265638,0.1601894795110191,0.0,0.7461187888754501,False,,11267.580329583909,1,4015128.117486046,,0.0
Nabiye 11-23,ABWI100153506603W400,5,2024-09-01,7,False,exponential,2097.9397764836403,0.3396263449328439,0.0,0.8988655716320608,False,,5603.999058595487,2,2115667.921389663,,0.0
Nabiye 11-23,ABWI100161106603W400,1,2023-02-01,6,False,harmonic,770.1994614684689,1.0076999088092338,1.0,0.7960005660922517,False,,1492.314816011436,1,460766.4717341246,,0.0
Nabiye 11-23,ABWI100161106603W400,6,2026-01-01,6,False,exponential,323.36693075766635,0.1207303157247435,0.0,0.9817288650541058,False,,1380.3951902363594,2,311808.3990093268,6007.054258712154,1.0
Nabiye 11-23,ABWI100161306603W400,2,2023-03-01,12,False,exponential,1590.1959819430535,0.2293519116355897,0.0,0.7986868867593221,False,,6491.177123976355,1,2319193.371782357,,0.0
Nabiye 11-23,ABWI100161306603W400,6,2025-04-01,15,False,exponential,1023.30200886405,0.1850381425936249,0.0,0.7123798540247538,False,,5185.612782474679,2,1756774.429075087,,0.0
Nabiye 11-23,ABWI100161406603W400,4,2023-12-01,7,False,harmonic,156.31063738477425,0.4617209469685008,1.0,0.6407478823174377,False,,488.4056588052577,1,-6567.365130698841,-0.0898891982122928,
Nabiye 11-23,ABWI100161406603W400,7,2025-05-01,9,False,exponential,115.95238517736207,0.3087847397583843,0.0,0.7898558667797877,False,,352.1939795828227,2,-57036.11095069227,-0.7841976822949616,
Nabiye 11-23,ABWI100162306603W400,2,2024-03-01,11,False,harmonic,1330.1885013078745,0.3038205435647372,1.0,0.9011066097469482,False,,6428.697559453056,1,2207464.559419572,,0.0
Nabiye 11-23,ABWI100162406603W400,1,2022-05-01,8,False,exponential,754.4088312357208,0.2596357752505828,0.0,0.8265678249238443,False,,2541.5810043275987,1,807330.342727758,,0.0
Nabiye 11-23,ABWI100162406603W400,3,2023-12-01,13,False,exponential,268.0540114317691,0.1248690697254759,0.0,0.6566735248793509,False,,1723.254040584622,2,429455.9369019056,520.7762376415224,2.0
Nabiye 11-23,ABWI100162406603W400,4,2025-01-01,9,False,exponential,177.03322886576703,0.430806206831006,0.0,0.9515246466753242,False,,402.4252618259888,3,-26335.181659101225,-0.5740603885306736,
Nabiye 11-23,ABWI100162506603W400,1,2022-09-01,10,False,exponential,2154.197488469544,0.3026009603268863,0.0,0.9474580287892066,False,,6773.606746011709,1,2538276.5951058553,,0.0
Nabiye 11-23,ABWI100162506603W400,5,2024-10-01,8,False,exponential,1097.3431135338683,0.251734348390594,0.0,0.8021462913483755,False,,3777.3159832524807,2,1291049.7921592859,,0.0
Nabiye 11-23,ABWI100162506603W400,7,2026-01-01,6,False,harmonic,865.7064809090671,0.3270102933764715,1.0,0.7178495901093478,False,,2874.7051437784385,3,913303.1069345564,,0.0
Nabiye 11-23,ABWI100162606603W400,1,2022-08-01,11,False,exponential,396.8447427139463,0.1757716373339048,0.0,0.9144816861334614,False,,1931.164847408848,1,528687.1948850683,278084.0719868749,1.0
Nabiye 11-23,ABWI102010106603W400,2,2023-01-01,12,False,harmonic,1109.4223133180683,0.3331325686330225,1.0,0.5513220532150249,False,,5358.262182653685,1,1809833.2384537654,,0.0
Nabiye 11-23,ABWI102010106603W400,5,2025-02-01,12,False,exponential,1068.0151587375738,0.1895745846387423,0.0,0.7657161085944222,False,,5054.554002527154,2,1719003.2988291003,,0.0
Nabiye 11-23,ABWI102011106603W400,1,2022-09-01,14,False,harmonic,148.2941836947253,1.4852386190431175,1.0,0.7177235349616198,False,,307.68390371279503,1,-63009.737173720525,-0.694447683697621,
Nabiye 11-23,ABWI102011106603W400,5,2025-08-01,6,False,harmonic,109.26922800128152,1.1327470986934365,1.0,0.8268181140085771,False,,198.1053218473579,2,-110410.43657052882,-0.9918580250132181,
Nabiye 11-23,ABWI102011206603W400,1,2023-03-01,8,False,harmonic,847.7599374632143,0.853983540868919,1.0,0.8193763156146391,False,,2043.2014743845536,1,663050.4175760462,,0.0
Nabiye 11-23,ABWI102011206603W400,4,2025-03-01,9,False,exponential,596.7902334089459,0.1686182704625281,0.0,0.8108796179073293,False,,2763.323476738926,2,842516.5800763861,,0.0
Nabiye 11-23,ABWI102011206603W400,5,2025-12-01,7,False,exponential,294.4466194997615,0.1556792730563108,0.0,0.8886365690708309,False,,1255.3022599756691,3,272559.5293900914,1029.5622472745927,2.0
Nabiye 11-23,ABWI102012306603W400,1,2022-05-01,8,False,exponential,244.66039885031515,0.1241290394355168,0.0,0.7790951766173198,False,,1240.850236945757,1,258283.0013386713,189.54044603804456,2.0
Nabiye 11-23,ABWI102012306603W400,3,2023-06-01,6,False,exponential,153.58566833317386,0.7621239333441601,0.0,0.9045847687841512,False,,199.44156868454212,2,-99400.50588611494,-0.9983816269971121,
Nabiye 11-23,ABWI102012306603W400,4,2023-12-01,10,False,harmonic,156.1484444256745,0.8631774657013508,1.0,0.757619835503041,False,,409.7497671251336,3,-29293.684651504325,-0.4566723357863067,
Nabiye 11-23,ABWI102012406603W400,4,2024-09-01,9,False,harmonic,868.2688664828286,0.6550300280921393,1.0,0.8238913715709072,False,,2559.4010318248884,1,836507.1631462105,,0.0
Nabiye 11-23,ABWI102021306603W400,2,2023-02-01,9,False,exponential,198.21788259758955,0.2640524488085427,0.0,0.8021933803369211,False,,680.9551228469783,1,70123.219328693,5.644764851165631,4.0
Nabiye 11-23,ABWI102021306603W400,4,2024-03-01,8,False,harmonic,88.43208158873742,1.1370894214653642,1.0,0.5257475177043145,False,,179.82188003880734,2,-120456.29011866149,-0.9810387487303235,
Nabiye 11-23,ABWI102021306603W400,6,2025-03-01,16,False,hyperbolic,120.77451802025426,0.7063032059001647,1.9311208185117108,0.905185458971631,False,,646.0955549489639,3,38702.5118024649,0.7003940126740524,10.0
Nabiye 11-23,ABWI102021806602W400,4,2024-09-01,7,False,harmonic,1335.615562354385,0.4285701358347756,1.0,0.8552135693671388,False,,4320.3040677516365,1,1499240.5645883502,,0.0
Nabiye 11-23,ABWI102023006602W400,3,2023-11-01,15,False,exponential,1025.1947938431886,0.0807075883522021,0.0,0.6501692893840243,False,,8917.031288583528,1,2957363.4933788623,,0.0
Nabiye 11-23,ABWI102023506603W400,2,2023-04-01,7,False,exponential,298.589865131663,0.2121698840120479,0.0,0.6392789885385123,False,,1088.6151758956494,1,221879.40105008436,633.3961951699083,2.0
Nabiye 11-23,ABWI102023506603W402,1,2025-08-01,8,False,harmonic,1573.58881014638,0.332488427580886,1.0,0.6867869538353634,False,,6140.465401813136,1,2150049.5068868315,,0.0
Nabiye 11-23,ABWI102023606603W400,3,2023-05-01,8,False,exponential,275.7245186054515,1.2522215692300271,0.0,0.9882546723753508,False,,220.17846363282135,1,-63278.005257117686,-0.9990945546962992,
Nabiye 11-23,ABWI102023606603W400,6,2024-10-01,7,False,exponential,659.3254395808143,0.2567309226784142,0.0,0.8751439158843212,False,,2142.4180353068514,2,649283.7948979326,,0.0
Nabiye 11-23,ABWI102031206603W400,2,2023-03-01,10,False,exponential,43.88102026375442,0.2074662050083394,0.0,0.6870225661756938,False,,184.9439230765213,1,-128890.1834166764,-0.9559960000269683,
Nabiye 11-23,ABWI102032306603W400,2,2022-12-01,15,False,exponential,764.7114190725626,0.1155391182113275,0.0,0.6227735921168673,False,,5448.871768117331,1,1771744.4308942847,,0.0
Nabiye 11-23,ABWI102032306603W400,4,2024-12-01,9,False,exponential,593.4065597885211,0.5669723176712574,0.0,0.8489488431730446,False,,1040.2600453641594,2,279393.54711198644,,0.0
Nabiye 11-23,ABWI102032406603W400,3,2023-03-01,9,False,exponential,255.1121856753612,0.2681539236764889,0.0,0.8862253052251162,False,,866.2064042770486,1,144340.0716934693,52.518508862115375,2.0
Nabiye 11-23,ABWI102032406603W400,4,2023-12-01,8,False,exponential,167.7585333105164,0.2243406512391303,0.0,0.7316659783373215,False,,623.5230910248539,2,42680.372629158956,2.2287570896208333,5.0
Nabiye 11-23,ABWI102033606603W402,1,2022-08-01,11,False,exponential,269.870834321895,0.0585254549804344,0.0,0.720284108665032,False,,2188.9085781285094,1,573211.5018669758,1237.279770468584,2.0
Nabiye 11-23,ABWI102033606603W402,4,2024-05-01,8,False,harmonic,324.73295078167376,0.2980642359061777,1.0,0.9639907025871104,False,,1328.296745465996,2,304432.4747454822,1920.7467518743842,1.0
Nabiye 11-23,ABWI102033606603W402,5,2025-01-01,6,False,harmonic,157.75097221713784,0.4939921234205122,1.0,0.6680647775945394,False,,439.8070453797266,3,-23188.52250745996,-0.5067908568317203,
Nabiye 11-23,ABWI102033606603W402,6,2025-07-01,12,False,harmonic,194.68632006002383,0.0863541147594389,1.0,0.6827135090541592,False,,1603.204510968633,4,365841.5155388407,63.42188584504903,3.0
Nabiye 11-23,ABWI102041306603W402,1,2023-02-01,8,False,exponential,927.6474723029488,0.2281944916029568,0.0,0.7110657082159356,False,,3410.1500222997665,1,1129903.497423321,,0.0
Nabiye 11-23,ABWI102042406603W400,2,2023-03-01,9,False,exponential,235.04713312704888,0.2620662922834532,0.0,0.8664350981183321,False,,812.0951434617386,1,121812.62410310618,25.326135361480148,3.0
Nabiye 11-23,ABWI102042406603W400,3,2023-12-01,11,False,exponential,168.0115248831166,0.1747932888826775,0.0,0.7886315990177961,False,,820.6660871582852,2,109495.2624838393,6.700962334185148,4.0
Nabiye 11-23,ABWI102043106602W400,2,2023-01-01,6,False,exponential,1275.967434049584,0.0986306786543206,0.0,0.6893786510917068,False,,5778.370727602424,1,1918268.9430191992,,0.0
Nabiye 11-23,ABWI102043106602W400,8,2026-01-01,6,False,exponential,1123.2280227168276,0.2491634609343565,0.0,0.5871951632580441,False,,3497.0651704329034,2,1183713.1857888272,,0.0
Nabiye 11-23,ABWI102043606603W400,4,2024-06-01,17,False,harmonic,1063.2831138783326,0.3326161908679623,1.0,0.8755183407599119,False,,6058.723177700897,1,2028685.4827870915,,0.0
Nabiye 11-23,ABWI102051906602W400,5,2025-03-01,16,False,exponential,337.1970241342105,0.1079333087385978,0.0,0.5875908941754374,False,,2568.564072391649,1,723362.1405487594,15812.69788385422,1.0
Nabiye 11-23,ABWI102052406603W400,1,2022-07-01,10,False,harmonic,327.5755819749804,0.466182763057096,1.0,0.5085130573169772,False,,1218.2627573313728,1,273672.4130610538,758.8386749955847,2.0
Nabiye 11-23,ABWI102052406603W400,2,2023-05-01,7,False,harmonic,278.049555499159,0.6165669794563917,1.0,0.785197635093574,False,,753.4325662836185,2,107674.71640526409,35.33007746716225,2.0
Nabiye 11-23,ABWI102052406603W400,3,2023-12-01,10,False,harmonic,259.4712821102366,0.3697680066298222,1.0,0.6494623138660287,False,,1085.599385787773,3,214166.29813149673,79.42052537733221,2.0
Nabiye 11-23,ABWI102052406603W400,4,2024-10-01,10,False,exponential,166.0346506825005,0.2218492380902481,0.0,0.6387589905228285,False,,667.0050765119555,4,58438.21988991862,2.8807238776998227,5.0
Nabiye 11-23,ABWI102052506603W400,1,2022-09-01,10,False,harmonic,422.3873804556417,0.5096751677708937,1.0,0.9054245454649332,False,,1498.156903170864,1,387276.49526267126,191349.4955114368,1.0
Nabiye 11-23,ABWI102052506603W400,4,2024-06-01,9,False,exponential,273.4973419655595,0.3952128148790799,0.0,0.9693765208266673,False,,672.2842974606116,2,85055.59779559002,23.7796046332976,2.0
Nabiye 11-23,ABWI102062306603W400,1,2022-09-01,8,False,exponential,2832.747389610069,0.4611508038925557,0.0,0.7688422767856313,False,,5989.259552089919,1,2424590.442797462,,0.0
Nabiye 11-23,ABWI102062306603W400,4,2024-06-01,7,False,exponential,2492.316990445683,0.4328231334865083,0.0,0.8395577851381277,False,,5479.999219925248,2,2170323.9043614008,,0.0
Nabiye 11-23,ABWI102062406603W400,3,2023-10-01,6,False,exponential,110.29065700192189,0.1756840287033171,0.0,0.62166128174568,False,,408.9948792533573,1,-44048.34961656682,-0.7276771908978428,
Nabiye 11-23,ABWI102062406603W400,4,2024-04-01,8,False,exponential,83.90843903859425,0.7311148646919524,0.0,0.941679595928556,False,,114.43691525598292,2,-143097.930552624,-0.9997100085384621,
Nabiye 11-23,ABWI102063106602W400,4,2023-10-01,6,False,exponential,603.2808693732053,0.1884110985201725,0.0,0.654423445625042,False,,2168.088805688364,1,632049.6562413059,,0.0
Nabiye 11-23,ABWI102063606603W400,2,2023-03-01,8,False,exponential,585.4933502609562,0.2573304557335457,0.0,0.8334723734469303,False,,1984.8743222665496,1,585756.7222664983,,0.0
Nabiye 11-23,ABWI102063606603W400,7,2025-12-01,7,False,exponential,787.1381800579113,0.2289748882219539,0.0,0.7471078645064904,False,,2745.5670792411383,2,873164.7110118166,,0.0
Nabiye 11-23,ABWI102070106603W400,2,2022-12-01,9,False,exponential,1321.625649398116,0.3001512079424322,0.0,0.9069866278136371,False,,4107.6826561798725,1,1460052.6706104176,,0.0
Nabiye 11-23,ABWI102070106603W400,4,2024-01-01,12,False,harmonic,814.2866987138549,0.1879586314338717,1.0,0.6737844376066189,False,,5113.576494214372,2,1657152.663443933,,0.0
Nabiye 11-23,ABWI102070106603W400,5,2025-01-01,18,False,exponential,986.5191595709426,0.1625699246702389,0.0,0.8340228183962638,False,,5743.03338683102,3,1931680.8155363048,,0.0
Nabiye 11-23,ABWI102071306603W400,4,2025-09-01,10,False,harmonic,154.45003114043894,0.3535184977510242,1.0,0.6373625042983688,False,,660.5247884752426,1,51157.55751073088,1.8800421978551651,6.0
Nabiye 11-23,ABWI102071806602W400,1,2023-03-01,7,False,exponential,1811.9278949174384,0.2590766528631603,0.0,0.7930020540160765,False,,5853.268627976339,1,2123068.7040495337,,0.0
Nabiye 11-23,ABWI102071806602W400,4,2025-05-01,14,False,exponential,1441.257718229294,0.1853808988892004,0.0,0.7501392493291926,False,,7194.428099077361,2,2518206.639270716,,0.0
Nabiye 11-23,ABWI102080106603W400,4,2025-03-01,9,False,harmonic,1236.022184547143,1.2294187004665835,1.0,0.9683310559470194,False,,2503.66539935567,1,913066.7776239996,,0.0
Nabiye 11-23,ABWI102082506603W400,2,2023-04-01,8,False,exponential,292.66685159204746,0.2415580611788785,0.0,0.8539831159134074,False,,1036.1539866671235,1,206876.12368473085,352.3783142437053,2.0
Nabiye 11-23,ABWI102082506603W400,3,2023-12-01,7,False,harmonic,163.94642161989862,0.1602620368665599,1.0,0.5004277531670871,False,,769.5756839704733,2,83621.52644187496,6.250000081304045,4.0
Nabiye 11-23,ABWI102082506603W400,4,2024-07-01,6,False,harmonic,217.307114315126,0.7911342944621074,1.0,0.6252065463299115,False,,480.3139286638671,3,4655.43545248486,0.318963108628477,5.0
Nabiye 11-23,ABWI102082606603W400,1,2022-08-01,8,False,harmonic,2410.203594341458,0.6509814625119367,1.0,0.6544318411645091,False,,6759.924627244178,1,2555655.422785955,,0.0
Nabiye 11-23,ABWI102082606603W400,4,2024-07-01,6,False,harmonic,2241.7503542118225,0.4151798996605999,1.0,0.6509225277528742,False,,6750.473446442369,2,2467980.44853616,,0.0
Nabiye 11-23,ABWI102090106603W400,4,2024-03-01,10,False,harmonic,1015.4301379233124,0.4749488480850065,1.0,0.648900317903017,False,,3739.5604188797697,1,1256398.0426395868,,0.0
Nabiye 11-23,ABWI102090106603W400,6,2025-06-01,7,False,exponential,279.9334254919056,0.184159099403273,0.0,0.670734828998734,False,,1101.2630179455552,2,220700.8504614189,378.8257207681495,2.0
Nabiye 11-23,ABWI102091206603W400,2,2023-03-01,7,False,exponential,146.22328260404058,0.3678376680371139,0.0,0.7765598357785166,False,,367.2443424327411,1,-46117.57579278982,-0.7959658641895373,
Nabiye 11-23,ABWI102091206603W400,4,2024-04-01,6,False,exponential,64.12664763883345,0.6996846775896689,0.0,0.651395870443495,False,,90.27382270086838,2,-155727.3264256669,-0.9999583163343662,
Nabiye 11-23,ABWI102091306603W400,2,2023-03-01,8,False,exponential,282.1485204363436,0.2615540006255655,0.0,0.8120384281233907,False,,945.6370264353188,1,175162.08722126987,173.07221141331902,2.0
Nabiye 11-23,ABWI102091306603W400,6,2025-03-01,16,False,harmonic,178.36915064779205,0.3072340173549738,1.0,0.7578589286657631,False,,1032.021434293561,2,179059.20779396093,8.646740659096812,4.0
Nabiye 11-23,ABWI102092506603W400,1,2022-12-01,7,False,exponential,1398.7643397026686,0.4616416630922553,0.0,0.9381930376698252,False,,2910.298835359211,1,1076474.3095860095,,0.0
Nabiye 11-23,ABWI102092506603W400,4,2024-05-01,9,False,harmonic,1919.208801069448,0.5382214188153926,1.0,0.9149948664398598,False,,6295.17603790871,2,2295890.781061239,,0.0
Nabiye 11-23,ABWI102092606603W400,1,2022-08-01,11,False,exponential,487.4847487726223,0.1869173539836929,0.0,0.9047989155262042,False,,2274.3181294501323,1,663446.921619994,3136034627.261946,1.0
Nabiye 11-23,ABWI102092606603W400,3,2024-01-01,8,False,harmonic,206.15798386685185,0.1441032428833928,1.0,0.565015191592785,False,,1096.9780998096212,2,200480.81716394407,46.274855491450865,3.0
Nabiye 11-23,ABWI102100706602W402,2,2023-03-01,8,False,exponential,827.214572766405,0.3955855326407784,0.0,0.8437535425872763,False,,2002.811849061566,1,649960.2974507762,,0.0
Nabiye 11-23,ABWI102100706602W402,4,2024-04-01,6,False,exponential,318.5004286056035,0.7439695496935972,0.0,0.6680262870166094,False,,423.1783974561004,2,11724.890459273844,1.641252819515464,3.0
Nabiye 11-23,ABWI102100706602W402,6,2025-07-01,12,False,exponential,282.7116623459071,0.0732573421166433,0.0,0.9195772532648824,False,,2256.9848966166683,3,601732.1296381229,1785.3401778752113,2.0
Nabiye 11-23,ABWI102101206603W400,2,2022-11-01,6,False,exponential,171.12108142442145,0.3092207882044361,0.0,0.7427153787916914,False,,466.8424069687392,1,-9685.597499123149,-0.23090647699694578,
Nabiye 11-23,ABWI102101206603W400,6,2025-01-01,7,False,harmonic,61.8785187375416,0.2526602481716216,1.0,0.937810440755037,False,,249.40198162981304,2,-105769.47891046581,-0.9520806429494969,
Nabiye 11-23,ABWI102101306603W400,2,2023-03-01,8,False,exponential,345.12927233857977,0.3066590148813834,0.0,0.8884221284593198,False,,1028.6478034234742,1,217568.7380721433,2215.0315560774206,1.0
Nabiye 11-23,ABWI102101306603W400,7,2025-08-01,11,False,exponential,164.33897706877178,0.2336665170126405,0.0,0.6763076929833333,False,,649.495601502952,2,52930.05360401489,2.368441321647654,5.0
Nabiye 11-23,ABWI102103506603W402,1,2024-02-01,9,False,harmonic,3607.6536607207936,1.0480858721583763,1.0,0.744044531682929,False,,8071.642987817175,1,3289523.847398327,,0.0
Nabiye 11-23,ABWI102103506603W402,4,2025-10-01,7,False,harmonic,3152.4022293421885,0.5252847375066287,1.0,0.8336820653326024,False,,9257.970064285406,2,3514151.2696439857,,0.0
Nabiye 11-23,ABWI102103606603W400,5,2025-04-01,9,False,exponential,448.3591506468677,0.2484199907908363,0.0,0.7878963761648632,False,,1611.889798586046,1,434236.4041077182,9996884.667547604,1.0
Nabiye 11-23,ABWI102111106603W400,1,2023-03-01,8,False,exponential,1006.0479392433192,0.3419340444713739,0.0,0.8938057923555579,False,,2751.3852554403206,1,936903.3016730202,,0.0
Nabiye 11-23,ABWI102111106603W400,5,2025-03-01,13,False,harmonic,878.2618641168284,0.1685539213307482,1.0,0.7907056140567648,False,,6046.330528735542,2,1976827.595326984,,0.0
Nabiye 11-23,ABWI102111206603W400,1,2023-02-01,11,False,harmonic,206.8403728156424,1.865357647131297,1.0,0.8189634855483743,False,,340.298971133283,1,-37342.243301746494,-0.6115244016635304,
Nabiye 11-23,ABWI102111206603W400,5,2025-11-01,8,False,harmonic,148.5970008522701,0.3567975148828218,1.0,0.8296305681911196,False,,561.9113926405623,2,16199.392430997337,0.6122879427820944,6.0
Nabiye 11-23,ABWI102112306603W400,1,2022-07-01,10,False,exponential,2508.061142321817,0.2351769107823786,0.0,0.6689999891073067,False,,9649.2985924948,1,3565318.071526798,,0.0
Nabiye 11-23,ABWI102112306603W400,3,2023-12-01,13,False,exponential,1536.3857439765457,0.1054548239326433,0.0,0.5382901278844351,False,,10870.395082409485,2,3725475.7100279345,,0.0
Nabiye 11-23,ABWI102112406603W400,3,2024-01-01,14,False,exponential,275.87146183256,0.1972673469444406,0.0,0.8635004317203997,False,,1310.1077174948532,1,298386.9530698001,301.57832860624046,2.0
Nabiye 11-23,ABWI102112606603W400,2,2022-12-01,7,False,exponential,595.9415766878793,0.3745959974632369,0.0,0.7095159585418368,False,,1475.3213047576974,1,420247.65686975064,,0.0
Nabiye 11-23,ABWI102112606603W400,4,2023-11-01,12,False,harmonic,795.2668216381547,0.1661148623597949,1.0,0.6297497933431997,False,,5248.974257674372,2,1695812.9033573088,,0.0
Nabiye 11-23,ABWI102121306603W400,4,2024-02-01,6,False,harmonic,314.3673559387776,1.0472625979929526,1.0,0.9801342118183708,False,,596.0441114312196,1,65705.91973344365,21.712672232240475,2.0
Nabiye 11-23,ABWI102121906602W400,4,2024-07-01,6,False,exponential,1511.1959356001432,0.6608498996530286,0.0,0.9430682883478096,False,,2243.375334679739,1,880932.8778336493,,0.0
Nabiye 11-23,ABWI102122406603W400,4,2024-01-01,12,False,exponential,384.9037135248895,0.1570855665443199,0.0,0.7232735868937465,False,,2078.266756042559,1,574756.0355665041,151302.72055528717,1.0
Nabiye 11-23,ABWI102122506603W400,1,2022-07-01,12,False,harmonic,833.0391807407539,0.702236781700353,1.0,0.9482322130868353,False,,2661.4588382081624,1,867075.6523868947,,0.0
Nabiye 11-23,ABWI102122506603W400,3,2024-04-01,24,False,harmonic,251.58465890112936,0.1768190358380913,1.0,0.5909758472782647,False,,2357.668055286514,2,620928.6385862848,226.38335166671592,2.0
Nabiye 11-23,ABWI102132506603W400,1,2022-09-01,10,False,exponential,491.4264840627437,0.3148900070094794,0.0,0.8880727372591161,False,,1493.6791506477336,1,407676.9570134978,1284952743.1998005,1.0
Nabiye 11-23,ABWI102140206603W400,2,2023-03-01,7,False,exponential,420.9130285465157,0.5132277766981888,0.0,0.9173687230435742,False,,797.5535415179355,1,158553.14860529592,31630.18529200539,1.0
Nabiye 11-23,ABWI102140206603W400,7,2025-08-01,11,False,harmonic,768.3356802090238,0.149113814167541,1.0,0.8913521053740432,False,,5002.604276436046,2,1605787.3263737184,,0.0
Nabiye 11-23,ABWI102142506603W400,1,2022-09-01,11,False,exponential,314.44847591765074,0.2463181517150595,0.0,0.759765604169103,False,,1191.6117657750483,1,267208.247720546,946.8717798167698,2.0
Nabiye 11-23,ABWI102142506603W400,4,2024-11-01,6,False,harmonic,388.9238663639927,0.2328928629222437,1.0,0.7281042294545317,False,,1460.1657274151305,2,352179.79978245473,122928.59232944158,1.0
Nabiye 11-23,ABWI102143106602W400,3,2024-12-01,10,False,exponential,2193.3637881978693,0.3573060008554013,0.0,0.9918005137738668,False,,5966.304619428523,1,2280546.741971821,,0.0
Nabiye 11-23,ABWI102143606603W400,3,2024-05-01,13,False,exponential,704.3465039890948,0.0941295929778564,0.0,0.6645334256539089,False,,5281.728696747525,1,1694543.1353923162,,0.0
Nabiye 11-23,ABWI102143606603W400,4,2025-06-01,13,False,exponential,506.2030037143557,0.0931336588201409,0.0,0.5114258183016758,False,,3815.655293655106,2,1167855.4888066524,295095371388.13586,1.0
Nabiye 11-23,ABWI102150706602W400,2,2023-12-01,16,False,harmonic,1302.802077657699,0.5177134409060117,1.0,0.7622329916561343,False,,5607.237068883655,1,1940813.7684837445,,0.0
Nabiye 11-23,ABWI102150706602W400,4,2025-09-01,10,False,exponential,2172.493202249314,0.2009950876814077,0.0,0.9643748440670368,False,,9360.3751189232,2,3386538.5849838564,,0.0
Nabiye 11-23,ABWI102151206603W400,2,2023-02-01,6,False,exponential,193.58074844528613,0.3980446624674892,0.0,0.9466521123812222,False,,441.68977353447616,1,-11943.935825086626,-0.33496755115917776,
Nabiye 11-23,ABWI102151406603W402,1,2022-10-01,22,False,harmonic,2065.9500748327982,0.4147610857829154,1.0,0.6505764845074358,False,,11531.067055678104,1,4038221.9149431014,,0.0
Nabiye 11-23,ABWI102151406603W402,3,2024-12-01,6,False,exponential,758.3120918952635,0.3402727679654948,0.0,0.9676451585375178,False,,1939.2412548078532,2,602731.2276787237,,0.0
Nabiye 11-23,ABWI102151406603W402,4,2025-06-01,7,False,exponential,236.7451529821641,0.4236256033246679,0.0,0.8044345926193512,False,,530.0508001037215,3,28247.333706431265,2.4878420498313347,4.0
Nabiye 11-23,ABWI102151906602W400,1,2022-05-01,11,False,harmonic,2397.815200568647,0.3661244935062751,1.0,0.6268614293339836,False,,10576.25024557498,1,3811943.549207789,,0.0
Nabiye 11-23,ABWI102151906602W400,4,2024-04-01,11,False,exponential,873.1128352040979,0.2571608872265044,0.0,0.6950117712337643,False,,3194.5936144555026,2,1059819.9996040023,,0.0
Nabiye 11-23,ABWI102151906602W400,5,2025-03-01,7,False,exponential,605.1049731389128,0.3181122956999228,0.0,0.6633967090738382,False,,1696.9778869455338,3,493759.2931365739,,0.0
Nabiye 11-23,ABWI102152406603W400,2,2023-04-01,7,False,exponential,289.2439990905557,0.2430198442540076,0.0,0.801319205541253,False,,973.0235512908024,1,183050.8044420575,283.64831215148354,2.0
Nabiye 11-23,ABWI102152406603W400,4,2025-02-01,10,False,harmonic,174.62356645286846,0.9491311071388714,1.0,0.793918487531357,False,,432.4597166747557,2,-17334.93937510431,-0.2844998953958673,
Nabiye 11-23,ABWI102153506603W400,1,2022-07-01,10,False,exponential,2294.7493666939963,0.1518681681281881,0.0,0.6096301571557876,False,,11801.013594693495,1,4203044.037403505,,0.0
Nabiye 11-23,ABWI102153506603W400,4,2024-05-01,6,False,exponential,1462.4464711241778,0.2497778413471265,0.0,0.5931082683363953,False,,4546.821672579672,2,1599631.7797102437,,0.0
Nabiye 11-23,ABWI102153606603W400,3,2024-05-01,16,False,exponential,745.6444904963594,0.1252112004260727,0.0,0.8151434551238597,False,,5151.878642022011,1,1672349.5291288965,,0.0
Nabiye 11-23,ABWI102153606603W400,4,2025-09-01,10,False,harmonic,388.662821537826,0.0748101961910751,1.0,0.6766201601437305,False,,2901.744579642523,2,827817.6229647709,555170.2322920255,1.0
Nabiye 11-23,ABWI102161106603W400,1,2023-01-01,9,False,exponential,706.4822540856998,0.5143832958497305,0.0,0.8802988182379345,False,,1360.049795167479,1,411256.4616777737,,0.0
Nabiye 11-23,ABWI102161106603W400,2,2023-10-01,7,False,exponential,117.99697532750947,0.4774759011680504,0.0,0.8528080046380281,False,,238.38953573640777,2,-94642.30056559398,-0.9823836865365247,
Nabiye 11-23,ABWI102161106603W400,4,2024-10-01,7,False,harmonic,320.57020987719386,0.3687153997662661,1.0,0.7947124673587569,False,,1109.0764074711717,3,230607.20995469077,923.5709695368606,2.0
Nabiye 11-23,ABWI102161206603W400,2,2023-01-01,16,False,exponential,202.470190088552,0.3057994968359649,0.0,0.9351723029944538,False,,657.1350645060459,1,65332.76536478452,4.331349605360018,4.0
Nabiye 11-23,ABWI102161206603W400,4,2024-11-01,6,False,harmonic,60.37995153559591,1.6833648288763163,1.0,0.6890642421507905,False,,86.33437887790475,2,-157447.0424977371,-0.9997438042354418,
Nabiye 11-23,ABWI102161306603W400,1,2022-07-01,9,False,harmonic,835.1126879116135,0.1811997913129383,1.0,0.8155848741246909,False,,4458.028703821457,1,1436951.2281821265,,0.0
Nabiye 11-23,ABWI102161306603W400,2,2023-04-01,8,False,exponential,534.3614617801683,0.2984317364445069,0.0,0.8289070389153712,False,,1626.077946154717,2,457345.36573027517,,1.0
Nabiye 11-23,ABWI102161306603W400,3,2023-12-01,9,False,exponential,491.54699424715767,0.0967809080359717,0.0,0.656198367812339,False,,2953.312306022537,3,871952.5779903291,17961959276.094246,1.0
Nabiye 11-23,ABWI102161306603W400,5,2025-03-01,16,False,harmonic,622.6524012694287,0.3289409653090327,1.0,0.5312566966535388,False,,3472.843620945692,4,1081076.1870847447,,0.0
Nabiye 11-23,ABWI102161406603W400,2,2022-10-01,14,False,exponential,172.74143298240872,0.1562173915770282,0.0,0.7542849449238805,False,,981.6546670786478,1,164630.70282011435,11.068343159047663,4.0
Nabiye 11-23,ABWI102161406603W400,4,2024-12-01,15,False,exponential,281.22861330982266,0.1680008819931005,0.0,0.8587685291099789,False,,1539.2857821121352,2,375019.7881899747,538.2148569972786,2.0
Nabiye 11-23,ABWI102162306603W400,3,2024-03-01,11,False,exponential,797.6699545922619,0.166307817797445,0.0,0.763532116438068,False,,4026.4750618611297,1,1311391.3740428071,,0.0
Nabiye 11-23,ABWI102162406603W400,2,2023-05-01,6,False,exponential,259.7016919725977,0.2728636721341697,0.0,0.7129021918217544,False,,766.6194050588122,1,106941.2665278553,46.57377545709585,2.0
Nabiye 11-23,ABWI102162406603W400,4,2025-01-01,9,False,exponential,135.96326959839087,0.5331361798076659,0.0,0.8743810944977167,False,,252.9228819833703,2,-85301.9907985981,-0.9701439148519507,
Nabiye 11-23,ABWI103010106603W400,3,2023-04-01,9,False,exponential,1077.5371671635069,0.4532348703024304,0.0,0.7418806697095005,False,,2337.204531698589,1,819767.6257000512,,0.0
Nabiye 11-23,ABWI103010106603W400,6,2025-01-01,13,False,exponential,1103.4846673441932,0.1205686026570861,0.0,0.777722469568766,False,,7243.265900142141,2,2439086.3263869197,,0.0
Nabiye 11-23,ABWI103011306603W400,5,2024-04-01,6,False,exponential,67.30405299109964,0.6852645128677539,0.0,0.7114186118934189,False,,96.60721262600585,1,-152930.40204476938,-0.9999393866220313,
Nabiye 11-23,ABWI103021306603W400,2,2023-03-01,8,False,harmonic,156.05764623131597,0.2743793819307857,1.0,0.5329374369189541,False,,660.677408755197,1,49520.40601636517,2.271446900922631,5.0
Nabiye 11-23,ABWI103021306603W400,4,2024-08-01,23,False,exponential,372.970317408571,0.1288094897375455,0.0,0.8998259922963909,False,,2745.868622942715,2,792012.4011875674,97542.51609001964,1.0
Nabiye 11-23,ABWI103022506603W400,3,2023-12-01,15,False,harmonic,410.302958471424,0.1870653376560619,1.0,0.6339217954525196,False,,2931.596419038116,1,852598.213451986,896121.0399767532,1.0
Nabiye 11-23,ABWI103022506603W400,4,2025-03-01,12,False,exponential,417.2315828025558,0.3197255906805646,0.0,0.8330992281439664,False,,1276.826774313774,2,320101.14898171386,237815.5030506888,1.0
Nabiye 11-23,ABWI103031106603W400,2,2023-12-01,8,False,exponential,674.845523438898,0.233298370781527,0.0,0.5408285903678709,False,,2445.1923439608004,1,756099.9955801002,,0.0
Nabiye 11-23,ABWI103031106603W400,4,2025-05-01,14,False,exponential,849.0291481553236,0.0809614163384686,0.0,0.8452376545687187,False,,7110.9399112164965,2,2324361.311705107,,0.0
Nabiye 11-23,ABWI103032006603W400,1,2025-01-01,18,False,harmonic,4583.551920007989,0.0331930974219207,1.0,0.554468340030178,False,,64683.60095152616,1,21706870.48545178,,0.0
Nabiye 11-23,ABWI103043106602W400,2,2026-01-01,6,False,harmonic,745.8702779575018,0.8770323456076716,1.0,0.923212720032727,False,,1560.1726280247617,1,475190.3180778643,,0.0
Nabiye 11-23,ABWI103052506603W400,1,2022-08-01,11,False,exponential,409.78319163174166,0.1955569256863689,0.0,0.8740225795326325,False,,1851.6535096296875,1,506317.69724484766,580234.7598145579,1.0
Nabiye 11-23,ABWI103052506603W400,4,2024-06-01,6,False,harmonic,244.84926964183,0.3625952253413032,1.0,0.6367013602137578,False,,780.2647903586198,2,104724.32553685777,29.58317986943309,2.0
Nabiye 11-23,ABWI103052506603W400,5,2024-12-01,9,False,exponential,174.32767843277463,0.3129706027019331,0.0,0.7426697861674865,False,,523.7000979642874,3,13037.393565787386,0.5939606134508362,6.0
Nabiye 11-23,ABWI103061206603W400,1,2022-11-01,11,False,exponential,624.8091776764152,0.3898932057156541,0.0,0.8843089110109428,False,,1580.5254885082402,1,467743.12651019235,,0.0
Nabiye 11-23,ABWI103061206603W400,5,2025-03-01,11,False,harmonic,172.0934820684544,0.3011055121902395,1.0,0.8904459483971671,False,,835.2691362658195,2,112616.55996262524,6.0121200957266145,4.0
Nabiye 11-23,ABWI103062406603W400,7,2025-12-01,7,False,exponential,259.27185275631257,0.3370525940219614,0.0,0.8718898868468644,False,,696.5556059164259,1,87461.38350408821,23.87401207589627,2.0
Nabiye 11-23,ABWI103063106602W402,1,2024-07-01,13,False,hyperbolic,2693.566349076157,0.9948716789055584,1.3594130723789033,0.9698438122728128,False,,8778.693420105286,1,3311289.7095242133,,0.0
Nabiye 11-23,ABWI103071306603W400,2,2023-05-01,6,False,exponential,524.1167340221895,0.3350789214125592,0.0,0.9313971825998698,False,,1354.6786874713714,1,359329.2471254277,1528911275284.0637,1.0
Nabiye 11-23,ABWI103071306603W400,5,2024-08-01,7,False,exponential,310.5552818347296,1.1139211321120328,0.0,0.946608642363509,False,,278.6801528127994,2,-36457.232229668174,-0.9775636487009193,
Nabiye 11-23,ABWI103071306603W400,7,2025-11-01,6,False,harmonic,125.27153626615969,1.8104647639177875,1.0,0.7344257685004192,False,,171.1424807130063,3,-114067.2060242861,-0.9960488204185424,
Nabiye 11-23,ABWI103073506603W400,1,2022-10-01,9,False,exponential,1480.7729576709407,0.261154297172167,0.0,0.6324435736506444,False,,5129.564298792022,1,1831754.2568381699,,0.0
Nabiye 11-23,ABWI103073506603W400,3,2024-10-01,6,False,exponential,2466.3670012476537,0.4037158207712377,0.0,0.8689387043541481,False,,5567.174416057463,2,2176825.7852840116,,0.0
Nabiye 11-23,ABWI103081106603W400,2,2023-01-01,11,False,exponential,153.38767766356173,0.1650453731603597,0.0,0.7310768928196398,False,,778.106103758749,1,91868.5735599537,4.369341619424063,4.0
Nabiye 11-23,ABWI103081106603W400,5,2025-04-01,10,False,harmonic,93.6252085985048,0.2579602954851219,1.0,0.8219972950549818,False,,462.8453529485653,2,-27617.594220056744,-0.3379433798587005,
Nabiye 11-23,ABWI103081306603W400,2,2023-03-01,7,False,exponential,159.04313586009653,0.1640117057082634,0.0,0.5897228626614369,False,,662.0719330018568,1,50312.31159236782,2.871920533307891,4.0
Nabiye 11-23,ABWI103081306603W400,5,2024-10-01,7,False,harmonic,160.23444012380187,0.4794225949491082,1.0,0.821272067888151,False,,491.8252242057714,2,-4503.219708431774,-0.03503901729594472,
Nabiye 11-23,ABWI103081306603W400,6,2025-05-01,7,False,harmonic,83.99552055183571,0.478314502952213,1.0,0.5854608799539858,False,,258.10099853754133,3,-97430.05523320519,-0.9502599906000784,
Nabiye 11-23,ABWI103082506603W400,2,2023-04-01,6,False,exponential,289.6024669673507,0.2527659741311183,0.0,0.7534308062984356,False,,894.2935488743632,1,154490.25514691308,232.75136070936298,2.0
Nabiye 11-23,ABWI103090106603W400,2,2023-02-01,8,False,exponential,556.2754262988952,0.2652628936311005,0.0,0.7936398644063722,False,,1845.8860013484743,1,533708.261440396,,1.0
Nabiye 11-23,ABWI103090106603W400,5,2024-12-01,11,False,exponential,904.353041747594,0.294246512456604,0.0,0.8712704306317648,False,,2952.688845593841,2,987501.9332290016,,0.0
Nabiye 11-23,ABWI103091106603W400,2,2023-04-01,8,False,exponential,145.6142911863339,0.4963770058621052,0.0,0.8718635029400652,False,,287.82324490276227,1,-71708.95416489421,-0.9448750812785274,
Nabiye 11-23,ABWI103091106603W400,6,2025-09-01,10,False,exponential,186.6442570171816,0.2227317231140321,0.0,0.9613939652000104,False,,747.629374251114,2,89813.24575983515,6.721756070146056,4.0
Nabiye 11-23,ABWI103092506603W400,2,2024-03-01,8,False,exponential,1262.9642575059015,1.0876199843141103,0.0,0.95308429113576,False,,1161.0250690916698,1,473923.29951431777,,0.0
Nabiye 11-23,ABWI103092506603W400,4,2025-11-01,8,False,exponential,1905.744587596885,0.2481110013446289,0.0,0.9729078281378172,False,,6625.675182009902,2,2410544.3570771,,0.0
Nabiye 11-23,ABWI103103506603W400,5,2025-10-01,9,False,harmonic,1017.6416532738368,0.1317431120429254,1.0,0.9109087660222096,False,,6039.975784380832,1,1987451.1918911296,,0.0
Nabiye 11-23,ABWI103112406603W400,3,2023-05-01,9,False,harmonic,313.09046984849266,0.4089314265429487,1.0,0.7286669954950065,False,,1181.6590991502496,1,256905.49522530613,543.1407934546195,2.0
Nabiye 11-23,ABWI103112406603W400,4,2024-02-01,11,False,exponential,268.9368092822983,0.1821530395512295,0.0,0.719273470265446,False,,1277.3544084109142,2,283681.07458474464,269.29769419863175,2.0
Nabiye 11-23,ABWI103112406603W400,6,2025-05-01,7,False,exponential,84.39100999647711,1.1706297137581705,0.0,0.8341339007126054,False,,72.07035729281553,3,-156705.59838134795,-0.9999990367860936,
Nabiye 11-23,ABWI103112406603W400,7,2025-12-01,7,False,harmonic,134.3807304181084,0.2181284298738043,1.0,0.5127435811416428,False,,571.0854750907356,4,13866.548969851727,0.5476605328496973,6.0
Nabiye 11-23,ABWI103113606603W400,1,2022-09-01,9,False,exponential,669.1580593157411,0.2392266426288514,0.0,0.7482867098683899,False,,2472.334686595171,1,768145.6478054642,,0.0
Nabiye 11-23,ABWI103113606603W400,2,2023-06-01,8,False,harmonic,232.00312970504768,0.308710178610336,1.0,0.6011144639376047,False,,934.9431249405964,2,155915.9926479942,36.7615460491536,3.0
Nabiye 11-23,ABWI103113606603W400,5,2025-03-01,9,False,harmonic,534.4397134056593,0.5368099541217376,1.0,0.6928318563861745,False,,1755.4527395459015,3,495812.69434746075,,1.0
Nabiye 11-23,ABWI103113606603W400,6,2025-12-01,7,False,exponential,363.5390283269179,0.2364326798604719,0.0,0.5733948801533834,False,,1243.7857833030985,4,288007.52655995317,14761.237690342723,1.0
Nabiye 11-23,ABWI103121206603W402,1,2022-12-01,6,False,exponential,347.88298792194627,0.5835536243294002,0.0,0.970619733853438,False,,578.1674448730311,1,68826.30313729042,87.31248463056848,2.0
Nabiye 11-23,ABWI103121206603W402,6,2025-01-01,8,False,exponential,118.67586044311768,0.1185282530580317,0.0,0.5835693125020062,False,,613.3351562755398,2,25852.126137630985,0.8740561119333861,6.0
Nabiye 11-23,ABWI103121206603W402,8,2026-01-01,6,False,harmonic,64.29744488462507,0.1577126080992243,1.0,0.799815301058262,False,,271.4862315038219,3,-99511.93370357511,-0.957671380347726,
Nabiye 11-23,ABWI103121906602W400,2,2025-05-01,9,False,harmonic,1896.606261561278,0.2572261024412772,1.0,0.845216880380067,False,,8836.670117797186,1,3106541.590467598,,0.0
Nabiye 11-23,ABWI103122506603W400,1,2022-07-01,12,False,exponential,540.0532756362112,0.3158576690720368,0.0,0.9063188617621484,False,,1671.176803939206,1,479355.5944253414,,1.0
Nabiye 11-23,ABWI103122506603W400,4,2024-08-01,16,False,exponential,452.2150245767802,0.2045933233044966,0.0,0.846834886059005,False,,2126.59862447784,2,611048.636940907,25503820.839837212,1.0
Nabiye 11-23,ABWI103131306603W400,2,2022-09-01,10,False,exponential,210.5551856406771,0.2766875658514582,0.0,0.890147006689328,False,,713.151270681159,1,84434.8620875562,8.304668251636159,3.0
Nabiye 11-23,ABWI103131306603W400,5,2025-01-01,8,False,harmonic,154.52056576552468,0.1835453433194722,1.0,0.6422898232157948,False,,760.6722071859807,2,80801.41709515914,4.575115838707344,4.0
Nabiye 11-23,ABWI103132506603W400,1,2022-09-01,10,False,exponential,747.0551427040962,0.235159887500109,0.0,0.9560558714859324,False,,2874.312236104987,1,921594.6886865088,,0.0
Nabiye 11-23,ABWI103140106603W400,6,2025-10-01,7,False,harmonic,73.3370426614614,0.9935569771378684,1.0,0.8837929374026304,False,,153.07171959494758,1,-133169.1913354794,-0.9935830598776246,
Nabiye 11-23,ABWI103143106602W400,2,2024-02-01,7,False,harmonic,2141.551213943267,0.2251894700941382,1.0,0.6385713164853883,False,,8999.92335265426,1,3176630.8231667867,,0.0
Nabiye 11-23,ABWI103143606603W400,1,2022-07-01,10,False,exponential,619.9548005846309,0.1666019666348144,0.0,0.6927704487482049,False,,3017.8796172762777,1,935059.0967540222,,0.0
Nabiye 11-23,ABWI103143606603W400,4,2024-11-01,12,False,exponential,513.8769895183983,0.1413715612279585,0.0,0.6457823084163592,False,,2968.539742416711,2,896806.4285483327,944606541836.106,1.0
Nabiye 11-23,ABWI103143606603W400,5,2025-11-01,8,False,exponential,340.310700107065,0.1646909802436182,0.0,0.5334968895348114,False,,1512.9952997768144,3,370863.80295133195,9348.899797384734,1.0
Nabiye 11-23,ABWI103151206603W400,2,2023-01-01,14,False,exponential,184.96095904867047,0.1543523090059518,0.0,0.7957348482926198,False,,1060.2380551475628,1,193387.50500666938,17.255879455818846,3.0
Nabiye 11-23,ABWI103151206603W400,3,2024-03-01,7,False,exponential,110.44494242678908,0.5046887885263083,0.0,0.8116576865009637,False,,212.4427653653941,2,-104880.27102373124,-0.9907528459767256,
Nabiye 11-23,ABWI103152406603W400,3,2023-12-01,16,False,harmonic,329.47012756940177,0.1040583158183162,1.0,0.561608745722693,False,,3103.449029649776,1,886059.5373373543,12595.153007732379,1.0
Nabiye 11-23,ABWI103152406603W400,4,2025-04-01,11,False,harmonic,197.7907559017348,0.6598338315781547,1.0,0.636358546951691,False,,632.8509865962418,2,53324.562144912015,2.3407276176273073,5.0
Nabiye 11-23,ABWI103153506603W402,3,2025-11-01,6,False,harmonic,2110.196930006677,0.3613556114071353,1.0,0.9074899085304404,False,,6733.970741417041,1,2429125.7886875537,,0.0
Nabiye 11-23,ABWI103160206603W400,2,2022-12-01,11,False,exponential,308.0801009770152,0.7035764230017731,0.0,0.8851765040368766,False,,437.68660462275454,1,14890.768074859046,1.8950942422574117,3.0
Nabiye 11-23,ABWI103160206603W400,6,2025-03-01,7,False,harmonic,71.1344758195066,0.2158767245606034,1.0,0.5213209970302994,False,,303.3956031738243,2,-86448.43710951315,-0.9011405895251604,
Nabiye 11-23,ABWI103160206603W400,7,2025-10-01,7,False,harmonic,72.02888537942587,0.8597479254351481,1.0,0.8918933717734492,False,,163.24451750817283,3,-130333.37146185758,-0.9916529356297734,
Nabiye 11-23,ABWI103161206603W400,2,2022-11-01,12,False,exponential,179.98170201237423,0.1380016982803164,0.0,0.768332186792085,False,,1055.231250658565,1,189134.7676255911,17.31747313015145,3.0
Nabiye 11-23,ABWI103162406603W400,1,2022-05-01,11,False,harmonic,342.01347488925563,0.2915452838301984,1.0,0.6066175586434912,False,,1685.4590618006807,1,429524.55968653073,4928.045304428373,1.0
Nabiye 11-23,ABWI103162406603W400,2,2023-04-01,6,False,exponential,285.91595348152885,0.2103441582827965,0.0,0.7933208971702492,False,,974.5078771944771,2,178152.3431037096,326.51530604353144,2.0
Nabiye 11-23,ABWI103162406603W400,4,2024-03-01,13,False,exponential,120.64106951396192,0.1429775237391995,0.0,0.6449719164874268,False,,712.2537202080597,3,62932.606229777164,1.7410569388590789,6.0
Nabiye 11-23,ABWI103162406603W400,6,2025-12-01,7,False,exponential,70.5447346586048,0.1808876112168275,0.0,0.6351332970809904,False,,280.05445143591,4,-93194.26942569687,-0.93147843099456,
Nabiye 11-23,ABWI104011306603W400,3,2023-03-01,13,False,exponential,155.14882409594043,0.2302066167526104,0.0,0.6869300307029209,False,,640.15412671496,1,48322.99206092339,1.8052745771927583,5.0
Nabiye 11-23,ABWI104011306603W400,5,2025-02-01,7,False,harmonic,124.75345766503548,0.2007875044386557,1.0,0.6225378130914807,False,,545.3724249639846,2,3293.991103243152,0.19247006172264314,6.0
Nabiye 11-23,ABWI104021306603W400,2,2023-03-01,8,False,harmonic,197.4969392253295,0.3689902776540841,1.0,0.7027998264584427,False,,735.5226542048159,1,83741.56838965572,6.913655285394482,4.0
Nabiye 11-23,ABWI104021306603W400,5,2024-12-01,19,False,harmonic,252.8032868523996,0.3703480236517263,1.0,0.81097679168669,False,,1422.564593126718,2,323524.9782676573,66.78223853906884,2.0
Nabiye 11-23,ABWI104022506603W400,1,2022-05-01,8,False,harmonic,271.25281552508704,0.3439889954937464,1.0,0.6930503025608304,False,,1042.6736397007903,1,200058.82938956493,133.559374774533,2.0
Nabiye 11-23,ABWI104022506603W400,5,2024-04-01,12,False,harmonic,157.39938142442506,0.1552870830787047,1.0,0.820869453107472,False,,1066.335659723725,2,184044.56948120915,10.457400665285356,4.0
Nabiye 11-23,ABWI104023506603W400,2,2025-05-01,10,False,exponential,2649.9579513763474,0.2940884859610722,0.0,0.9350375234837024,False,,8534.811867372899,1,3235054.157014977,,0.0
Nabiye 11-23,ABWI104031106603W400,2,2023-11-01,9,False,exponential,704.6061249701253,0.2088470254237769,0.0,0.6217429134629899,False,,2858.789509203561,1,901776.7085765344,,0.0
Nabiye 11-23,ABWI104031106603W400,4,2025-03-01,10,False,exponential,1253.091788427206,0.1447581038988847,0.0,0.8166038974466484,False,,6620.988914063689,2,2260765.0444255793,,0.0
Nabiye 11-23,ABWI104032006603W400,1,2025-12-01,7,False,harmonic,7828.150020513331,0.0936045431104403,1.0,0.5244938917325928,False,,42144.60209007758,1,15007931.558603406,,0.0
Nabiye 11-23,ABWI104033606603W400,1,2022-09-01,14,False,harmonic,246.607242385284,0.1521863493992087,1.0,0.6999644575093693,False,,1849.2786815320403,1,460539.4284110205,227.46950267493932,2.0
Nabiye 11-23,ABWI104033606603W400,6,2025-08-01,7,False,exponential,807.8827362563716,0.2810113545078198,0.0,0.7872678913606117,False,,2472.812638998746,2,792331.8364975656,,0.0
Nabiye 11-23,ABWI104042406603W400,1,2022-05-01,6,False,exponential,233.79686663340624,0.1889777385691937,0.0,0.924145466408326,False,,839.0625788602923,1,122100.23158266052,41.9693392688281,2.0
Nabiye 11-23,ABWI104042406603W400,4,2024-03-01,7,False,exponential,181.5291475322448,0.415800586174396,0.0,0.86719372041386,False,,412.8089102500328,2,-22914.002395676172,-0.5533659515698517,
Nabiye 11-23,ABWI104042406603W400,5,2024-10-01,7,False,exponential,45.67908509753717,0.3062570311464802,0.0,0.691404019893241,False,,131.6707701657768,3,-146487.9085034075,-0.9966888186442501,
Nabiye 11-23,ABWI104061106603W400,1,2022-09-01,18,False,exponential,894.2386157024387,0.1082401215426726,0.0,0.6583716095358676,False,,7084.230817628561,1,2338440.3354843906,,0.0
Nabiye 11-23,ABWI104061106603W400,5,2025-08-01,11,False,exponential,678.352498087612,0.1050597762284538,0.0,0.9356462841070028,False,,4423.890194291223,2,1404634.8679191682,,0.0
Nabiye 11-23,ABWI104061206603W400,1,2022-12-01,6,False,exponential,170.8407695817055,1.7894916105818717,0.0,0.9988784061316311,False,,95.46681118531396,1,-127254.72963598088,-0.9999999853282906,
Nabiye 11-23,ABWI104061206603W400,7,2025-08-01,11,False,exponential,152.1596699607183,0.1402648094516993,0.0,0.9183163486385332,False,,852.918090568667,2,115552.25431377358,5.945845295067396,4.0
Nabiye 11-23,ABWI104062406603W400,2,2023-05-01,6,False,exponential,312.7944522259107,0.3167609651450865,0.0,0.8514372823561822,False,,839.8657340557529,1,143658.29482056783,332.27784564681576,2.0
Nabiye 11-23,ABWI104062406603W400,4,2024-06-01,7,False,exponential,230.6664716317823,0.7225598930070225,0.0,0.8706412323660013,False,,317.20514416497304,2,-42859.67321900407,-0.9243178522655222,
Nabiye 11-23,ABWI104063606603W400,2,2022-10-01,9,False,exponential,371.5127342263716,0.1934529409189495,0.0,0.5538955698391175,False,,1583.7175980351203,1,405421.8141262552,40912.46693156406,1.0
Nabiye 11-23,ABWI104063606603W400,3,2023-07-01,9,False,harmonic,230.23708201452263,0.3059895785531079,1.0,0.5639673742604248,False,,995.3179190071622,2,176587.26125550902,38.28974392180441,3.0
Nabiye 11-23,ABWI104071306603W400,2,2023-05-01,6,False,exponential,198.17145788746424,0.1870682728413405,0.0,0.6293328242908955,False,,714.5398375587785,1,74033.41045056272,9.089888877601329,3.0
Nabiye 11-23,ABWI104071306603W400,4,2024-09-01,12,False,harmonic,586.1838295141965,0.4819379697243389,1.0,0.7260247449453779,False,,2328.5648886899885,2,698711.4741471173,,0.0
Nabiye 11-23,ABWI104071306603W400,5,2025-09-01,10,False,exponential,384.518467370886,0.4250972843834891,0.0,0.823047421875183,False,,891.6522246868443,3,183541.76967191917,5910.963703409054,1.0
Nabiye 11-23,ABWI104073506603W400,1,2024-03-01,9,False,exponential,2317.983253578255,0.979264331044051,0.0,0.9221347684143212,False,,2366.7138961385235,1,1112347.771548435,,0.0
Nabiye 11-23,ABWI104073506603W400,2,2024-12-01,7,False,harmonic,1062.0137472580263,1.4795522828180818,1.0,0.5896885625369366,False,,1744.1120000316096,2,622184.3939506757,,0.0
Nabiye 11-23,ABWI104081106603W400,4,2023-11-01,9,False,exponential,120.95101814233114,0.1870849391258119,0.0,0.5492351205040146,False,,526.4645869522349,1,578.4413514588086,0.11390044308326464,8.0
Nabiye 11-23,ABWI104081106603W400,6,2025-01-01,18,False,harmonic,214.9133710235708,0.1483551691677649,1.0,0.8892902450056804,False,,1883.666001846585,2,463065.4729226839,77.51904306509866,2.0
Nabiye 11-23,ABWI104081206603W400,1,2022-11-01,13,False,exponential,897.3685938506834,0.2530871056272547,0.0,0.9001137911926368,False,,3413.6175458660537,1,1140979.5467587481,,0.0
Nabiye 11-23,ABWI104081206603W400,4,2025-03-01,16,False,exponential,620.2552362794265,0.1069285422705907,0.0,0.8965157902486354,False,,4752.410664941686,2,1507332.5189454309,,0.0
Nabiye 11-23,ABWI104081306603W400,4,2024-10-01,13,False,exponential,175.0216463162951,0.0618841839587475,0.0,0.6848619223796334,False,,1563.113565847543,1,349967.21259550896,38.67221345516697,3.0
Nabiye 11-23,ABWI104082506603W400,1,2024-07-01,12,False,exponential,1443.729759665679,0.3801429558547981,0.0,0.8672771068920391,False,,3758.1947547118825,1,1379418.7054891246,,0.0
Nabiye 11-23,ABWI104082506603W400,3,2025-11-01,8,False,exponential,1662.193284701494,0.1208958052869439,0.0,0.8655744595042423,False,,8522.181716648056,2,2942112.92742501,,0.0
Nabiye 11-23,ABWI104090106603W400,1,2022-08-01,6,False,harmonic,979.377576365511,0.7923300519621064,1.0,0.5579485600183364,False,,2162.99360135308,1,721825.5508372831,,0.0
Nabiye 11-23,ABWI104090106603W400,2,2023-02-01,8,False,exponential,626.712813184927,0.3416102218114951,0.0,0.9561578612140018,False,,1715.2784977864326,2,508657.38341292064,,0.0
Nabiye 11-23,ABWI104090106603W400,6,2025-06-01,13,False,harmonic,716.7345037487099,0.2404711911972388,1.0,0.6084214904225178,False,,4224.43801336366,3,1347172.645931681,,0.0
Nabiye 11-23,ABWI104092506603W400,1,2024-03-01,6,False,exponential,2365.1918796465898,0.452131689183778,0.0,0.9492276843137571,False,,4884.103670597176,1,1934363.6776880787,,0.0
Nabiye 11-23,ABWI104092506603W400,2,2024-09-01,6,False,exponential,1426.9977405809343,0.4113299065663327,0.0,0.8947252778243181,False,,3175.1914557385007,2,1160602.3335666002,,0.0
Nabiye 11-23,ABWI104092506603W400,4,2025-10-01,9,False,harmonic,1241.8052240422555,1.3957665355851772,1.0,0.9637940101130068,False,,2319.667616503316,3,857084.0724474362,,0.0
Nabiye 11-23,ABWI104112406603W400,4,2024-05-01,14,False,harmonic,440.43389150720685,0.9592372125614956,1.0,0.88604389693218,False,,1225.5921408882546,1,306354.0940193471,69881.8010784424,1.0
Nabiye 11-23,ABWI104112406603W400,5,2025-07-01,12,False,harmonic,275.9493591869537,0.455526941212614,1.0,0.7568063924917696,False,,1130.7546179564322,2,234303.1689455559,94.59861681802889,2.0
Nabiye 11-23,ABWI104121206603W400,1,2022-12-01,6,False,exponential,292.8694468949193,0.3873728069591834,0.0,0.8464463197944283,False,,682.055620507247,1,88896.1450018774,53.19683976117677,2.0
Nabiye 11-23,ABWI104121206603W400,5,2025-01-01,9,False,exponential,195.49203750933248,0.2833909616936378,0.0,0.7704796786219933,False,,635.996318770379,2,54823.001707495,3.781711598598239,4.0
Nabiye 11-23,ABWI104122506603W400,1,2022-09-01,7,False,harmonic,673.9547695407995,0.5262697327391715,1.0,0.7303330162599074,False,,1977.4513795812088,1,593477.6681456589,,0.0
Nabiye 11-23,ABWI104122506603W400,4,2024-11-01,13,False,harmonic,402.1629384936312,0.5773733025950241,1.0,0.5598235263078667,False,,1491.118690885515,2,382505.2171670743,27112.905533863264,1.0
Nabiye 11-23,ABWI104132506603W400,1,2022-09-01,7,False,harmonic,469.7448065387517,0.3212677849428552,1.0,0.7267692582280789,False,,1722.8753830256403,1,461775.2041267401,95464730.07557544,1.0
Nabiye 11-23,ABWI104132506603W400,2,2023-04-01,7,False,exponential,284.0722964767686,0.5673136272208854,0.0,0.8883511087491441,False,,491.29312036818914,2,26584.07777843191,3.600875914729018,3.0
Nabiye 11-23,ABWI104132506603W400,5,2024-11-01,6,False,exponential,426.5882686906891,0.3293622636660447,0.0,0.8326172489902747,False,,1115.682606906347,3,259358.71295510023,466108.5633445013,1.0
Nabiye 11-23,ABWI104140106603W400,1,2022-10-01,13,False,exponential,347.60464408644793,0.2853002331963021,0.0,0.9345084456725852,False,,1188.5262091956176,1,275123.6375383876,3314.788567983031,1.0
Nabiye 11-23,ABWI104143606603W400,4,2024-11-01,8,False,harmonic,428.58255410891184,0.2541826083376541,1.0,0.832887437309252,False,,1871.09515364058,1,503264.39402874454,2233213.82043829,1.0
Nabiye 11-23,ABWI104143606603W400,5,2025-07-01,11,False,exponential,271.4488090580956,0.0869942692424496,0.0,0.5642320381366865,False,,1921.8983635722848,2,490010.02981625614,938.2016545213961,2.0
Nabiye 11-23,ABWI104151206603W400,4,2024-04-01,6,False,harmonic,52.30948548378576,1.0139009681645146,1.0,0.5622880477229386,False,,101.00507990547156,1,-155229.39721278107,-0.9994300491648822,
Nabiye 11-23,ABWI104151206603W400,6,2025-08-01,11,False,harmonic,55.50413450523865,0.1172910870755781,1.0,0.6135638890091388,False,,392.1265241331144,2,-59731.19051095893,-0.56941064172689,
Nabiye 11-23,ABWI104151906602W400,1,2023-04-01,7,False,exponential,1032.5726287586856,0.1510973124228246,0.0,0.6292132308599128,False,,4460.710350286774,1,1475263.853776771,,0.0
Nabiye 11-23,ABWI104151906602W400,2,2023-11-01,16,False,exponential,767.9733022850528,0.1499713613858989,0.0,0.8487259983292352,False,,4656.038318187982,2,1518379.1792451,,0.0
Nabiye 11-23,ABWI104152406603W400,1,2023-04-01,9,False,exponential,273.1208366852798,0.1954787191052872,0.0,0.8242278695941555,False,,1156.6440331208958,1,242634.85292494178,266.99385321986136,2.0
Nabiye 11-23,ABWI104152406603W400,2,2024-01-01,8,False,exponential,187.6745922527608,0.1672172877099569,0.0,0.8916980587786518,False,,827.7944547689847,2,112746.6067159151,12.207566069221318,3.0
Nabiye 11-23,ABWI104153606603W400,3,2024-11-01,20,False,exponential,494.4094826026293,0.0689499604150202,0.0,0.7933190178434346,False,,5364.79085001861,1,1663296.1418359235,40974617786.826355,1.0
Nabiye 11-23,ABWI104160206603W400,2,2022-12-01,13,False,exponential,140.66088050488668,0.2744125209954549,0.0,0.9035331598141336,False,,498.1186518343322,1,-2038.7272700944336,0.051737715693251474,11.0
Nabiye 11-23,ABWI104161206603W400,8,2025-09-01,10,False,harmonic,45.20564276103114,0.1321462726548841,1.0,0.559884529310644,False,,288.1055766093747,1,-96079.28294572132,-0.8196212288718248,
Nabiye 11-23,ABWI104162406603W400,2,2023-04-01,7,False,exponential,270.1271695673593,0.1516033180741514,0.0,0.5535050158591701,False,,1165.241319616499,1,237732.46431817344,364.643242546908,2.0
Nabiye 11-23,ABWI104162406603W400,3,2023-11-01,13,False,exponential,318.2410660625823,0.099029053448671,0.0,0.744431951798453,False,,2326.676553064193,2,637006.3708955518,6685.151160849867,1.0
Nabiye 11-23,ABWI104162406603W400,5,2025-04-01,7,False,exponential,198.3926165709556,0.461041204755775,0.0,0.7797244083972521,False,,413.2459092413662,3,-18800.293767661085,-0.5048526587710178,
Nabiye 11-23,ABWI105023506603W400,1,2024-08-01,9,False,harmonic,4103.475640420364,1.802226380654136,1.0,0.6707633001465216,False,,6480.203658582733,1,2927269.487906595,,0.0
Nabiye 11-23,ABWI105023506603W400,2,2025-05-01,8,False,harmonic,2289.0599171024846,1.8280773276692304,1.0,0.9875719209983722,False,,3442.0192146187505,2,1485177.8736299868,,0.0
Nabiye 11-23,ABWI105023506603W400,3,2026-01-01,6,False,exponential,320.7817034407966,0.2998160711828257,0.0,0.7537169305640025,False,,892.8750695248557,3,162304.18628671928,611.8420739451847,2.0
Nabiye 11-23,ABWI105033606603W400,1,2022-09-01,15,False,harmonic,437.6927649642769,0.5032157382442101,1.0,0.8418062855649155,False,,1866.3332976442475,1,513582.3782019058,752629.5379958106,1.0
Nabiye 11-23,ABWI105033606603W400,4,2024-10-01,6,False,harmonic,354.23908151512927,0.7375428415153218,1.0,0.8541097351541207,False,,812.2123598406841,2,142648.69753184545,566.2368432275892,2.0
Nabiye 11-23,ABWI105041206603W400,1,2022-09-01,11,False,harmonic,172.1155807657431,1.127513018828105,1.0,0.9796127422294684,False,,396.19739271041794,1,-29184.045655845475,-0.45105265525743443,
Nabiye 11-23,ABWI105041206603W400,5,2025-05-01,14,False,exponential,56.212405088188326,0.0615011492033262,0.0,0.5449401081568876,False,,527.6259794708859,2,-14927.116601209738,-0.07128942520625603,
Nabiye 11-23,ABWI105051206603W400,1,2022-11-01,12,False,exponential,228.12257295177795,0.3573619346140801,0.0,0.9637407066446348,False,,629.5885606965954,1,61519.620045233234,5.887825682879549,3.0
Nabiye 11-23,ABWI105051206603W400,3,2024-08-01,10,False,harmonic,132.74503874311404,0.3512561211680232,1.0,0.5858144908061987,False,,569.4671948692825,2,16432.567776996017,0.5021919823775622,8.0
Nabiye 11-23,ABWI105051206603W400,4,2025-06-01,8,False,harmonic,17.9394193147828,0.1640427928843057,1.0,0.5245070288218274,False,,91.67068864846146,3,-166341.12387441407,-0.9945426156204659,
Nabiye 11-23,ABWI105061106603W400,1,2022-11-01,7,False,hyperbolic,732.63514517732,1.434642743323774,1.4585575609344354,0.9861009087994465,False,,1530.420226201494,1,470303.4615744282,,0.0
Nabiye 11-23,ABWI105062406603W400,1,2022-08-01,7,False,exponential,152.61254128424392,0.2817970317569193,0.0,0.7620515511946253,False,,466.2380499505807,1,-12826.232112288575,-0.26526749729758314,
Nabiye 11-23,ABWI105062406603W400,5,2024-10-01,7,False,exponential,253.6986563188721,0.3101774816019961,0.0,0.8591403403456354,False,,724.642911614979,2,95078.3188276733,26.20373771753896,2.0
Nabiye 11-23,ABWI105073506603W400,1,2025-08-01,11,False,harmonic,2583.5386649473458,0.7879091768087111,1.0,0.9365534786038922,False,,7439.082014245285,1,2841975.7395869945,,0.0
Nabiye 11-23,ABWI105081306603W400,2,2023-05-01,6,False,exponential,247.14585280098305,0.2156579672533942,0.0,0.7185255565578788,False,,831.7887361035929,1,123635.77556255384,53.91770891033397,2.0
Nabiye 11-23,ABWI105081306603W400,4,2024-08-01,13,False,harmonic,431.67904323424494,0.9853052068060671,1.0,0.7024237960322275,False,,1150.196758130489,2,279569.12782017223,29117.896466842587,1.0
Nabiye 11-23,ABWI105081306603W400,5,2025-09-01,10,False,exponential,223.8738495492476,0.2680204466222345,0.0,0.7697810898953331,False,,778.028292439533,3,108905.49868275407,15.692187601264528,3.0
Nabiye 11-23,ABWI105091206603W402,1,2023-05-01,6,False,exponential,729.1085487951888,0.9536105239441308,0.0,0.9446082920616676,False,,762.073445084598,1,218011.23193406028,,0.0
Nabiye 11-23,ABWI105091206603W402,4,2025-02-01,13,False,exponential,642.5369969602366,0.152405479233195,0.0,0.8305317005867036,False,,3634.614133532324,2,1149097.2046158584,,0.0
Nabiye 11-23,ABWI105110806603W400,1,2025-01-01,18,False,harmonic,8114.323514651637,0.0186174640567695,1.0,0.5859164210334258,False,,125966.5114926602,1,42149818.44586458,,0.0
Nabiye 11-23,ABWI105112406603W400,1,2022-08-01,7,False,exponential,308.183637358004,0.3550385986199144,0.0,0.8428589773467514,False,,795.7191229824151,1,131322.86483973812,179.2708676036602,2.0
Nabiye 11-23,ABWI105112406603W400,4,2024-02-01,12,False,exponential,250.13817070982088,0.2121442443067837,0.0,0.8394888897383302,False,,1086.6352188039648,2,217748.4576654529,88.68768022211773,2.0
Nabiye 11-23,ABWI105112406603W400,7,2026-01-01,6,False,exponential,145.98353557258304,0.2356097134433059,0.0,0.878333333546094,False,,468.88042309522615,3,-15728.659482712774,-0.3492490411980125,
Nabiye 11-23,ABWI105122506603W400,1,2022-09-01,10,False,exponential,318.32069246357486,0.1672510707874571,0.0,0.7915029588814968,False,,1545.8676302468473,1,381623.47954407806,2949.0592445236293,1.0
Nabiye 11-23,ABWI105122506603W400,4,2024-07-01,16,False,harmonic,336.3064994246221,0.7762185370240539,1.0,0.7342263895795453,False,,1125.0568545576682,2,247930.75785991055,243.89561056916176,2.0
Nabiye 11-23,ABWI105130106603W400,1,2022-11-01,6,False,exponential,754.2900600330463,0.6600642547629643,0.0,0.8435330518403752,False,,1120.9764497361325,1,339929.77841870463,,0.0
Nabiye 11-23,ABWI105130106603W400,5,2025-02-01,8,False,exponential,93.74610926803832,0.3254890678127071,0.0,0.8577726336273706,False,,266.7076966051069,2,-90699.50876641361,-0.9423712790677541,
Nabiye 11-23,ABWI105131306603W400,1,2022-05-01,6,False,harmonic,230.83977390383035,0.9150916992005692,1.0,0.7180720107737708,False,,471.81123915209866,1,5567.958668434601,0.3812213817940886,5.0
Nabiye 11-23,ABWI105131306603W400,4,2024-03-01,6,False,harmonic,145.40057606300394,0.2994553373987743,1.0,0.5209224672446275,False,,499.36480209719946,2,-7900.554331131658,-0.139280752614535,
Nabiye 11-23,ABWI105131306603W400,6,2025-04-01,11,False,harmonic,118.26873121998636,0.2692139976890955,1.0,0.5689438371063723,False,,604.7496296373605,3,24776.03953134126,0.6471222508906518,8.0
Nabiye 11-23,ABWI105153606603W400,1,2022-10-01,8,False,exponential,373.4949899440541,0.2835076005442882,0.0,0.720723767469719,False,,1181.0389143356413,1,273832.34231096704,15691.707461523467,1.0
Nabiye 11-23,ABWI105160106603W400,1,2022-12-01,13,False,harmonic,768.1534611508051,0.7387361245351342,1.0,0.7055794425248383,False,,2455.2160766479496,1,785163.678392635,,0.0
Nabiye 11-23,ABWI105160106603W400,4,2025-03-01,9,False,exponential,509.7408099406407,0.2221159170485661,0.0,0.9489952156812688,False,,1984.048983446552,2,570007.1792168271,135837783915.34712,1.0
Nabiye 11-23,ABWI105161206603W400,3,2023-04-01,6,False,exponential,198.24539564260903,0.4261430845749822,0.0,0.9028876585122522,False,,429.1325457630584,1,-14793.78124681439,-0.42554828691470004,
Nabiye 11-23,ABWI106011306603W400,1,2022-09-01,7,False,harmonic,158.65962954637342,1.0899557985750503,1.0,0.6509661505041886,False,,313.7233699822237,1,-60832.56023168963,-0.8792271394509797,
Nabiye 11-23,ABWI106011306603W400,2,2023-04-01,7,False,exponential,193.05403194503705,0.5833533049544277,0.0,0.912173355392624,False,,325.3625080300166,2,-48811.51864026022,-0.9070414398905426,
Nabiye 11-23,ABWI106011306603W400,4,2024-08-01,23,False,exponential,366.6327132340602,0.3674110585187272,0.0,0.8489000189812796,False,,997.6681906234896,3,216107.9369838077,3755.0704749200577,1.0
Nabiye 11-23,ABWI106041206603W400,1,2022-09-01,10,False,exponential,212.85827260064875,0.3736086980506475,0.0,0.9319890219230648,False,,556.1492340272503,1,33140.98491365665,2.1569691080821225,4.0
Nabiye 11-23,ABWI106042406603W400,3,2024-09-01,11,False,harmonic,76.9866107374048,1.466843995410167,1.0,0.8602168414131814,False,,149.1158697581403,1,-132474.67666793385,-0.9666111449079227,
Nabiye 11-23,ABWI106042406603W400,5,2026-01-01,6,False,exponential,60.46287617170514,0.1760647500933071,0.0,0.6490467657251799,False,,224.00492976221264,2,-114569.38308822186,-0.9824482055990474,
Nabiye 11-23,ABWI106062406603W400,2,2023-04-01,8,False,exponential,273.2203539857272,0.2229534192725012,0.0,0.8506394724276323,False,,1019.5484302505888,1,196532.2985316388,187.09904182007787,2.0
Nabiye 11-23,ABWI106081306603W400,3,2023-03-01,8,False,exponential,328.50526835468884,0.1776939349340883,0.0,0.6541835265444526,False,,1402.5466830309992,1,332805.84756556124,4283.983523045185,1.0
Nabiye 11-23,ABWI106112406603W400,2,2023-05-01,9,False,harmonic,302.8193677373225,0.3130830316028031,1.0,0.6123683789325927,False,,1295.743028206154,1,291022.96118698484,639.286501037823,2.0
Nabiye 11-23,ABWI106122506603W400,3,2024-09-01,11,False,harmonic,204.7391414575525,0.70882668927185,1.0,0.8767188096372027,False,,628.0649074523577,1,53496.001760789644,2.4522232656373832,5.0
Nabiye 11-23,ABWI106130106603W400,1,2022-10-01,10,False,exponential,210.5104671129906,0.2842455688477655,0.0,0.9331855912704844,False,,697.4301118128492,1,79264.3831764001,7.484396008468119,3.0
Nabiye 11-23,ABWI106130106603W400,6,2025-09-01,9,False,exponential,188.68518343033705,0.1762030983737107,0.0,0.8880334459782396,False,,851.5546801520114,2,122565.35247262211,12.60277089101955,3.0
Nabiye 11-23,ABWI106160106603W402,5,2025-01-01,6,False,exponential,954.11625259443,0.2610321633521292,0.0,0.8875076473349994,False,,2891.8269001954504,1,951034.4887984054,,0.0
Nabiye 11-23,ABWI106160106603W402,6,2025-07-01,7,False,harmonic,580.378813303015,0.6993454787654132,1.0,0.9529048999893208,False,,1472.3679522454672,2,410627.4939747809,,0.0
Nabiye 11-23,ABWI107051206603W400,1,2022-08-01,6,False,harmonic,152.85966205041697,1.5119506696509464,1.0,0.5783476576594551,False,,233.5159079651891,1,-87828.02352651108,-0.9815653188948016,
Nabiye 11-23,ABWI107051206603W400,2,2023-02-01,9,False,harmonic,96.64241814224958,0.5282060497798587,1.0,0.7055313505663607,False,,320.1623027811325,2,-73300.8565140332,-0.8153027438484685,
Nabiye 11-23,ABWI107062406603W400,4,2023-12-01,8,False,exponential,555.9750139076311,0.5735026196413198,0.0,0.8921017888331543,False,,959.5755577217304,1,243681.55486042582,,1.0
Nabiye 11-23,ABWI107062406603W400,6,2025-01-01,7,False,exponential,83.25861684208074,0.2415557023427378,0.0,0.6541999779700495,False,,281.1336739207584,2,-89408.09970522168,-0.9366551005665575,
Nabiye 11-23,ABWI107062406603W400,8,2025-12-01,7,False,harmonic,120.40717212806211,0.3683580399547002,1.0,0.9372965879672126,False,,416.74827850666543,3,-38207.171975524696,-0.6244917021154384,
Nabiye 11-23,ABWI107112406603W400,3,2023-12-01,8,False,harmonic,436.0535055157768,0.1675522174831887,1.0,0.7819632884401708,False,,2212.97656595752,1,613340.5331377651,9675176.893195257,1.0
Nabiye 11-23,ABWI107112406603W400,5,2025-01-01,7,False,exponential,80.85871028428686,0.2802054740083273,0.0,0.6481559141317876,False,,247.9803451990222,2,-100526.59756480478,-0.9645987096390524,
Nabiye 11-23,ABWI107122506603W400,1,2022-08-01,8,False,harmonic,638.3495382050588,0.6289177296035319,1.0,0.9142602700925588,False,,1823.918462913887,1,540523.108065133,,0.0
Nabiye 11-23,ABWI107122506603W400,4,2024-09-01,13,False,harmonic,266.0736296100516,0.4837630204340171,1.0,0.7842160979024917,False,,1092.511701713401,2,219840.23515057823,57.61010613661542,2.0
Nabiye 11-23,ABWI107130106603W400,1,2022-09-01,8,False,exponential,184.2859585077912,0.2001719294990043,0.0,0.8290785621946584,False,,735.0201688370278,1,82514.29835152917,6.8608037214797255,4.0
Nabiye 11-23,ABWI107130106603W400,2,2023-05-01,6,False,exponential,64.44375159051344,0.290280659298351,0.0,0.57535669028307,False,,183.1041383985071,2,-126051.39003350073,-0.9942131333628832,
Nabiye 11-23,ABWI107130106603W400,5,2025-02-01,8,False,exponential,82.85952714667833,0.3381008446235101,0.0,0.8027664338614556,False,,228.68210514519356,3,-105687.34467856915,-0.9690732783737177,
Nabiye 11-23,ABWI107130106603W400,6,2025-10-01,7,False,exponential,107.16880390924118,0.3255433227476661,0.0,0.7710044746252928,False,,295.4875586679455,4,-78750.73334600007,-0.9310443752618096,
Nabiye 11-23,ABWI108051206603W400,1,2022-11-01,11,False,exponential,237.0036624807156,0.7316185426484771,0.0,0.9338182874298552,False,,323.8407094413835,1,-38962.53857580122,-0.8939982212293749,
Nabiye 11-23,ABWI108051206603W400,5,2024-11-01,6,False,exponential,63.39369088985402,0.6988922493389553,0.0,0.772676602879901,False,,89.33669905575644,2,-156202.6510853992,-0.9999598656339077,
Nabiye 11-23,ABWI108130106603W400,1,2022-11-01,15,False,harmonic,294.8271197008354,1.503276094843077,1.0,0.9522790909600164,False,,619.5702976442399,1,75002.071385213,5.7505227668263785,4.0
Nabiye 11-23,ABWI110131706603W400,1,2025-03-01,16,False,harmonic,8814.560108592104,0.0434119714431483,1.0,0.8078411070882684,False,,107094.11979933128,1,36486749.27759968,,0.0
Nabiye 11-23,ABWI112131706603W400,1,2025-08-01,11,False,exponential,7017.900578257772,0.0414389254955272,0.0,0.7029159905067671,False,,61997.11327785375,1,21486217.165621787,,0.0
Nabiye 11-23,ABWI115131706603W400,1,2025-09-01,10,False,harmonic,8393.654525935945,0.0856544083757248,1.0,0.8770360606088523,False,,60630.79137770542,1,21355944.29717508,,0.0
Nabiye 11-23,ABWI119120806603W400,1,2025-03-01,16,False,exponential,8158.133073549206,0.0213197944428491,0.0,0.6929392367793351,False,,110596.60424770792,1,37372797.19138293,,0.0
Nabiye 11-23,ABWI1W0042406603W400,2,2023-05-01,7,False,exponential,184.9240764916382,0.384165738359648,0.0,0.8049976091815374,False,,448.662367761754,1,-10486.700625340338,-0.25665708833957446,
Nabiye 11-23,ABWI1W0042406603W400,3,2023-12-01,8,False,exponential,129.334369464112,0.2022529589160307,0.0,0.6209532716937493,False,,512.6680578650909,2,-2736.281970550175,0.02847627992688384,7.0
Nabiye 11-23,ABWI1W0042406603W400,6,2026-01-01,6,False,harmonic,61.1771833789459,0.3478689741702896,1.0,0.551254169636175,False,,198.24459328877455,3,-122843.4596823803,-0.9894211301404578,
Nabiye 11-23,ABWI1W0051306603W400,5,2025-01-01,7,False,exponential,1392.1698850804437,0.1344383698930615,0.0,0.7567506246802987,False,,6314.643559371909,1,2151140.981606798,,0.0
Nabiye 11-23,ABWI1W0051306603W400,6,2025-08-01,11,False,exponential,730.826282351194,0.2351813996760444,0.0,0.7395137144857438,False,,2873.674050372774,2,919994.6586103169,,0.0
