Battery,FromToID,cycle_number,cycle_start,duration_months,short_cycle,model,qi,Di,b,r_squared,low_confidence,low_confidence_reason,EUR,hc_sequence
Mahihkan Battery 02-21,ABWI100010806604W400,1,2022-11-01,6,False,harmonic,981.4513685790575,0.1638857706358578,1.0,0.6434158504283536,False,,4354.09333411053,1
Mahihkan Battery 02-21,ABWI100010806604W400,6,2025-10-01,9,False,exponential,1600.8193568060203,0.1152247661401624,0.0,0.6676072446108434,False,,9494.399917949057,2
Mahihkan Battery 02-21,ABWI100010906604W400,2,2023-02-01,15,False,harmonic,1493.3385264271171,0.53762781203167,1.0,0.539542473622993,False,,6851.580484255295,1
Mahihkan Battery 02-21,ABWI100010906604W400,3,2024-05-01,8,False,harmonic,790.6617269189529,0.3398052303116479,1.0,0.7199495644000591,False,,3365.348873384738,2
Mahihkan Battery 02-21,ABWI100012206504W400,1,2024-01-01,14,False,harmonic,411.0318572907088,0.0768816442427998,1.0,0.6075618714737976,False,,4014.6032658488625,1
Mahihkan Battery 02-21,ABWI100012206504W400,2,2025-03-01,16,False,harmonic,353.0936508088522,0.0340722583818081,1.0,0.7890322514434907,False,,4572.107349701382,2
Mahihkan Battery 02-21,ABWI100013406504W400,2,2022-11-01,11,False,harmonic,459.4719017226576,0.1417295858203604,1.0,0.549353903126315,False,,3190.715583153333,1
Mahihkan Battery 02-21,ABWI100020306604W400,5,2025-04-01,6,False,exponential,102.47776335189916,0.2544369402140309,0.0,0.8333955182246857,False,,357.0604549818234,1
Mahihkan Battery 02-21,ABWI100020906604W400,1,2022-10-01,11,False,harmonic,383.9056344985427,0.1919271297903564,1.0,0.6306671942289996,False,,2406.0590653545582,1
Mahihkan Battery 02-21,ABWI100021506504W400,1,2022-12-01,8,False,exponential,190.81763369700732,0.1066453312177683,0.0,0.5022478458115038,False,,1082.6575087590436,1
Mahihkan Battery 02-21,ABWI100021506604W400,2,2024-08-01,23,False,exponential,1604.1990333283488,0.0451377101414637,0.0,0.7523894269192752,False,,23477.217787825368,1
Mahihkan Battery 02-21,ABWI100022006604W400,2,2023-10-01,10,False,harmonic,883.6491639908415,0.2629272099606715,1.0,0.8068242644697434,False,,4670.043563162667,1
Mahihkan Battery 02-21,ABWI100022006604W400,5,2025-10-01,9,False,exponential,683.1528167223927,0.1762607916981665,0.0,0.8946501288103811,False,,3362.1801381423998,2
Mahihkan Battery 02-21,ABWI100022906604W400,2,2025-03-01,6,False,exponential,451.2888705306749,0.4329576469877954,0.0,0.8875682221854092,False,,1188.6171905489134,1
Mahihkan Battery 02-21,ABWI100023406504W400,3,2025-03-01,9,False,harmonic,205.7891706301261,0.1314228736280643,1.0,0.5457193802182443,False,,1279.8568776478146,1
Mahihkan Battery 02-21,ABWI100023506504W400,2,2024-03-01,13,False,exponential,231.74287372998904,0.1528719263656416,0.0,0.8056075788935005,False,,1410.6915291287346,1
Mahihkan Battery 02-21,ABWI100023506504W400,3,2025-04-01,7,False,harmonic,156.44930324336482,1.882258175603192,1.0,0.9810238096776356,False,,313.1995556438616,2
Mahihkan Battery 02-21,ABWI100031506504W400,2,2023-01-01,6,False,harmonic,103.40753651086852,0.4288535754166451,1.0,0.7062683887032853,False,,347.63595117399257,1
Mahihkan Battery 02-21,ABWI100031506504W400,4,2024-03-01,9,False,exponential,137.6059002980466,0.3748992293999339,0.0,0.870065122010315,False,,425.0652275260364,2
Mahihkan Battery 02-21,ABWI100032206504W400,1,2022-08-01,14,False,exponential,67.90479580307431,0.0623029377621608,0.0,0.7806946842065936,False,,654.2795913787966,1
Mahihkan Battery 02-21,ABWI100032806504W400,4,2025-06-01,8,False,exponential,144.82628102454294,0.474856245023145,0.0,0.8999358246948631,False,,374.5320433608718,1
Mahihkan Battery 02-21,ABWI100032806604W400,3,2024-01-01,15,False,exponential,307.4524804908428,0.1131963714285129,0.0,0.5298023238394782,False,,2346.8455523460975,1
Mahihkan Battery 02-21,ABWI100032806604W400,4,2025-04-01,7,False,harmonic,122.2459430927124,1.6678132256832627,1.0,0.6261819863357325,False,,256.75845341074375,2
Mahihkan Battery 02-21,ABWI100032806604W400,5,2025-11-01,6,False,harmonic,58.74721507541136,0.3376611117502351,1.0,0.7048558897784772,False,,213.76028840551976,3
Mahihkan Battery 02-21,ABWI100033206604W400,1,2022-05-01,21,False,exponential,2327.052667103773,0.1444977774097156,0.0,0.926754077689363,False,,16464.00421728679,1
Mahihkan Battery 02-21,ABWI100033406604W400,1,2022-09-01,14,False,harmonic,803.6956964655619,0.5824657075379325,1.0,0.931795239888804,False,,3450.5923629219847,1
Mahihkan Battery 02-21,ABWI100033406604W400,2,2023-11-01,6,False,harmonic,180.46999984122232,1.9236095723831477,1.0,0.9291860553121182,False,,343.8376745785368,2
Mahihkan Battery 02-21,ABWI100040306604W400,1,2023-05-01,10,False,exponential,743.3680384639545,0.1222259328519329,0.0,0.7371511693934663,False,,4557.943421461661,1
Mahihkan Battery 02-21,ABWI100040306604W400,4,2025-10-01,9,False,harmonic,852.3648631923231,0.589084295377135,1.0,0.8149827028232095,False,,3061.628217293537,2
Mahihkan Battery 02-21,ABWI100040906604W400,4,2025-07-01,6,False,exponential,341.27305666218825,0.5461885804965141,0.0,0.7617453413294765,False,,780.3184071330815,1
Mahihkan Battery 02-21,ABWI100040906604W400,5,2026-01-01,6,False,exponential,369.0242175769888,0.3113138996481527,0.0,0.861646438744796,False,,1166.3909552162868,2
Mahihkan Battery 02-21,ABWI100041006604W400,1,2023-02-01,7,False,exponential,652.8319767956024,0.1614811816423681,0.0,0.6488661876211401,False,,2964.261844686923,1
Mahihkan Battery 02-21,ABWI100041006604W400,3,2024-04-01,11,False,exponential,746.83859963792,0.1396270130989989,0.0,0.7053996472223045,False,,4497.266415469444,2
Mahihkan Battery 02-21,ABWI100042206504W400,2,2024-01-01,14,False,exponential,171.39752192596862,0.0908276715753857,0.0,0.6844683063594984,False,,1420.5599197540132,1
Mahihkan Battery 02-21,ABWI100042206504W400,4,2025-07-01,12,False,harmonic,122.84290467193838,0.1233411668609953,1.0,0.5370952455676911,False,,942.3383870349801,2
Mahihkan Battery 02-21,ABWI100042806504W400,1,2023-02-01,16,False,harmonic,216.4521792011232,0.3227330299932556,1.0,0.81013245068341,False,,1316.0403295232925,1
Mahihkan Battery 02-21,ABWI100042806504W400,4,2025-04-01,11,False,harmonic,184.8736790549594,0.3423826082195195,1.0,0.8572768352954678,False,,921.205270268533,2
Mahihkan Battery 02-21,ABWI100043406504W400,4,2025-10-01,9,False,exponential,3436.7243840479773,0.2004408977323251,0.0,0.9050163093893744,False,,15806.227697373912,1
Mahihkan Battery 02-21,ABWI100043506504W400,3,2024-12-01,11,False,exponential,228.9793687913314,0.1965812296779456,0.0,0.9473190821167652,False,,1135.4325309798617,1
Mahihkan Battery 02-21,ABWI100043506504W400,4,2025-11-01,8,False,exponential,79.68324119540512,0.235089232952306,0.0,0.7338189615365677,False,,322.35390404359646,2
Mahihkan Battery 02-21,ABWI100050306604W400,2,2025-03-01,6,False,exponential,334.68528735681423,0.1633797969335825,0.0,0.9671135081922706,False,,1387.2966510856322,1
Mahihkan Battery 02-21,ABWI100050406604W400,2,2023-04-01,7,False,exponential,501.8970878447768,0.6998461070746878,0.0,0.7779275281908746,False,,989.7034886947121,1
Mahihkan Battery 02-21,ABWI100050406604W400,3,2023-11-01,10,False,harmonic,186.32413450330404,0.1449213135800277,1.0,0.7115464847769142,False,,1208.675018953735,2
Mahihkan Battery 02-21,ABWI100050406604W400,6,2026-01-01,6,False,harmonic,201.7310737490763,0.4092102643291351,1.0,0.9882049420102852,False,,689.1109434241627,3
Mahihkan Battery 02-21,ABWI100050906604W400,2,2022-11-01,10,False,exponential,399.4514258160846,0.0775178633280193,0.0,0.7878784221306049,False,,2888.5499313186306,1
Mahihkan Battery 02-21,ABWI100050906604W400,4,2024-09-01,22,False,exponential,368.95196570368415,0.0939633687104646,0.0,0.9435994342377184,False,,3593.3393323185933,2
Mahihkan Battery 02-21,ABWI100051006604W400,3,2024-03-01,10,False,harmonic,952.0609406445352,0.3567333199771022,1.0,0.8938482101237739,False,,4452.177500822985,1
Mahihkan Battery 02-21,ABWI100051006604W400,4,2025-01-01,11,False,exponential,359.7929372661412,0.333998815204564,0.0,0.9399632296511156,False,,1234.9669827616567,2
Mahihkan Battery 02-21,ABWI100052206504W400,1,2022-09-01,13,False,exponential,931.3281817010068,0.202724783505266,0.0,0.967807123454331,False,,4711.587258399229,1
Mahihkan Battery 02-21,ABWI100052206504W400,4,2024-08-01,12,False,exponential,219.33377599810444,0.0786676611091861,0.0,0.6282868982508916,False,,1771.2326936858242,2
Mahihkan Battery 02-21,ABWI100052606504W400,1,2022-08-01,11,False,exponential,105.8092900230644,0.1207021574256414,0.0,0.8278452814727064,False,,683.9043878666372,1
Mahihkan Battery 02-21,ABWI100052606504W400,5,2024-11-01,6,False,exponential,97.028378610841,0.3177937680892367,0.0,0.8155979888727821,False,,303.4514456873279,2
Mahihkan Battery 02-21,ABWI100052706504W400,3,2024-10-01,18,False,exponential,484.5715222987424,0.0849697648829471,0.0,0.771991246895973,False,,4659.804146807157,1
Mahihkan Battery 02-21,ABWI100052806504W400,2,2023-01-01,14,False,harmonic,464.6279740443984,0.1179932848277084,1.0,0.7907534256807893,False,,3989.0268071683026,1
Mahihkan Battery 02-21,ABWI100052806604W400,1,2023-04-01,28,False,exponential,500.9228221414954,0.0732945520086152,0.0,0.8438624935267761,False,,6177.4889312600535,1
Mahihkan Battery 02-21,ABWI100052806604W400,2,2025-08-01,7,False,harmonic,143.84931830118848,1.349865306045316,1.0,0.6072438408565718,False,,329.2838059377318,2
Mahihkan Battery 02-21,ABWI100053306604W400,1,2022-07-01,7,False,exponential,278.0146761182597,0.1006874008122367,0.0,0.5232327994915729,False,,1468.083044002069,1
Mahihkan Battery 02-21,ABWI100053306604W400,2,2023-02-01,8,False,harmonic,235.52342553482595,0.1263748205040006,1.0,0.8636062603418714,False,,1363.098222321356,2
Mahihkan Battery 02-21,ABWI100053306604W400,3,2023-10-01,11,False,exponential,281.0956273576006,0.3295729663949482,0.0,0.9227848594170628,False,,974.4906234786117,3
Mahihkan Battery 02-21,ABWI100060306604W400,2,2023-01-01,14,False,harmonic,681.9431729721358,0.2518726006108251,1.0,0.7798080092513644,False,,4367.171850914227,1
Mahihkan Battery 02-21,ABWI100060306604W400,5,2025-08-01,8,False,harmonic,559.7378863409921,0.134753041556833,1.0,0.6498831353847646,False,,3188.174120218774,2
Mahihkan Battery 02-21,ABWI100061006604W400,1,2022-10-01,6,False,exponential,1019.4022214010104,0.2818051724622548,0.0,0.8054413247437331,False,,3385.7035144051665,1
Mahihkan Battery 02-21,ABWI100061006604W400,3,2024-03-01,28,False,harmonic,244.8912674304997,0.2993420958807037,1.0,0.8310307474979081,False,,1946.896818709506,2
Mahihkan Battery 02-21,ABWI100062106604W400,3,2023-11-01,12,False,harmonic,203.5453169393984,0.307458306537362,1.0,0.5631537783653343,False,,1108.046786891694,1
Mahihkan Battery 02-21,ABWI100062106604W400,4,2024-11-01,8,False,harmonic,705.2912181082057,1.5428015384977316,1.0,0.8767266376781803,False,,1588.420385938224,2
Mahihkan Battery 02-21,ABWI100062206504W400,2,2023-01-01,11,False,harmonic,400.2981343646845,0.4743904014205601,1.0,0.8542362573906989,False,,1725.1228982975074,1
Mahihkan Battery 02-21,ABWI100062706604W400,4,2025-03-01,6,False,exponential,1135.5741202210197,0.5097810446249113,0.0,0.8577267362094123,False,,2709.89745209566,1
Mahihkan Battery 02-21,ABWI100062806504W400,1,2023-07-01,16,False,harmonic,431.21658814089113,0.2798268717111157,1.0,0.9403707448440536,False,,2806.532552833807,1
Mahihkan Battery 02-21,ABWI100062906604W400,1,2022-08-01,6,False,exponential,662.1171516821286,0.357162868789205,0.0,0.9201568897888096,False,,1945.9432540367584,1
Mahihkan Battery 02-21,ABWI100062906604W400,4,2025-05-01,10,False,exponential,701.3904507245754,0.3670836495291872,0.0,0.7967747740827613,False,,2224.703688442773,2
Mahihkan Battery 02-21,ABWI100063206604W400,1,2022-09-01,19,False,harmonic,1415.1478798734895,0.7533735989082733,1.0,0.9572256566434292,False,,5871.480684456793,1
Mahihkan Battery 02-21,ABWI100063206604W400,2,2024-04-01,6,False,exponential,268.95659761997564,0.4770124511367764,0.0,0.8213083111760544,False,,668.4474775039093,2
Mahihkan Battery 02-21,ABWI100063506504W400,2,2025-05-01,9,False,harmonic,474.89438382565817,0.8310679403975765,1.0,0.9628074935070076,False,,1461.5990698994765,1
Mahihkan Battery 02-21,ABWI100070306604W400,2,2022-12-01,7,False,exponential,71.90662508114558,0.4939262831340258,0.0,0.8449130603960109,False,,178.66990015827534,1
Mahihkan Battery 02-21,ABWI100070306604W400,5,2025-04-01,15,False,exponential,198.8516991498221,0.2819732901013186,0.0,0.9385513783822464,False,,797.5248364498724,2
Mahihkan Battery 02-21,ABWI100070906604W400,3,2023-11-01,6,False,harmonic,282.8689746602396,0.4075417795815965,1.0,0.5245541203390276,False,,967.6141832490762,1
Mahihkan Battery 02-21,ABWI100070906604W400,5,2024-10-01,18,False,exponential,327.00071672226943,0.0808559081699519,0.0,0.9116179708818812,False,,3227.7404876395194,2
Mahihkan Battery 02-21,ABWI100071506504W400,1,2022-05-01,13,False,harmonic,146.02420037619382,0.185991633891366,1.0,0.6898250964023668,False,,1018.6331342268451,1
Mahihkan Battery 02-21,ABWI100071506504W400,5,2025-12-01,7,False,harmonic,104.48211004486228,0.2906820967836578,1.0,0.8060543950973574,False,,436.28786234897257,2
Mahihkan Battery 02-21,ABWI100071506604W400,4,2026-01-01,6,False,exponential,1847.607555936151,0.1932369502473399,0.0,0.6323344445348473,False,,7216.713880416517,1
Mahihkan Battery 02-21,ABWI100072106504W400,1,2023-01-01,6,False,exponential,30.440607281866555,0.5885377515166844,0.0,0.7006724306711172,False,,66.42435327428626,1
Mahihkan Battery 02-21,ABWI100072106604W400,3,2023-11-01,12,False,harmonic,194.09499165661435,0.4115179310734401,1.0,0.7988917510466416,False,,927.2796401001817,1
Mahihkan Battery 02-21,ABWI100072106604W400,4,2024-11-01,13,False,harmonic,160.14093015651022,0.1044161542724885,1.0,0.5292300272663525,False,,1362.4740445072803,2
Mahihkan Battery 02-21,ABWI100072206504W400,1,2022-10-01,33,False,harmonic,400.201009934983,0.0935385745740427,1.0,0.9236626777518586,False,,6177.09322182639,1
Mahihkan Battery 02-21,ABWI100072806604W400,1,2024-01-01,14,False,exponential,49.26515971541535,0.0589936822038422,0.0,0.6323777338755616,False,,483.4426838961656,1
Mahihkan Battery 02-21,ABWI100072906604W400,1,2024-06-01,7,False,harmonic,663.0434387407784,0.331016277854438,1.0,0.7390176095685242,False,,2649.869319304131,1
Mahihkan Battery 02-21,ABWI100073306604W400,2,2022-11-01,11,False,harmonic,240.29131177561888,0.1443959238766923,1.0,0.5984124633843859,False,,1658.7921433718313,1
Mahihkan Battery 02-21,ABWI100073306604W400,3,2023-10-01,11,False,exponential,236.9837027830616,0.3010972048924157,0.0,0.9152962935899392,False,,878.2806906206939,2
Mahihkan Battery 02-21,ABWI100073306604W400,4,2024-09-01,9,False,exponential,52.3482288348558,0.3598199187957561,0.0,0.7466354439693181,False,,166.42975402961903,3
Mahihkan Battery 02-21,ABWI100073506504W400,4,2025-11-01,8,False,exponential,59.879823656737614,0.2231182637659082,0.0,0.759258840689385,False,,249.1833240215763,1
Mahihkan Battery 02-21,ABWI100080306604W400,1,2022-08-01,11,False,exponential,99.82848633676804,0.2047031876773328,0.0,0.8264049746988491,False,,482.5480590412633,1
Mahihkan Battery 02-21,ABWI100080306604W400,5,2025-01-01,15,False,exponential,289.9776920202625,0.0424352032222427,0.0,0.6065354598170838,False,,3286.4331481671475,2
Mahihkan Battery 02-21,ABWI100081606604W400,2,2024-01-01,7,False,harmonic,101.73798276846613,0.3746663861404805,1.0,0.7909493821904565,False,,389.25250331799026,1
Mahihkan Battery 02-21,ABWI100082806504W400,3,2024-05-01,8,False,harmonic,340.7844944343888,1.034636420360966,1.0,0.5206662284148507,False,,912.4942366021996,1
Mahihkan Battery 02-21,ABWI100083406504W400,2,2024-10-01,12,False,harmonic,236.490941808754,0.0840578152257113,1.0,0.5302839787753204,False,,2022.9491308049878,1
Mahihkan Battery 02-21,ABWI100090406604W400,2,2024-09-01,22,False,harmonic,548.3469237601453,0.0374261397172882,1.0,0.5201451368033232,False,,8925.966542569588,1
Mahihkan Battery 02-21,ABWI100090506604W400,5,2026-01-01,6,False,harmonic,235.82430687306524,0.4639586096731417,1.0,0.9850773330982556,False,,771.4378456224375,1
Mahihkan Battery 02-21,ABWI100090806604W400,3,2023-06-01,6,False,harmonic,1277.5216648696955,0.3314790723627371,1.0,0.9353404659072854,False,,4675.759324224604,1
Mahihkan Battery 02-21,ABWI100090806604W400,5,2025-01-01,16,False,harmonic,1041.2240436408904,0.1349627870027621,1.0,0.9131722098039572,False,,9241.438026709066,2
Mahihkan Battery 02-21,ABWI100090906604W400,1,2022-08-01,9,False,exponential,488.4628621077532,0.1290745259418867,0.0,0.7879466045843686,False,,2771.392032822616,1
Mahihkan Battery 02-21,ABWI100090906604W400,4,2024-05-01,17,False,harmonic,923.9911133725572,0.8461643545137587,1.0,0.9725501259989756,False,,3477.964083414167,2
Mahihkan Battery 02-21,ABWI100091606604W400,3,2024-08-01,23,False,harmonic,143.40435934195204,0.0771932410773747,1.0,0.5780281296582626,False,,1943.063088666939,1
Mahihkan Battery 02-21,ABWI100092206504W400,2,2022-10-01,7,False,harmonic,219.88181265395232,1.0182292001869666,1.0,0.774610095376724,False,,565.843930057395,1
Mahihkan Battery 02-21,ABWI100092206504W400,3,2023-05-01,9,False,harmonic,138.19547927142068,1.3970994652441908,1.0,0.946462271782518,False,,336.0694066604743,2
Mahihkan Battery 02-21,ABWI100092706504W400,3,2025-09-01,10,False,harmonic,195.98670039768103,0.142713574818032,1.0,0.5158350915684098,False,,1277.2597717296453,1
Mahihkan Battery 02-21,ABWI100092806504W400,2,2023-01-01,7,False,harmonic,1031.2460017378826,1.2446788951625485,1.0,0.8179875380350081,False,,2441.072322975911,1
Mahihkan Battery 02-21,ABWI100092806504W400,4,2024-08-01,8,False,harmonic,782.8126393995708,0.0630193125759314,1.0,0.6078096687374788,False,,5204.441073311755,2
Mahihkan Battery 02-21,ABWI100093306504W400,4,2025-04-01,6,False,harmonic,926.490128521406,0.3040055960089047,1.0,0.8801740345258816,False,,3483.456520172798,1
Mahihkan Battery 02-21,ABWI100093306504W400,5,2025-10-01,9,False,harmonic,672.0386782706628,0.1157461331703094,1.0,0.7688991653375136,False,,4320.730052825197,2
Mahihkan Battery 02-21,ABWI100100406604W400,1,2023-10-01,14,False,harmonic,3665.498140931525,0.2564909132825159,1.0,0.6791001795532682,False,,23288.070389807046,1
Mahihkan Battery 02-21,ABWI100100906604W400,4,2024-05-01,12,False,harmonic,334.13046299667377,0.2637935614522481,1.0,0.7705089819312116,False,,1941.1203985319112,1
Mahihkan Battery 02-21,ABWI100101606504W400,2,2022-09-01,10,False,exponential,68.35900864026164,0.7749546027279718,0.0,0.8633727503738415,False,,126.70624753520482,1
Mahihkan Battery 02-21,ABWI100102006604W400,3,2024-12-01,19,False,exponential,1295.1312641408315,0.0412819728674314,0.0,0.6339658938979909,False,,17408.283288058752,1
Mahihkan Battery 02-21,ABWI100102106604W400,1,2022-09-01,27,False,harmonic,295.3901502682684,1.828291041012523,1.0,0.9196507975521756,False,,815.3321068411615,1
Mahihkan Battery 02-21,ABWI100102106604W400,2,2024-12-01,19,False,harmonic,444.7082452178232,0.2481036168592213,1.0,0.9150934886497872,False,,3316.348062778356,2
Mahihkan Battery 02-21,ABWI100102706504W400,2,2024-05-01,10,False,harmonic,117.65014066641658,0.1147378598563327,1.0,0.7204732086710732,False,,815.9567407443689,1
Mahihkan Battery 02-21,ABWI100102806504W400,2,2023-11-01,20,False,exponential,261.1067498562073,0.2041703863592794,0.0,0.8730256826180814,False,,1390.0362552300937,1
Mahihkan Battery 02-21,ABWI100102806604W400,1,2022-09-01,15,False,harmonic,309.42844774544,0.4907763909393053,1.0,0.7857750390619164,False,,1487.3476165610587,1
Mahihkan Battery 02-21,ABWI100102806604W400,2,2023-12-01,8,False,exponential,113.2662291342435,0.2115280492025682,0.0,0.7794004578792457,False,,484.7163814268541,2
Mahihkan Battery 02-21,ABWI100102906504W400,1,2022-08-01,10,False,harmonic,84.1098794520088,0.4271257395617434,1.0,0.828678135160818,False,,364.24740534044645,1
Mahihkan Battery 02-21,ABWI100111006604W400,2,2024-03-01,10,False,exponential,895.861341230634,0.1434832676801533,0.0,0.8837465968222394,False,,5106.114588589356,1
Mahihkan Battery 02-21,ABWI100111006604W400,3,2025-01-01,16,False,harmonic,338.4608326994164,0.1633019837207543,1.0,0.8564965647539182,False,,2788.876783388627,2
Mahihkan Battery 02-21,ABWI100111506604W400,1,2024-06-01,13,False,harmonic,976.1497630337104,0.1981780594359518,1.0,0.5348002826226356,False,,6643.278548601385,1
Mahihkan Battery 02-21,ABWI100111506604W400,2,2025-07-01,12,False,harmonic,1346.872264966387,0.6678587603130017,1.0,0.8728520783475682,False,,5104.284766305096,2
Mahihkan Battery 02-21,ABWI100112106504W400,2,2024-08-01,8,False,exponential,44.10282961288085,0.168071639622136,0.0,0.7383297315245897,False,,210.76902327839116,1
Mahihkan Battery 02-21,ABWI100112706504W400,2,2024-12-01,19,False,exponential,759.3219279453721,0.0341014543508052,0.0,0.7746315532700747,False,,10800.3581349984,1
Mahihkan Battery 02-21,ABWI100112706604W400,2,2024-12-01,8,False,harmonic,820.3928792472379,0.907919470834269,1.0,0.8550725986502475,False,,2326.0487078636315,1
Mahihkan Battery 02-21,ABWI100112706604W400,4,2026-01-01,6,False,harmonic,349.2808467051271,0.1360182652104614,1.0,0.6338138398023996,False,,1613.4859671345919,2
Mahihkan Battery 02-21,ABWI100112806604W400,1,2023-07-01,13,False,harmonic,522.5109576920634,0.6861025695136305,1.0,0.9082590502896386,False,,2010.703593208444,1
Mahihkan Battery 02-21,ABWI100112906604W400,1,2022-08-01,10,False,exponential,1330.979604470211,0.1115697434782862,0.0,0.5465076258859777,False,,8476.147973885742,1
Mahihkan Battery 02-21,ABWI100112906604W400,2,2023-06-01,9,False,exponential,587.1100610198422,0.1189751973796682,0.0,0.5183275884501626,False,,3440.1539006117914,2
Mahihkan Battery 02-21,ABWI100112906604W400,3,2024-03-01,12,False,harmonic,708.0437408960032,0.26519464225235,1.0,0.8861442596825548,False,,4104.304119073545,3
Mahihkan Battery 02-21,ABWI100113506504W400,1,2023-12-01,17,False,exponential,689.2854023795404,0.0761749775476785,0.0,0.7925755350775019,False,,6823.646050681715,1
Mahihkan Battery 02-21,ABWI100113506504W400,3,2025-11-01,8,False,exponential,644.8340642422863,0.2038066955159038,0.0,0.8128509273326286,False,,2812.394756486072,2
Mahihkan Battery 02-21,ABWI100120406604W400,1,2023-03-01,6,False,exponential,378.966764896624,0.3803739936100818,0.0,0.820533905617609,False,,1075.5292703900498,1
Mahihkan Battery 02-21,ABWI100120406604W400,3,2024-09-01,10,False,harmonic,416.27165010255214,0.7227640976681307,1.0,0.8321388048652346,False,,1420.257552636218,2
Mahihkan Battery 02-21,ABWI100120406604W400,4,2025-07-01,7,False,exponential,243.9079363885521,0.5652116325304234,0.0,0.8219390153837971,False,,554.1083793711243,3
Mahihkan Battery 02-21,ABWI100120906604W400,2,2023-02-01,9,False,harmonic,792.9224475641705,0.5235252035996628,1.0,0.5879665571045333,False,,2998.9271354386588,1
Mahihkan Battery 02-21,ABWI100120906604W400,3,2023-11-01,7,False,harmonic,1427.2312675635374,0.9344599578088156,1.0,0.9399831373251673,False,,3806.6392040139676,2
Mahihkan Battery 02-21,ABWI100120906604W400,5,2025-07-01,12,False,exponential,1106.118347973525,0.1669347592929127,0.0,0.778042237195625,False,,6223.950073736124,3
Mahihkan Battery 02-21,ABWI100121006604W400,1,2022-08-01,14,False,exponential,624.6213117176275,0.1148299235333601,0.0,0.8335373148698856,False,,4604.160041312172,1
Mahihkan Battery 02-21,ABWI100121006604W400,3,2024-06-01,23,False,hyperbolic,513.5544681132362,0.2897923068863021,0.5544144862568133,0.9356580947120892,False,,3082.8086428184765,2
Mahihkan Battery 02-21,ABWI100121506504W400,1,2023-07-01,8,False,harmonic,392.5856637028234,0.75558375741978,1.0,0.5500512608014315,False,,1205.857370853597,1
Mahihkan Battery 02-21,ABWI100121506504W400,3,2025-06-01,13,False,exponential,281.4814515542063,0.0303960997614131,0.0,0.6490311130499987,False,,3068.9732203578124,2
Mahihkan Battery 02-21,ABWI100121506604W400,2,2024-06-01,7,False,exponential,256.9867691896858,0.1120333502256346,0.0,0.8892819573860833,False,,1317.916853864501,1
Mahihkan Battery 02-21,ABWI100121506604W400,3,2025-01-01,18,False,harmonic,195.4373118672442,0.0554956060433083,1.0,0.6164920998029781,False,,2488.6465935312144,2
Mahihkan Battery 02-21,ABWI100122206504W400,2,2024-06-01,11,False,harmonic,53.54949432005977,1.963922697059505,1.0,0.934796892298014,False,,117.73593871652565,1
Mahihkan Battery 02-21,ABWI100122806504W400,1,2024-06-01,19,False,exponential,245.43988897490448,0.0402009377690448,0.0,0.5476403767511054,False,,3326.936645862609,1
Mahihkan Battery 02-21,ABWI100122806504W400,2,2026-01-01,6,False,exponential,205.23438793241704,0.0787395196694366,0.0,0.6480857420588916,False,,1020.5404990526231,2
Mahihkan Battery 02-21,ABWI100122806604W400,2,2023-07-01,8,False,exponential,387.1900772040371,0.2239522223243078,0.0,0.8468583200785371,False,,1608.0468465613562,1
Mahihkan Battery 02-21,ABWI100122806604W400,5,2025-05-01,10,False,exponential,257.53555126592954,0.3364295127645654,0.0,0.8614258366601953,False,,870.2921025924343,2
Mahihkan Battery 02-21,ABWI100123406504W400,1,2024-11-01,6,False,exponential,135.4434278441033,0.0850083258976082,0.0,0.7276933250775117,False,,664.0170578719587,1
Mahihkan Battery 02-21,ABWI100123406504W400,3,2025-11-01,8,False,harmonic,191.2575701038578,0.0848592211486222,1.0,0.5184879449680806,False,,1207.2979032760943,2
Mahihkan Battery 02-21,ABWI100130306604W400,2,2023-03-01,10,False,harmonic,591.6097391303966,0.2821165867037689,1.0,0.7506782735319075,False,,3042.440927177281,1
Mahihkan Battery 02-21,ABWI100130306604W400,4,2024-07-01,24,False,exponential,1119.1961946049312,0.0561930827987544,0.0,0.7833842547043512,False,,15164.844518100203,2
Mahihkan Battery 02-21,ABWI100130406604W400,1,2022-12-01,11,False,harmonic,278.7841858323393,0.3425812271370847,1.0,0.7804501266862678,False,,1388.804782525352,1
Mahihkan Battery 02-21,ABWI100130406604W400,2,2023-11-01,20,False,harmonic,195.44777975220853,0.1083656461776433,1.0,0.7948893874822516,False,,2147.792508942084,2
Mahihkan Battery 02-21,ABWI100130906604W400,2,2024-05-01,8,False,exponential,1463.7340930051544,0.14863254181591,0.0,0.852000481003927,False,,7370.829071846657,1
Mahihkan Battery 02-21,ABWI100130906604W400,4,2025-05-01,14,False,exponential,826.4373522519479,0.1313723536750699,0.0,0.7656365277347437,False,,5646.073683434564,2
Mahihkan Battery 02-21,ABWI100131506504W400,3,2023-07-01,16,False,exponential,212.11360217822192,0.1189801536613118,0.0,0.8732660480167266,False,,1609.1406609279402,1
Mahihkan Battery 02-21,ABWI100131506504W400,5,2025-06-01,10,False,exponential,175.06650356827203,0.1683881933708627,0.0,0.816216303472661,False,,919.9274423015381,2
Mahihkan Battery 02-21,ABWI100132206504W400,1,2022-06-01,8,False,exponential,110.8380648799314,0.2201631455153058,0.0,0.9365468847819086,False,,464.5151208392609,1
Mahihkan Battery 02-21,ABWI100132206504W400,3,2023-07-01,17,False,harmonic,36.07508185486181,0.6265785588374795,1.0,0.6462533317448542,False,,159.66821068494676,2
Mahihkan Battery 02-21,ABWI100132606504W400,7,2025-06-01,10,False,harmonic,14.00048540257034,1.293294841627098,1.0,0.6387880239864079,False,,36.35361457859541,1
Mahihkan Battery 02-21,ABWI100132806604W400,2,2023-12-01,19,False,exponential,395.7562249974813,0.1352047494449383,0.0,0.8707129176875639,False,,2889.6458344410594,1
Mahihkan Battery 02-21,ABWI100133406504W400,2,2025-04-01,15,False,harmonic,332.759414419908,0.1399004394550273,1.0,0.8043891999157053,False,,2806.0949715792754,1
Mahihkan Battery 02-21,ABWI100133506504W400,2,2022-09-01,10,False,exponential,96.32523271556217,0.1080365295872301,0.0,0.7125409750048847,False,,621.3118699461833,1
Mahihkan Battery 02-21,ABWI100133506504W400,6,2025-04-01,8,False,exponential,251.7014324341227,0.2591948974260934,0.0,0.9103173539611864,False,,963.7614410910946,2
Mahihkan Battery 02-21,ABWI100133506504W400,7,2025-12-01,7,False,harmonic,65.46137032053025,0.1902158190756521,1.0,0.6017839693449636,False,,310.85786576840184,3
Mahihkan Battery 02-21,ABWI100141606604W400,5,2026-01-01,6,False,exponential,182.78134889219933,0.3714346828154298,0.0,0.7556333454591083,False,,525.6943018352406,1
Mahihkan Battery 02-21,ABWI100142106604W400,3,2023-12-01,11,False,harmonic,159.96816587542733,0.2184096037610859,1.0,0.6925441576562827,False,,955.9837952601345,1
Mahihkan Battery 02-21,ABWI100142106604W400,4,2024-11-01,8,False,harmonic,584.9942497573016,0.4651004012093858,1.0,0.7184162506428291,False,,2203.7954768328245,2
Mahihkan Battery 02-21,ABWI100142206604W400,2,2024-07-01,14,False,harmonic,1781.8524547806796,0.6776911161189194,1.0,0.9115510869136506,False,,7081.171220661573,1
Mahihkan Battery 02-21,ABWI100142606504W400,1,2022-11-01,9,False,exponential,210.84949590237943,0.157745838036714,0.0,0.9166710456604268,False,,1095.4984401108643,1
Mahihkan Battery 02-21,ABWI100142706504W400,6,2025-05-01,14,False,harmonic,613.297276646726,0.0578469865366862,1.0,0.7726247951010291,False,,6428.923646100791,1
Mahihkan Battery 02-21,ABWI100142906504W400,1,2022-09-01,6,False,exponential,421.2376371636816,1.0265755849484846,0.0,0.9981502800014506,False,,654.9829934395924,1
Mahihkan Battery 02-21,ABWI100142906504W400,2,2023-03-01,13,False,harmonic,241.209752416233,1.6139075920530588,1.0,0.8199192210233562,False,,604.6292344826957,2
Mahihkan Battery 02-21,ABWI100142906504W400,4,2024-08-01,6,False,harmonic,65.496968235376,0.1135857116580202,1.0,0.6374723834770761,False,,313.34465341262717,3
Mahihkan Battery 02-21,ABWI100151506504W400,2,2023-06-01,6,False,harmonic,19.5682022797414,1.0792013403332712,1.0,0.9619147496196264,False,,46.53284202154356,1
Mahihkan Battery 02-21,ABWI100151506504W400,6,2026-01-01,6,False,exponential,188.06412989762077,0.4230909195054409,0.0,0.7895172495728119,False,,502.08747408602966,2
Mahihkan Battery 02-21,ABWI100151506604W400,3,2023-10-01,16,False,harmonic,1021.2690567121748,0.5746539416734485,1.0,0.8726740689868042,False,,4633.92019770754,1
Mahihkan Battery 02-21,ABWI100151506604W400,4,2025-02-01,8,False,exponential,250.2991786206881,0.1580129544861601,0.0,0.716109271889235,False,,1228.7218906480562,2
Mahihkan Battery 02-21,ABWI100151506604W400,5,2025-10-01,9,False,harmonic,391.4197623799212,0.3349903759233171,1.0,0.8254017996297047,False,,1781.2618646783703,3
Mahihkan Battery 02-21,ABWI100152006604W400,1,2023-12-01,8,False,exponential,731.6302078267755,0.3839712646354443,0.0,0.8257894369080157,False,,2188.2682844114365,1
Mahihkan Battery 02-21,ABWI100152106504W400,6,2025-08-01,6,False,exponential,169.39770760979562,0.5483384822261169,0.0,0.8858082261189406,False,,386.3794080255333,1
Mahihkan Battery 02-21,ABWI100152106604W400,2,2023-12-01,7,False,exponential,216.47769149768533,0.3466506779378541,0.0,0.9174702555489176,False,,673.6830185771469,1
Mahihkan Battery 02-21,ABWI100152106604W400,4,2025-03-01,13,False,exponential,245.84110530366613,0.0961714016933243,0.0,0.7011907317686975,False,,1913.1781291998036,2
Mahihkan Battery 02-21,ABWI100152706504W400,2,2025-06-01,13,False,harmonic,542.0542043337429,0.0618668032629033,1.0,0.578912463340197,False,,5293.471083374242,1
Mahihkan Battery 02-21,ABWI100152806504W400,1,2023-06-01,8,False,harmonic,162.97727137151074,0.1502730102130756,1.0,0.5461574551696113,False,,902.2914534513312,1
Mahihkan Battery 02-21,ABWI100152806504W400,2,2024-02-01,6,False,exponential,211.9382406553852,0.3347378913719476,0.0,0.8618792253127935,False,,645.0359930211496,2
Mahihkan Battery 02-21,ABWI100152806604W400,2,2023-04-01,6,False,harmonic,98.67638717808,0.2991854897512796,1.0,0.745992245796673,False,,372.8206878372638,1
Mahihkan Battery 02-21,ABWI100152806604W400,3,2023-10-01,7,False,harmonic,69.69572186146027,0.3071539310659378,1.0,0.5594669930934406,False,,285.73403598588686,2
Mahihkan Battery 02-21,ABWI100152806604W400,4,2024-05-01,13,False,exponential,58.307553646296704,0.095972002886034,0.0,0.6986240845307976,False,,454.18394443192904,3
Mahihkan Battery 02-21,ABWI100160306604W400,1,2022-10-01,8,False,harmonic,59.30473839610568,1.4787068122522642,1.0,0.673647117004206,False,,135.99939224545128,1
Mahihkan Battery 02-21,ABWI100160406604W400,3,2025-03-01,16,False,harmonic,808.7315216557413,0.0834523453514391,1.0,0.5195111708170836,False,,8454.813148546202,1
Mahihkan Battery 02-21,ABWI100161006504W402,2,2023-10-01,27,False,exponential,392.1102577861443,0.0512221730988833,0.0,0.6446806651557807,False,,5883.132028894062,1
Mahihkan Battery 02-21,ABWI100161006604W400,1,2022-10-01,20,False,harmonic,2204.4510511624417,0.1817610815069702,1.0,0.8552828685649484,False,,19497.123848487918,1
Mahihkan Battery 02-21,ABWI100161006604W400,5,2026-01-01,6,False,exponential,1007.8300721831708,0.268162459073189,0.0,0.9077068022808632,False,,3427.356349799759,2
Mahihkan Battery 02-21,ABWI100161606504W400,1,2022-05-01,6,False,exponential,805.9864190267613,0.2418448359059855,0.0,0.9032870843079164,False,,2872.7409285000995,1
Mahihkan Battery 02-21,ABWI100161606504W400,3,2023-12-01,21,False,exponential,335.5364479477836,0.0390946811723719,0.0,0.6888613256767808,False,,4900.883113744722,2
Mahihkan Battery 02-21,ABWI100161606604W400,1,2022-08-01,10,False,harmonic,224.39194435526196,1.00081199400098,1.0,0.6198635860538013,False,,656.9857361957853,1
Mahihkan Battery 02-21,ABWI100161606604W400,4,2025-01-01,10,False,harmonic,284.97013839355054,0.182150859187277,1.0,0.7603988593293802,False,,1718.537614698785,2
Mahihkan Battery 02-21,ABWI100161606604W400,5,2025-11-01,8,False,exponential,158.4064053379063,0.095603899252176,0.0,0.6772359602428417,False,,928.7753526970198,3
Mahihkan Battery 02-21,ABWI100162706504W400,2,2022-12-01,10,False,harmonic,343.40778441455546,0.323659264528612,1.0,0.8539800439636103,False,,1671.6813080550944,1
Mahihkan Battery 02-21,ABWI100162706504W400,4,2024-03-01,28,False,harmonic,382.9336017823267,0.0420840887777469,1.0,0.7725894659874375,False,,7189.03153308837,2
Mahihkan Battery 02-21,ABWI100162806504W400,2,2022-12-01,6,False,harmonic,564.9298975870994,0.9139107752484514,1.0,0.7652993571004113,False,,1433.6316855787961,1
Mahihkan Battery 02-21,ABWI100162906504W400,3,2024-12-01,19,False,exponential,331.6874636256833,0.0244739427764937,0.0,0.8405711030043428,False,,5101.7304974962035,1
Mahihkan Battery 02-21,ABWI100163306504W400,2,2024-03-01,13,False,harmonic,985.8372859261872,0.3066676052351434,1.0,0.8042248064605856,False,,5583.272200639007,1
Mahihkan Battery 02-21,ABWI100163306504W400,4,2025-09-01,10,False,harmonic,688.2456468617104,0.0809203838217749,1.0,0.6714086592969426,False,,5199.769701437626,2
Mahihkan Battery 02-21,ABWI102010806604W400,1,2022-12-01,7,False,exponential,351.29701659679904,0.1919510597988038,0.0,0.8038077958780201,False,,1486.6484775931765,1
Mahihkan Battery 02-21,ABWI102010806604W400,4,2024-08-01,11,False,harmonic,271.9160318167795,0.0505569398269391,1.0,0.6322277731521784,False,,2427.5923120927805,2
Mahihkan Battery 02-21,ABWI102010806604W400,5,2025-07-01,7,False,exponential,340.0060146483157,0.4405541577229374,0.0,0.7437116208834906,False,,910.5291481389895,3
Mahihkan Battery 02-21,ABWI102011506604W402,1,2023-06-01,19,False,exponential,2515.6095245618385,0.0657839134260225,0.0,0.8095006465911421,False,,28190.49140640798,1
Mahihkan Battery 02-21,ABWI102011506604W402,2,2025-01-01,7,False,harmonic,1327.9096222996595,0.2622008675783632,1.0,0.7702056408640238,False,,5733.124957405175,2
Mahihkan Battery 02-21,ABWI102011606604W400,2,2024-05-01,26,False,exponential,448.9940908377997,0.0550486998364808,0.0,0.7277234287631873,False,,6379.308018477385,1
Mahihkan Battery 02-21,ABWI102012106504W400,1,2022-08-01,11,False,exponential,91.4253436746752,0.2148841102778835,0.0,0.9285466487367304,False,,428.33503383810086,1
Mahihkan Battery 02-21,ABWI102012106504W400,4,2024-05-01,26,False,exponential,262.1331058631788,0.030129924737321,0.0,0.6951996059553296,False,,4796.911767558845,2
Mahihkan Battery 02-21,ABWI102012206504W400,2,2025-03-01,16,False,exponential,344.57483589269054,0.03202192633255,0.0,0.7760850796737414,False,,4383.517048467,1
Mahihkan Battery 02-21,ABWI102012906504W400,3,2025-05-01,14,False,harmonic,839.0072805327424,0.1085654056270258,1.0,0.8174153287315447,False,,7401.946820876416,1
Mahihkan Battery 02-21,ABWI102013306504W403,2,2023-12-01,10,False,harmonic,754.759614106598,0.3136869545673216,1.0,0.8318316596985527,False,,3721.052538470032,1
Mahihkan Battery 02-21,ABWI102020306604W400,1,2022-08-01,11,False,exponential,176.06473303226394,0.1571493759149619,0.0,0.7236747205884986,False,,995.7724578028117,1
Mahihkan Battery 02-21,ABWI102021506504W400,2,2023-12-01,21,False,exponential,245.67320308627907,0.060551357014969,0.0,0.8912481863999352,False,,3008.944031635904,1
Mahihkan Battery 02-21,ABWI102022006604W400,2,2023-06-01,8,False,exponential,665.795439466042,0.5714620288354084,0.0,0.9635868188030808,False,,1513.6909644129883,1
Mahihkan Battery 02-21,ABWI102022206604W400,4,2025-11-01,8,False,harmonic,278.4441690187895,0.759421287124821,1.0,0.87884766291323,False,,853.3866756301757,1
Mahihkan Battery 02-21,ABWI102022906604W400,1,2024-09-01,12,False,harmonic,748.3738648653328,0.7192861453300523,1.0,0.9451213925665708,False,,2734.4151987257706,1
Mahihkan Battery 02-21,ABWI102023406504W400,2,2022-12-01,7,False,harmonic,372.2588512906016,0.3562466137880734,1.0,0.8275555689197311,False,,1450.0645030615565,1
Mahihkan Battery 02-21,ABWI102023506504W400,1,2022-07-01,8,False,exponential,331.4176119587302,0.1706781824248428,0.0,0.8814881510640916,False,,1573.006478170933,1
Mahihkan Battery 02-21,ABWI102023506504W400,3,2024-11-01,6,False,exponential,191.9273149516203,0.2362956245792773,0.0,0.9338497640301257,False,,691.045303488287,2
Mahihkan Battery 02-21,ABWI102032106604W400,2,2023-11-01,11,False,exponential,111.07693305976576,0.2385635236820854,0.0,0.7863620977211201,False,,485.4101007554782,1
Mahihkan Battery 02-21,ABWI102032106604W400,4,2025-03-01,13,False,exponential,251.78599616811272,0.344263473719359,0.0,0.6936808733429864,False,,854.6356179480354,2
Mahihkan Battery 02-21,ABWI102032206504W400,2,2024-07-01,7,False,harmonic,303.23504224707153,1.4063386538910856,1.0,0.9569563563448676,False,,682.5382163193625,1
Mahihkan Battery 02-21,ABWI102032306504W400,1,2022-05-01,10,False,harmonic,378.3438940552503,1.2808041264462284,1.0,0.8420482821938381,False,,986.8451836254686,1
Mahihkan Battery 02-21,ABWI102032806504W400,4,2025-01-01,18,False,harmonic,269.8590232309205,0.194399991943992,1.0,0.6093247820001639,False,,2196.738279449701,1
Mahihkan Battery 02-21,ABWI102033406504W400,1,2022-12-01,15,False,exponential,1083.0384438072826,0.1219527009485433,0.0,0.806073378359941,False,,7919.022277336889,1
Mahihkan Battery 02-21,ABWI102033406604W400,1,2023-12-01,11,False,harmonic,233.52276139618107,0.1294332148640942,1.0,0.5216387158327769,False,,1667.9678304783963,1
Mahihkan Battery 02-21,ABWI102033406604W400,2,2024-11-01,8,False,exponential,241.340323942445,0.5340000262288211,0.0,0.923678792702186,False,,575.1678808801427,2
Mahihkan Battery 02-21,ABWI102040306604W400,1,2022-10-01,9,False,exponential,420.29385971752,0.4237943686814227,0.0,0.8195448872500025,False,,1189.8501491880675,1
Mahihkan Battery 02-21,ABWI102041006604W400,1,2022-10-01,14,False,exponential,285.68040204584463,0.0736815365586095,0.0,0.5491007006618648,False,,2588.2177715123817,1
Mahihkan Battery 02-21,ABWI102041006604W400,3,2024-04-01,7,False,harmonic,236.1038322801302,0.4175351021585509,1.0,0.8546246145109375,False,,868.3871858682552,2
Mahihkan Battery 02-21,ABWI102041506604W400,7,2025-08-01,8,False,harmonic,324.2032045937931,1.1968433055319103,1.0,0.7507118039268832,False,,814.5736238445747,1
Mahihkan Battery 02-21,ABWI102041606604W400,2,2024-08-01,20,False,harmonic,2258.07167137884,0.316138080801321,1.0,0.9369910477175648,False,,15253.642193482783,1
Mahihkan Battery 02-21,ABWI102042306504W400,1,2022-07-01,11,False,harmonic,616.6744059593665,0.2927544089351656,1.0,0.7375140640065425,False,,3282.451782958296,1
Mahihkan Battery 02-21,ABWI102043306604W400,2,2024-02-01,7,False,exponential,598.1388979128297,0.4681510718243932,0.0,0.823229467564639,False,,1539.5998003634247,1
Mahihkan Battery 02-21,ABWI102043306604W400,3,2024-09-01,9,False,exponential,394.5064946966326,0.1661090690371551,0.0,0.5219343197893498,False,,1999.6409134973912,2
Mahihkan Battery 02-21,ABWI102043506504W400,4,2024-12-01,7,False,exponential,312.9523966858343,0.4267104863984118,0.0,0.864484529306206,False,,855.5325702432209,1
Mahihkan Battery 02-21,ABWI102043506504W400,6,2025-12-01,7,False,harmonic,198.7010232994907,1.7848091551920977,1.0,0.8034169986175508,False,,406.21060819353585,2
Mahihkan Battery 02-21,ABWI102050406604W400,1,2022-08-01,7,False,exponential,337.12829789620764,0.1915390546267925,0.0,0.9409053493622822,False,,1428.0145307184314,1
Mahihkan Battery 02-21,ABWI102050406604W400,2,2023-03-01,7,False,exponential,375.040683325848,0.3419001380311051,0.0,0.7947625963450068,False,,1176.8356520528216,2
Mahihkan Battery 02-21,ABWI102050406604W400,3,2023-10-01,10,False,harmonic,455.8536993267946,0.181406977652474,1.0,0.6846947987827532,False,,2752.8343827781005,3
Mahihkan Battery 02-21,ABWI102050406604W400,6,2026-01-01,6,False,exponential,481.65047827389066,0.2195298751698448,0.0,0.8992725717735315,False,,1789.0123551522242,4
Mahihkan Battery 02-21,ABWI102050906604W400,4,2024-10-01,15,False,harmonic,237.0087850413609,0.0699678446583426,1.0,0.6180307256048607,False,,2492.5464899894373,1
Mahihkan Battery 02-21,ABWI102050906604W400,5,2026-01-01,6,False,exponential,204.3357928665732,0.1991052647912732,0.0,0.7960430753522968,False,,789.0916787181784,2
Mahihkan Battery 02-21,ABWI102051606604W400,1,2024-07-01,13,False,hyperbolic,4063.727602064076,0.3764448279546776,0.4193689559180709,0.956044851710262,False,,16639.64643700008,1
Mahihkan Battery 02-21,ABWI102051606604W400,2,2025-08-01,8,False,harmonic,712.346618741991,0.3163878754749938,1.0,0.795449573099132,False,,3112.915262226491,2
Mahihkan Battery 02-21,ABWI102052206504W402,1,2022-08-01,21,False,harmonic,313.48986766959746,0.2261263323198637,1.0,0.8281447818946581,False,,2559.8532036848487,1
Mahihkan Battery 02-21,ABWI102052206504W402,2,2024-05-01,15,False,exponential,105.72526349747942,0.0497045001526172,0.0,0.6002736390857466,False,,1145.864409672019,2
Mahihkan Battery 02-21,ABWI102052306504W400,3,2023-06-01,9,False,exponential,381.6264866392581,0.182315355279687,0.0,0.8330908858475343,False,,1846.020772663882,1
Mahihkan Battery 02-21,ABWI102052606504W400,3,2025-06-01,13,False,exponential,701.2744543159471,0.1338212622435415,0.0,0.5820186737703057,False,,4615.808635013488,1
Mahihkan Battery 02-21,ABWI102052706504W400,5,2024-12-01,14,False,exponential,252.40756051583665,0.1692864410623996,0.0,0.9682647305318444,False,,1469.2622078326804,1
Mahihkan Battery 02-21,ABWI102052806504W400,1,2023-03-01,16,False,exponential,579.4302149720558,0.0420547682404005,0.0,0.5341487882627157,False,,6890.810115566268,1
Mahihkan Battery 02-21,ABWI102053306604W400,2,2024-03-01,7,False,harmonic,274.39451113900066,0.5338746229233058,1.0,0.5334239113385724,False,,919.0302651700894,1
Mahihkan Battery 02-21,ABWI102053306604W400,4,2026-01-01,6,False,exponential,286.6879281222147,0.2247581898381467,0.0,0.9103485488912342,False,,1054.4898512044576,2
Mahihkan Battery 02-21,ABWI102060906604W400,2,2024-05-01,26,False,exponential,288.1675063683884,0.0664028790856041,0.0,0.8290887321054506,False,,3687.369279177643,1
Mahihkan Battery 02-21,ABWI102061506504W400,1,2022-08-01,6,False,exponential,59.25256925757832,0.2964326163653363,0.0,0.6827095922737465,False,,191.96765574517894,1
Mahihkan Battery 02-21,ABWI102061506504W400,4,2024-09-01,10,False,exponential,486.6071883103848,0.4482234649790065,0.0,0.9439062504456972,False,,1331.821350879539,2
Mahihkan Battery 02-21,ABWI102062106604W400,2,2025-06-01,13,False,harmonic,208.2262478316003,0.2821068204493644,1.0,0.9139862826485504,False,,1223.5737392445137,1
Mahihkan Battery 02-21,ABWI102062206504W400,1,2022-08-01,16,False,exponential,419.66441136199103,0.1297825412034658,0.0,0.8342288145058091,False,,3015.7099613139444,1
Mahihkan Battery 02-21,ABWI102062706504W400,1,2022-08-01,9,False,harmonic,199.258649655602,0.089272324589945,1.0,0.504470561485802,False,,1361.6446526569143,1
Mahihkan Battery 02-21,ABWI102062706504W400,3,2024-04-01,6,False,harmonic,176.82384429891204,0.7381888738396956,1.0,0.5773372375122032,False,,487.39296101108675,2
Mahihkan Battery 02-21,ABWI102062706504W400,4,2024-10-01,7,False,harmonic,115.50597747762755,0.2415475816962941,1.0,0.6066572775605064,False,,511.61924119238637,3
Mahihkan Battery 02-21,ABWI102062706504W400,5,2025-05-01,8,False,exponential,164.5071169041,0.279397351519677,0.0,0.830479809616719,False,,602.6784777137871,4
Mahihkan Battery 02-21,ABWI102062706604W400,1,2022-09-01,8,False,harmonic,252.03166830290093,0.3591050022302447,1.0,0.7991094210651789,False,,1050.6985142143055,1
Mahihkan Battery 02-21,ABWI102062706604W400,4,2024-12-01,7,False,harmonic,607.9131094388842,0.5257719546057374,1.0,0.7156604722083324,False,,2048.2828564332945,2
Mahihkan Battery 02-21,ABWI102062706604W400,5,2025-07-01,6,False,exponential,540.6541929081212,0.5427334686807807,0.0,0.8355585622081914,False,,1241.0978197961574,3
Mahihkan Battery 02-21,ABWI102062806504W400,2,2023-05-01,21,False,hyperbolic,291.18157695196305,0.1431303663151113,0.4555408860811174,0.9280948362820652,False,,2530.722020256586,1
Mahihkan Battery 02-21,ABWI102063206604W400,1,2022-11-01,23,False,exponential,1499.873338481799,0.1336003320943826,0.0,0.956637989744647,False,,11438.022040052927,1
Mahihkan Battery 02-21,ABWI102063206604W400,4,2026-01-01,6,False,harmonic,735.425228967527,0.8410895018531916,1.0,0.929448837049372,False,,1927.5866030540456,2
Mahihkan Battery 02-21,ABWI102063306604W400,1,2023-10-01,11,False,exponential,166.97503124291396,0.2643122853889838,0.0,0.9291405689857148,False,,679.6320366431353,1
Mahihkan Battery 02-21,ABWI102063506504W400,1,2022-08-01,13,False,exponential,344.4283667454965,0.0921831763722934,0.0,0.7952637968074467,False,,2731.265679058888,1
Mahihkan Battery 02-21,ABWI102063506504W400,3,2024-06-01,10,False,exponential,315.3243788635128,0.0560310828364311,0.0,0.6550705174072642,False,,2482.3560719145253,2
Mahihkan Battery 02-21,ABWI102063506504W400,4,2025-04-01,6,False,harmonic,306.4076343345118,0.6324256567679633,1.0,0.7134310817556531,False,,895.5801126943329,3
Mahihkan Battery 02-21,ABWI102063506504W400,5,2025-10-01,9,False,exponential,168.75918866702065,0.1006413766776527,0.0,0.6010813834206602,False,,1050.12392380325,4
Mahihkan Battery 02-21,ABWI102070906604W400,1,2022-11-01,7,False,harmonic,268.63551453875704,0.2592881158305756,1.0,0.8899549025146557,False,,1163.9168902693073,1
Mahihkan Battery 02-21,ABWI102070906604W400,5,2024-08-01,7,False,harmonic,156.7125673114044,0.7236206154432784,1.0,0.6950927183446507,False,,464.6037545748587,2
Mahihkan Battery 02-21,ABWI102071006604W400,2,2024-11-01,20,False,harmonic,394.65243026558056,0.318459237238855,1.0,0.9284030952139264,False,,2655.902235210322,1
Mahihkan Battery 02-21,ABWI102071506504W400,1,2022-12-01,6,False,harmonic,270.9393725377708,0.1955861012518818,1.0,0.8845753126127262,False,,1152.0563101978078,1
Mahihkan Battery 02-21,ABWI102071506504W400,4,2024-07-01,17,False,exponential,269.91966783027493,0.0689904494803905,0.0,0.5949439961875704,False,,2795.838453566649,2
Mahihkan Battery 02-21,ABWI102072106504W400,4,2025-05-01,7,False,harmonic,72.11361769612525,0.2615288545398538,1.0,0.5552004582075442,False,,311.59720225364896,1
Mahihkan Battery 02-21,ABWI102072106504W400,5,2025-12-01,7,False,harmonic,73.82954620209904,0.1374672230333959,1.0,0.8342824779813286,False,,380.76735192992817,2
Mahihkan Battery 02-21,ABWI102072106604W400,3,2023-11-01,8,False,exponential,214.06232152026053,0.3169597483939101,0.0,0.8935549574080083,False,,725.6181922729749,1
Mahihkan Battery 02-21,ABWI102072706504W400,3,2023-10-01,11,False,exponential,94.40582081720764,0.1016741612657773,0.0,0.5370083867673674,False,,657.3934351521542,1
Mahihkan Battery 02-21,ABWI102072706504W400,5,2025-08-01,11,False,exponential,65.70652238875373,0.2420664899193124,0.0,0.7198382553807535,False,,284.29830816955007,2
Mahihkan Battery 02-21,ABWI102072806504W400,3,2023-11-01,14,False,exponential,371.9277892833826,0.1231059242257888,0.0,0.7513985766671595,False,,2638.001197347918,1
Mahihkan Battery 02-21,ABWI102073406504W400,1,2022-10-01,6,False,exponential,403.9265398441128,0.1555921031721656,0.0,0.5763026864490395,False,,1701.1452020537026,1
Mahihkan Battery 02-21,ABWI102073406504W400,3,2024-12-01,19,False,exponential,454.0762799299723,0.0592873520037658,0.0,0.8352659909272122,False,,5331.003603191041,2
Mahihkan Battery 02-21,ABWI102080406604W400,1,2023-08-01,11,False,exponential,549.2902959257299,0.1227273933223951,0.0,0.9039984064860944,False,,3523.0222106386127,1
Mahihkan Battery 02-21,ABWI102080506604W400,1,2023-02-01,8,False,exponential,286.74548802749285,0.3386158175496537,0.0,0.8974802214860002,False,,931.7725586117766,1
Mahihkan Battery 02-21,ABWI102080506604W400,2,2023-10-01,11,False,harmonic,222.08106797335267,0.1538799384134977,1.0,0.832358631500461,False,,1501.8036277157164,2
Mahihkan Battery 02-21,ABWI102080506604W400,5,2026-01-01,6,False,exponential,234.997431081596,0.3997507728080668,0.0,0.9871029213352842,False,,648.3723735188238,3
Mahihkan Battery 02-21,ABWI102080806604W400,2,2024-12-01,19,False,harmonic,1462.6879539688389,0.2740037198481484,1.0,0.8890685022510916,False,,10390.83172658138,1
Mahihkan Battery 02-21,ABWI102082206504W400,2,2024-10-01,6,False,exponential,87.99776437056447,0.378518574582085,0.0,0.961229253324044,False,,250.4297813195851,1
Mahihkan Battery 02-21,ABWI102082806504W400,1,2023-05-01,20,False,exponential,357.4296365254835,0.0640098156510572,0.0,0.6608343772052243,False,,4162.142907669941,1
Mahihkan Battery 02-21,ABWI102082806504W400,2,2025-01-01,18,False,harmonic,324.3843900982036,0.1090511765667837,1.0,0.852411518950872,False,,3341.0059100681674,2
Mahihkan Battery 02-21,ABWI102082906504W400,1,2022-12-01,20,False,harmonic,374.9923684147712,0.0671685833794296,1.0,0.5080104256466218,False,,4863.5073685354855,1
Mahihkan Battery 02-21,ABWI102090406604W400,1,2023-05-01,9,False,exponential,834.5371943297642,0.2289038192498959,0.0,0.8836784766735539,False,,3559.1608941855025,1
Mahihkan Battery 02-21,ABWI102091006604W400,2,2024-06-01,25,False,exponential,2614.726634169376,0.1376012315682628,0.0,0.9639147640343472,False,,19687.37917392515,1
Mahihkan Battery 02-21,ABWI102092106504W400,5,2025-10-01,9,False,exponential,191.55165652842905,0.3934954693354356,0.0,0.9588039074646048,False,,571.7767994628709,1
Mahihkan Battery 02-21,ABWI102092806504W400,1,2022-09-01,8,False,exponential,286.30150207775534,0.2749729427097058,0.0,0.8388358392564224,False,,1058.917503545451,1
Mahihkan Battery 02-21,ABWI102092806504W400,6,2026-01-01,6,False,harmonic,187.37953906500755,0.1399069758309582,1.0,0.5061847166255736,False,,860.55304566457,2
Mahihkan Battery 02-21,ABWI102092906504W400,3,2024-07-01,24,False,exponential,373.421999984708,0.039179427724321,0.0,0.8182799885473142,False,,5923.652786334388,1
Mahihkan Battery 02-21,ABWI102093306504W400,3,2025-04-01,15,False,exponential,746.746436963098,0.0699781043600828,0.0,0.6437485300004332,False,,7181.184296121719,1
Mahihkan Battery 02-21,ABWI102093406504W400,3,2025-10-01,9,False,harmonic,144.56655265561653,0.2276479538650845,1.0,0.9643250032737868,False,,758.9295961657898,1
Mahihkan Battery 02-21,ABWI102100406604W400,1,2023-10-01,26,False,hyperbolic,5063.365817434161,0.959603680387016,1.6828251112890695,0.8958204915905709,False,,30438.352813391408,1
Mahihkan Battery 02-21,ABWI102100906604W400,1,2022-09-01,14,False,harmonic,537.9055453490253,0.1455538298863187,1.0,0.6849694716402386,False,,4292.444450804493,1
Mahihkan Battery 02-21,ABWI102100906604W400,2,2023-11-01,6,False,exponential,462.74306257639336,0.3828508791364742,0.0,0.7461034829543827,False,,1308.4990965650493,2
Mahihkan Battery 02-21,ABWI102100906604W400,3,2024-05-01,22,False,exponential,379.92198657552217,0.0676164849171173,0.0,0.826955467588633,False,,4498.070003576499,3
Mahihkan Battery 02-21,ABWI102101006504W400,1,2022-05-01,14,False,exponential,188.6580444254685,0.4324899598352059,0.0,0.8946972624443196,False,,536.0602219838911,1
Mahihkan Battery 02-21,ABWI102101506504W400,7,2025-03-01,8,False,exponential,83.95114075658213,0.09148228671382,0.0,0.547244979275774,False,,498.3777921050678,1
Mahihkan Battery 02-21,ABWI102101506504W400,8,2025-11-01,8,False,harmonic,116.01178623433636,0.3769872437969526,1.0,0.7572512949355354,False,,474.7624519078196,2
Mahihkan Battery 02-21,ABWI102101506604W400,2,2024-05-01,20,False,harmonic,1664.7051718982786,0.078380725668684,1.0,0.6865682256655552,False,,20545.01330696406,1
Mahihkan Battery 02-21,ABWI102101506604W400,3,2026-01-01,6,False,harmonic,961.7824371598828,0.3568891955843657,1.0,0.939741604576206,False,,3437.8880402168934,2
Mahihkan Battery 02-21,ABWI102101606604W400,2,2024-06-01,7,False,exponential,263.91777600657184,0.2463099323694221,0.0,0.9923666440264431,False,,993.2923820368649,1
Mahihkan Battery 02-21,ABWI102101606604W400,3,2025-01-01,18,False,harmonic,122.30783186360787,0.0402959454600209,1.0,0.520964140874713,False,,1681.4516188143743,2
Mahihkan Battery 02-21,ABWI102102106604W400,2,2023-12-01,7,False,harmonic,177.77469663066285,0.7063111614347597,1.0,0.924652845566984,False,,532.2898171579056,1
Mahihkan Battery 02-21,ABWI102102106604W400,4,2024-11-01,20,False,exponential,171.98490671844672,0.0656943335753793,0.0,0.843174146146865,False,,1977.887844310324,2
Mahihkan Battery 02-21,ABWI102102206604W400,2,2023-03-01,20,False,exponential,573.5230792106393,0.0490369614316538,0.0,0.9025777552987044,False,,7490.1175534030435,1
Mahihkan Battery 02-21,ABWI102102606504W400,1,2022-07-01,22,False,exponential,226.1918549739665,0.0496428679440345,0.0,0.7305426620463676,False,,3103.504964800687,1
Mahihkan Battery 02-21,ABWI102102606504W400,2,2024-05-01,8,False,exponential,99.4349467763981,0.2903907148783375,0.0,0.9514556226974288,False,,355.8864628295032,2
Mahihkan Battery 02-21,ABWI102102706504W400,3,2024-08-01,9,False,harmonic,74.5803868476555,0.1671025364548402,1.0,0.6162488488109699,False,,432.92177247571647,1
Mahihkan Battery 02-21,ABWI102102906504W400,1,2022-07-01,11,False,harmonic,256.56838584671715,1.0290343437297442,1.0,0.984632012363038,False,,764.1484386889814,1
Mahihkan Battery 02-21,ABWI102110906604W400,2,2023-11-01,6,False,harmonic,457.6899885690742,0.7521853162485281,1.0,0.8005673896188943,False,,1252.5092473934742,1
Mahihkan Battery 02-21,ABWI102110906604W400,4,2024-09-01,18,False,harmonic,328.3059534068554,0.169459240437715,1.0,0.7848194854738,False,,2837.9298851715866,2
Mahihkan Battery 02-21,ABWI102111006604W400,3,2025-02-01,17,False,hyperbolic,868.5495210059239,0.615233347362123,1.8773968604574136,0.9220790181952784,False,,5401.244069364305,1
Mahihkan Battery 02-21,ABWI102111506504W400,1,2022-08-01,17,False,harmonic,38.94442891372624,0.3546390257453012,1.0,0.7853679554186409,False,,231.9564256936972,1
Mahihkan Battery 02-21,ABWI102112106604W400,4,2025-01-01,11,False,harmonic,263.3947409804956,0.244419579716949,1.0,0.804613725956892,False,,1507.5156462831344,1
Mahihkan Battery 02-21,ABWI102112806504W400,1,2024-01-01,30,False,harmonic,458.4291066465655,0.0320621675434367,1.0,0.6748444389944859,False,,9748.73382967115,1
Mahihkan Battery 02-21,ABWI102112806604W400,3,2026-01-01,6,False,exponential,284.9236900288104,0.2261230933271281,0.0,0.7588554316622267,False,,1045.3403007242914,1
Mahihkan Battery 02-21,ABWI102112906504W400,1,2022-07-01,10,False,exponential,80.35694691511904,0.2981848383611084,0.0,0.934262953604372,False,,295.8584936454144,1
Mahihkan Battery 02-21,ABWI102112906604W400,2,2023-07-01,8,False,harmonic,929.8822051310964,0.5336899249578084,1.0,0.9391594533813464,False,,3311.228912332957,1
Mahihkan Battery 02-21,ABWI102112906604W400,5,2026-01-01,6,False,harmonic,834.1866546852665,0.251533476120612,1.0,0.65526004290797,False,,3316.4447858933,2
Mahihkan Battery 02-21,ABWI102113406504W400,4,2023-12-01,9,False,harmonic,461.3265270057472,1.01177502352384,1.0,0.7784304116096974,False,,1298.1349656878995,1
Mahihkan Battery 02-21,ABWI102113406504W400,6,2025-09-01,10,False,exponential,170.01702156903667,0.0968087886483544,0.0,0.7883817066625509,False,,1142.7613785655653,2
Mahihkan Battery 02-21,ABWI102120906604W400,2,2023-11-01,10,False,harmonic,373.1640084162353,0.4663513189101269,1.0,0.5389902848526458,False,,1554.9434470998483,1
Mahihkan Battery 02-21,ABWI102121006604W400,1,2022-09-01,16,False,exponential,1612.1667713084353,0.2364648848554858,0.0,0.8326583724865371,False,,7481.485457900109,1
Mahihkan Battery 02-21,ABWI102121006604W400,2,2024-01-01,14,False,exponential,682.4929248768245,0.1186492893226916,0.0,0.7704076663606813,False,,4941.561800389762,2
Mahihkan Battery 02-21,ABWI102121006604W400,4,2025-08-01,9,False,harmonic,182.6498097022303,0.3028472015907754,1.0,0.9726358170512368,False,,864.2789173615125,3
Mahihkan Battery 02-21,ABWI102121506604W400,3,2024-05-01,26,False,hyperbolic,589.2284075547059,0.4629870057311293,1.5244310372984016,0.9055080579635164,False,,4572.206329370395,1
Mahihkan Battery 02-21,ABWI102121606604W400,1,2023-12-01,6,False,exponential,1034.6783052093272,0.3524544580336973,0.0,0.8075509746414847,False,,3062.985904911201,1
Mahihkan Battery 02-21,ABWI102121606604W400,3,2024-10-01,7,False,exponential,1871.631751783763,0.2373174076874622,0.0,0.9114719296599492,False,,7176.950604313758,2
Mahihkan Battery 02-21,ABWI102122206504W400,2,2023-03-01,14,False,hyperbolic,435.9586312027481,0.6170846174872806,1.8439696438160575,0.9001800168803935,False,,2410.4267130649546,1
Mahihkan Battery 02-21,ABWI102122206504W400,3,2024-05-01,10,False,exponential,126.31356585328706,0.2610539763563492,0.0,0.8616403831459242,False,,509.3568652488716,2
Mahihkan Battery 02-21,ABWI102122706504W400,3,2024-11-01,20,False,harmonic,693.3827975876735,0.1220768682695264,1.0,0.7420077413635429,False,,7272.277927431484,1
Mahihkan Battery 02-21,ABWI102123406504W400,1,2022-10-01,15,False,harmonic,386.34981911081854,0.0650289068461857,1.0,0.5254913278459615,False,,4141.640621123273,1
Mahihkan Battery 02-21,ABWI102123406504W400,2,2024-01-01,9,False,harmonic,445.4940831972967,0.2293809010729033,1.0,0.8518877527339531,False,,2332.5722525531173,2
Mahihkan Battery 02-21,ABWI102123506504W400,1,2024-05-01,12,False,harmonic,806.773925612444,0.2229591518478862,1.0,0.908414651311772,False,,5017.594793323871,1
Mahihkan Battery 02-21,ABWI102123506504W400,2,2025-05-01,7,False,exponential,346.2619394599402,0.3676909330814704,0.0,0.9452236427108826,False,,1039.63090778258,2
Mahihkan Battery 02-21,ABWI102130306604W400,2,2023-01-01,12,False,exponential,661.1846413091464,0.1716892351669499,0.0,0.880651617261131,False,,3657.0742885753552,1
Mahihkan Battery 02-21,ABWI102130306604W400,4,2025-07-01,12,False,exponential,303.12390991386013,0.0815965965907746,0.0,0.6397253882935359,False,,2415.407436488763,2
Mahihkan Battery 02-21,ABWI102131506504W400,1,2022-12-01,43,False,harmonic,599.6779762462752,0.0302475329292816,1.0,0.5743301230219848,False,,16689.277841009163,1
Mahihkan Battery 02-21,ABWI102132606504W400,3,2024-01-01,30,False,exponential,548.07707781062,0.0388240285355199,0.0,0.8044873799669203,False,,9902.083479193217,1
Mahihkan Battery 02-21,ABWI102132806604W400,1,2022-07-01,16,False,harmonic,290.9054855993077,0.7075556031647181,1.0,0.9366997134268934,False,,1182.4694143419313,1
Mahihkan Battery 02-21,ABWI102132806604W400,2,2023-11-01,9,False,harmonic,71.30694162629521,0.1406369133290319,1.0,0.7638966794597434,False,,435.28653762753015,2
Mahihkan Battery 02-21,ABWI102133406504W400,2,2023-06-01,11,False,harmonic,523.1577396605409,0.2368356633819933,1.0,0.7090339121407457,False,,3031.197749459237,1
Mahihkan Battery 02-21,ABWI102133406504W400,5,2025-03-01,16,False,harmonic,699.550564413257,0.3684603501988494,1.0,0.8500110104657987,False,,3985.669928218747,2
Mahihkan Battery 02-21,ABWI102133506504W400,1,2024-01-01,21,False,exponential,378.9822335679133,0.0714058619659036,0.0,0.8612880036638854,False,,4271.565451322751,1
Mahihkan Battery 02-21,ABWI102133506504W400,2,2025-10-01,9,False,harmonic,173.31114847434884,0.1853725413507623,1.0,0.7291969108172482,False,,974.0745574133208,2
Mahihkan Battery 02-21,ABWI102140306604W400,1,2022-11-01,11,False,exponential,428.12642452468594,0.2497033243597916,0.0,0.921078988102942,False,,1813.2377363158423,1
Mahihkan Battery 02-21,ABWI102141506504W400,4,2025-05-01,12,False,harmonic,233.91683485987224,0.1986548293757753,1.0,0.6004124637958856,False,,1521.3107359942194,1
Mahihkan Battery 02-21,ABWI102141606604W400,1,2022-08-01,10,False,exponential,340.86592561826114,0.667262694664684,0.0,0.6715121634740515,False,,699.2042237312133,1
Mahihkan Battery 02-21,ABWI102142106604W400,2,2023-11-01,8,False,exponential,198.52177553295613,0.2705331149395943,0.0,0.9042267573488476,False,,741.3686698963486,1
Mahihkan Battery 02-21,ABWI102142606504W400,1,2022-11-01,7,False,exponential,171.30239577619696,0.1276295305760258,0.0,0.8237404480770519,False,,844.5569634051875,1
Mahihkan Battery 02-21,ABWI102142706604W400,2,2022-09-01,26,False,hyperbolic,2369.78592548348,0.7890214551126834,1.201629948008681,0.9776355351095828,False,,12030.45588782337,1
Mahihkan Battery 02-21,ABWI102142806604W400,3,2024-07-01,7,False,harmonic,276.2920496370406,0.5365062496710381,1.0,0.7838233636349085,False,,923.606746470336,1
Mahihkan Battery 02-21,ABWI102142806604W400,5,2025-07-01,8,False,harmonic,119.42084895618142,0.9851633116987948,1.0,0.6631904385276179,False,,326.70084371533403,2
Mahihkan Battery 02-21,ABWI102142906504W400,2,2022-09-01,6,False,exponential,394.2319857930508,0.7913354474074046,0.0,0.9027188181271648,False,,714.7812430521077,1
Mahihkan Battery 02-21,ABWI102142906504W400,4,2023-11-01,13,False,harmonic,293.22139020496746,0.1085741171177877,1.0,0.6019443746581026,False,,2465.2162656883415,2
Mahihkan Battery 02-21,ABWI102142906604W400,1,2022-09-01,20,False,harmonic,2203.123410571045,0.2245903867961414,1.0,0.925168119945,False,,17648.776856209304,1
Mahihkan Battery 02-21,ABWI102142906604W400,3,2024-11-01,8,False,harmonic,510.8212137359311,0.5034307656303106,1.0,0.514649368000514,False,,1863.3198575794804,2
Mahihkan Battery 02-21,ABWI102142906604W400,4,2025-07-01,7,False,exponential,563.7873063717576,0.3154827786850177,0.0,0.5031235298274075,False,,1854.7934618818022,3
Mahihkan Battery 02-21,ABWI102150406604W400,3,2023-12-01,10,False,exponential,1727.954140318098,1.1611122985902016,0.0,0.9990572269505904,False,,2515.6984710551033,1
Mahihkan Battery 02-21,ABWI102150406604W400,5,2025-07-01,6,False,harmonic,1359.507481435849,0.5835304320456915,1.0,0.6737727671922489,False,,4094.4246284213255,2
Mahihkan Battery 02-21,ABWI102150406604W400,6,2026-01-01,6,False,exponential,2858.75603657622,0.4010551173537233,0.0,0.8278340078655354,False,,7872.747306271826,3
Mahihkan Battery 02-21,ABWI102150906604W400,6,2024-10-01,12,False,exponential,261.6170724358983,0.0634669887054721,0.0,0.7336324641262564,False,,2267.8893017928694,1
Mahihkan Battery 02-21,ABWI102151406504W400,4,2025-02-01,11,False,exponential,150.18617097850913,0.0967447515394935,0.0,0.5284956217055733,False,,1066.787897774309,1
Mahihkan Battery 02-21,ABWI102151506504W400,1,2023-01-01,7,False,exponential,124.48500533824948,0.1199791371335101,0.0,0.5121257918634434,False,,625.641312089669,1
Mahihkan Battery 02-21,ABWI102151506604W400,1,2023-01-01,20,False,exponential,1216.928743548141,0.0970363498422082,0.0,0.8489317442714935,False,,11269.597409899847,1
Mahihkan Battery 02-21,ABWI102151606604W400,5,2025-11-01,8,False,exponential,236.4447380497268,0.1796478621355148,0.0,0.6920220327355802,False,,1096.2733832860513,1
Mahihkan Battery 02-21,ABWI102152006604W400,1,2022-07-01,11,False,harmonic,471.6803419501801,0.1373478072409092,1.0,0.649702837147583,False,,3308.0115282761412,1
Mahihkan Battery 02-21,ABWI102152106604W400,1,2022-09-01,9,False,harmonic,200.6572701475296,0.5146272991923595,1.0,0.6252530534367313,False,,764.5604357683953,1
Mahihkan Battery 02-21,ABWI102152106604W400,3,2023-10-01,9,False,exponential,264.3711170928533,0.230957375511522,0.0,0.8596170565132526,False,,1121.5688706107978,2
Mahihkan Battery 02-21,ABWI102152106604W400,5,2025-07-01,12,False,harmonic,275.93099870929086,0.1966779101028321,1.0,0.8597355558487384,False,,1801.370399605231,3
Mahihkan Battery 02-21,ABWI102152806504W400,1,2022-08-01,7,False,exponential,425.5179679363769,0.2665996379804135,0.0,0.987128506178894,False,,1536.985016518005,1
Mahihkan Battery 02-21,ABWI102152906504W400,2,2024-03-01,28,False,harmonic,177.21987586678162,0.0244361574166013,1.0,0.5376145748598833,False,,3816.8739345009117,1
Mahihkan Battery 02-21,ABWI102160406604W400,1,2023-01-01,11,False,harmonic,1318.66134342867,0.3854125317830106,1.0,0.744818796218641,False,,6240.396876694403,1
Mahihkan Battery 02-21,ABWI102160406604W400,3,2024-06-01,21,False,exponential,1071.161287613129,0.0463179697990151,0.0,0.7249219906697262,False,,14718.591134421249,2
Mahihkan Battery 02-21,ABWI102160506604W400,5,2024-09-01,10,False,harmonic,209.46633516901267,0.0544763459619798,1.0,0.5520091753361415,False,,1709.602936609095,1
Mahihkan Battery 02-21,ABWI102160906604W400,2,2024-04-01,24,False,harmonic,409.1525301660677,0.1567937063741589,1.0,0.920985612615314,False,,4239.8537978030145,1
Mahihkan Battery 02-21,ABWI102161006504W402,1,2023-10-01,23,False,exponential,866.7216825085214,0.0707161494402775,0.0,0.6978553384829356,False,,10198.733443729541,1
Mahihkan Battery 02-21,ABWI102161006604W400,3,2023-09-01,8,False,harmonic,2149.9454218526,0.434478914901488,1.0,0.6604582806704453,False,,8323.427073843635,1
Mahihkan Battery 02-21,ABWI102161006604W400,4,2024-05-01,15,False,harmonic,1814.8837543292047,0.1638434799546915,1.0,0.9255317502918944,False,,14409.573132298216,2
Mahihkan Battery 02-21,ABWI102161006604W400,5,2025-08-01,11,False,harmonic,825.0405792241953,0.250243890892889,1.0,0.6103184484324523,False,,4678.588113650536,3
Mahihkan Battery 02-21,ABWI102161506504W400,2,2023-01-01,8,False,exponential,180.3470378989159,0.3221116408543059,0.0,0.9171655528954468,False,,605.1174988735205,1
Mahihkan Battery 02-21,ABWI102161606504W400,2,2023-12-01,31,False,exponential,338.2881697011897,0.0294884255890039,0.0,0.8822683799442503,False,,6975.102564700776,1
Mahihkan Battery 02-21,ABWI102162906504W400,2,2023-11-01,25,False,exponential,252.4250713343582,0.030415373867841,0.0,0.6749063175185994,False,,4487.016323236419,1
Mahihkan Battery 02-21,ABWI102162906504W400,3,2025-12-01,7,False,harmonic,163.70724574702817,0.1095602068773042,1.0,0.6320423877038188,False,,887.1112795061168,2
Mahihkan Battery 02-21,ABWI103010306604W400,2,2023-05-01,6,False,harmonic,235.7349771795036,1.3358722008270534,1.0,0.856288032813044,False,,515.7911123502969,1
Mahihkan Battery 02-21,ABWI103010306604W400,4,2024-10-01,15,False,harmonic,175.1487380178998,0.387756005875827,1.0,0.8405640981418718,False,,947.139535721878,2
Mahihkan Battery 02-21,ABWI103010406604W400,4,2025-06-01,13,False,harmonic,528.4023064525584,0.1086867466469382,1.0,0.6105298140724454,False,,4441.048981259867,1
Mahihkan Battery 02-21,ABWI103010806604W400,2,2025-07-01,7,False,harmonic,405.3590939339315,0.5139024962996904,1.0,0.696078785054701,False,,1377.9919539608493,1
Mahihkan Battery 02-21,ABWI103011506504W400,4,2024-06-01,11,False,exponential,262.7214666824533,0.1324901303910873,0.0,0.6976445394827444,False,,1624.2341140339295,1
Mahihkan Battery 02-21,ABWI103011606604W400,3,2024-05-01,26,False,harmonic,407.6099739228423,0.2480543852482005,1.0,0.921330997484572,False,,3484.494797714861,1
Mahihkan Battery 02-21,ABWI103012106504W400,2,2023-12-01,18,False,harmonic,267.380622497155,0.136397609485912,1.0,0.716331618693514,False,,2528.29291963293,1
Mahihkan Battery 02-21,ABWI103012106504W400,3,2025-06-01,13,False,harmonic,306.23577455384805,0.0591321957989786,1.0,0.702674255594393,False,,3020.831152442069,2
Mahihkan Battery 02-21,ABWI103012206504W400,2,2025-08-01,11,False,harmonic,567.3887701655551,0.1225111405177824,1.0,0.8026201339674246,False,,4119.970657726267,1
Mahihkan Battery 02-21,ABWI103020306604W400,1,2023-05-01,20,False,exponential,310.8554557777848,0.0302090618593387,0.0,0.5759123335831916,False,,4737.192702830824,1
Mahihkan Battery 02-21,ABWI103020906604W400,1,2022-07-01,8,False,exponential,2693.5865078259817,0.2017276500431024,0.0,0.985457870322772,False,,11808.604113451656,1
Mahihkan Battery 02-21,ABWI103020906604W400,3,2023-09-01,15,False,harmonic,4766.324933485627,0.8122858337686559,1.0,0.9774419125306036,False,,17639.397922993714,2
Mahihkan Battery 02-21,ABWI103022206604W400,1,2023-03-01,26,False,harmonic,831.4140893074575,0.3708504603941492,1.0,0.7750257637436524,False,,5703.494931741349,1
Mahihkan Battery 02-21,ABWI103023506504W400,5,2025-07-01,7,False,exponential,98.04971890932931,0.4214429615021489,0.0,0.8928188524904762,False,,270.18954062675635,1
Mahihkan Battery 02-21,ABWI103031506504W400,1,2022-09-01,11,False,harmonic,143.73112298997287,0.1279289526318238,1.0,0.7080825234497893,False,,1030.2602353449656,1
Mahihkan Battery 02-21,ABWI103031506504W400,3,2024-05-01,7,False,harmonic,171.52522287438114,0.3285691822966513,1.0,0.7529669946274686,False,,687.260162767686,2
Mahihkan Battery 02-21,ABWI103031506504W400,5,2025-04-01,10,False,harmonic,103.33666171071154,0.3706668656453472,1.0,0.5843976344037933,False,,475.53102154507894,3
Mahihkan Battery 02-21,ABWI103032206504W400,1,2023-08-01,9,False,exponential,147.7996828357365,0.1859505650780091,0.0,0.8012651942920977,False,,707.6365552375082,1
Mahihkan Battery 02-21,ABWI103032306504W400,3,2024-01-01,6,False,harmonic,12.556815710650312,1.0112097158203486,1.0,0.7770029441911562,False,,30.630295283557338,1
Mahihkan Battery 02-21,ABWI103032706604W400,1,2022-05-01,11,False,harmonic,580.8170867893023,0.3044498834853874,1.0,0.9508035472201628,False,,3041.7383056677168,1
Mahihkan Battery 02-21,ABWI103032706604W400,3,2024-07-01,14,False,harmonic,428.3170593281808,0.5824592832968778,1.0,0.7973868666063577,False,,1838.9495574243283,2
Mahihkan Battery 02-21,ABWI103032806504W400,2,2023-02-01,16,False,exponential,180.58233909145923,0.1329426221302045,0.0,0.8777896737520889,False,,1277.74532274202,1
Mahihkan Battery 02-21,ABWI103033506504W400,1,2022-07-01,14,False,exponential,296.99728825860376,0.1195698352282663,0.0,0.8349700521612211,False,,2141.2132782637527,1
Mahihkan Battery 02-21,ABWI103033506504W400,3,2024-08-01,23,False,harmonic,521.2571701429856,0.420485278686963,1.0,0.932275794839,False,,3188.9516370319197,2
Mahihkan Battery 02-21,ABWI103040306604W400,3,2024-04-01,27,False,exponential,986.5263159823984,0.0892152707982124,0.0,0.860959434683169,False,,10519.05941182973,1
Mahihkan Battery 02-21,ABWI103041006604W400,4,2024-10-01,12,False,exponential,364.2842066665696,0.1268767361889539,0.0,0.780849737854485,False,,2390.2053474607364,1
Mahihkan Battery 02-21,ABWI103042206504W400,3,2025-08-01,11,False,harmonic,230.46633597715032,0.1423346606721897,1.0,0.7872727955458583,False,,1598.2691557949852,1
Mahihkan Battery 02-21,ABWI103042306504W400,2,2023-07-01,10,False,harmonic,486.3647340086236,0.1802022576138739,1.0,0.8108799987724209,False,,2943.6297509950505,1
Mahihkan Battery 02-21,ABWI103042706504W400,1,2022-05-01,12,False,harmonic,520.8107010272358,0.2199071109820178,1.0,0.778740453631114,False,,3256.72916512442,1
Mahihkan Battery 02-21,ABWI103042706504W400,2,2023-05-01,6,False,exponential,237.7319855161376,0.4110940908999977,0.0,0.68203997897385,False,,645.4171034089096,2
Mahihkan Battery 02-21,ABWI103042806504W400,3,2025-06-01,13,False,exponential,266.11275036249776,0.0415878617150847,0.0,0.5800251072526514,False,,2728.2607687257987,1
Mahihkan Battery 02-21,ABWI103043406504W400,1,2022-07-01,6,False,exponential,846.815588586776,0.1463635190093491,0.0,0.7060491033863381,False,,3635.0225157615964,1
Mahihkan Battery 02-21,ABWI103043506504W400,3,2024-12-01,19,False,exponential,136.8732530600245,0.0773181452452178,0.0,0.6145057057272928,False,,1416.2085766913435,1
Mahihkan Battery 02-21,ABWI103050306604W400,2,2024-04-01,23,False,harmonic,129.98920775526906,0.0680159608929346,1.0,0.5130283682983217,False,,1840.0330305626574,1
Mahihkan Battery 02-21,ABWI103051006604W400,3,2024-03-01,7,False,exponential,687.6781647125227,0.3781090512536899,0.0,0.9182746546891668,False,,2029.3698236578716,1
Mahihkan Battery 02-21,ABWI103052206504W400,5,2024-08-01,12,False,harmonic,126.23803161759014,0.108461290164729,1.0,0.7453428662131361,False,,1006.8177785125513,1
Mahihkan Battery 02-21,ABWI103052206504W400,7,2026-01-01,6,False,exponential,41.27833501551907,0.4666354456690164,0.0,0.91595196393984,False,,103.96521149602185,2
Mahihkan Battery 02-21,ABWI103052306504W400,4,2024-10-01,7,False,exponential,627.2750320243977,0.1339124385352866,0.0,0.8781761698820508,False,,3044.703207176634,1
Mahihkan Battery 02-21,ABWI103052606504W400,2,2024-02-01,7,False,harmonic,285.46801126172363,1.1576558008853273,1.0,0.9132424925387962,False,,696.3779322901117,1
Mahihkan Battery 02-21,ABWI103052606504W400,4,2025-08-01,9,False,exponential,177.07960799838798,0.3520313021076039,0.0,0.9061754726998762,False,,571.6376436567882,2
Mahihkan Battery 02-21,ABWI103052806504W400,1,2022-05-01,8,False,harmonic,507.3820894752267,0.2958461311022368,1.0,0.6832892237894508,False,,2271.59533570562,1
Mahihkan Battery 02-21,ABWI103052806504W400,2,2023-01-01,11,False,harmonic,401.60594705396073,0.2283890464247274,1.0,0.8610125601278507,False,,2359.669936986013,2
Mahihkan Battery 02-21,ABWI103052806504W400,3,2023-12-01,9,False,harmonic,231.46237278624992,0.0970728428208236,1.0,0.6938150934965228,False,,1552.4574316654384,3
Mahihkan Battery 02-21,ABWI103053406504W400,1,2023-12-01,6,False,exponential,536.3059791796194,0.2200837042252477,0.0,0.8980319302948545,False,,1989.951354808279,1
Mahihkan Battery 02-21,ABWI103053406504W400,2,2024-06-01,7,False,harmonic,391.5900287879034,0.7023600368372452,1.0,0.9057205915397244,False,,1175.1798563736381,2
Mahihkan Battery 02-21,ABWI103060306604W400,3,2024-06-01,6,False,harmonic,541.6995278201573,0.148774949711665,1.0,0.944209346016056,False,,2455.490967244653,1
Mahihkan Battery 02-21,ABWI103060306604W400,4,2024-12-01,19,False,exponential,514.4382598583783,0.0562927952911239,0.0,0.8011989134924912,False,,6173.1605978881835,2
Mahihkan Battery 02-21,ABWI103060906604W400,4,2024-09-01,19,False,exponential,308.15498975311834,0.1116279780804747,0.0,0.931874862371842,False,,2567.631004622595,1
Mahihkan Battery 02-21,ABWI103062106504W400,1,2022-06-01,12,False,exponential,200.6003496528154,0.0798468124561632,0.0,0.6411550041334324,False,,1611.2455322649118,1
Mahihkan Battery 02-21,ABWI103062106604W400,2,2022-12-01,7,False,harmonic,552.103388515658,0.5079183573178299,1.0,0.7612721433903702,False,,1885.3820146231292,1
Mahihkan Battery 02-21,ABWI103062106604W400,4,2023-12-01,7,False,exponential,146.53778057354157,0.3466210878842277,0.0,0.9524883328794254,False,,456.0519972531561,2
Mahihkan Battery 02-21,ABWI103062206504W400,1,2022-09-01,11,False,harmonic,300.7236554100857,0.2724560781751082,1.0,0.8872126661778686,False,,1648.3952038835903,1
Mahihkan Battery 02-21,ABWI103062206504W400,3,2024-08-01,9,False,harmonic,114.52021148715384,0.7846519936703974,1.0,0.8643743809269647,False,,361.7781337320987,2
Mahihkan Battery 02-21,ABWI103062606504W400,3,2024-09-01,8,False,harmonic,366.2346539538922,0.33260842279276,1.0,0.921036785242414,False,,1571.280129577318,1
Mahihkan Battery 02-21,ABWI103062806504W400,1,2022-12-01,15,False,exponential,313.13676922565446,0.1253150293542294,0.0,0.8843050946702259,False,,2252.8415192562065,1
Mahihkan Battery 02-21,ABWI103062806504W400,3,2025-02-01,6,False,harmonic,129.00783380555265,0.3593792966916186,1.0,0.6223723495183351,False,,460.09841820936737,2
Mahihkan Battery 02-21,ABWI103062806604W400,1,2023-04-01,12,False,exponential,501.9575961776096,0.0864806644636362,0.0,0.5712457774787372,False,,3912.5495343931934,1
Mahihkan Battery 02-21,ABWI103062806604W400,2,2024-04-01,10,False,exponential,133.5355378019169,0.1722769711478175,0.0,0.9387582945943757,False,,693.1261222845974,2
Mahihkan Battery 02-21,ABWI103063406504W400,1,2024-02-01,13,False,harmonic,555.7883059385786,0.1447716563480669,1.0,0.5774212556061917,False,,4250.991867937903,1
Mahihkan Battery 02-21,ABWI103063406504W400,2,2025-03-01,16,False,harmonic,325.6574580343071,0.0694374488888374,1.0,0.5784779681163716,False,,3591.2978528978683,2
Mahihkan Battery 02-21,ABWI103063506504W400,3,2025-04-01,15,False,exponential,497.8047893919324,0.0933794702315925,0.0,0.5844120539417992,False,,4207.776635119789,1
Mahihkan Battery 02-21,ABWI103071006604W400,2,2024-01-01,30,False,exponential,503.8309259031711,0.0687147826835865,0.0,0.9169208426548164,False,,6621.406844757528,1
Mahihkan Battery 02-21,ABWI103072106504W400,3,2024-07-01,13,False,exponential,357.2189128360575,0.0685070327396097,0.0,0.6285170673044073,False,,3180.8150043259952,1
Mahihkan Battery 02-21,ABWI103072106604W400,4,2023-12-01,7,False,exponential,227.73700120585116,0.5394589867264035,0.0,0.9442032502834782,False,,533.7018197854231,1
Mahihkan Battery 02-21,ABWI103072106604W400,6,2024-12-01,12,False,exponential,315.74415689490456,0.1280477570938109,0.0,0.8348424829757456,False,,2061.94374355282,2
Mahihkan Battery 02-21,ABWI103072206504W400,2,2024-07-01,16,False,exponential,268.8938912179819,0.1055982318095525,0.0,0.8276988128751093,False,,2187.8843342339114,1
Mahihkan Battery 02-21,ABWI103072806504W400,1,2022-10-01,27,False,harmonic,582.5321290830179,0.0827545495803804,1.0,0.6945247481552699,False,,8467.792299729133,1
Mahihkan Battery 02-21,ABWI103072906504W400,4,2024-08-01,10,False,hyperbolic,317.52573204143783,0.9317730849310032,1.4919570136457605,0.9865342078691786,False,,1150.3062533097075,1
Mahihkan Battery 02-21,ABWI103072906504W400,5,2025-06-01,8,False,harmonic,93.25107150429072,0.2117095213031222,1.0,0.6683116980081268,False,,467.18947490369004,2
Mahihkan Battery 02-21,ABWI103073406504W400,1,2022-08-01,10,False,harmonic,53.76909821812035,0.5585878903100858,1.0,0.6393640217224668,False,,206.619798487041,1
Mahihkan Battery 02-21,ABWI103080406604W400,2,2023-07-01,10,False,exponential,372.81354166815794,0.0845418937495473,0.0,0.7573654130595026,False,,2624.2025762996177,1
Mahihkan Battery 02-21,ABWI103080506604W400,3,2023-04-01,7,False,harmonic,479.5023423067172,1.1377868131879731,1.0,0.7761180674719813,False,,1178.1656718028823,1
Mahihkan Battery 02-21,ABWI103080506604W400,5,2025-07-01,6,False,harmonic,258.49907139647337,0.9365057483419276,1.0,0.870089021115407,False,,649.7741303616929,2
Mahihkan Battery 02-21,ABWI103080506604W400,6,2026-01-01,6,False,harmonic,213.9853056094753,0.4237059570256729,1.0,0.9835319504831648,False,,722.3603653888758,3
Mahihkan Battery 02-21,ABWI103081606604W400,1,2024-05-01,22,False,harmonic,883.8898680827025,0.3535794469582276,1.0,0.8780831208999447,False,,5847.473421312813,1
Mahihkan Battery 02-21,ABWI103082906504W400,1,2022-12-01,12,False,harmonic,851.3515209079528,0.2389749981849412,1.0,0.9607065727230484,False,,5150.212416856692,1
Mahihkan Battery 02-21,ABWI103083406504W400,1,2022-09-01,18,False,exponential,25.819379464895796,0.983828076637748,0.0,0.9707377706096848,False,,41.23692009319187,1
Mahihkan Battery 02-21,ABWI103090406604W400,1,2023-08-01,7,False,harmonic,497.5562173590653,0.1552309557956146,1.0,0.880053752726763,False,,2492.1087107725116,1
Mahihkan Battery 02-21,ABWI103090406604W400,4,2025-07-01,10,False,harmonic,489.263705061101,0.0632356106630246,1.0,0.522224127909447,False,,3887.7722313349823,2
Mahihkan Battery 02-21,ABWI103090506604W400,2,2023-03-01,8,False,harmonic,276.71805159539326,0.5119440171563258,1.0,0.6288871440810815,False,,1002.4510272088347,1
Mahihkan Battery 02-21,ABWI103090506604W400,6,2025-12-01,7,False,harmonic,472.5659185299611,1.996080884810537,1.0,0.9972782740316442,False,,924.6317647107585,2
Mahihkan Battery 02-21,ABWI103091006504W400,2,2023-02-01,6,False,exponential,167.08057724537989,0.6466164031391158,0.0,0.8679563548900056,False,,343.6253557909794,1
Mahihkan Battery 02-21,ABWI103091006504W400,5,2025-04-01,15,False,exponential,458.3187065857409,0.2137078291358983,0.0,0.9265524843883608,False,,2285.3711230646472,2
Mahihkan Battery 02-21,ABWI103091506504W400,1,2022-07-01,8,False,harmonic,91.01717652214536,0.4558931912920617,1.0,0.7757277137577017,False,,345.65429170662594,1
Mahihkan Battery 02-21,ABWI103091506504W400,7,2025-10-01,6,False,exponential,93.98660428497122,0.1736180364294783,0.0,0.671783389186982,False,,381.61942812666854,2
Mahihkan Battery 02-21,ABWI103091606504W400,3,2024-03-01,9,False,harmonic,66.21105436045576,0.1616055702128858,1.0,0.7469113131084268,False,,388.23670804799275,1
Mahihkan Battery 02-21,ABWI103091606504W400,5,2025-08-01,11,False,exponential,61.26239138353554,0.1009141199181537,0.0,0.6916439007937683,False,,427.9010644117395,2
Mahihkan Battery 02-21,ABWI103092806504W400,2,2023-02-01,10,False,harmonic,294.27277732082,0.3967541899070238,1.0,0.6894244066413608,False,,1315.5994693743928,1
Mahihkan Battery 02-21,ABWI103092906504W400,5,2026-01-01,6,False,harmonic,277.3239161984812,0.7273495722459022,1.0,0.8341786854897945,False,,768.7498544389643,1
Mahihkan Battery 02-21,ABWI103093406504W400,1,2022-06-01,9,False,exponential,241.1510394878763,0.5555009486360301,0.0,0.8677178483437159,False,,561.9821890811342,1
Mahihkan Battery 02-21,ABWI103093406504W400,2,2023-03-01,7,False,harmonic,24.879367468577204,0.99819720724436,1.0,0.8272677915646611,False,,64.55719546316594,2
Mahihkan Battery 02-21,ABWI103101006504W400,1,2022-08-01,6,False,harmonic,336.8525601612343,1.2601796447679678,1.0,0.6629946776969777,False,,753.9429706473935,1
Mahihkan Battery 02-21,ABWI103102206504W400,7,2025-08-01,9,False,exponential,50.856193244532,0.3764330464833491,0.0,0.8693871565741905,False,,156.6435565339619,1
Mahihkan Battery 02-21,ABWI103102706504W400,1,2022-12-01,10,False,exponential,33.168115807360486,0.7025154044676827,0.0,0.9729500665978156,False,,65.66495195940593,1
Mahihkan Battery 02-21,ABWI103102806504W400,1,2023-03-01,17,False,harmonic,502.3228862796627,0.0704830017195535,1.0,0.8870314140406873,False,,5752.674694220378,1
Mahihkan Battery 02-21,ABWI103103406504W400,2,2023-10-01,12,False,exponential,711.1507146555942,0.0832153284399143,0.0,0.5476929309195373,False,,5625.2859443285015,1
Mahihkan Battery 02-21,ABWI103110906604W400,2,2023-01-01,10,False,harmonic,399.3018998504485,0.255366242480308,1.0,0.8933518754083494,False,,2133.9076219181634,1
Mahihkan Battery 02-21,ABWI103110906604W400,3,2023-11-01,6,False,harmonic,341.4107700527999,0.6068638469906629,1.0,0.7823679544383934,False,,1013.3848356939749,2
Mahihkan Battery 02-21,ABWI103110906604W400,5,2025-01-01,14,False,harmonic,272.6827811456547,0.3321015173075862,1.0,0.7230636051166356,False,,1541.186718878443,3
Mahihkan Battery 02-21,ABWI103111006604W400,1,2023-05-01,8,False,exponential,572.7204939717894,0.5143874186259009,0.0,0.8639732046466673,False,,1400.956490060123,1
Mahihkan Battery 02-21,ABWI103111006604W400,3,2024-06-01,11,False,exponential,541.0737971455504,0.1902642995052942,0.0,0.8795051272441625,False,,2737.768964306033,2
Mahihkan Battery 02-21,ABWI103111006604W400,4,2025-05-01,10,False,exponential,96.89744519303422,0.231174245667473,0.0,0.7717671830453035,False,,422.94827529599104,3
Mahihkan Battery 02-21,ABWI103111506504W400,1,2022-11-01,8,False,exponential,131.3060557286208,0.1472772310975136,0.0,0.6548090432192967,False,,663.6701867258706,1
Mahihkan Battery 02-21,ABWI103111506504W400,2,2023-07-01,6,False,exponential,122.71674932181207,0.5125512025091358,0.0,0.8727876928751976,False,,291.8708057885086,2
Mahihkan Battery 02-21,ABWI103111506504W400,5,2024-10-01,19,False,harmonic,147.41045600012154,0.1704282458157514,1.0,0.8051536375028236,False,,1307.3677852817416,3
Mahihkan Battery 02-21,ABWI103112106604W400,3,2023-12-01,8,False,harmonic,244.41838313358545,0.75554220247763,1.0,0.8392802051992387,False,,750.7679518064094,1
Mahihkan Battery 02-21,ABWI103112106604W400,5,2025-01-01,18,False,hyperbolic,216.0633824755908,0.2341978584271026,1.8691813256746872,0.9289412960590416,False,,1947.2487149247759,2
Mahihkan Battery 02-21,ABWI103112206504W400,3,2024-06-01,6,False,exponential,212.67423582663383,0.3470740290134422,0.0,0.8749249051424994,False,,634.856156469306,1
Mahihkan Battery 02-21,ABWI103112206504W400,6,2025-08-01,8,False,harmonic,102.1878382837428,0.5226383305820401,1.0,0.5545286477969305,False,,367.04744593533417,2
Mahihkan Battery 02-21,ABWI103112806504W400,2,2023-01-01,7,False,exponential,149.0509321834869,0.5752571606425689,0.0,0.8907845664511282,False,,334.6589741512079,1
Mahihkan Battery 02-21,ABWI103112806504W400,5,2024-07-01,8,False,harmonic,9.873712933291667,0.362439971763738,1.0,0.6760693924123479,False,,41.01859533944919,2
Mahihkan Battery 02-21,ABWI103113506504W400,2,2024-05-01,11,False,exponential,87.07285228792941,0.1789053581119249,0.0,0.8864035242349697,False,,457.2545357472326,1
Mahihkan Battery 02-21,ABWI103113506504W400,3,2025-04-01,12,False,exponential,181.6451377069392,0.4224426863894293,0.0,0.8762213503516602,False,,523.8715527882756,2
Mahihkan Battery 02-21,ABWI103120306604W400,1,2022-07-01,6,False,exponential,799.274689695393,0.3080509541366303,0.0,0.8696414882624921,False,,2539.9082971674466,1
Mahihkan Battery 02-21,ABWI103120406604W400,2,2023-11-01,21,False,harmonic,604.8492645536913,0.1709049523087695,1.0,0.8358045077556103,False,,5637.094818176375,1
Mahihkan Battery 02-21,ABWI103120406604W400,4,2026-01-01,6,False,exponential,717.441989283534,0.407989682522919,0.0,0.9816408783891036,False,,1956.3452639526438,2
Mahihkan Battery 02-21,ABWI103121506504W400,1,2023-01-01,6,False,harmonic,157.8910579749506,0.445890338443489,1.0,0.6336549049011385,False,,523.7082453042291,1
Mahihkan Battery 02-21,ABWI103121506504W400,2,2023-07-01,8,False,harmonic,184.3831971140264,0.3755878201651547,1.0,0.77264719677519,False,,755.6406932407787,2
Mahihkan Battery 02-21,ABWI103121506504W400,3,2024-03-01,7,False,exponential,123.09787181568284,0.2659770411045779,0.0,0.893293506068574,False,,445.1856548893263,3
Mahihkan Battery 02-21,ABWI103122206504W400,1,2022-08-01,9,False,exponential,513.8728145750306,0.2116387196776899,0.0,0.8221791417180299,False,,2293.0209611303926,1
Mahihkan Battery 02-21,ABWI103122206504W400,4,2024-05-01,10,False,harmonic,139.51756427460865,0.1776197173886241,1.0,0.5654045463117046,False,,848.4664672038525,2
Mahihkan Battery 02-21,ABWI103122206504W400,5,2025-03-01,13,False,exponential,110.70071068324064,0.1883662631044742,0.0,0.8380129853323357,False,,589.0666860324154,3
Mahihkan Battery 02-21,ABWI103122706504W400,2,2023-05-01,7,False,harmonic,199.817707013246,0.1033709444625702,1.0,0.5183012887183049,False,,1095.4432161757272,1
Mahihkan Battery 02-21,ABWI103122706504W400,3,2023-12-01,10,False,exponential,285.4976237018989,0.0599754879740416,0.0,0.526937074920192,False,,2212.154717222712,2
Mahihkan Battery 02-21,ABWI103122706504W400,4,2024-10-01,7,False,harmonic,326.4100378357568,0.4807328825002974,1.0,0.6613672425163866,False,,1138.5164635417614,3
Mahihkan Battery 02-21,ABWI103122806504W400,2,2022-10-01,9,False,harmonic,40.93689856564695,0.5035401885093622,1.0,0.7372243865221801,False,,157.4532599748537,1
Mahihkan Battery 02-21,ABWI103130306604W400,3,2025-12-01,7,False,exponential,145.91161229564992,0.1845597974719969,0.0,0.6966601200233415,False,,627.921035727887,1
Mahihkan Battery 02-21,ABWI103130906604W400,2,2024-05-01,15,False,harmonic,3995.7113059762646,0.1922978313176535,1.0,0.7454792244805837,False,,29739.582076569823,1
Mahihkan Battery 02-21,ABWI103130906604W400,3,2025-08-01,8,False,exponential,2521.3235927925643,0.3018234586893088,0.0,0.6578973426194011,False,,8812.399145445499,2
Mahihkan Battery 02-21,ABWI103131406504W400,1,2022-08-01,7,False,exponential,229.3475247131765,0.339748752082148,0.0,0.8693521222437628,False,,722.3861115655541,1
Mahihkan Battery 02-21,ABWI103131506504W400,1,2025-01-01,18,False,exponential,279.4998282405262,0.0557940232687669,0.0,0.8666921812252351,False,,3263.8801543692684,1
Mahihkan Battery 02-21,ABWI103132606504W400,3,2025-09-01,10,False,exponential,312.0251393707736,0.1902880515426055,0.0,0.9593285509429206,False,,1532.1542067633627,1
Mahihkan Battery 02-21,ABWI103132806504W400,2,2023-10-01,21,False,exponential,292.84471025934624,0.0708071156431687,0.0,0.9002041188161753,False,,3315.522174379648,1
Mahihkan Battery 02-21,ABWI103133406504W400,1,2024-04-01,10,False,harmonic,1455.7906355306,0.4732404102028694,1.0,0.7885484307513487,False,,6026.901313999092,1
Mahihkan Battery 02-21,ABWI103133406504W400,3,2025-09-01,10,False,exponential,686.4839412968174,0.0762086280082529,0.0,0.6431362388226528,False,,4989.395557769478,2
Mahihkan Battery 02-21,ABWI103133506504W400,3,2025-03-01,8,False,exponential,180.65255541764037,0.17804737736586,0.0,0.81576862887676,False,,841.0755953301691,1
Mahihkan Battery 02-21,ABWI103140306604W400,1,2022-09-01,16,False,exponential,360.0273807640887,0.1102373062923758,0.0,0.5615734935729373,False,,2858.0738978764175,1
Mahihkan Battery 02-21,ABWI103141006504W400,1,2022-08-01,14,False,exponential,452.5110345955571,0.0863843445427909,0.0,0.612508476876318,False,,3836.347746961371,1
Mahihkan Battery 02-21,ABWI103141406504W400,1,2023-01-01,24,False,exponential,223.9829431174887,0.1021038068593469,0.0,0.9012218211028108,False,,2108.5444480545484,1
Mahihkan Battery 02-21,ABWI103141506504W400,3,2023-11-01,11,False,exponential,548.3139273007008,0.0625274534267135,0.0,0.7627359309262773,False,,4498.850853625057,1
Mahihkan Battery 02-21,ABWI103141506504W400,4,2024-10-01,12,False,exponential,579.710497264787,0.0827072152904731,0.0,0.6781719846028232,False,,4596.139390343731,2
Mahihkan Battery 02-21,ABWI103141506504W400,5,2025-10-01,9,False,exponential,482.3144421461751,0.182443620642722,0.0,0.920903059818197,False,,2332.2245197612287,3
Mahihkan Battery 02-21,ABWI103142106604W400,2,2023-04-01,7,False,harmonic,100.5682033404353,0.9338444873119564,1.0,0.8983762015119194,False,,268.30404429916956,1
Mahihkan Battery 02-21,ABWI103142106604W400,5,2025-01-01,8,False,exponential,143.57850233156157,0.3052740554046492,0.0,0.7924264490322575,False,,498.2977697834316,2
Mahihkan Battery 02-21,ABWI103142606504W400,1,2022-08-01,16,False,harmonic,378.05138543612287,0.1074600425102023,1.0,0.8049378154191398,False,,3641.8991701739124,1
Mahihkan Battery 02-21,ABWI103142906504W400,1,2022-08-01,7,False,exponential,179.6485175925474,0.2950670419279765,0.0,0.7921925136980505,False,,613.9539641050559,1
Mahihkan Battery 02-21,ABWI103142906504W400,3,2024-12-01,19,False,harmonic,350.50341020717104,0.1159560539710292,1.0,0.9415572225012154,False,,3642.4667126516224,2
Mahihkan Battery 02-21,ABWI103151006504W400,1,2022-06-01,10,False,harmonic,216.5055299006075,0.5575044741479751,1.0,0.8445691831515949,False,,832.7059223412347,1
Mahihkan Battery 02-21,ABWI103151006504W400,4,2024-01-01,9,False,harmonic,130.88072479732875,0.2651943762951178,1.0,0.8337420577847195,False,,650.7782848824756,2
Mahihkan Battery 02-21,ABWI103151006504W400,5,2024-10-01,14,False,exponential,299.971840137327,0.1855016671224567,0.0,0.8642122744184617,False,,1639.7215720241943,3
Mahihkan Battery 02-21,ABWI103151406504W400,4,2026-01-01,6,False,exponential,98.40462966211852,0.5511176155278436,0.0,0.9740051241410422,False,,223.74465845313006,1
Mahihkan Battery 02-21,ABWI103151506504W400,2,2023-09-01,9,False,harmonic,190.24803520422023,0.2522672095151208,1.0,0.922496106097486,False,,963.2448264770176,1
Mahihkan Battery 02-21,ABWI103151706604W400,1,2023-07-01,6,False,harmonic,676.2130456255131,1.5808196395999166,1.0,0.9762522156124148,False,,1386.7532734269073,1
Mahihkan Battery 02-21,ABWI103151706604W400,4,2025-01-01,6,False,exponential,877.3178790625999,0.2507511621513204,0.0,0.925017896971386,False,,3077.0572868883664,2
Mahihkan Battery 02-21,ABWI103151706604W400,6,2025-11-01,8,False,exponential,554.6080766215566,0.1570300212633946,0.0,0.776168100260814,False,,2729.7983541994563,3
Mahihkan Battery 02-21,ABWI103152106604W400,1,2023-04-01,11,False,harmonic,67.55877796142977,0.1311124578296064,1.0,0.663891131496395,False,,480.6563951130288,1
Mahihkan Battery 02-21,ABWI103152706504W400,2,2023-06-01,10,False,harmonic,384.0130316296208,0.5190772807654328,1.0,0.5563589224328156,False,,1525.4664717046003,1
Mahihkan Battery 02-21,ABWI103152706504W400,4,2025-03-01,16,False,harmonic,325.0858845308711,0.0405818856527841,1.0,0.7418651855678599,False,,4072.854485886602,2
Mahihkan Battery 02-21,ABWI103160506604W400,4,2026-01-01,6,False,exponential,238.97364784179052,0.1202617598682777,0.0,0.8700086530687619,False,,1084.047267106765,1
Mahihkan Battery 02-21,ABWI103160906604W400,2,2023-08-01,8,False,exponential,408.5200218275387,0.1362920174838282,0.0,0.9145865795980176,False,,2128.642160639083,1
Mahihkan Battery 02-21,ABWI103160906604W400,3,2024-04-01,6,False,exponential,340.0476476320511,0.1001020576465561,0.0,0.6373330296418205,False,,1611.8829297289244,2
Mahihkan Battery 02-21,ABWI103161006504W400,3,2024-01-01,14,False,harmonic,418.1814677749453,0.1347383447612501,1.0,0.7105476007196574,False,,3430.6112492048073,1
Mahihkan Battery 02-21,ABWI103161506504W400,1,2023-03-01,7,False,exponential,133.00169461047454,0.2970187213509663,0.0,0.82428816949387,False,,452.85973476108967,1
Mahihkan Battery 02-21,ABWI103161506504W400,4,2025-08-01,6,False,exponential,177.6510203861927,0.4281218718614676,0.0,0.922498049939566,False,,471.0083393649456,2
Mahihkan Battery 02-21,ABWI103161606504W400,2,2023-12-01,30,False,exponential,287.1190389020282,0.0844438486970194,0.0,0.8484106302692738,False,,3264.1856951478508,1
Mahihkan Battery 02-21,ABWI103162706504W400,4,2025-05-01,14,False,harmonic,526.536353065301,0.061750149861901,1.0,0.664498362725904,False,,5436.1948930241215,1
Mahihkan Battery 02-21,ABWI103162906504W400,4,2024-05-01,6,False,harmonic,178.3382799287701,0.4140793164832919,1.0,0.6525285812778696,False,,606.7616266709431,1
Mahihkan Battery 02-21,ABWI103163306504W400,3,2025-02-01,10,False,harmonic,1176.9640899104847,0.254275101074375,1.0,0.827995326736389,False,,6300.033731030262,1
Mahihkan Battery 02-21,ABWI103163306504W400,4,2025-12-01,7,False,harmonic,645.2305205641209,0.2830591919307037,1.0,0.7978503463269261,False,,2717.907549843592,2
Mahihkan Battery 02-21,ABWI104010306604W400,3,2024-05-01,8,False,harmonic,159.70508854711147,0.1032935691456849,1.0,0.5049731705091197,False,,968.3530546074782,1
Mahihkan Battery 02-21,ABWI104010306604W400,4,2025-01-01,8,False,exponential,202.13582079965653,0.1639793616348517,0.0,0.6476523492061146,False,,976.5608014653044,2
Mahihkan Battery 02-21,ABWI104010406604W400,2,2023-07-01,10,False,exponential,430.9549102046335,0.1121086154441685,0.0,0.5673068573506943,False,,2739.159670800527,1
Mahihkan Battery 02-21,ABWI104010406604W400,5,2025-08-01,7,False,harmonic,300.0687717706064,0.1064714354946989,1.0,0.7615725322365716,False,,1635.4428758873387,2
Mahihkan Battery 02-21,ABWI104012106504W400,1,2023-01-01,15,False,exponential,197.64740330896947,0.1074494045130112,0.0,0.7997005893329088,False,,1552.9241028083195,1
Mahihkan Battery 02-21,ABWI104012206504W400,2,2023-05-01,6,False,exponential,295.06385401731507,0.2444345639033618,0.0,0.841384230796182,False,,1046.7498386058396,1
Mahihkan Battery 02-21,ABWI104012206504W400,5,2025-08-01,11,False,harmonic,602.7331733966133,0.1570803401170344,1.0,0.7097500858351449,False,,4048.3322564197033,2
Mahihkan Battery 02-21,ABWI104013306504W400,3,2023-12-01,11,False,harmonic,1747.5903641596356,0.1812346482025268,1.0,0.8200260709456149,False,,11178.198675870648,1
Mahihkan Battery 02-21,ABWI104013406504W400,3,2024-01-01,11,False,harmonic,538.3622846428609,0.153756131608414,1.0,0.7329657552769296,False,,3641.5902562974366,1
Mahihkan Battery 02-21,ABWI104020906604W400,2,2024-04-01,13,False,exponential,996.8160337233448,0.1110991769862052,0.0,0.714999536656326,False,,7243.4946773106085,1
Mahihkan Battery 02-21,ABWI104021506504W400,1,2024-03-01,28,False,exponential,346.961869094466,0.052469586952698,0.0,0.9061498898555772,False,,5225.648331388956,1
Mahihkan Battery 02-21,ABWI104022106604W400,1,2023-04-01,7,False,harmonic,44.783756120866016,0.9750859636068256,1.0,0.5950481740748469,False,,117.34565535692626,1
Mahihkan Battery 02-21,ABWI104022106604W400,5,2025-03-01,8,False,exponential,355.1744448810994,0.2142937482922057,0.0,0.6704711029292951,False,,1509.7530983567538,2
Mahihkan Battery 02-21,ABWI104022106604W400,6,2025-11-01,8,False,harmonic,200.51537430599348,1.3180651320794643,1.0,0.9321903717613031,False,,483.13761358600914,3
Mahihkan Battery 02-21,ABWI104022706504W400,1,2022-07-01,7,False,harmonic,204.3270257408348,0.7692990025675591,1.0,0.546517198565278,False,,590.7280604320594,1
Mahihkan Battery 02-21,ABWI104022706504W400,3,2024-06-01,22,False,exponential,414.4035209160359,0.2722837364532743,0.0,0.7533219722051681,False,,1734.1961527553824,2
Mahihkan Battery 02-21,ABWI104022806504W400,3,2024-05-01,20,False,exponential,709.7446536084678,0.0868166659106826,0.0,0.8288531204170456,False,,7031.610406004843,1
Mahihkan Battery 02-21,ABWI104022806504W400,4,2026-01-01,6,False,harmonic,178.74437202923457,0.7318050919934874,1.0,0.7246180510906239,False,,494.3281270846936,2
Mahihkan Battery 02-21,ABWI104030306604W400,1,2022-08-01,7,False,exponential,157.94412887145,0.231174891089015,0.0,0.8307392944151512,False,,613.5273357286612,1
Mahihkan Battery 02-21,ABWI104030306604W400,4,2024-09-01,8,False,harmonic,82.39632191487655,0.2573433765272505,1.0,0.8014675104022875,False,,387.2595939788795,2
Mahihkan Battery 02-21,ABWI104030306604W400,5,2025-05-01,7,False,harmonic,63.11645586686601,0.7242392384926541,1.0,0.8161769414562918,False,,187.05509649852968,3
Mahihkan Battery 02-21,ABWI104030906604W400,5,2024-10-01,10,False,harmonic,656.7337610881377,0.2530232592079079,1.0,0.7793311967218717,False,,3521.930892670717,1
Mahihkan Battery 02-21,ABWI104030906604W400,7,2025-12-01,7,False,harmonic,659.0147142980431,0.6345619046127564,1.0,0.9916020450115204,False,,2060.8442606916483,2
Mahihkan Battery 02-21,ABWI104031006604W400,1,2023-02-01,13,False,harmonic,516.9197602638651,0.5112926375019615,1.0,0.5451324408171799,False,,2302.4669489077382,1
Mahihkan Battery 02-21,ABWI104031006604W400,3,2024-11-01,6,False,exponential,281.01549731933545,0.7853409203572812,0.0,0.8882036093999984,False,,511.896828048726,2
Mahihkan Battery 02-21,ABWI104031006604W400,4,2025-05-01,9,False,harmonic,106.27528579630082,0.1571307421979412,1.0,0.9022561622495644,False,,628.3826831790681,3
Mahihkan Battery 02-21,ABWI104031506504W400,1,2023-07-01,15,False,exponential,458.7120464235207,0.0559807570014361,0.0,0.6594599227144736,False,,4787.128644632233,1
Mahihkan Battery 02-21,ABWI104031506504W400,2,2024-10-01,19,False,exponential,167.1884896612519,0.1392231654772426,0.0,0.8881146168438084,False,,1195.0808471090904,2
Mahihkan Battery 02-21,ABWI104032806604W400,1,2022-08-01,6,False,exponential,145.72642336837524,0.6779485654414341,0.0,0.8405895737976088,False,,290.91943371428437,1
Mahihkan Battery 02-21,ABWI104033306604W400,1,2022-09-01,18,False,harmonic,230.63290632979283,0.1765639131452689,1.0,0.9242298012222644,False,,1958.6411878201332,1
Mahihkan Battery 02-21,ABWI104033506504W402,1,2024-07-01,9,False,harmonic,155.8715849738743,0.6429336187437499,1.0,0.9169181410537868,False,,538.5761068074554,1
Mahihkan Battery 02-21,ABWI104040306604W400,2,2024-03-01,11,False,harmonic,1181.9022384765692,0.156842998107979,1.0,0.75341403696734,False,,7942.372282415585,1
Mahihkan Battery 02-21,ABWI104040306604W400,3,2025-02-01,17,False,harmonic,972.73565519575,0.4043441877635702,1.0,0.9258414120538302,False,,5420.646583309613,2
Mahihkan Battery 02-21,ABWI104042206504W400,2,2023-05-01,11,False,exponential,185.14440312705767,0.097586741403373,0.0,0.7069358458807459,False,,1310.6267637417225,1
Mahihkan Battery 02-21,ABWI104042606504W400,2,2024-03-01,8,False,exponential,10.47193898367497,0.2551805266783193,0.0,0.8877486927833278,False,,40.45872703501077,1
Mahihkan Battery 02-21,ABWI104042706504W400,1,2022-06-01,6,False,harmonic,316.6488588317522,0.3921297790866438,1.0,0.6212671311868898,False,,1097.2991897488314,1
Mahihkan Battery 02-21,ABWI104042706504W400,2,2022-12-01,7,False,exponential,230.2211800223714,0.1912414519825976,0.0,0.8074487327580523,False,,975.8304955435451,2
Mahihkan Battery 02-21,ABWI104042706504W400,3,2023-07-01,8,False,harmonic,76.7341724143334,1.6013289382751044,1.0,0.7537011504672223,False,,170.11196057199956,3
Mahihkan Battery 02-21,ABWI104042806504W400,2,2023-01-01,9,False,exponential,153.0803870311669,0.0864209201244651,0.0,0.6298968055236276,False,,999.5183271555969,1
Mahihkan Battery 02-21,ABWI104043306504W400,1,2023-10-01,16,False,exponential,155.74022392219288,0.1230859148960853,0.0,0.8247265370863964,False,,1157.1101595261073,1
Mahihkan Battery 02-21,ABWI104043406504W400,1,2023-02-01,11,False,harmonic,424.13874707961065,0.1307797094789175,1.0,0.5161576768790956,False,,3019.937300299697,1
Mahihkan Battery 02-21,ABWI104051006604W400,1,2022-11-01,7,False,exponential,2240.535184362201,0.2035096119623849,0.0,0.9741083635713638,False,,9240.013632752207,1
Mahihkan Battery 02-21,ABWI104051006604W400,2,2023-06-01,11,False,exponential,1302.944738046932,0.1176126882088944,0.0,0.7624084792070407,False,,8522.202604313057,2
Mahihkan Battery 02-21,ABWI104051006604W400,6,2025-12-01,7,False,exponential,837.7863420233213,0.2990302122882563,0.0,0.8185361814249468,False,,2841.7808972787784,3
Mahihkan Battery 02-21,ABWI104052206504W400,1,2022-08-01,16,False,exponential,178.7925318017599,0.2040729834363006,0.0,0.7862255578599386,False,,931.565617615566,1
Mahihkan Battery 02-21,ABWI104052206504W400,3,2024-06-01,13,False,exponential,84.10980668319355,0.0433114662529886,0.0,0.5114593370157143,False,,854.3151789793375,2
Mahihkan Battery 02-21,ABWI104052606504W400,5,2025-10-01,9,False,harmonic,117.4674211818247,1.8057676023750728,1.0,0.9552635915463008,False,,255.25168914384287,1
Mahihkan Battery 02-21,ABWI104061506504W400,5,2024-12-01,8,False,exponential,288.9152148140265,0.3260016739994276,0.0,0.821481588813757,False,,962.0113096472082,1
Mahihkan Battery 02-21,ABWI104062206504W400,2,2025-12-01,7,False,harmonic,206.4025061402752,0.3350175171634295,1.0,0.7412457930388364,False,,821.4727277747484,1
Mahihkan Battery 02-21,ABWI104062706504W400,1,2022-08-01,9,False,harmonic,77.94817110368373,0.291853274425529,1.0,0.6691526472583574,False,,374.0476187724354,1
Mahihkan Battery 02-21,ABWI104063306604W400,1,2022-08-01,25,False,exponential,231.89587748819253,0.0758495207778722,0.0,0.9061943556595832,False,,2698.0990926850386,1
Mahihkan Battery 02-21,ABWI104063406504W400,1,2024-03-01,28,False,exponential,514.2151906730685,0.0320825476482635,0.0,0.6882090602923181,False,,9653.629922524024,1
Mahihkan Battery 02-21,ABWI104063506504W400,1,2022-08-01,11,False,exponential,282.8557496558252,0.1225826123968681,0.0,0.9451857731595704,False,,1815.1728722499065,1
Mahihkan Battery 02-21,ABWI104063506504W400,2,2023-07-01,6,False,harmonic,136.49174417395977,0.3805841261781401,1.0,0.8249983113096793,False,,477.7186277323379,2
Mahihkan Battery 02-21,ABWI104063506504W400,4,2024-10-01,17,False,harmonic,376.9282370203901,0.2002725515359491,1.0,0.8831324025203983,False,,2942.091925483296,3
Mahihkan Battery 02-21,ABWI104071506504W400,3,2024-06-01,17,False,exponential,590.1134944702285,0.0863225507402297,0.0,0.8950526139448264,False,,5490.691430463154,1
Mahihkan Battery 02-21,ABWI104072106604W400,2,2023-07-01,12,False,harmonic,878.7129748718539,0.9337867010593516,1.0,0.9473241314618488,False,,2821.0939756741063,1
Mahihkan Battery 02-21,ABWI104072206504W400,2,2024-01-01,7,False,harmonic,503.3683459715161,0.8072322892455067,1.0,0.9303299189920948,False,,1426.6648320027691,1
Mahihkan Battery 02-21,ABWI104072206504W400,3,2024-08-01,8,False,exponential,138.15125455169067,0.345546232660207,0.0,0.5837625995645728,False,,443.05418421861503,2
Mahihkan Battery 02-21,ABWI104072206504W400,4,2025-04-01,8,False,harmonic,101.503752596958,1.159589586997556,1.0,0.9366859420357452,False,,258.5723235445183,3
Mahihkan Battery 02-21,ABWI104072206604W400,4,2025-10-01,9,False,harmonic,877.983889893968,0.581022701314957,1.0,0.8452798884513679,False,,3172.855767358631,1
Mahihkan Battery 02-21,ABWI104072606504W400,5,2025-05-01,10,False,harmonic,115.21397811815608,0.3691945368163402,1.0,0.7262518496070033,False,,531.0775892628556,1
Mahihkan Battery 02-21,ABWI104073406504W400,2,2023-03-01,7,False,exponential,16.592283757406214,0.5416806710614057,0.0,0.965671784966425,False,,38.77775201162385,1
Mahihkan Battery 02-21,ABWI104073506504W400,4,2025-06-01,13,False,exponential,275.27815724974295,0.1258661282976192,0.0,0.8124327668945069,False,,1874.3974052145397,1
Mahihkan Battery 02-21,ABWI104080406604W400,1,2023-12-01,7,False,harmonic,483.78486300938977,0.2153696460655479,1.0,0.7971572448134608,False,,2217.762896247767,1
Mahihkan Battery 02-21,ABWI104080406604W400,2,2024-07-01,11,False,exponential,484.8085071216684,0.0697521153497685,0.0,0.6588961764743423,False,,3854.884202988113,2
Mahihkan Battery 02-21,ABWI104080806604W400,1,2022-09-01,17,False,harmonic,1248.7333510832518,0.1150062359566761,1.0,0.5755602172608298,False,,12188.641167528032,1
Mahihkan Battery 02-21,ABWI104080806604W400,5,2025-12-01,7,False,exponential,776.115233745553,0.2449928586098944,0.0,0.8876940607655219,False,,2928.970687597769,2
Mahihkan Battery 02-21,ABWI104082106504W400,2,2024-05-01,14,False,exponential,38.24718956942312,0.2850311494158314,0.0,0.7283022891989746,False,,151.3651127215349,1
Mahihkan Battery 02-21,ABWI104082206504W400,2,2023-10-01,17,False,exponential,384.49749120552974,0.0686609798717237,0.0,0.6106437999075803,False,,3991.0267228582725,1
Mahihkan Battery 02-21,ABWI104082206504W400,4,2025-08-01,11,False,harmonic,580.9742680161221,0.5170348603548912,1.0,0.8025023142708246,False,,2406.13562853406,2
Mahihkan Battery 02-21,ABWI104082706504W400,1,2023-01-01,10,False,exponential,458.1969721154276,0.1372596737021751,0.0,0.9167467674452884,False,,2667.0675987354175,1
Mahihkan Battery 02-21,ABWI104082706504W400,3,2024-04-01,11,False,harmonic,243.89149786988835,0.1830210904037169,1.0,0.6434212297963846,False,,1554.6345927850468,2
Mahihkan Battery 02-21,ABWI104082706504W400,4,2025-03-01,6,False,exponential,178.95150466544865,0.2964224536682405,0.0,0.7770130294812184,False,,579.7805470018696,3
Mahihkan Battery 02-21,ABWI104082706504W400,6,2026-01-01,6,False,exponential,180.01402300229313,0.3613186617170663,0.0,0.8765697015701411,False,,525.7086049427863,4
Mahihkan Battery 02-21,ABWI104082806504W400,2,2023-06-01,9,False,exponential,274.1402313283821,0.1083014006477857,0.0,0.8484847536269107,False,,1663.1145118885568,1
Mahihkan Battery 02-21,ABWI104090306604W400,1,2022-12-01,6,False,harmonic,118.1963185440331,1.6550060281282826,1.0,0.9924622734255656,False,,238.20795743685463,1
Mahihkan Battery 02-21,ABWI104090406604W400,1,2023-07-01,8,False,exponential,525.2371171682216,0.1400380577007918,0.0,0.889074084662995,False,,2708.3637599336357,1
Mahihkan Battery 02-21,ABWI104091006504W400,5,2024-12-01,11,False,harmonic,399.3771459732674,0.3634665675662032,1.0,0.8304119345506544,False,,1939.2379542346769,1
Mahihkan Battery 02-21,ABWI104091506504W400,3,2024-07-01,24,False,exponential,114.85502731742736,0.0740940880591434,0.0,0.7237245108736226,False,,1336.5737299209923,1
Mahihkan Battery 02-21,ABWI104091606504W400,1,2022-09-01,10,False,exponential,154.6695272429039,0.5345286225602103,0.0,0.8891252427510794,False,,371.7666049073014,1
Mahihkan Battery 02-21,ABWI104091606504W400,5,2025-06-01,7,False,harmonic,30.864877790677188,0.6503307851402002,1.0,0.8365808065094741,False,,95.56825088472218,2
Mahihkan Battery 02-21,ABWI104091606604W400,2,2024-08-01,23,False,harmonic,248.26425066354597,0.0542757449653584,1.0,0.5966340158645773,False,,3775.7497538258926,1
Mahihkan Battery 02-21,ABWI104092106504W400,1,2022-06-01,13,False,exponential,61.58040466921965,0.0893103255376839,0.0,0.5741943302105087,False,,495.0445252628728,1
Mahihkan Battery 02-21,ABWI104092106504W400,7,2025-10-01,9,False,harmonic,119.91154867314512,0.0859518515242994,1.0,0.5893125274959083,False,,826.1186002954228,2
Mahihkan Battery 02-21,ABWI104101506504W400,1,2022-09-01,10,False,exponential,54.12689309719531,0.3955455594673708,0.0,0.9750727311467308,False,,162.51121827148438,1
Mahihkan Battery 02-21,ABWI104101506504W400,3,2024-08-01,23,False,harmonic,349.71798170580115,0.424300958381538,1.0,0.8726444683355642,False,,2128.7910894828997,2
Mahihkan Battery 02-21,ABWI104102206604W400,3,2023-11-01,8,False,exponential,632.632054676437,0.3801131933076422,0.0,0.7448064683957951,False,,1905.0192622299655,1
Mahihkan Battery 02-21,ABWI104102206604W400,5,2024-12-01,15,False,exponential,1552.6206549235176,0.0990592278702058,0.0,0.8913931345552546,False,,12737.236970077134,2
Mahihkan Battery 02-21,ABWI104102706504W400,1,2022-06-01,8,False,exponential,129.36426238207503,0.2202611530891595,0.0,0.8108943653024119,False,,542.0296751442255,1
Mahihkan Battery 02-21,ABWI104102706504W400,3,2023-08-01,35,False,harmonic,147.69213901894696,0.0360747171365459,1.0,0.6733500382427811,False,,3384.4547280204806,2
Mahihkan Battery 02-21,ABWI104102806504W400,4,2024-01-01,7,False,harmonic,233.18355691263136,1.135309700850198,1.0,0.9265225238262248,False,,573.4657734458125,1
Mahihkan Battery 02-21,ABWI104111506504W400,1,2023-04-01,11,False,exponential,100.41972991438148,0.2095326609276369,0.0,0.7732239836062893,False,,478.21665061020065,1
Mahihkan Battery 02-21,ABWI104112206504W400,1,2022-09-01,8,False,exponential,278.60774083528406,0.2904499199718311,0.0,0.8133781850606381,False,,997.03782765368,1
Mahihkan Battery 02-21,ABWI104112206504W400,4,2024-12-01,6,False,harmonic,85.42750782913963,0.6961440550246076,1.0,0.803829743237476,False,,240.8013573693007,2
Mahihkan Battery 02-21,ABWI104112706504W400,1,2022-08-01,12,False,harmonic,83.18184239113069,0.2880149333164707,1.0,0.6277440842780955,False,,465.7053053216396,1
Mahihkan Battery 02-21,ABWI104112706504W400,4,2025-11-01,8,False,exponential,388.42078816345537,0.1206753186753727,0.0,0.9324732802386918,False,,2115.606229694582,2
Mahihkan Battery 02-21,ABWI104112806504W400,2,2023-05-01,8,False,harmonic,290.8693146169681,0.2343688440268548,1.0,0.8583958391478609,False,,1410.4307445355594,1
Mahihkan Battery 02-21,ABWI104112806504W400,4,2024-08-01,23,False,harmonic,450.5428290012142,0.0595087307178373,1.0,0.5485756380319607,False,,6660.824058870901,2
Mahihkan Battery 02-21,ABWI104112806604W400,2,2024-01-01,7,False,exponential,174.79478509356213,0.1538899689290552,0.0,0.5363456670730113,False,,808.1584788987877,1
Mahihkan Battery 02-21,ABWI104112806604W400,3,2024-08-01,9,False,harmonic,108.00775269311114,0.2392843047808479,1.0,0.6940931347640213,False,,557.2266732386809,2
Mahihkan Battery 02-21,ABWI104113506504W400,1,2022-05-01,7,False,harmonic,70.61453635643242,1.5586058720500853,1.0,0.970965213922597,False,,152.41895520081505,1
Mahihkan Battery 02-21,ABWI104120306604W400,1,2023-01-01,6,False,exponential,587.3553945474961,0.189543713012119,0.0,0.8128927037534192,False,,2310.813260520781,1
Mahihkan Battery 02-21,ABWI104120306604W400,2,2023-07-01,8,False,harmonic,294.34721816429726,0.2910159832960045,1.0,0.7299647819903601,False,,1325.5624331728898,2
Mahihkan Battery 02-21,ABWI104120406604W400,1,2023-10-01,14,False,harmonic,2428.8512171562265,0.8058601773464589,1.0,0.9518513200345,False,,8828.599504876489,1
Mahihkan Battery 02-21,ABWI104121006604W400,1,2022-11-01,25,False,harmonic,2946.659086718478,0.1942384503323037,1.0,0.7503686389840236,False,,28080.796311154416,1
Mahihkan Battery 02-21,ABWI104121006604W400,2,2024-12-01,9,False,harmonic,2281.529903479816,0.6255488611997637,1.0,0.9584141746526694,False,,7980.035628618566,2
Mahihkan Battery 02-21,ABWI104121506504W400,4,2023-11-01,16,False,harmonic,263.8157440112974,0.1469905752671296,1.0,0.6244096304027209,False,,2266.2994478855144,1
Mahihkan Battery 02-21,ABWI104121506504W400,6,2026-01-01,6,False,harmonic,187.5638861257893,0.3626840189941975,1.0,0.5728653734696221,False,,666.9448318705723,2
Mahihkan Battery 02-21,ABWI104122206504W400,2,2024-07-01,6,False,harmonic,93.99925638715062,0.2800492993529784,1.0,0.5563918058649477,False,,362.2654014262056,1
Mahihkan Battery 02-21,ABWI104122606504W400,1,2022-11-01,8,False,exponential,25.8123305488727,0.3052746955120923,0.0,0.6632239125678923,False,,89.5831182812343,1
Mahihkan Battery 02-21,ABWI104122606504W400,2,2023-07-01,17,False,harmonic,18.216554461245348,1.4098127218968095,1.0,0.5572141547120651,False,,52.19534656549859,2
Mahihkan Battery 02-21,ABWI104122706504W400,4,2025-03-01,16,False,harmonic,285.6353658507071,0.1192807195875887,1.0,0.7297864262097234,False,,2652.8228710627714,1
Mahihkan Battery 02-21,ABWI104131406504W400,1,2023-08-01,6,False,harmonic,45.12904234469707,1.6061047313579302,1.0,0.8903236147515066,False,,91.99180014971509,1
Mahihkan Battery 02-21,ABWI104131506504W400,2,2024-10-01,21,False,exponential,311.93285927625874,0.0360107930684641,0.0,0.5600473578269592,False,,4679.114628724736,1
Mahihkan Battery 02-21,ABWI104132606504W400,3,2024-01-01,30,False,exponential,467.1853821352104,0.0444091931419463,0.0,0.8515021768526485,False,,7917.260915799211,1
Mahihkan Battery 02-21,ABWI104132806504W400,1,2022-11-01,8,False,exponential,144.51876031338736,0.3202099414449563,0.0,0.8552783622471596,False,,486.7294533689645,1
Mahihkan Battery 02-21,ABWI104133506504W400,3,2025-09-01,10,False,harmonic,130.84579585375607,0.090713931564782,1.0,0.7244847469753941,False,,963.0550277958896,1
Mahihkan Battery 02-21,ABWI104141406504W400,1,2022-08-01,19,False,harmonic,525.5431337645665,0.0665555600853476,1.0,0.6734252278814141,False,,6603.35204568558,1
Mahihkan Battery 02-21,ABWI104141506504W400,4,2025-03-01,16,False,exponential,253.29028620518815,0.0571971603913021,0.0,0.7251431571479248,False,,2731.6626118202753,1
Mahihkan Battery 02-21,ABWI104142106504W400,1,2023-01-01,7,False,harmonic,263.3644656288531,0.5203769236894021,1.0,0.6967460595684996,False,,890.9444377122603,1
Mahihkan Battery 02-21,ABWI104142106504W400,3,2024-03-01,22,False,harmonic,552.6161761704296,0.362309122648743,1.0,0.8692220591431004,False,,3608.1635373961535,2
Mahihkan Battery 02-21,ABWI104142106604W400,3,2024-11-01,10,False,exponential,296.507736520629,0.2792293494650157,0.0,0.8679467470885897,False,,1142.4434274677826,1
Mahihkan Battery 02-21,ABWI104142106604W400,5,2026-01-01,6,False,harmonic,135.22188793438136,0.3452244855492443,1.0,0.8461138353272474,False,,488.55642181362515,2
Mahihkan Battery 02-21,ABWI104142206504W400,1,2022-11-01,7,False,exponential,31.645875921772745,0.2835279504346126,0.0,0.8268947104273137,False,,110.56890702519969,1
Mahihkan Battery 02-21,ABWI104142806604W400,1,2023-12-01,13,False,exponential,98.59703512955366,0.1214614486754855,0.0,0.7745595674170265,False,,684.3129351884677,1
Mahihkan Battery 02-21,ABWI104151006504W400,3,2024-01-01,8,False,harmonic,140.4804249064976,1.1315313008018348,1.0,0.8372243498803804,False,,361.7093441917117,1
Mahihkan Battery 02-21,ABWI104151006504W400,5,2025-01-01,12,False,harmonic,204.8440223604308,0.1302305616013708,1.0,0.6177836665875556,False,,1544.6055652500513,2
Mahihkan Battery 02-21,ABWI104151406504W400,1,2023-03-01,10,False,exponential,232.09577707702948,0.1353982821435355,0.0,0.8197992128732583,False,,1359.5802430340987,1
Mahihkan Battery 02-21,ABWI104151406504W400,2,2024-01-01,9,False,harmonic,99.05659769478127,0.3707647293917546,1.0,0.6700336594258942,False,,432.9439355240479,2
Mahihkan Battery 02-21,ABWI104151406504W400,3,2024-10-01,8,False,exponential,174.97169885207697,0.4478144814122816,0.0,0.8356290051866859,False,,471.23944610039575,3
Mahihkan Battery 02-21,ABWI104151406504W400,4,2025-06-01,7,False,harmonic,61.45635143315671,0.5158823756301306,1.0,0.8315048066554965,False,,208.60515793064042,4
Mahihkan Battery 02-21,ABWI104151506504W400,1,2023-10-01,10,False,harmonic,156.47771107824627,0.99298042806836,1.0,0.9439196639193512,False,,459.8411323473018,1
Mahihkan Battery 02-21,ABWI104151506504W400,4,2026-01-01,6,False,harmonic,147.20137467628606,1.6206134351001409,1.0,0.7264911840722796,False,,299.03441839557183,2
Mahihkan Battery 02-21,ABWI104151606504W400,2,2022-10-01,9,False,exponential,185.73663849122968,0.5065586585383263,0.0,0.8533410398351391,False,,462.44508189913506,1
Mahihkan Battery 02-21,ABWI104151706604W400,4,2025-11-01,8,False,exponential,744.067152858689,0.1290144333350003,0.0,0.6633416832005319,False,,3957.339843115896,1
Mahihkan Battery 02-21,ABWI104152106504W400,2,2022-12-01,13,False,harmonic,18.519385422967552,0.3463768920849718,1.0,0.68247665771032,False,,99.26205938436327,1
Mahihkan Battery 02-21,ABWI104152106504W400,5,2025-04-01,8,False,harmonic,12.457749069189957,0.364913336350831,1.0,0.7480711864092513,False,,51.61988813351522,2
Mahihkan Battery 02-21,ABWI104152706504W400,4,2025-05-01,14,False,harmonic,398.23724906948974,0.0934189588057727,1.0,0.728071432894569,False,,3680.53146426575,1
Mahihkan Battery 02-21,ABWI104152906504W400,2,2024-07-01,8,False,harmonic,377.5401482496133,0.0885073474637741,1.0,0.5492544500838737,False,,2363.7213626317825,1
Mahihkan Battery 02-21,ABWI104152906504W400,4,2025-10-01,9,False,harmonic,406.4413727198113,0.07688261469395,1.0,0.5336155776473768,False,,2864.8661506372455,2
Mahihkan Battery 02-21,ABWI104160506604W400,2,2023-12-01,15,False,exponential,559.1141813287016,0.1868921058957581,0.0,0.9625892358369748,False,,3081.1236827502153,1
Mahihkan Battery 02-21,ABWI104160506604W400,4,2025-07-01,6,False,harmonic,230.72234757173183,0.878791323787298,1.0,0.8822910585796837,False,,594.5164079771772,2
Mahihkan Battery 02-21,ABWI104160506604W400,5,2026-01-01,6,False,exponential,291.5416167145478,0.2175163166196527,0.0,0.8170616109674658,False,,1086.9923997085014,3
Mahihkan Battery 02-21,ABWI104160906604W400,4,2024-05-01,26,False,exponential,440.46969560846594,0.0722489181954683,0.0,0.8030176758144028,False,,5353.684892031117,1
Mahihkan Battery 02-21,ABWI104161506504W400,3,2024-09-01,22,False,hyperbolic,169.12076438929589,0.4285598740545072,1.9645866634017783,0.806552639695386,False,,1422.4439612521844,1
Mahihkan Battery 02-21,ABWI104161606504W400,1,2022-09-01,8,False,exponential,235.56264762402884,0.1717954387395334,0.0,0.827544740104363,False,,1114.7719529415942,1
Mahihkan Battery 02-21,ABWI104161606504W400,4,2024-10-01,21,False,harmonic,219.74273833955965,0.1665378880035043,1.0,0.9405050289922556,False,,2072.1320981657873,2
Mahihkan Battery 02-21,ABWI104163306504W400,1,2023-06-01,7,False,harmonic,285.21461453776,1.2822270577594794,1.0,0.6618335692483539,False,,666.8793142143513,1
Mahihkan Battery 02-21,ABWI104163306504W400,4,2025-11-01,8,False,harmonic,461.5211527680887,0.9157657170848652,1.0,0.6793874440898917,False,,1303.6265482580375,2
Mahihkan Battery 02-21,ABWI105010406604W400,2,2025-06-01,13,False,harmonic,567.3105972493121,0.0717481362343918,1.0,0.6581052992193495,False,,5349.525584732531,1
Mahihkan Battery 02-21,ABWI105011006604W400,4,2025-03-01,16,False,harmonic,379.95506204359737,0.2622246330248611,1.0,0.8082707363430937,False,,2548.977499394723,1
Mahihkan Battery 02-21,ABWI105012106504W400,4,2025-02-01,7,False,exponential,98.00335920963202,0.1699369692346692,0.0,0.8329788272299333,False,,436.2338186545785,1
Mahihkan Battery 02-21,ABWI105012206504W400,1,2023-03-01,6,False,exponential,220.5434099988373,0.2462470062289403,0.0,0.889121135458983,False,,779.8238519587717,1
Mahihkan Battery 02-21,ABWI105012206504W400,4,2025-11-01,8,False,exponential,203.1031721303161,0.1194840573986539,0.0,0.7086672991402364,False,,1110.040093716892,2
Mahihkan Battery 02-21,ABWI105012906504W400,3,2025-03-01,16,False,harmonic,259.21488535222034,0.0627520334597074,1.0,0.50625942627688,False,,2937.510957102628,1
Mahihkan Battery 02-21,ABWI105013406504W400,1,2024-01-01,30,False,harmonic,310.40573185741204,0.0251348576636943,1.0,0.5572234132738839,False,,7006.713999273069,1
Mahihkan Battery 02-21,ABWI105021506504W400,1,2022-08-01,14,False,exponential,153.11326356996818,0.1567814395719748,0.0,0.8829696018507586,False,,937.651429798571,1
Mahihkan Battery 02-21,ABWI105021506504W400,3,2025-04-01,15,False,harmonic,266.43728801417853,0.105696436425578,1.0,0.6585762633371993,False,,2478.168356933537,2
Mahihkan Battery 02-21,ABWI105022206504W400,2,2023-03-01,6,False,harmonic,179.19985667671514,0.3957287294237265,1.0,0.9401775592284144,False,,619.0938445907584,1
Mahihkan Battery 02-21,ABWI105022206504W400,5,2025-11-01,8,False,harmonic,200.5738904122477,0.1974088559004317,1.0,0.5424887458643131,False,,1026.8943278837785,2
Mahihkan Battery 02-21,ABWI105022706504W400,3,2024-05-01,6,False,harmonic,374.2394343577423,0.6809360578982042,1.0,0.958812925430441,False,,1063.7836398010036,1
Mahihkan Battery 02-21,ABWI105022706504W400,6,2025-10-01,9,False,harmonic,227.06730984295285,0.3151078227457898,1.0,0.8282840424736957,False,,1058.2309299031765,2
Mahihkan Battery 02-21,ABWI105022806604W400,2,2025-04-01,8,False,harmonic,319.38785897067146,1.774854676405789,1.0,0.8721976279853082,False,,678.1763491721155,1
Mahihkan Battery 02-21,ABWI105022806604W400,3,2025-12-01,7,False,exponential,78.83594040660039,0.1851385345515087,0.0,0.6975608724996962,False,,338.8177500420273,2
Mahihkan Battery 02-21,ABWI105023506504W400,1,2025-02-01,7,False,harmonic,201.2392114506592,0.3355870719819022,1.0,0.5720082908632438,False,,800.4517179832088,1
Mahihkan Battery 02-21,ABWI105023506504W400,2,2025-09-01,10,False,harmonic,150.17784141114677,0.3229477605156838,1.0,0.6301314044174993,False,,731.709133252392,2
Mahihkan Battery 02-21,ABWI105030906604W400,2,2024-12-01,9,False,harmonic,508.0233758206836,0.5026219871347849,1.0,0.5813714867965916,False,,1955.5170880104483,1
Mahihkan Battery 02-21,ABWI105030906604W400,4,2026-01-01,6,False,harmonic,268.0269327782872,0.2104402951088102,1.0,0.9574449641221914,False,,1118.5232699212272,2
Mahihkan Battery 02-21,ABWI105031506504W400,2,2023-06-01,25,False,exponential,123.37133695996263,0.0354596104767074,0.0,0.6542015659270619,False,,2081.906808028297,1
Mahihkan Battery 02-21,ABWI105032206504W400,1,2023-03-01,9,False,harmonic,107.97041884802309,0.602547511618637,1.0,0.5265393221348014,False,,383.9697431829416,1
Mahihkan Battery 02-21,ABWI105032206504W400,5,2025-03-01,7,False,exponential,98.35855053607608,0.1555420608613069,0.0,0.6336687462369142,False,,452.9634015932377,2
Mahihkan Battery 02-21,ABWI105032306504W400,1,2024-02-01,23,False,exponential,370.1654532691576,0.0891199859198299,0.0,0.7870803072962305,False,,3782.3709073725504,1
Mahihkan Battery 02-21,ABWI105032306504W400,2,2026-01-01,6,False,harmonic,167.03202451826846,0.2571902509972159,1.0,0.6753279568568258,False,,659.8763377143413,2
Mahihkan Battery 02-21,ABWI105033406504W400,1,2022-08-01,14,False,exponential,586.3927710255501,0.0654135888023997,0.0,0.7061589440160139,False,,5554.613788551644,1
Mahihkan Battery 02-21,ABWI105033406504W400,2,2023-10-01,6,False,exponential,368.9108729421544,0.1897492552463878,0.0,0.5526499949476982,False,,1450.809844050041,2
Mahihkan Battery 02-21,ABWI105040306604W400,4,2025-03-01,8,False,harmonic,429.0396268219969,0.2736183946822899,1.0,0.6252823163053083,False,,1974.4212589517094,1
Mahihkan Battery 02-21,ABWI105042206504W400,3,2024-02-01,29,False,hyperbolic,153.09276243753138,0.1465711219934264,1.871881515507674,0.9231608914258296,False,,2182.735043532986,1
Mahihkan Battery 02-21,ABWI105042306504W400,1,2022-10-01,9,False,harmonic,99.44737227961396,0.4882246423962323,1.0,0.688133792653314,False,,387.6050812680151,1
Mahihkan Battery 02-21,ABWI105042306504W400,2,2023-07-01,6,False,exponential,88.20107204509294,0.1845530058515004,0.0,0.6555112332938235,False,,350.4278842810669,2
Mahihkan Battery 02-21,ABWI105042306504W400,3,2024-01-01,8,False,harmonic,102.50377908165754,0.1859635221620165,1.0,0.6331765528523625,False,,534.3224219653777,3
Mahihkan Battery 02-21,ABWI105042306504W400,4,2024-09-01,8,False,harmonic,87.5749851125689,0.1819879493358109,1.0,0.6772991432272869,False,,459.4291763349252,4
Mahihkan Battery 02-21,ABWI105042306504W400,5,2025-05-01,6,False,exponential,78.53515282330522,0.201149478070045,0.0,0.5661212467009497,False,,302.08799456988515,5
Mahihkan Battery 02-21,ABWI105042706504W400,1,2023-03-01,28,False,harmonic,346.89614039640054,0.1279558268441909,1.0,0.6799120900141536,False,,4266.171945835108,1
Mahihkan Battery 02-21,ABWI105042806504W400,3,2024-03-01,12,False,harmonic,289.39343698809665,0.1451964811245246,1.0,0.7249236865047038,False,,2105.653345056017,1
Mahihkan Battery 02-21,ABWI105051006604W400,1,2022-11-01,7,False,harmonic,2497.523834475987,0.3616201030158053,1.0,0.7208619713216436,False,,9677.200863521433,1
Mahihkan Battery 02-21,ABWI105051006604W400,2,2023-06-01,7,False,harmonic,3273.571861852496,0.9219002044302702,1.0,0.8393041770299068,False,,8780.438462236336,2
Mahihkan Battery 02-21,ABWI105051006604W400,4,2024-12-01,15,False,harmonic,882.6426592784251,0.3396766179022629,1.0,0.9178320551573026,False,,5089.6878694009465,3
Mahihkan Battery 02-21,ABWI105051506504W400,2,2023-05-01,6,False,exponential,45.54996014594586,0.2063240425786592,0.0,0.933061538161106,False,,173.47686179427822,1
Mahihkan Battery 02-21,ABWI105051506504W400,4,2024-03-01,7,False,exponential,59.51979075778442,0.4459474379086933,0.0,0.9046570400234304,False,,158.13953983238687,2
Mahihkan Battery 02-21,ABWI105052706504W400,2,2023-03-01,12,False,harmonic,373.479466956028,0.2954934258204396,1.0,0.7178007390443093,False,,2068.198922741459,1
Mahihkan Battery 02-21,ABWI105052706504W400,4,2025-03-01,16,False,harmonic,356.4877970215776,0.1185774642318204,1.0,0.5373927211924374,False,,3317.871848251052,2
Mahihkan Battery 02-21,ABWI105060306604W400,2,2023-12-01,9,False,harmonic,492.9693091960805,0.722971100170678,1.0,0.8061353441079556,False,,1616.0435424836542,1
Mahihkan Battery 02-21,ABWI105060906604W400,1,2022-12-01,6,False,harmonic,298.5592014969497,0.1208716388285927,1.0,0.6649658832248888,False,,1411.8133741861507,1
Mahihkan Battery 02-21,ABWI105060906604W400,5,2025-05-01,8,False,exponential,203.3800634665387,0.1112833038068965,0.0,0.7839308406139203,False,,1138.3316594756498,2
Mahihkan Battery 02-21,ABWI105061506504W400,1,2023-06-01,11,False,harmonic,124.00934688286624,0.2082948484485131,1.0,0.6488224795099542,False,,754.3357689804218,1
Mahihkan Battery 02-21,ABWI105061506504W400,2,2024-05-01,6,False,harmonic,104.69458666540906,0.6288702788817003,1.0,0.6946443294298145,False,,306.6523820512993,2
Mahihkan Battery 02-21,ABWI105061506504W400,3,2024-11-01,11,False,exponential,48.67664284442268,0.3556325855406252,0.0,0.8270196034830527,False,,159.39804229417558,3
Mahihkan Battery 02-21,ABWI105062206504W400,1,2023-03-01,6,False,harmonic,37.402013476046456,0.6258595510189288,1.0,0.8075167455347052,False,,109.74815283081142,1
Mahihkan Battery 02-21,ABWI105062206504W400,3,2024-01-01,8,False,harmonic,23.83194007260462,1.327088761852357,1.0,0.663313478028941,False,,57.25342446836661,2
Mahihkan Battery 02-21,ABWI105062706504W400,1,2022-08-01,7,False,exponential,50.81555822129717,0.2635185087971817,0.0,0.8218751557831353,False,,184.68042059990984,1
Mahihkan Battery 02-21,ABWI105062806504W400,4,2025-12-01,7,False,harmonic,241.21690882835824,0.1587926875733085,1.0,0.9069599774495386,False,,1201.342972207422,1
Mahihkan Battery 02-21,ABWI105070306604W400,2,2023-12-01,6,False,exponential,133.6642009061958,0.4963088932034012,0.0,0.957309017502004,False,,324.2634360619807,1
Mahihkan Battery 02-21,ABWI105070306604W400,3,2024-06-01,6,False,exponential,110.5819050436154,0.2693219413367882,0.0,0.7647281762086235,False,,375.29715411572926,2
Mahihkan Battery 02-21,ABWI105070306604W400,5,2025-06-01,6,False,exponential,164.27137302649567,0.7529676586630172,0.0,0.993561721142358,False,,307.1238094504665,3
Mahihkan Battery 02-21,ABWI105072206504W400,1,2022-11-01,44,False,exponential,267.92886753379884,0.0212144902469757,0.0,0.7152467290106144,False,,7745.174291533629,1
Mahihkan Battery 02-21,ABWI105072706504W400,1,2022-12-01,12,False,harmonic,367.0269173033657,0.4225422774259889,1.0,0.7057543155948109,False,,1732.1407733126068,1
Mahihkan Battery 02-21,ABWI105072706504W400,5,2025-03-01,14,False,exponential,131.79667341356986,0.0816616164045761,0.0,0.7501704717225753,False,,1144.9526720936587,2
Mahihkan Battery 02-21,ABWI105073406504W400,3,2023-09-01,13,False,exponential,435.0543577891912,0.0920782181100967,0.0,0.5152975872775434,False,,3451.6331264808364,1
Mahihkan Battery 02-21,ABWI105073406504W400,5,2025-08-01,11,False,exponential,253.9009368318388,0.0818527305991127,0.0,0.7217955868764088,False,,1917.6386846530622,2
Mahihkan Battery 02-21,ABWI105073506504W400,3,2025-05-01,7,False,exponential,140.92352023238206,0.3062323985149652,0.0,0.8525820621856062,False,,471.6092568966531,1
Mahihkan Battery 02-21,ABWI105080406604W400,1,2025-07-01,12,False,exponential,371.3018985974962,0.04271971440997,0.0,0.5700948765794374,False,,3561.0603099428713,1
Mahihkan Battery 02-21,ABWI105081506504W400,1,2022-05-01,6,False,exponential,37.55159899244313,0.5995485200248912,0.0,0.9671821052141544,False,,80.99242326003449,1
Mahihkan Battery 02-21,ABWI105081506504W400,3,2023-06-01,6,False,exponential,10.315614045031824,0.3174466491586249,0.0,0.5808925389482453,False,,32.27979325800862,2
Mahihkan Battery 02-21,ABWI105081506504W400,6,2025-08-01,11,False,exponential,280.72612101421294,0.1517250739918332,0.0,0.861934657168094,False,,1618.3643781260334,3
Mahihkan Battery 02-21,ABWI105082706504W400,3,2024-09-01,6,False,harmonic,217.6068522352356,1.080526951316256,1.0,0.6935928138013667,False,,517.2166679891593,1
Mahihkan Battery 02-21,ABWI105082706504W400,5,2025-08-01,7,False,harmonic,126.66583686172298,0.7763969182504882,1.0,0.7436022541116016,False,,364.81945081349465,2
Mahihkan Battery 02-21,ABWI105082806504W400,3,2025-03-01,16,False,harmonic,356.3601712754999,0.0655914130354644,1.0,0.581020988697867,False,,3991.3448348338247,1
Mahihkan Battery 02-21,ABWI105082906504W400,6,2024-11-01,11,False,harmonic,155.56903472497618,0.5779121983036305,1.0,0.5361460541442371,False,,611.5596534502164,1
Mahihkan Battery 02-21,ABWI105083406504W400,4,2024-02-01,7,False,exponential,132.59545124745884,0.747008223365328,0.0,0.9091027515292815,False,,250.62787624945932,1
Mahihkan Battery 02-21,ABWI105091006504W400,2,2023-07-01,10,False,harmonic,219.96352598084607,0.130578533498199,1.0,0.6331267435040375,False,,1471.515754272222,1
Mahihkan Battery 02-21,ABWI105092106504W400,4,2025-07-01,7,False,exponential,82.47770479529133,0.2544125005710488,0.0,0.9191225166682344,False,,305.3097745686456,1
Mahihkan Battery 02-21,ABWI105092806504W400,2,2024-01-01,6,False,exponential,871.5804671504084,0.5877925770252872,0.0,0.8889697068733196,False,,1903.3866404166554,1
Mahihkan Battery 02-21,ABWI105092806504W400,3,2024-07-01,24,False,harmonic,189.92002808851112,0.1694260493261919,1.0,0.7250200528663028,False,,1897.6528322972426,2
Mahihkan Battery 02-21,ABWI105092906504W400,1,2022-06-01,11,False,exponential,316.98469037450906,0.1318239889308638,0.0,0.921579845610264,False,,1964.5743045867139,1
Mahihkan Battery 02-21,ABWI105093406504W400,3,2023-04-01,6,False,exponential,95.2772280702308,0.5267999899433079,0.0,0.9699717156322084,False,,222.7994281345134,1
Mahihkan Battery 02-21,ABWI105101006504W400,1,2022-07-01,8,False,exponential,517.2463882536159,0.4576140550849939,0.0,0.790140838200027,False,,1372.377508720657,1
Mahihkan Battery 02-21,ABWI105101406504W400,2,2025-03-01,11,False,exponential,242.26139996628436,0.1289013298815894,0.0,0.6984164834511839,False,,1517.9613137006515,1
Mahihkan Battery 02-21,ABWI105101506504W400,1,2022-11-01,11,False,exponential,94.10545400031364,0.4285706718679151,0.0,0.9177617655103408,False,,267.56240520007685,1
Mahihkan Battery 02-21,ABWI105102106504W400,1,2022-10-01,9,False,harmonic,15.452057289237612,1.916366774626148,1.0,0.9364554032020608,False,,32.73524450690912,1
Mahihkan Battery 02-21,ABWI105102706504W400,2,2023-07-01,6,False,harmonic,79.43173999677299,0.1750662614954617,1.0,0.5698217267954754,False,,347.0149374553801,1
Mahihkan Battery 02-21,ABWI105102706504W400,4,2024-09-01,8,False,exponential,129.17811036077626,0.3715770586876283,0.0,0.8484173505959238,False,,394.9300089098269,2
Mahihkan Battery 02-21,ABWI105102806504W400,2,2023-10-01,14,False,harmonic,127.96570314164036,0.0519114771766402,1.0,0.5855516821753094,False,,1373.8374951478256,1
Mahihkan Battery 02-21,ABWI105102806504W400,4,2025-12-01,7,False,harmonic,145.1539438925351,0.11630942333061,1.0,0.6350526639744865,False,,776.8889222552101,2
Mahihkan Battery 02-21,ABWI105103406504W400,2,2023-03-01,7,False,harmonic,73.13297651399547,0.4194396811033753,1.0,0.7050871397555083,False,,268.52978131772335,1
Mahihkan Battery 02-21,ABWI105112206504W400,2,2024-01-01,13,False,exponential,198.86803700892992,0.0857264989867219,0.0,0.6940933519181609,False,,1626.4415398524957,1
Mahihkan Battery 02-21,ABWI105112206504W400,4,2025-08-01,11,False,harmonic,114.26418387611638,0.0905834008226429,1.0,0.5804195564649013,False,,901.2519558563985,2
Mahihkan Battery 02-21,ABWI105112806504W400,3,2024-02-01,17,False,exponential,174.37487154947974,0.1078793374359822,0.0,0.787892290798061,False,,1432.6927197029484,1
Mahihkan Battery 02-21,ABWI105112806604W400,2,2024-01-01,14,False,harmonic,161.9036240563637,0.2138609608930129,1.0,0.7717528391295849,False,,1111.7444266581542,1
Mahihkan Battery 02-21,ABWI105112806604W400,4,2025-07-01,6,False,exponential,108.85346055383134,0.35711145714694,0.0,0.836316428088719,False,,319.94239035599924,2
Mahihkan Battery 02-21,ABWI105113406504W400,1,2024-02-01,29,False,hyperbolic,433.3394453839116,0.4125944845472676,1.8101300398953184,0.7844831800815155,False,,4135.40606854204,1
Mahihkan Battery 02-21,ABWI105120306604W400,1,2022-06-01,7,False,exponential,544.3969389972176,0.1133575940950184,0.0,0.8213047829398217,False,,2782.4292664798922,1
Mahihkan Battery 02-21,ABWI105120306604W400,2,2023-01-01,6,False,harmonic,682.2592725331793,1.267285362311573,1.0,0.9868068932895686,False,,1523.6915189872639,2
Mahihkan Battery 02-21,ABWI105120306604W400,4,2024-06-01,25,False,harmonic,603.9417415411125,0.0331903923024903,1.0,0.6057346389071498,False,,11132.024477299978,3
Mahihkan Battery 02-21,ABWI105120406604W400,1,2023-08-01,14,False,exponential,2728.254954610383,0.212156542049914,0.0,0.9111816321639916,False,,13539.899206944114,1
Mahihkan Battery 02-21,ABWI105120406604W400,4,2025-12-01,7,False,harmonic,1263.9185662066643,1.5761804156029278,1.0,0.8724197396209441,False,,2715.7702380206997,2
Mahihkan Battery 02-21,ABWI105121006604W400,2,2024-09-01,16,False,harmonic,3327.651879826177,0.122809103225764,1.0,0.8362461602558651,False,,30582.46010966033,1
Mahihkan Battery 02-21,ABWI105121006604W400,3,2026-01-01,6,False,harmonic,1865.362079660217,1.4038554673798531,1.0,0.7316715112932048,False,,4003.749206988545,2
Mahihkan Battery 02-21,ABWI105121506504W400,2,2024-05-01,7,False,exponential,57.774160136085285,0.9109052386345806,0.0,0.9971961646991964,False,,96.47375087095524,1
Mahihkan Battery 02-21,ABWI105121506504W400,6,2026-01-01,6,False,harmonic,25.541839488222124,1.5727037523687333,1.0,0.5818297410618982,False,,52.483135481991354,2
Mahihkan Battery 02-21,ABWI105122206504W400,1,2022-08-01,18,False,exponential,409.79023203601713,0.0858841438757597,0.0,0.8175083986982421,False,,3918.094311598142,1
Mahihkan Battery 02-21,ABWI105123406504W400,2,2024-03-01,8,False,exponential,539.3353690001145,0.2030880510808564,0.0,0.8127669933084865,False,,2356.4611139731596,1
Mahihkan Battery 02-21,ABWI105123506504W400,3,2025-05-01,14,False,exponential,454.3004643293754,0.0963484353444812,0.0,0.7571211699551131,False,,3662.3434313822886,1
Mahihkan Battery 02-21,ABWI105130306604W400,1,2022-07-01,18,False,harmonic,1031.9157289866705,0.3083821843120912,1.0,0.8167587072988753,False,,6752.414790744494,1
Mahihkan Battery 02-21,ABWI105130306604W400,3,2024-06-01,21,False,harmonic,501.45586095938506,0.0632019258179405,1.0,0.7417916831015301,False,,6847.018217820627,2
Mahihkan Battery 02-21,ABWI105132606504W400,1,2022-08-01,6,False,harmonic,117.44041560596617,0.9681886299070896,1.0,0.9142216805520758,False,,291.3902767250873,1
Mahihkan Battery 02-21,ABWI105132606504W400,5,2024-12-01,9,False,harmonic,202.04574241758365,0.5352283314327545,1.0,0.7671607858252627,False,,756.8616352990073,2
Mahihkan Battery 02-21,ABWI105132606504W400,6,2025-09-01,7,False,harmonic,140.09855905304377,0.4117658073836391,1.0,0.6295962966852293,False,,517.933396996886,3
Mahihkan Battery 02-21,ABWI105132806504W400,1,2022-09-01,10,False,harmonic,142.29833090089275,0.6778606504572924,1.0,0.8969940882502665,False,,500.22682348355346,1
Mahihkan Battery 02-21,ABWI105133506504W400,1,2022-08-01,19,False,exponential,39.92372160732664,0.1082694202214289,0.0,0.987145942649121,False,,339.3351055755872,1
Mahihkan Battery 02-21,ABWI105141406504W402,1,2025-07-01,12,False,harmonic,527.0155283208805,0.1115366380835376,1.0,0.7234265571879321,False,,4168.668102023307,1
Mahihkan Battery 02-21,ABWI105141506504W400,3,2024-11-01,8,False,harmonic,185.4832746766315,0.1806057025704531,1.0,0.8558031939462316,False,,975.2494841936202,1
Mahihkan Battery 02-21,ABWI105141506504W400,4,2025-07-01,12,False,harmonic,142.99287374052537,0.253250904326143,1.0,0.7919879026109369,False,,844.8313744055953,2
Mahihkan Battery 02-21,ABWI105142806604W400,1,2023-04-01,7,False,harmonic,151.90200375820103,0.3235443863853762,1.0,0.8084814354655743,False,,611.8638772953502,1
Mahihkan Battery 02-21,ABWI105142806604W400,2,2023-11-01,6,False,harmonic,104.55476761671494,0.7348655723435571,1.0,0.6953558341365007,False,,288.69075942067576,2
Mahihkan Battery 02-21,ABWI105142806604W400,4,2025-04-01,9,False,harmonic,661.2713463870915,0.6738322952791616,1.0,0.8374369043349954,False,,2237.433243805812,3
Mahihkan Battery 02-21,ABWI105142806604W400,5,2026-01-01,6,False,exponential,177.86951367521567,0.2314729282077541,0.0,0.6510933326220845,False,,646.1371356118167,4
Mahihkan Battery 02-21,ABWI105151006504W400,4,2024-01-01,9,False,exponential,129.10716381586866,0.2429795966692155,0.0,0.8547050561109968,False,,531.3175813708092,1
Mahihkan Battery 02-21,ABWI105160506604W400,2,2023-11-01,10,False,harmonic,384.59379322461024,0.1532599916683454,1.0,0.5793391788042235,False,,2452.3733775608644,1
Mahihkan Battery 02-21,ABWI105160506604W400,3,2024-09-01,6,False,harmonic,257.3263743497127,0.1533067213544968,1.0,0.8266200474202068,False,,1158.8266803043962,2
Mahihkan Battery 02-21,ABWI105160506604W400,5,2025-07-01,6,False,harmonic,334.00403260252705,1.407193439864051,1.0,0.7301316893647531,False,,716.2375003038978,3
Mahihkan Battery 02-21,ABWI105160506604W400,6,2026-01-01,6,False,exponential,709.3689910848354,0.3566747839202105,0.0,0.9512958318744394,False,,2086.375307420653,4
Mahihkan Battery 02-21,ABWI105160906604W400,4,2024-05-01,26,False,harmonic,609.825917837823,0.222128107397404,1.0,0.9176248014071384,False,,5523.599392817543,1
Mahihkan Battery 02-21,ABWI105161606504W400,2,2023-03-01,8,False,harmonic,235.98555305886117,0.176210592177087,1.0,0.5967392621066967,False,,1249.7274504167794,1
Mahihkan Battery 02-21,ABWI105161606504W400,4,2024-03-01,12,False,harmonic,206.07434661217167,0.4422572076322758,1.0,0.8308003769220403,False,,952.114648042912,2
Mahihkan Battery 02-21,ABWI105162706504W400,4,2025-09-01,10,False,exponential,465.9829256454544,0.0792042414408409,0.0,0.8294785002441103,False,,3347.794742814655,1
Mahihkan Battery 02-21,ABWI105162906504W400,1,2022-09-01,7,False,harmonic,145.35223384214564,1.145239688940175,1.0,0.929551480613495,False,,356.1700550029796,1
Mahihkan Battery 02-21,ABWI105163306504W400,2,2023-06-01,12,False,exponential,522.9306914912845,0.1241430744249411,0.0,0.6333911275922597,False,,3469.42226974236,1
Mahihkan Battery 02-21,ABWI106010306604W400,1,2022-08-01,7,False,exponential,446.6234115974571,0.2003053201205741,0.0,0.9012317430360453,False,,1855.0247036644068,1
Mahihkan Battery 02-21,ABWI106010306604W400,3,2023-07-01,7,False,harmonic,181.35125333215308,0.780072304359386,1.0,0.7802890959951605,False,,521.3069632848475,2
Mahihkan Battery 02-21,ABWI106010306604W400,4,2024-02-01,11,False,exponential,142.42876267657485,0.4489612314362348,0.0,0.822216967002604,False,,390.94472741071917,3
Mahihkan Battery 02-21,ABWI106010406604W400,1,2022-12-01,6,False,harmonic,786.1032717219225,0.3737595102677927,1.0,0.9022337116851958,False,,2767.8355727785024,1
Mahihkan Battery 02-21,ABWI106010406604W400,4,2025-08-01,11,False,harmonic,464.9284195850203,0.0949108645087632,1.0,0.6348750750960663,False,,3623.6129900049646,2
Mahihkan Battery 02-21,ABWI106011006604W400,1,2022-07-01,8,False,harmonic,815.393497546065,0.6380716419414991,1.0,0.9250054814240204,False,,2693.3670933024514,1
Mahihkan Battery 02-21,ABWI106011006604W400,3,2023-12-01,16,False,harmonic,415.1677147373493,0.1172418950243177,1.0,0.6502172037941087,False,,3879.644894228447,2
Mahihkan Battery 02-21,ABWI106011006604W400,4,2025-04-01,9,False,exponential,315.4206122725656,0.1955114242325346,0.0,0.8382391447219264,False,,1470.456464268846,3
Mahihkan Battery 02-21,ABWI106011506504W400,8,2025-11-01,8,False,harmonic,373.1141667288432,0.1269480755272186,1.0,0.9386076210603668,False,,2157.0178463448437,1
Mahihkan Battery 02-21,ABWI106012906504W400,3,2025-06-01,13,False,harmonic,253.30221056181588,0.0649112110334809,1.0,0.9193265339921768,False,,2446.5573500502123,1
Mahihkan Battery 02-21,ABWI106013406504W400,1,2022-07-01,8,False,exponential,308.2425381183066,0.0843988635688913,0.0,0.5543144293586089,False,,1869.7483762726465,1
Mahihkan Battery 02-21,ABWI106021006604W400,4,2023-12-01,15,False,hyperbolic,658.5505962497375,0.5891576984627661,1.7674786062708547,0.9424447695185296,False,,3771.174054690049,1
Mahihkan Battery 02-21,ABWI106021006604W400,5,2025-03-01,16,False,harmonic,189.1956479071885,0.1212211699163658,1.0,0.6637231938094308,False,,1746.984169499538,2
Mahihkan Battery 02-21,ABWI106021506504W400,1,2022-12-01,20,False,harmonic,238.63721094676217,0.4411491710134048,1.0,0.62145059979464,False,,1351.605666098284,1
Mahihkan Battery 02-21,ABWI106022206504W400,3,2024-07-01,7,False,exponential,114.97648051954934,0.4561662088088479,0.0,0.9281224918293036,False,,301.0106304648843,1
Mahihkan Battery 02-21,ABWI106022206504W400,5,2025-11-01,7,False,exponential,482.782013057619,0.3014746354331863,0.0,0.9470875550651184,False,,1630.0911114895323,2
Mahihkan Battery 02-21,ABWI106022806604W400,1,2022-08-01,12,False,harmonic,76.41205399698472,0.3718475854429645,1.0,0.7722532267585797,False,,382.364443028801,1
Mahihkan Battery 02-21,ABWI106022806604W400,5,2025-03-01,6,False,exponential,133.67354756935077,0.5096622312666406,0.0,0.7995307425081367,False,,319.04004729881194,2
Mahihkan Battery 02-21,ABWI106023506504W400,1,2023-10-01,22,False,exponential,725.1520257263505,0.0777541614487448,0.0,0.9624046496803292,False,,7941.3053722704735,1
Mahihkan Battery 02-21,ABWI106023506504W400,2,2025-08-01,11,False,harmonic,248.88692932578056,0.1303084519358664,1.0,0.6084734705977604,False,,1774.0676304408032,2
Mahihkan Battery 02-21,ABWI106030306604W400,1,2022-11-01,8,False,harmonic,413.5144744464187,0.2294339880783014,1.0,0.7759179409911485,False,,2019.1195582457312,1
Mahihkan Battery 02-21,ABWI106030306604W400,2,2023-07-01,22,False,harmonic,385.4413658700551,0.2585327807164755,1.0,0.8363114062511929,False,,3005.0475904836103,2
Mahihkan Battery 02-21,ABWI106032806504W400,1,2023-01-01,12,False,exponential,324.8006663674893,0.1221102086756218,0.0,0.663657567233038,False,,2172.8783829069203,1
Mahihkan Battery 02-21,ABWI106040306604W400,1,2023-06-01,7,False,harmonic,493.8460162339792,0.2553768520189046,1.0,0.975300206969332,False,,2149.951415366101,1
Mahihkan Battery 02-21,ABWI106041006604W400,2,2024-04-01,16,False,exponential,2731.537552051462,0.1637775198526088,0.0,0.9521155577775032,False,,16765.57852256552,1
Mahihkan Battery 02-21,ABWI106041006604W400,3,2025-08-01,8,False,harmonic,266.80916325251883,0.32927111568504,1.0,0.9509594228506524,False,,1148.9860030287741,2
Mahihkan Battery 02-21,ABWI106042206504W400,1,2022-05-01,12,False,exponential,341.18095884946035,0.0920904479886532,0.0,0.8813466849146557,False,,2593.7104636018157,1
Mahihkan Battery 02-21,ABWI106042206504W400,4,2026-01-01,6,False,exponential,118.7782409299428,0.4843146797302311,0.0,0.9627965302178672,False,,292.4894267418211,2
Mahihkan Battery 02-21,ABWI106042306504W400,1,2023-09-01,24,False,harmonic,386.9485822775053,0.0988029970958135,1.0,0.8939066587170582,False,,4898.507163755695,1
Mahihkan Battery 02-21,ABWI106043506504W400,2,2024-04-01,27,False,harmonic,390.8846511322769,0.0408771121740852,1.0,0.8241525769023733,False,,7215.045695917917,1
Mahihkan Battery 02-21,ABWI106050306604W400,2,2024-12-01,19,False,exponential,573.6506504254431,0.0455880668946902,0.0,0.6855480137571874,False,,7458.7856145603,1
Mahihkan Battery 02-21,ABWI106052206504W400,3,2024-01-01,30,False,exponential,151.65923382692415,0.0337411436352602,0.0,0.5723723017797171,False,,2909.8976917116697,1
Mahihkan Battery 02-21,ABWI106052806504W400,1,2022-11-01,12,False,exponential,505.9747066036484,0.0954655699527656,0.0,0.7982100502300609,False,,3789.7266537340906,1
Mahihkan Battery 02-21,ABWI106052806504W400,3,2024-07-01,24,False,exponential,247.25418625344025,0.0254530888160253,0.0,0.5088531202165422,False,,4497.305787238773,2
Mahihkan Battery 02-21,ABWI106053506504W400,2,2023-09-01,19,False,harmonic,430.2504402828792,0.2261350628275063,1.0,0.7931603080170396,False,,3354.076867982163,1
Mahihkan Battery 02-21,ABWI106060306604W400,3,2023-11-01,15,False,harmonic,183.21641460141203,0.2194961993637496,1.0,0.7276039605838958,False,,1289.477333551927,1
Mahihkan Battery 02-21,ABWI106060906604W400,4,2026-01-01,6,False,exponential,209.29198270580773,0.2172934602870108,0.0,0.8905831576602496,False,,780.6580690656723,1
Mahihkan Battery 02-21,ABWI106062706504W400,3,2023-09-01,21,False,harmonic,179.46424751424155,0.2318577162994919,1.0,0.6155229513248124,False,,1447.5775276380007,1
Mahihkan Battery 02-21,ABWI106063306604W400,1,2022-08-01,36,False,harmonic,214.2357854436058,0.1257766633407925,1.0,0.8069005249803669,False,,3002.2486820118274,1
Mahihkan Battery 02-21,ABWI106063506504W402,2,2025-07-01,7,False,exponential,108.1758481935763,0.4229752630117165,0.0,0.818658537121108,False,,297.4003788878748,1
Mahihkan Battery 02-21,ABWI106070306604W400,1,2023-06-01,6,False,exponential,58.318398375343634,0.8575449608148725,0.0,0.985874463511516,False,,100.6926157144123,1
Mahihkan Battery 02-21,ABWI106070306604W400,2,2023-12-01,7,False,harmonic,44.36303723557153,1.7700136411751104,1.0,0.9629279134670192,False,,90.99263605021522,2
Mahihkan Battery 02-21,ABWI106072006604W400,1,2023-01-01,6,False,harmonic,3886.0055224940106,1.0303376397920434,1.0,0.6919831660664639,False,,9410.002940401066,1
Mahihkan Battery 02-21,ABWI106072006604W400,2,2023-07-01,16,False,harmonic,1678.454978718812,0.4925650032311196,1.0,0.8542922706760592,False,,8253.118495721214,2
Mahihkan Battery 02-21,ABWI106072006604W400,5,2025-12-01,7,False,harmonic,598.5495596420585,0.4201843092256017,1.0,0.7343051068438754,False,,2196.3124790850884,3
Mahihkan Battery 02-21,ABWI106072206504W400,3,2024-10-01,21,False,harmonic,309.90748887715284,0.0351624134322643,1.0,0.5861144703975658,False,,4940.0944183242245,1
Mahihkan Battery 02-21,ABWI106072706504W400,1,2023-02-01,11,False,exponential,1608.4307997329572,0.1967639859112314,0.0,0.8700214722216922,False,,7971.050429476203,1
Mahihkan Battery 02-21,ABWI106073406504W400,1,2022-09-01,6,False,exponential,515.3308057994254,0.3421575639111939,0.0,0.8841663101860683,False,,1550.1763624056923,1
Mahihkan Battery 02-21,ABWI106080406604W400,1,2023-06-01,13,False,harmonic,411.47335048410673,0.0863217350351356,1.0,0.5473837314038175,False,,3697.802210026708,1
Mahihkan Battery 02-21,ABWI106081506504W400,2,2023-10-01,7,False,harmonic,74.50514070983446,0.398700743540968,1.0,0.5838999632739993,False,,278.71599215483894,1
Mahihkan Battery 02-21,ABWI106081506504W400,4,2025-02-01,17,False,harmonic,120.80876566400347,0.1278226583012619,1.0,0.7182595596411447,False,,1133.8378255889138,2
Mahihkan Battery 02-21,ABWI106082106504W400,1,2022-08-01,22,False,harmonic,154.14800894609397,0.069801611000278,1.0,0.5225339375095238,False,,2102.202662723251,1
Mahihkan Battery 02-21,ABWI106082106504W400,2,2024-06-01,10,False,exponential,103.0766534637839,0.104724206250139,0.0,0.7370198221005554,False,,672.9211419712599,2
Mahihkan Battery 02-21,ABWI106082706504W400,3,2025-05-01,7,False,exponential,252.8024022384789,0.1801837689375664,0.0,0.7307397819250884,False,,1098.8753847823964,1
Mahihkan Battery 02-21,ABWI106083406504W400,1,2023-03-01,17,False,exponential,262.5706990590326,0.089698426584124,0.0,0.7274529011185152,False,,2394.3931321246864,1
Mahihkan Battery 02-21,ABWI106091506504W400,1,2022-05-01,17,False,exponential,262.5623184618636,0.0969233682704402,0.0,0.8305553717424152,False,,2295.2343885052596,1
Mahihkan Battery 02-21,ABWI106091506504W400,5,2025-08-01,11,False,harmonic,165.84223557237175,0.1693907230006763,1.0,0.7207876243580713,False,,1085.9468307102986,2
Mahihkan Battery 02-21,ABWI106091606504W400,1,2022-08-01,19,False,exponential,244.70112877514453,0.0732440027317674,0.0,0.5941497864584525,False,,2603.17502820782,1
Mahihkan Battery 02-21,ABWI106091606504W400,3,2024-08-01,12,False,exponential,225.4677760760882,0.0941918448117073,0.0,0.7440927812835676,False,,1698.2204922160547,2
Mahihkan Battery 02-21,ABWI106091606504W400,4,2025-08-01,11,False,harmonic,124.60494364590689,0.1079723805335966,1.0,0.5383366757677045,False,,938.1522449069123,3
Mahihkan Battery 02-21,ABWI106092806504W400,1,2022-06-01,11,False,harmonic,238.927828048896,0.4355212729151159,1.0,0.5386050385321244,False,,1070.5820770051464,1
Mahihkan Battery 02-21,ABWI106092806504W400,2,2023-05-01,11,False,harmonic,261.5318692028585,0.1456282416695518,1.0,0.720664613535109,False,,1800.5166697014458,2
Mahihkan Battery 02-21,ABWI106092906504W400,3,2025-08-01,11,False,harmonic,324.6193388147622,0.0636799601808162,1.0,0.7191808395560775,False,,2774.3914597804637,1
Mahihkan Battery 02-21,ABWI106102706504W400,3,2024-05-01,6,False,harmonic,365.23665754074943,0.386256977365916,1.0,0.6918094141128487,False,,1272.058757009868,1
Mahihkan Battery 02-21,ABWI106103406504W400,1,2022-07-01,13,False,harmonic,96.87875581352176,0.5074232213703637,1.0,0.8453446368791373,False,,433.125615808139,1
Mahihkan Battery 02-21,ABWI106111006504W400,2,2022-12-01,12,False,exponential,75.52756364481102,0.1726371288319891,0.0,0.8667673572600811,False,,416.33409551600454,1
Mahihkan Battery 02-21,ABWI106111506504W400,1,2022-09-01,6,False,harmonic,32.08662651957284,0.4605273273826994,1.0,0.7932412552214655,False,,105.23644404329593,1
Mahihkan Battery 02-21,ABWI106111506504W400,4,2024-09-01,7,False,harmonic,282.96751112368577,0.8734345738227489,1.0,0.8962021320153711,False,,776.2195685059647,2
Mahihkan Battery 02-21,ABWI106111506504W400,5,2025-04-01,15,False,harmonic,67.08780105372739,0.1146341170185959,1.0,0.5186543486456361,False,,607.2616694458659,3
Mahihkan Battery 02-21,ABWI106112206504W400,1,2022-09-01,16,False,exponential,313.0579264214633,0.1773830066001425,0.0,0.7446995070734171,False,,1813.2839432811804,1
Mahihkan Battery 02-21,ABWI106112706504W400,2,2023-08-01,7,False,harmonic,116.26972940607943,0.8296646221475623,1.0,0.5943176256766687,False,,325.81920522755615,1
Mahihkan Battery 02-21,ABWI106112706504W400,4,2025-12-01,7,False,harmonic,106.73228911420446,0.1520712839951483,1.0,0.8066881329728386,False,,537.316402564016,2
Mahihkan Battery 02-21,ABWI106112806504W400,1,2024-02-01,10,False,harmonic,334.8167199310236,0.3343688438580002,1.0,0.7633921179600398,False,,1608.294809711402,1
Mahihkan Battery 02-21,ABWI106120306604W400,2,2024-07-01,24,False,harmonic,431.2455830543304,0.0720179975763212,1.0,0.7719552217495551,False,,6149.176769083713,1
Mahihkan Battery 02-21,ABWI106121006604W400,1,2022-10-01,22,False,harmonic,7084.230589209642,0.2233597593662692,1.0,0.8854185852390447,False,,59440.931341375544,1
Mahihkan Battery 02-21,ABWI106123506504W400,1,2024-05-01,14,False,harmonic,665.5166721692792,0.1128859651077505,1.0,0.5988478407096884,False,,5797.708127387905,1
Mahihkan Battery 02-21,ABWI106123506504W400,2,2025-07-01,12,False,exponential,569.2655915249587,0.0916261627400065,0.0,0.5714013012888082,False,,4336.549399213263,2
Mahihkan Battery 02-21,ABWI106130306604W400,1,2024-01-01,6,False,harmonic,930.1585896757896,0.4274352911088988,1.0,0.5066343386614012,False,,3130.5683471942475,1
Mahihkan Battery 02-21,ABWI106130306604W400,2,2024-07-01,24,False,exponential,571.8870357980487,0.0427072494179886,0.0,0.5946986988046681,False,,8770.795661044149,2
Mahihkan Battery 02-21,ABWI106131406504W400,3,2025-03-01,16,False,exponential,206.22250006758043,0.1012385749027102,0.0,0.6462436354852639,False,,1717.9000098921395,1
Mahihkan Battery 02-21,ABWI106131506504W400,4,2023-12-01,6,False,harmonic,720.8198876262902,0.2533235123016101,1.0,0.6842339375102723,False,,2859.982544495611,1
Mahihkan Battery 02-21,ABWI106131506504W400,5,2024-06-01,7,False,harmonic,572.904867848522,0.2783829506115646,1.0,0.6191286614930249,False,,2426.3766340451534,2
Mahihkan Battery 02-21,ABWI106131506504W400,7,2025-09-01,10,False,harmonic,638.2964641339181,0.1673330133896741,1.0,0.8314541006527992,False,,3958.3175912942356,3
Mahihkan Battery 02-21,ABWI106132606504W400,2,2022-09-01,14,False,harmonic,292.4481094867585,0.382019569418523,1.0,0.9420294085853372,False,,1546.984668451159,1
Mahihkan Battery 02-21,ABWI106132606504W400,5,2024-11-01,10,False,exponential,529.1986446648782,0.1723914683727794,0.0,0.8142321414224639,False,,2745.8560203846837,2
Mahihkan Battery 02-21,ABWI106132606504W400,6,2025-09-01,6,False,harmonic,300.8517175332513,0.3328253967459665,1.0,0.5529820015641385,False,,1099.713938843022,3
Mahihkan Battery 02-21,ABWI106133406504W400,2,2024-04-01,11,False,harmonic,554.3199015499769,0.2578079923228046,1.0,0.507876835173945,False,,3106.5613424774338,1
Mahihkan Battery 02-21,ABWI106133406504W400,3,2025-03-01,6,False,harmonic,335.12713332081904,0.4246360312283,1.0,0.6359419545651736,False,,1130.455922140799,2
Mahihkan Battery 02-21,ABWI106140306604W400,1,2023-02-01,10,False,harmonic,334.3755297482267,0.4316700695159331,1.0,0.7562400066831981,False,,1441.3956017773012,1
Mahihkan Battery 02-21,ABWI106140306604W400,3,2024-07-01,24,False,exponential,253.74334105377065,0.0341937696367888,0.0,0.5711045818446125,False,,4225.975331662832,2
Mahihkan Battery 02-21,ABWI106141506504W400,1,2023-09-01,23,False,harmonic,827.5394275342311,0.032800861624154,1.0,0.6151206582672142,False,,14361.748631068873,1
Mahihkan Battery 02-21,ABWI106141506504W400,2,2025-08-01,11,False,exponential,678.2996673261696,0.1033576647406622,0.0,0.8068995851322623,False,,4691.659615082426,2
Mahihkan Battery 02-21,ABWI106142806504W400,1,2022-10-01,9,False,exponential,227.8322716271589,0.1329013313100248,0.0,0.6590231634057889,False,,1277.1801927570802,1
Mahihkan Battery 02-21,ABWI106150406604W400,1,2023-09-01,20,False,harmonic,5116.992444997775,0.3196416939323758,1.0,0.9299956075035036,False,,34370.12926539325,1
Mahihkan Battery 02-21,ABWI106151006504W400,3,2023-12-01,10,False,exponential,160.48834112822442,0.1111118487274524,0.0,0.7407384966265795,False,,1023.7325901991,1
Mahihkan Battery 02-21,ABWI106151006504W400,5,2025-03-01,9,False,exponential,99.96749314517427,0.1383288416775467,0.0,0.7580072119284333,False,,550.9935592458902,2
Mahihkan Battery 02-21,ABWI106152706504W400,3,2025-12-01,7,False,harmonic,213.3520886519788,0.3225837179729885,1.0,0.6068153336902755,False,,860.2610928488026,1
Mahihkan Battery 02-21,ABWI106161506504W400,1,2022-08-01,8,False,harmonic,320.63733202329144,0.1932343981970604,1.0,0.6944683905138895,False,,1652.285221866316,1
Mahihkan Battery 02-21,ABWI106161506504W400,2,2023-04-01,11,False,harmonic,249.65869317896693,0.1499371828336057,1.0,0.8169136665335108,False,,1702.6737528160627,2
Mahihkan Battery 02-21,ABWI106161506504W400,3,2024-03-01,7,False,harmonic,202.02405239135695,0.3662115602961033,1.0,0.694190778550563,False,,779.2823469549371,3
Mahihkan Battery 02-21,ABWI106163406504W400,1,2023-01-01,17,False,exponential,316.7393296911931,0.1877978247538781,0.0,0.85659629775152,False,,1773.9513514849039,1
Mahihkan Battery 02-21,ABWI107010306604W400,1,2022-08-01,8,False,exponential,109.22237272971203,0.186607876464625,0.0,0.7639169017705354,False,,497.42428268805486,1
Mahihkan Battery 02-21,ABWI107010406604W400,1,2023-06-01,14,False,exponential,490.2032720249869,0.0951247025496822,0.0,0.6580330756727257,False,,3975.975003726012,1
Mahihkan Battery 02-21,ABWI107011006604W402,1,2022-07-01,8,False,harmonic,461.13519917034085,0.3710507721298731,1.0,0.5430934561660301,False,,1898.6424922975991,1
Mahihkan Battery 02-21,ABWI107011006604W402,3,2024-01-01,25,False,exponential,540.909953709014,0.0756523308908708,0.0,0.8786468410271551,False,,6303.747106317914,2
Mahihkan Battery 02-21,ABWI107011506504W400,1,2023-10-01,7,False,harmonic,349.76846042542496,0.2452313971812071,1.0,0.528096820128579,False,,1542.0537647351746,1
Mahihkan Battery 02-21,ABWI107011506504W400,2,2024-05-01,20,False,harmonic,352.6782371329922,0.25808049332025,1.0,0.9197509062788148,False,,2639.8945043526383,2
Mahihkan Battery 02-21,ABWI107012206504W400,1,2023-07-01,9,False,harmonic,142.19282310900869,0.2796634899406245,1.0,0.7770407710001204,False,,693.3197400606863,1
Mahihkan Battery 02-21,ABWI107012206504W400,3,2024-12-01,15,False,harmonic,257.77183795546955,0.1038061988785973,1.0,0.6797197331998537,False,,2411.776315184938,2
Mahihkan Battery 02-21,ABWI107012706504W400,2,2024-05-01,9,False,harmonic,329.6664989197742,0.1727629317245081,1.0,0.5442132771394863,False,,1894.214241937286,1
Mahihkan Battery 02-21,ABWI107012706504W400,3,2025-02-01,17,False,exponential,313.90123929965125,0.0633607176489632,0.0,0.6508294901332574,False,,3371.530306064617,2
Mahihkan Battery 02-21,ABWI107012906504W400,3,2024-07-01,24,False,harmonic,454.80585193935457,0.065229561478222,1.0,0.8314567657733587,False,,6709.945346406305,1
Mahihkan Battery 02-21,ABWI107013406504W400,2,2023-07-01,6,False,harmonic,200.06395972770545,1.165777631304068,1.0,0.5827802147412066,False,,461.5996048940099,1
Mahihkan Battery 02-21,ABWI107013406504W400,7,2025-09-01,10,False,harmonic,119.00147691397224,0.986341113066368,1.0,0.8998563795178078,False,,350.8163812546808,2
Mahihkan Battery 02-21,ABWI107021506504W400,1,2022-11-01,10,False,exponential,141.24486286227437,0.112232902620909,0.0,0.6669628373152363,False,,897.3548264378612,1
Mahihkan Battery 02-21,ABWI107022206504W400,1,2023-12-01,20,False,harmonic,312.13257696501,0.2102607315707277,1.0,0.6251460486674315,False,,2580.25294441298,1
Mahihkan Battery 02-21,ABWI107023506504W400,3,2024-10-01,9,False,harmonic,194.02110134538677,0.3806364063216577,1.0,0.6823006595778363,False,,839.0347998798717,1
Mahihkan Battery 02-21,ABWI107030306604W402,1,2024-06-01,11,False,exponential,141.72987031017286,0.1657673639142955,0.0,0.9376890411332433,False,,778.001049579771,1
Mahihkan Battery 02-21,ABWI107031506504W400,2,2024-01-01,30,False,harmonic,479.0073125965289,0.0301429115520118,1.0,0.6955946519696022,False,,10350.256672873107,1
Mahihkan Battery 02-21,ABWI107032306504W400,2,2025-08-01,7,False,exponential,134.9589246823334,0.1538261476136816,0.0,0.7359402182193928,False,,624.0740043974005,1
Mahihkan Battery 02-21,ABWI107033306604W400,1,2024-02-01,6,False,exponential,348.9331176153964,0.3506774172552947,0.0,0.9577852090369842,False,,1035.7965096215066,1
Mahihkan Battery 02-21,ABWI107040306604W400,1,2022-12-01,13,False,exponential,544.7947901691361,0.1226982697417407,0.0,0.9276719279967164,False,,3760.81903285733,1
Mahihkan Battery 02-21,ABWI107041006604W400,1,2024-05-01,10,False,harmonic,2247.118904203779,0.2487804192470708,1.0,0.9655522511659608,False,,12128.000246913361,1
Mahihkan Battery 02-21,ABWI107042806504W400,2,2024-03-01,13,False,harmonic,400.25623549195,0.2740577271301663,1.0,0.5932483353930216,False,,2381.804887749321,1
Mahihkan Battery 02-21,ABWI107042806504W400,3,2025-04-01,15,False,harmonic,329.2478089686253,0.1378302668664308,1.0,0.612392575035033,False,,2791.800977252939,2
Mahihkan Battery 02-21,ABWI107043506504W402,2,2024-10-01,15,False,harmonic,581.1945077867756,0.1450153764472029,1.0,0.7588823928376938,False,,4835.937665642413,1
Mahihkan Battery 02-21,ABWI107051006604W400,1,2024-03-01,20,False,exponential,3479.2196369400717,0.1496720827706241,0.0,0.9511988137885034,False,,23774.303927863726,1
Mahihkan Battery 02-21,ABWI107051506504W400,2,2023-12-01,7,False,exponential,94.29010054185746,0.6010526061687255,0.0,0.9869117242917071,False,,205.6077681073164,1
Mahihkan Battery 02-21,ABWI107051506504W400,4,2024-11-01,6,False,harmonic,12.017108687063155,1.1792158012298422,1.0,0.8806919179070113,False,,27.60267687356529,2
Mahihkan Battery 02-21,ABWI107052206504W400,1,2022-06-01,11,False,exponential,144.3782814363482,0.120084316985931,0.0,0.9332518661694772,False,,935.4082082251928,1
Mahihkan Battery 02-21,ABWI107052206504W400,3,2024-08-01,11,False,harmonic,181.14376210817383,0.1429435223238522,1.0,0.6103312513489306,False,,1254.5177029788579,2
Mahihkan Battery 02-21,ABWI107060306604W400,1,2022-12-01,10,False,exponential,237.4557702797225,0.1534277179880114,0.0,0.6769334811816519,False,,1309.485357678601,1
Mahihkan Battery 02-21,ABWI107060306604W400,3,2024-06-01,15,False,harmonic,324.7115495893154,0.2588675627114881,1.0,0.7803674054565012,False,,2124.879723678334,2
Mahihkan Battery 02-21,ABWI107061506504W402,5,2024-11-01,8,False,exponential,43.091795654225166,0.2735762752758452,0.0,0.8834506340733408,False,,159.86247994321178,1
Mahihkan Battery 02-21,ABWI107062206504W400,1,2025-07-01,12,False,harmonic,153.06042401357843,0.1760576069953204,1.0,0.5640210250024096,False,,1041.1176022031455,1
Mahihkan Battery 02-21,ABWI107062706504W400,2,2025-09-01,10,False,harmonic,287.740337121824,0.2763651076813612,1.0,0.9441565504632496,False,,1491.696999018295,1
Mahihkan Battery 02-21,ABWI107062806504W400,1,2023-03-01,12,False,harmonic,101.90510019830108,0.3263679942113488,1.0,0.8700733698051528,False,,540.4844678320909,1
Mahihkan Battery 02-21,ABWI107063306604W400,2,2024-03-01,7,False,exponential,229.07395745252828,0.730729461784437,0.0,0.8692246693259368,False,,439.19687799267115,1
Mahihkan Battery 02-21,ABWI107070306604W400,3,2023-04-01,12,False,harmonic,44.9166364918768,0.5229218771004237,1.0,0.7728633489446757,False,,191.69923280566607,1
Mahihkan Battery 02-21,ABWI107070306604W400,6,2025-02-01,11,False,exponential,102.19435992877897,0.2478481692683656,0.0,0.906756393779614,False,,435.05889613359153,2
Mahihkan Battery 02-21,ABWI107071506504W400,1,2023-03-01,7,False,exponential,28.27470034804194,0.8707679269311066,0.0,0.9947103522108992,False,,48.52501417439162,1
Mahihkan Battery 02-21,ABWI107071506504W400,3,2024-02-01,6,False,exponential,378.917235629148,0.2322897259807971,0.0,0.9024174124583472,False,,1374.399614197147,2
Mahihkan Battery 02-21,ABWI107071506504W400,5,2025-08-01,7,False,harmonic,257.1526658154303,0.497006826176599,1.0,0.8272779943736572,False,,885.5515718439556,3
Mahihkan Battery 02-21,ABWI107072706504W400,2,2023-03-01,6,False,harmonic,459.3876149296309,0.6037991605895676,1.0,0.7837638768039865,False,,1366.1373162501386,1
Mahihkan Battery 02-21,ABWI107081506504W400,1,2022-09-01,11,False,exponential,420.1853986243807,0.1144581816048481,0.0,0.7268349194532222,False,,2782.0759178852495,1
Mahihkan Battery 02-21,ABWI107081506504W400,3,2024-06-01,13,False,harmonic,179.11593699074095,0.3238437567312029,1.0,0.8864926976190686,False,,989.8976101227665,2
Mahihkan Battery 02-21,ABWI107082106504W400,1,2024-03-01,8,False,exponential,134.63132782493568,0.2765903253743675,0.0,0.8773264638051808,False,,496.21287251512683,1
Mahihkan Battery 02-21,ABWI107082106504W400,2,2024-11-01,9,False,exponential,89.6173281139565,0.0975380361270048,0.0,0.6498112347126108,False,,563.4787834335265,2
Mahihkan Battery 02-21,ABWI107082206504W400,3,2024-04-01,27,False,exponential,508.54773439402254,0.0306780162044202,0.0,0.8449212720356833,False,,9480.269147868148,1
Mahihkan Battery 02-21,ABWI107091506504W400,1,2022-08-01,7,False,exponential,151.3556847606435,0.4272105392085615,0.0,0.8523374618208336,False,,413.4565201599247,1
Mahihkan Battery 02-21,ABWI107091506504W400,3,2024-05-01,12,False,harmonic,221.06089536850388,0.8145082000724178,1.0,0.6129613980767775,False,,759.5209752084461,2
Mahihkan Battery 02-21,ABWI107091506504W400,4,2025-05-01,14,False,harmonic,121.88985859676735,0.3471803099028475,1.0,0.8021520344085302,False,,674.7317372629142,3
Mahihkan Battery 02-21,ABWI107091606504W400,3,2025-10-01,9,False,harmonic,448.552024957788,0.5638063809934957,1.0,0.8863854291496361,False,,1642.5369443697039,1
Mahihkan Battery 02-21,ABWI107092706504W400,1,2023-10-01,14,False,harmonic,323.06000554229865,0.100046508070448,1.0,0.6688160175382031,False,,2924.318058490165,1
Mahihkan Battery 02-21,ABWI107092706504W400,3,2025-12-01,7,False,harmonic,245.0021786662692,0.118059603304443,1.0,0.680698876733189,False,,1307.148703113177,2
Mahihkan Battery 02-21,ABWI107092906504W400,1,2022-09-01,22,False,exponential,301.0205045993612,0.0414631116080801,0.0,0.6591129317895279,False,,4434.719198855861,1
Mahihkan Battery 02-21,ABWI107092906504W400,3,2024-12-01,19,False,harmonic,258.63883446065495,0.0958733536267204,1.0,0.725202788025227,False,,2883.635544158416,2
Mahihkan Battery 02-21,ABWI107100306604W400,3,2024-05-01,12,False,harmonic,781.4768401188542,0.1485591547476445,1.0,0.5670072517740834,False,,5642.326653532672,1
Mahihkan Battery 02-21,ABWI107100306604W400,4,2025-05-01,9,False,exponential,454.59350265179495,0.1100912296382237,0.0,0.5997864460542393,False,,2741.7016972029755,2
Mahihkan Battery 02-21,ABWI107101006504W400,1,2022-05-01,7,False,harmonic,224.85520909562544,0.9245451789171096,1.0,0.8997045781156375,False,,602.3921345001947,1
Mahihkan Battery 02-21,ABWI107101406504W400,3,2025-12-01,7,False,exponential,270.0236427211736,0.2964660431490567,0.0,0.92410451554502,False,,920.370022002943,1
Mahihkan Battery 02-21,ABWI107101506504W400,1,2022-05-01,13,False,exponential,119.49143813640212,0.2153141474334672,0.0,0.9207489364376212,False,,579.3061800192593,1
Mahihkan Battery 02-21,ABWI107101506504W400,3,2023-11-01,6,False,harmonic,56.04123743434001,0.2527895175648017,1.0,0.8636403183042181,False,,222.48686511449537,2
Mahihkan Battery 02-21,ABWI107101506504W400,5,2025-04-01,7,False,exponential,239.72027574550563,0.2111151598871132,0.0,0.8523182244726027,False,,972.214439970256,3
Mahihkan Battery 02-21,ABWI107102106504W400,1,2023-10-01,14,False,exponential,56.20577187849064,0.2846530541097279,0.0,0.9028248735718744,False,,222.67015701028257,1
Mahihkan Battery 02-21,ABWI107102806504W400,4,2023-11-01,12,False,harmonic,224.60404858264923,0.7101089098858027,1.0,0.8075245466530163,False,,825.8751652676956,1
Mahihkan Battery 02-21,ABWI107103406504W400,1,2023-01-01,11,False,exponential,71.69766077931858,0.3505239400997071,0.0,0.985000530836812,False,,237.35280490927545,1
Mahihkan Battery 02-21,ABWI107111506504W400,2,2024-11-01,20,False,harmonic,239.53050091191807,0.0712395277907238,1.0,0.5012022150745683,False,,3049.7164628975543,1
Mahihkan Battery 02-21,ABWI107112206504W400,1,2022-08-01,6,False,exponential,267.8129846631131,0.1195955323067399,0.0,0.9181129007166232,False,,1216.6141441800723,1
Mahihkan Battery 02-21,ABWI107112206504W400,2,2023-02-01,7,False,harmonic,226.35456075353497,0.3080620374451318,1.0,0.7066324316681404,False,,927.0721462974147,2
Mahihkan Battery 02-21,ABWI107112606504W400,6,2025-12-01,7,False,exponential,433.7029162142463,0.7350639924383761,0.0,0.8197326553560926,False,,828.3483709313638,1
Mahihkan Battery 02-21,ABWI107112806504W400,3,2025-07-01,12,False,exponential,107.87981242075492,0.0878279703935163,0.0,0.724515646297614,False,,835.817832964445,1
Mahihkan Battery 02-21,ABWI107113406504W400,2,2025-05-01,14,False,harmonic,377.68394678327576,0.1070470331465842,1.0,0.6616949695425169,False,,3347.0587443295653,1
Mahihkan Battery 02-21,ABWI107121006604W402,1,2024-04-01,27,False,exponential,3028.781082568094,0.0595566522472695,0.0,0.5138952390829971,False,,41893.14202019845,1
Mahihkan Battery 02-21,ABWI107122606504W400,1,2022-10-01,20,False,harmonic,73.55506457181757,0.4251144829918825,1.0,0.6761270834721174,False,,425.0099426497028,1
Mahihkan Battery 02-21,ABWI107122606504W400,5,2025-08-01,10,False,exponential,56.27333177113665,0.2582326631985091,0.0,0.8818596908220576,False,,228.57086104376094,2
Mahihkan Battery 02-21,ABWI107122806504W400,2,2024-07-01,24,False,harmonic,698.2171774368204,0.1177567401742085,1.0,0.7967674835896059,False,,8220.567921788792,1
Mahihkan Battery 02-21,ABWI107123406504W400,3,2025-03-01,16,False,harmonic,719.5997656655585,0.1256755321917738,1.0,0.6116920779842023,False,,6558.076407473391,1
Mahihkan Battery 02-21,ABWI107123506504W400,1,2023-08-01,21,False,exponential,698.9905249530252,0.0532894587278786,0.0,0.7851225890827103,False,,9070.597671327087,1
Mahihkan Battery 02-21,ABWI107123506504W400,3,2025-11-01,8,False,exponential,738.7950631887411,0.0523811839346127,0.0,0.5408823686245502,False,,4955.828977474795,2
Mahihkan Battery 02-21,ABWI107130306604W400,1,2022-07-01,18,False,harmonic,1366.9013727668105,0.3859480934254456,1.0,0.7435071436456993,False,,7981.28941000473,1
Mahihkan Battery 02-21,ABWI107131406504W400,1,2022-11-01,8,False,exponential,242.7283121992405,0.0840895499228203,0.0,0.6273226371999003,False,,1473.7446234641336,1
Mahihkan Battery 02-21,ABWI107131406504W400,5,2025-07-01,6,False,harmonic,182.13578763808263,0.2995104506507885,1.0,0.739088452766923,False,,687.9211514957686,2
Mahihkan Battery 02-21,ABWI107131506504W400,2,2025-08-01,11,False,harmonic,627.5300058463791,0.2858328868888853,1.0,0.8106975326081619,False,,3373.275662323295,1
Mahihkan Battery 02-21,ABWI107132606504W400,2,2024-12-01,9,False,harmonic,467.0333983703591,0.4460097816516256,1.0,0.8926516194500869,False,,1891.543827235338,1
Mahihkan Battery 02-21,ABWI107133406504W400,2,2024-03-01,12,False,harmonic,1011.2503797294052,0.4435878652165446,1.0,0.6347201039544195,False,,4665.670571346932,1
Mahihkan Battery 02-21,ABWI107140306604W400,1,2022-07-01,18,False,harmonic,3218.0165421016964,0.3065621601540828,1.0,0.8889098143910222,False,,21119.423744524316,1
Mahihkan Battery 02-21,ABWI107140306604W400,2,2024-01-01,24,False,exponential,1386.865668369643,0.0670647372543133,0.0,0.849565884733859,False,,17105.046705317636,2
Mahihkan Battery 02-21,ABWI107141006504W400,1,2022-11-01,22,False,harmonic,434.5880129438576,0.0584994728764826,1.0,0.8623625846774456,False,,6269.4641290586505,1
Mahihkan Battery 02-21,ABWI107141006504W400,2,2024-09-01,22,False,exponential,372.9363448921227,0.0595760496025961,0.0,0.7933203544889941,False,,4709.485097936833,2
Mahihkan Battery 02-21,ABWI107142106504W400,2,2023-06-01,6,False,harmonic,967.208313135746,0.1633530868954364,1.0,0.5360158585564645,False,,4294.098788391282,1
Mahihkan Battery 02-21,ABWI107142106504W400,4,2024-07-01,10,False,exponential,1097.8654741653831,0.0797599651898189,0.0,0.6891398834721736,False,,7870.611616081118,2
Mahihkan Battery 02-21,ABWI107142106504W400,5,2025-05-01,7,False,harmonic,774.479905137873,1.5140733793958456,1.0,0.9110631855051796,False,,1691.4705709569384,3
Mahihkan Battery 02-21,ABWI107142606504W400,4,2024-03-01,17,False,exponential,252.94465040667015,0.0595072986802803,0.0,0.6857646435855629,False,,2786.276009224695,1
Mahihkan Battery 02-21,ABWI107142706504W400,3,2024-10-01,17,False,exponential,219.49067075153116,0.1294001293746397,0.0,0.8499380505824581,False,,1607.9201745889234,1
Mahihkan Battery 02-21,ABWI107142806504W400,1,2023-11-01,20,False,harmonic,384.444364894092,0.1395872316949055,1.0,0.9559456245432978,False,,3816.4847969700127,1
Mahihkan Battery 02-21,ABWI107143406504W400,3,2023-11-01,10,False,exponential,213.75243734236,0.3340182279888603,0.0,0.7315271035567101,False,,726.0868150031877,1
Mahihkan Battery 02-21,ABWI107150406604W400,1,2023-09-01,6,False,harmonic,4196.437351317076,1.9376229853940587,1.0,0.986341044578169,False,,7973.8660329050035,1
Mahihkan Battery 02-21,ABWI107150406604W400,2,2024-03-01,9,False,exponential,2338.911200202916,0.1466962847424053,0.0,0.9234196698275866,False,,12563.943094899101,2
Mahihkan Battery 02-21,ABWI107151006504W400,2,2022-11-01,8,False,harmonic,120.73923925230042,0.4846875669915896,1.0,0.6629450697258265,False,,447.30406746437427,1
Mahihkan Battery 02-21,ABWI107151006504W400,4,2024-01-01,9,False,exponential,146.82727716066154,0.8887619271385704,0.0,0.9819297546170108,False,,249.26819651606908,2
Mahihkan Battery 02-21,ABWI107151406504W400,1,2022-06-01,13,False,exponential,190.91991280710695,0.0637502051820474,0.0,0.9057586478356904,False,,1741.6509317447214,1
Mahihkan Battery 02-21,ABWI107151406504W400,3,2024-04-01,8,False,exponential,169.7515733909037,0.0908359021904014,0.0,0.525453378039338,False,,1009.706746113075,2
Mahihkan Battery 02-21,ABWI107151406504W400,4,2024-12-01,8,False,harmonic,109.041917589845,0.1219974542588574,1.0,0.5668609637340467,False,,636.4907891194932,3
Mahihkan Battery 02-21,ABWI107151506504W400,1,2022-07-01,15,False,harmonic,111.65153669281678,0.1582971032087686,1.0,0.5159230617590125,False,,898.4673231928577,1
Mahihkan Battery 02-21,ABWI107151506504W400,3,2024-02-01,15,False,harmonic,119.71166790036104,0.2606563067562288,1.0,0.5334463637496027,False,,780.9503099603044,2
Mahihkan Battery 02-21,ABWI107151506504W400,5,2025-10-01,9,False,exponential,218.53249054545745,0.1452283691651555,0.0,0.8307959647950284,False,,1179.1668925775632,3
Mahihkan Battery 02-21,ABWI107161006504W400,2,2023-07-01,8,False,harmonic,34.874883014545944,0.1445622103650374,1.0,0.7094419496482052,False,,195.07353244275242,1
Mahihkan Battery 02-21,ABWI107161506504W400,1,2022-07-01,14,False,harmonic,262.9347323169536,0.3762231687025132,1.0,0.7812358454933691,False,,1401.0802135203676,1
Mahihkan Battery 02-21,ABWI107161606504W400,2,2024-03-01,8,False,exponential,487.5203935587148,0.2546525668959581,0.0,0.8972535071397297,False,,1885.7895131560044,1
Mahihkan Battery 02-21,ABWI107162706504W400,1,2023-11-01,32,False,exponential,306.8852705277354,0.0369704936620675,0.0,0.6835223204325374,False,,5865.026901662273,1
Mahihkan Battery 02-21,ABWI107162906504W400,3,2024-04-01,27,False,harmonic,235.15593098589304,0.0243263242755081,1.0,0.7204272190329951,False,,4927.591960661004,1
Mahihkan Battery 02-21,ABWI108011006604W400,3,2024-04-01,9,False,exponential,325.2489688219626,0.2017030783041062,0.0,0.8687049687677608,False,,1490.7470083902292,1
Mahihkan Battery 02-21,ABWI108011506504W400,4,2024-11-01,18,False,harmonic,227.91166322402944,0.1470509280665967,1.0,0.5470584729311774,False,,2090.650818674298,1
Mahihkan Battery 02-21,ABWI108012106504W400,1,2022-05-01,11,False,harmonic,391.6876462827096,0.2664168834792539,1.0,0.6283400331144922,False,,2166.49256460015,1
Mahihkan Battery 02-21,ABWI108012106504W400,2,2023-04-01,19,False,harmonic,222.182645375011,0.0699071278340382,1.0,0.6122321204764642,False,,2750.4082250381734,2
Mahihkan Battery 02-21,ABWI108012706504W400,3,2024-05-01,6,False,harmonic,328.37096418481946,0.2953863567906073,1.0,0.8256985811527897,False,,1245.47484077095,1
Mahihkan Battery 02-21,ABWI108012706504W400,6,2025-12-01,7,False,harmonic,450.6831214831946,0.3181532474303503,1.0,0.7323737279445879,False,,1825.8067886906792,2
Mahihkan Battery 02-21,ABWI108012906504W400,2,2024-07-01,8,False,harmonic,177.15580028223636,0.175048832317479,1.0,0.5179384600730331,False,,939.9756158465939,1
Mahihkan Battery 02-21,ABWI108021006604W400,1,2022-09-01,7,False,harmonic,243.67289632468172,0.2152599759886989,1.0,0.6076446752226206,False,,1117.2096091752521,1
Mahihkan Battery 02-21,ABWI108021506504W400,3,2024-10-01,9,False,exponential,273.771027312424,0.6189493250706926,0.0,0.8856022230295338,False,,590.9734980156107,1
Mahihkan Battery 02-21,ABWI108031506504W400,1,2022-05-01,15,False,exponential,276.16234761410993,0.0483056177651511,0.0,0.6763663522822554,False,,3018.706089182927,1
Mahihkan Battery 02-21,ABWI108031506504W400,2,2023-08-01,12,False,harmonic,183.94472105519256,0.1146712701131531,1.0,0.7540574864168785,False,,1442.9675479344048,2
Mahihkan Battery 02-21,ABWI108031506504W400,3,2024-08-01,23,False,harmonic,149.8350495296473,0.0985632591423768,1.0,0.513781930978641,False,,1852.7914549698012,3
Mahihkan Battery 02-21,ABWI108032206504W400,3,2025-01-01,11,False,exponential,268.2961378734394,0.1195688721275668,0.0,0.8470797871007152,False,,1741.6957297669492,1
Mahihkan Battery 02-21,ABWI108033506504W400,1,2022-10-01,6,False,harmonic,171.45066492750092,0.1404030010103572,1.0,0.8329542822161279,False,,786.8163258113549,1
Mahihkan Battery 02-21,ABWI108033506504W400,4,2025-06-01,6,False,harmonic,273.1934400956006,0.3184717963544104,1.0,0.5575014654242973,False,,1012.5295617664674,2
Mahihkan Battery 02-21,ABWI108040306604W400,2,2025-12-01,7,False,exponential,489.04577310061103,0.0834145662855194,0.0,0.720447358298757,False,,2702.6779476254646,1
Mahihkan Battery 02-21,ABWI108041006604W402,1,2022-08-01,19,False,harmonic,4244.658562494352,0.3681418296991711,1.0,0.7195852632919177,False,,25951.59841770439,1
Mahihkan Battery 02-21,ABWI108041006604W402,3,2024-08-01,20,False,exponential,2438.0908381457853,0.1003397392099493,0.0,0.9168496722199312,False,,22105.026592335234,2
Mahihkan Battery 02-21,ABWI108042206504W400,4,2024-01-01,22,False,harmonic,407.9480405299047,0.1061017574518459,1.0,0.5234830071335425,False,,4776.246549259056,1
Mahihkan Battery 02-21,ABWI108042206504W400,5,2025-11-01,8,False,harmonic,328.5783041947767,0.263316585374138,1.0,0.8127966692628004,False,,1532.2604757881104,2
Mahihkan Battery 02-21,ABWI108042306504W400,2,2025-12-01,7,False,harmonic,233.53451898659037,0.1115215399637488,1.0,0.6005546906057082,False,,1260.912440942462,1
Mahihkan Battery 02-21,ABWI108042806504W400,1,2023-03-01,10,False,harmonic,457.5246993903479,0.4905313198174035,1.0,0.9618267553971208,False,,1864.1424858548146,1
Mahihkan Battery 02-21,ABWI108042806504W400,4,2025-04-01,8,False,harmonic,124.1986775248189,0.6852630031949213,1.0,0.8232632020958065,False,,397.9129794467642,2
Mahihkan Battery 02-21,ABWI108050306604W400,2,2023-05-01,10,False,exponential,564.2553468426653,0.132182908377515,0.0,0.7759786991676322,False,,3341.9534789629456,1
Mahihkan Battery 02-21,ABWI108050306604W400,3,2024-03-01,8,False,harmonic,776.4150615241384,0.9011728721266302,1.0,0.5174764158289302,False,,2208.554277871662,2
Mahihkan Battery 02-21,ABWI108051006604W400,2,2024-09-01,19,False,exponential,1632.801442953031,0.1345107638881162,0.0,0.9227169122363864,False,,11966.282483634483,1
Mahihkan Battery 02-21,ABWI108052206504W400,2,2024-06-01,25,False,exponential,140.96062029561173,0.0637141716259788,0.0,0.8955168015736528,False,,1819.2579696574603,1
Mahihkan Battery 02-21,ABWI108052306504W400,1,2022-05-01,6,False,exponential,174.21792598815358,0.340022176678129,0.0,0.9557287959432584,False,,525.8282534129687,1
Mahihkan Battery 02-21,ABWI108052306504W400,3,2023-05-01,13,False,exponential,248.93586463779727,0.0997915160671158,0.0,0.9053022821429572,False,,1904.8261559320856,2
Mahihkan Battery 02-21,ABWI108052306504W400,5,2025-11-01,8,False,exponential,79.04074775237385,0.0977234049306527,0.0,0.8856947231546829,False,,460.5001125683044,3
Mahihkan Battery 02-21,ABWI108052606504W400,2,2023-03-01,9,False,exponential,501.69531084173633,0.1842273167269977,0.0,0.9646932744651352,False,,2413.7233200079168,1
Mahihkan Battery 02-21,ABWI108052606504W400,4,2024-05-01,14,False,harmonic,448.4462387690068,0.3002903674616857,1.0,0.9011018563782508,False,,2655.080733252957,2
Mahihkan Battery 02-21,ABWI108052706504W400,2,2023-05-01,14,False,harmonic,254.6861558921553,0.1136222441824747,1.0,0.5750272830801251,False,,2214.0111679527913,1
Mahihkan Battery 02-21,ABWI108052806504W400,2,2024-07-01,24,False,harmonic,453.4317432292059,0.1785130496217405,1.0,0.7506746727143728,False,,4418.821407934059,1
Mahihkan Battery 02-21,ABWI108053506504W400,1,2022-05-01,14,False,exponential,322.0666300459778,0.1438027261574521,0.0,0.8987735985976558,False,,2083.394849843435,1
Mahihkan Battery 02-21,ABWI108053506504W400,4,2024-04-01,22,False,harmonic,228.75736068171503,0.0907468110990282,1.0,0.536927809059569,False,,2844.1569114382282,2
Mahihkan Battery 02-21,ABWI108062206504W400,1,2022-05-01,7,False,harmonic,97.7175513932173,0.2970844302113143,1.0,0.9017953501880036,False,,405.1074618468514,1
Mahihkan Battery 02-21,ABWI108062206504W400,2,2022-12-01,24,False,harmonic,84.90640641039539,0.1415581780440157,1.0,0.8541411829419943,False,,922.0562431494469,2
Mahihkan Battery 02-21,ABWI108062206504W400,4,2025-11-01,8,False,harmonic,106.66765077366024,1.6894621580740994,1.0,0.9750336859439442,False,,231.20067745919047,3
Mahihkan Battery 02-21,ABWI108062806504W400,2,2024-03-01,9,False,harmonic,103.45335588715454,0.4166184081852339,1.0,0.8525690574117426,False,,431.101353425933,1
Mahihkan Battery 02-21,ABWI108062806504W400,3,2024-12-01,7,False,harmonic,42.48836514604464,0.8254205664242024,1.0,0.9024068697048496,False,,119.3170230039694,2
Mahihkan Battery 02-21,ABWI108071506504W400,1,2022-06-01,10,False,harmonic,653.6824052435009,0.2145707636892848,1.0,0.7344743578018571,False,,3724.7633584592986,1
Mahihkan Battery 02-21,ABWI108071506504W400,5,2024-11-01,6,False,exponential,97.02531293171096,0.3266217496609784,0.0,0.9679304888013186,False,,299.145001499003,2
Mahihkan Battery 02-21,ABWI108072206504W400,2,2023-02-01,10,False,harmonic,253.0092707110209,0.9622796224965312,1.0,0.8470364409249496,False,,754.5994224824279,1
Mahihkan Battery 02-21,ABWI108072206504W400,3,2023-12-01,9,False,harmonic,147.71420948487074,0.5390743127858107,1.0,0.8526509774273204,False,,551.6148158353095,2
Mahihkan Battery 02-21,ABWI108072206504W400,4,2024-09-01,8,False,exponential,88.58965322931057,0.2423963701995589,0.0,0.5899809423864443,False,,352.3654963896143,3
Mahihkan Battery 02-21,ABWI108072706504W400,2,2022-12-01,8,False,exponential,374.282505564201,0.223527836771577,0.0,0.79659280994457,False,,1556.014004564769,1
Mahihkan Battery 02-21,ABWI108072706504W400,5,2025-05-01,8,False,exponential,200.8760213257492,1.0537737527958555,0.0,0.9458853160758556,False,,308.31786224911986,2
Mahihkan Battery 02-21,ABWI108072706504W400,6,2026-01-01,6,False,harmonic,87.15221747176845,0.3894728981910096,1.0,0.6953127502433535,False,,302.6994130819295,3
Mahihkan Battery 02-21,ABWI108073406504W400,2,2023-04-01,10,False,harmonic,451.8843812196405,0.1228926702645376,1.0,0.5408393299158014,False,,3075.505711857336,1
Mahihkan Battery 02-21,ABWI108073406504W400,3,2024-02-01,7,False,exponential,346.89620511542466,0.2187029889845053,0.0,0.7917513652148331,False,,1383.885310842875,2
Mahihkan Battery 02-21,ABWI108073506504W400,2,2022-11-01,8,False,harmonic,243.5625343839721,0.2649792595752378,1.0,0.5956547955107678,False,,1133.3559665816492,1
Mahihkan Battery 02-21,ABWI108073506504W400,5,2025-06-01,8,False,harmonic,584.6609446582939,0.4857225572774448,1.0,0.8436175565084839,False,,2164.1189983257304,2
Mahihkan Battery 02-21,ABWI108081506504W400,3,2024-08-01,21,False,hyperbolic,410.8718820664412,0.908526751736068,1.579959499752786,0.9540861388124834,False,,2185.564724590627,1
Mahihkan Battery 02-21,ABWI108082206504W400,2,2025-08-01,11,False,harmonic,447.6229465097541,0.2801296471581088,1.0,0.7872880793826518,False,,2426.0979127884543,1
Mahihkan Battery 02-21,ABWI108082706504W400,1,2022-05-01,8,False,harmonic,440.0455741184628,0.3134794025969704,1.0,0.5572320226970501,False,,1929.4537997756738,1
Mahihkan Battery 02-21,ABWI108082706504W400,3,2024-04-01,8,False,exponential,538.5667444362524,0.19439853579678,0.0,0.9036568174671872,False,,2404.75399573396,2
Mahihkan Battery 02-21,ABWI108082906504W400,1,2023-08-01,16,False,harmonic,437.6543052058676,0.1322220445415577,1.0,0.732678126595945,False,,3914.407411757158,1
Mahihkan Battery 02-21,ABWI108083406504W400,1,2022-07-01,11,False,exponential,475.397951958184,0.2011577484202846,0.0,0.8737878811630644,False,,2323.547800164068,1
Mahihkan Battery 02-21,ABWI108083406504W400,3,2023-11-01,7,False,harmonic,111.9787838659907,1.2357048476156758,1.0,0.793925278289426,False,,265.86215799062364,2
Mahihkan Battery 02-21,ABWI108083406504W400,5,2025-05-01,8,False,harmonic,68.04998398302406,0.1346959410441597,1.0,0.536929481869182,False,,387.64300227184117,3
Mahihkan Battery 02-21,ABWI108091006504W400,2,2024-03-01,9,False,exponential,220.76437223638823,0.2353599393571968,0.0,0.7361367863494075,False,,926.1150411988982,1
Mahihkan Battery 02-21,ABWI108091006504W400,3,2024-12-01,11,False,exponential,125.17857251828256,0.126223648897557,0.0,0.8691014588836646,False,,792.2905070698434,2
Mahihkan Battery 02-21,ABWI108091506504W400,1,2022-12-01,15,False,exponential,266.1936718410317,0.3406411244747938,0.0,0.9124345966449574,False,,916.5197250915635,1
Mahihkan Battery 02-21,ABWI108091506504W400,4,2024-12-01,7,False,exponential,192.289852074064,0.3835236428804496,0.0,0.8731775588221771,False,,562.4566810860582,2
Mahihkan Battery 02-21,ABWI108091606504W400,6,2025-03-01,11,False,exponential,51.62913777289964,0.5359957125703704,0.0,0.8697179545801479,False,,124.091212654478,1
Mahihkan Battery 02-21,ABWI108092706504W400,2,2024-12-01,19,False,exponential,314.6365071548396,0.0267818824726027,0.0,0.5227064525321399,False,,4748.366378424701,1
Mahihkan Battery 02-21,ABWI108100306604W400,5,2024-11-01,17,False,harmonic,596.0460116789213,0.3418362820183718,1.0,0.8793029331346058,False,,3616.026836426462,1
Mahihkan Battery 02-21,ABWI108101006504W400,4,2024-12-01,9,False,exponential,197.6885918148681,0.2860693779090755,0.0,0.9171367299080284,False,,734.0671202577537,1
Mahihkan Battery 02-21,ABWI108101406504W400,5,2025-05-01,6,False,exponential,153.59566784561932,0.3915803358299276,0.0,0.8829327082230153,False,,428.8102835963378,1
Mahihkan Battery 02-21,ABWI108102106504W400,3,2025-07-01,6,False,exponential,46.78265206610502,0.264891871942605,0.0,0.790978677749307,False,,160.01076657507048,1
Mahihkan Battery 02-21,ABWI108102206504W400,4,2024-01-01,12,False,exponential,192.2591309507828,0.0716722200367097,0.0,0.8803899947198609,False,,1603.5467347864058,1
Mahihkan Battery 02-21,ABWI108102806504W400,1,2022-06-01,7,False,exponential,345.387686460482,0.4072643107483035,0.0,0.953480463606512,False,,972.7805339899184,1
Mahihkan Battery 02-21,ABWI108102806504W400,2,2023-01-01,10,False,exponential,339.64289231066937,0.2872955619270648,0.0,0.5382003711646546,False,,1283.2576188077294,2
Mahihkan Battery 02-21,ABWI108112206504W400,1,2022-07-01,34,False,exponential,333.43777706250614,0.1934336468782643,0.0,0.7311041346034386,False,,1893.2343607792604,1
Mahihkan Battery 02-21,ABWI108112206504W400,2,2025-05-01,7,False,harmonic,308.6364944821524,0.1644162342361263,1.0,0.7735588534179699,False,,1523.5841589424333,2
Mahihkan Battery 02-21,ABWI108112206504W400,3,2025-12-01,7,False,exponential,270.3198977072676,0.0669363399553647,0.0,0.5856270551466175,False,,1561.889319363284,3
Mahihkan Battery 02-21,ABWI108112606504W400,3,2025-03-01,6,False,exponential,229.3350873895874,0.6169816377839323,0.0,0.9862607251414244,False,,485.79830318903703,1
Mahihkan Battery 02-21,ABWI108112806504W400,1,2022-05-01,10,False,exponential,132.2787178593021,0.1729941349296125,0.0,0.7310035753649862,False,,685.0568652401856,1
Mahihkan Battery 02-21,ABWI108112806504W400,3,2023-11-01,12,False,exponential,116.7686898728012,0.319046600802154,0.0,0.9335907089682782,False,,418.1825040123737,2
Mahihkan Battery 02-21,ABWI108112806504W400,5,2025-05-01,6,False,harmonic,6.401579065810512,0.4609107022957605,1.0,0.8006211121877747,False,,20.989528734547417,3
Mahihkan Battery 02-21,ABWI108113406504W400,1,2022-08-01,17,False,exponential,523.6856209861543,0.0575471170872157,0.0,0.8151180478928087,False,,5843.906064132406,1
Mahihkan Battery 02-21,ABWI108120306604W400,7,2026-01-01,6,False,harmonic,381.6484037575273,0.8315144254240504,1.0,0.861330722623799,False,,1004.7718439243466,1
Mahihkan Battery 02-21,ABWI108121506504W400,1,2023-08-01,12,False,harmonic,676.521705341704,0.3056017210656238,1.0,0.9390845158817696,False,,3692.4711880516775,1
Mahihkan Battery 02-21,ABWI108121506504W400,4,2025-12-01,7,False,harmonic,1217.9171989288811,0.3142546517179576,1.0,0.5141043359319858,False,,4954.740992481672,2
Mahihkan Battery 02-21,ABWI108122606504W400,2,2022-10-01,9,False,exponential,42.857141216299645,0.3616016528942703,0.0,0.780960197251581,False,,135.78526430347276,1
Mahihkan Battery 02-21,ABWI108122606504W400,8,2025-05-01,7,False,harmonic,51.49964036575432,1.1807952666153874,1.0,0.7348554507820024,False,,124.60011351829314,2
Mahihkan Battery 02-21,ABWI108123506504W400,1,2022-05-01,11,False,harmonic,163.03864964603562,0.1231826039319086,1.0,0.7595676863983001,False,,1181.9549693885776,1
Mahihkan Battery 02-21,ABWI108123506504W400,3,2024-01-01,8,False,exponential,201.6144968777536,0.0725991761034667,0.0,0.7077891633687367,False,,1268.382835337913,2
Mahihkan Battery 02-21,ABWI108131406504W400,1,2022-07-01,17,False,exponential,123.19360887460108,0.1519540113732125,0.0,0.8870872457980545,False,,807.8806825448704,1
Mahihkan Battery 02-21,ABWI108131406504W400,4,2025-09-01,8,False,exponential,94.43400906045292,0.1984738102940801,0.0,0.7513477124926649,False,,417.3670646555587,2
Mahihkan Battery 02-21,ABWI108132606504W400,2,2024-12-01,11,False,exponential,546.6044034089649,0.359806290585712,0.0,0.9406877899250684,False,,1774.2639746325995,1
Mahihkan Battery 02-21,ABWI108132606504W400,3,2025-11-01,8,False,exponential,155.58608232674774,0.3332485618317651,0.0,0.9339510253674936,False,,510.8116858879522,2
Mahihkan Battery 02-21,ABWI108132806504W400,1,2024-01-01,30,False,harmonic,332.44046417613094,0.0225796321132653,1.0,0.7285632748290566,False,,7682.842075122488,1
Mahihkan Battery 02-21,ABWI108133406504W400,2,2024-03-01,12,False,harmonic,1322.8110626623445,0.3898202366943518,1.0,0.8507299046201328,False,,6478.803463296557,1
Mahihkan Battery 02-21,ABWI108141006504W400,1,2026-01-01,6,False,exponential,281.5338172826399,0.1111991144822994,0.0,0.5805920736831678,False,,1302.4190637306026,1
Mahihkan Battery 02-21,ABWI108141506504W400,2,2023-08-01,14,False,harmonic,143.0221699943795,0.3948135491316191,1.0,0.6474204842973288,False,,744.6702687221255,1
Mahihkan Battery 02-21,ABWI108142806504W400,1,2022-05-01,6,False,exponential,358.9234750516783,0.2632005123807563,0.0,0.8529450751538002,False,,1231.2885883322542,1
Mahihkan Battery 02-21,ABWI108142806504W400,4,2024-02-01,6,False,exponential,284.9698451188678,0.3466168970050389,0.0,0.86492097343965,False,,851.2720186035351,2
Mahihkan Battery 02-21,ABWI108142806504W400,7,2025-08-01,11,False,harmonic,211.73627959007715,0.962208735318859,1.0,0.5384414352761948,False,,651.4583476985589,3
Mahihkan Battery 02-21,ABWI108150306604W400,2,2024-04-01,8,False,harmonic,532.0953748130888,0.1442993667664122,1.0,0.7963561002899368,False,,2977.7116782670973,1
Mahihkan Battery 02-21,ABWI108150306604W400,3,2024-12-01,19,False,harmonic,659.366125922438,0.4261830634185602,1.0,0.8499675401342552,False,,3732.272228018035,2
Mahihkan Battery 02-21,ABWI108150406604W400,2,2024-05-01,7,False,harmonic,2043.7177833771325,0.4071582591372909,1.0,0.9672134641147458,False,,7586.797846093055,1
Mahihkan Battery 02-21,ABWI108151006504W400,1,2022-07-01,14,False,harmonic,77.1323874869908,0.24505575899403,1.0,0.5340374564541215,False,,499.8836036754651,1
Mahihkan Battery 02-21,ABWI108151006504W400,5,2025-09-01,10,False,exponential,386.5856927776864,0.1417198004350223,0.0,0.7431084487286796,False,,2216.5132813395057,2
Mahihkan Battery 02-21,ABWI108151406504W400,2,2025-01-01,18,False,harmonic,307.61920858019096,0.0896834640412179,1.0,0.5856510946619327,False,,3393.209996888642,1
Mahihkan Battery 02-21,ABWI108152906504W400,1,2022-07-01,8,False,exponential,156.92476383986508,0.3184526041600669,0.0,0.8773822981693205,False,,530.3579050642778,1
Mahihkan Battery 02-21,ABWI108152906504W400,2,2023-03-01,7,False,harmonic,115.96053692786018,0.8525778734146457,1.0,0.8381656347912225,False,,321.3036327571725,2
Mahihkan Battery 02-21,ABWI108152906504W400,4,2025-09-01,10,False,harmonic,237.74919321746552,0.2773600860923029,1.0,0.89077369777156,False,,1230.810116855117,3
Mahihkan Battery 02-21,ABWI108160306604W400,3,2024-05-01,10,False,harmonic,462.60932169732496,0.5304928993065937,1.0,0.8366660234326234,False,,1819.7499126058553,1
Mahihkan Battery 02-21,ABWI108160306604W400,4,2025-03-01,16,False,harmonic,133.14094208030852,0.2456027837813946,1.0,0.7510068096105985,False,,920.4552981132786,2
Mahihkan Battery 02-21,ABWI108161006504W400,5,2025-03-01,6,False,harmonic,149.63132667934877,0.6432187106987252,1.0,0.5426833048199657,False,,434.5792570643446,1
Mahihkan Battery 02-21,ABWI108161006504W400,6,2025-09-01,10,False,exponential,220.3711043977185,0.2800082833393522,0.0,0.754874546846634,False,,847.4707190399446,2
Mahihkan Battery 02-21,ABWI108161506504W400,2,2023-02-01,15,False,exponential,223.38416205798444,0.1261233909141568,0.0,0.8414268767043152,False,,1600.9218060728408,1
Mahihkan Battery 02-21,ABWI108161606504W400,1,2022-09-01,8,False,harmonic,78.11103812412185,0.6609627387424554,1.0,0.6406557663025245,False,,254.1590463868884,1
Mahihkan Battery 02-21,ABWI108161606504W400,4,2024-11-01,6,False,harmonic,606.5790890301203,1.7444207477221607,1.0,0.9457298827278788,False,,1198.471659294889,2
Mahihkan Battery 02-21,ABWI108161606504W400,5,2025-05-01,14,False,exponential,221.5964861722304,0.121570447657397,0.0,0.8565854964465094,False,,1582.8835385140958,3
Mahihkan Battery 02-21,ABWI108162706504W400,4,2025-04-01,8,False,exponential,116.87899386956713,0.5999594109780508,0.0,0.8288538694168958,False,,256.9271052984004,1
Mahihkan Battery 02-21,ABWI108162806504W400,1,2023-04-01,18,False,exponential,1151.1099653734163,0.0809011219391846,0.0,0.7557736860075287,False,,11359.026627796387,1
Mahihkan Battery 02-21,ABWI108162906504W400,3,2023-03-01,7,False,harmonic,112.8502728007139,0.5651726107193651,1.0,0.6019871590787786,False,,369.5959328200354,1
Mahihkan Battery 02-21,ABWI108162906504W400,5,2024-04-01,27,False,harmonic,270.6021516014678,0.0298524486983066,1.0,0.5442841611400346,False,,5419.180487193452,2
Mahihkan Battery 02-21,ABWI108163406504W400,1,2022-09-01,9,False,harmonic,53.9860467283258,0.3106568080931344,1.0,0.5885929452920438,False,,252.97954559206352,1
Mahihkan Battery 02-21,ABWI109010406604W400,1,2022-12-01,19,False,exponential,420.08778077529865,0.0626328020635333,0.0,0.6339264537929786,False,,4814.412835292177,1
Mahihkan Battery 02-21,ABWI109010406604W400,3,2026-01-01,6,False,exponential,535.8115918227853,0.1212178856022388,0.0,0.813547023150134,False,,2425.588596897896,2
Mahihkan Battery 02-21,ABWI109011506504W400,3,2023-09-01,6,False,harmonic,91.18173330631642,0.295284183605522,1.0,0.5088968456812518,False,,345.87845477605975,1
Mahihkan Battery 02-21,ABWI109011506504W400,5,2024-10-01,11,False,harmonic,205.0525723889417,0.723643069455138,1.0,0.9396194646671214,False,,724.1080146120737,2
Mahihkan Battery 02-21,ABWI109012106504W400,1,2022-05-01,10,False,harmonic,580.7708065410718,0.1663247377774618,1.0,0.6078476411062332,False,,3608.612486294329,1
Mahihkan Battery 02-21,ABWI109012706504W400,3,2024-06-01,7,False,harmonic,284.170135343048,0.5258598994354178,1.0,0.8850888814441605,False,,957.4112548088599,1
Mahihkan Battery 02-21,ABWI109013406504W400,1,2022-05-01,31,False,harmonic,513.0593646404583,0.0677088144259024,1.0,0.8356590842093599,False,,8746.962459901451,1
Mahihkan Battery 02-21,ABWI109020306604W400,1,2022-11-01,14,False,harmonic,358.6573768142409,0.1550638856917719,1.0,0.7853437694234002,False,,2796.1303505302667,1
Mahihkan Battery 02-21,ABWI109021506504W400,6,2024-08-01,10,False,exponential,597.2679348590203,0.2308038210541524,0.0,0.8742553598042994,False,,2609.672081752759,1
Mahihkan Battery 02-21,ABWI109022206504W400,6,2026-01-01,6,False,harmonic,332.69079792524445,0.3623100160875073,1.0,0.8518700684736136,False,,1183.3889904826312,1
Mahihkan Battery 02-21,ABWI109022306504W400,1,2024-05-01,26,False,harmonic,204.9228409464428,0.099779777533888,1.0,0.701523664151884,False,,2702.975310157693,1
Mahihkan Battery 02-21,ABWI109023406504W400,1,2022-10-01,14,False,harmonic,389.3646547381773,0.0675848865121569,1.0,0.7490470833980278,False,,3932.435968783471,1
Mahihkan Battery 02-21,ABWI109023406504W400,2,2023-12-01,10,False,exponential,300.1131422868949,0.1495751703129682,0.0,0.8369225383458402,False,,1676.1676769266699,2
Mahihkan Battery 02-21,ABWI109032206504W400,4,2025-02-01,17,False,harmonic,83.08241802194762,0.0939172183557152,1.0,0.6045663446770746,False,,870.2144798735219,1
Mahihkan Battery 02-21,ABWI109033506504W400,1,2022-05-01,15,False,harmonic,539.4729251571173,0.2783640870999457,1.0,0.5142169520581759,False,,3415.5245853444226,1
Mahihkan Battery 02-21,ABWI109042206504W400,3,2023-12-01,15,False,harmonic,441.7851905320442,0.0696718440071301,1.0,0.6207664560668642,False,,4651.368685206875,1
Mahihkan Battery 02-21,ABWI109042206504W400,4,2025-03-01,8,False,exponential,431.823594724116,0.1118516736846791,0.0,0.8531426171710772,False,,2412.9344994895255,2
Mahihkan Battery 02-21,ABWI109042206504W400,5,2025-11-01,8,False,harmonic,370.0486997010146,0.4291445386471709,1.0,0.9123426285610848,False,,1439.6752672873258,3
Mahihkan Battery 02-21,ABWI109042306504W400,2,2025-10-01,9,False,harmonic,447.1558844721598,0.090263395484605,1.0,0.7721671387585474,False,,3048.3188732053986,1
Mahihkan Battery 02-21,ABWI109042806504W400,1,2023-06-01,18,False,harmonic,350.9199511643103,0.1006068366182979,1.0,0.5558015147971103,False,,3720.5330339226325,1
Mahihkan Battery 02-21,ABWI109043506504W400,1,2022-06-01,14,False,harmonic,526.3514151914115,0.2956424858540074,1.0,0.8289312131905595,False,,3138.5351167013496,1
Mahihkan Battery 02-21,ABWI109050306604W400,1,2023-06-01,9,False,exponential,422.0676099649341,0.1035640546072568,0.0,0.8912195193100112,False,,2600.937179711122,1
Mahihkan Battery 02-21,ABWI109050306604W400,2,2024-03-01,8,False,harmonic,1022.7138892915718,1.7250615211168978,1.0,0.6192521906082556,False,,2197.4734836569014,2
Mahihkan Battery 02-21,ABWI109051006604W400,1,2024-06-01,22,False,exponential,4145.174314640237,0.1354410542213427,0.0,0.9864020963946374,False,,31061.708066866704,1
Mahihkan Battery 02-21,ABWI109052206504W400,3,2024-05-01,10,False,exponential,201.71669122624343,0.0717665403594449,0.0,0.5521512581593215,False,,1491.6736936358725,1
Mahihkan Battery 02-21,ABWI109052706504W400,3,2023-05-01,6,False,exponential,343.65016398078734,0.2875861174294697,0.0,0.8250863964878815,False,,1130.1357212317482,1
Mahihkan Battery 02-21,ABWI109052706504W400,5,2024-04-01,7,False,exponential,190.3934547437329,0.470527339191837,0.0,0.8126896733150215,False,,488.4449721978904,2
Mahihkan Battery 02-21,ABWI109052806504W400,7,2025-06-01,8,False,harmonic,91.69343561691409,0.8685545155105602,1.0,0.8723164814407645,False,,265.0652246262565,1
Mahihkan Battery 02-21,ABWI109061506504W400,4,2024-05-01,6,False,harmonic,133.98664707951312,0.5509091753813182,1.0,0.867777921384561,False,,412.14575832198585,1
Mahihkan Battery 02-21,ABWI109061506504W400,5,2024-11-01,8,False,exponential,75.32475005300799,0.1273650920896764,0.0,0.5649111424777932,False,,402.49664890903955,2
Mahihkan Battery 02-21,ABWI109070306604W400,2,2023-11-01,8,False,harmonic,655.7518572471704,1.1185093865490636,1.0,0.9544148689116096,False,,1696.991540256916,1
Mahihkan Battery 02-21,ABWI109071506504W400,1,2022-07-01,8,False,exponential,279.87894662497695,0.1482107170513872,0.0,0.874323838438646,False,,1410.9970838498753,1
Mahihkan Battery 02-21,ABWI109071506504W400,3,2024-05-01,8,False,exponential,150.06338099794564,0.1209306276764783,0.0,0.8275979979219781,False,,816.7483304385426,2
Mahihkan Battery 02-21,ABWI109072106504W400,1,2022-12-01,9,False,harmonic,71.78872286337402,0.237364951065591,1.0,0.7338159734538459,False,,371.41841387818783,1
Mahihkan Battery 02-21,ABWI109072106504W400,2,2023-09-01,11,False,exponential,65.57250208531147,0.1508377623947232,0.0,0.7550046588427158,False,,379.21412002968384,2
Mahihkan Battery 02-21,ABWI109072106504W400,5,2025-12-01,7,False,exponential,49.313725420377104,0.1835321507578165,0.0,0.8087012462518809,False,,212.7170273375187,3
Mahihkan Battery 02-21,ABWI109072706504W400,4,2024-06-01,9,False,harmonic,481.7291531432792,0.2552240591702431,1.0,0.5107846873416824,False,,2428.8404050472864,1
Mahihkan Battery 02-21,ABWI109072706504W400,6,2025-10-01,9,False,harmonic,273.3446602959912,0.1262222449349654,1.0,0.6907421204942074,False,,1718.4640843474444,2
Mahihkan Battery 02-21,ABWI109081506504W400,3,2024-07-01,19,False,harmonic,636.4665345816948,0.4200705719967291,1.0,0.8000746853519607,False,,3630.4021738934753,1
Mahihkan Battery 02-21,ABWI109082106504W400,1,2023-11-01,13,False,harmonic,157.6757992907264,0.2638130225582044,1.0,0.868375555391639,False,,953.8349628697617,1
Mahihkan Battery 02-21,ABWI109082106504W400,3,2025-12-01,7,False,harmonic,98.9417620711966,0.3253767792135494,1.0,0.8708980199271583,False,,397.76828578692346,2
Mahihkan Battery 02-21,ABWI109082206504W400,1,2022-12-01,13,False,harmonic,280.37112369509106,0.1370053950806637,1.0,0.5691519361225619,False,,2185.7154884022602,1
Mahihkan Battery 02-21,ABWI109082206504W400,3,2024-12-01,19,False,exponential,361.2399022347506,0.0720674811954139,0.0,0.7413704547993022,False,,3874.199158355573,2
Mahihkan Battery 02-21,ABWI109083406504W400,1,2023-07-01,25,False,harmonic,395.5564745407811,0.0976237791366237,1.0,0.7894390468932998,False,,5149.877331203441,1
Mahihkan Battery 02-21,ABWI109091006504W400,3,2025-07-01,8,False,exponential,109.41435165805817,0.2266355776484391,0.0,0.905587533475032,False,,451.52104979733286,1
Mahihkan Battery 02-21,ABWI109091506504W400,1,2022-07-01,7,False,harmonic,189.45504711000171,0.8601171008782512,1.0,0.8678154590404528,False,,523.0280160045215,1
Mahihkan Battery 02-21,ABWI109091506504W400,3,2023-07-01,11,False,exponential,31.79455382444115,0.3528326975089821,0.0,0.9994664279043708,False,,104.73656495035596,2
Mahihkan Battery 02-21,ABWI109091606504W400,1,2022-05-01,14,False,exponential,137.2905461278703,0.0894427866162538,0.0,0.62118604822684,False,,1145.9001246967218,1
Mahihkan Battery 02-21,ABWI109091606504W400,4,2024-09-01,12,False,exponential,172.39116062872588,0.2524574864408384,0.0,0.7904576857983888,False,,735.3196309810919,2
Mahihkan Battery 02-21,ABWI109091606504W400,6,2026-01-01,6,False,exponential,48.08957581576868,0.2548159871364029,0.0,0.559323752864308,False,,167.44382703685787,3
Mahihkan Battery 02-21,ABWI109092706504W400,3,2024-04-01,6,False,exponential,73.66585002505245,0.2945338944134114,0.0,0.6308518376118624,False,,239.427224619307,1
Mahihkan Battery 02-21,ABWI109092706504W400,5,2025-11-01,8,False,exponential,224.7618911745664,0.2454038848678192,0.0,0.8853947854123894,False,,887.84093463218,2
Mahihkan Battery 02-21,ABWI109092806504W400,2,2023-06-01,17,False,harmonic,277.0266455945237,0.1414445365126934,1.0,0.5269888872378488,False,,2500.258433495494,1
Mahihkan Battery 02-21,ABWI109100306604W400,3,2024-05-01,8,False,exponential,789.9629118050501,0.1688376691178278,0.0,0.7604298154207549,False,,3767.629523739619,1
Mahihkan Battery 02-21,ABWI109102106504W400,1,2023-06-01,10,False,exponential,25.129036025427563,0.2629506460908929,0.0,0.8018483911272025,False,,100.84276157924836,1
Mahihkan Battery 02-21,ABWI109102206504W400,4,2023-12-01,18,False,harmonic,217.3881351944229,0.1282931654517406,1.0,0.5508887182705658,False,,2105.7722412690337,1
Mahihkan Battery 02-21,ABWI109102706504W400,2,2023-03-01,6,False,harmonic,288.46642571508886,0.0954250486216882,1.0,0.9277220095804616,False,,1422.3700263968565,1
Mahihkan Battery 02-21,ABWI109103406504W400,1,2026-01-01,6,False,harmonic,797.3493368031094,0.2798651575452601,1.0,0.5191003948532585,False,,3073.5173422637104,1
Mahihkan Battery 02-21,ABWI109111006504W400,1,2022-10-01,9,False,exponential,97.9719663625012,1.307321751854828,0.0,0.9788314588867908,False,,134.30715670472952,1
Mahihkan Battery 02-21,ABWI109111406504W400,3,2026-01-01,6,False,harmonic,175.7726524186468,0.1502402388219001,1.0,0.7919964177914294,False,,795.073174591132,1
Mahihkan Battery 02-21,ABWI109112206504W400,1,2022-07-01,6,False,exponential,395.4449694019109,0.3360059372460086,0.0,0.7024183810644434,False,,1201.1258376071407,1
Mahihkan Battery 02-21,ABWI109112206504W400,2,2023-01-01,7,False,harmonic,481.07916507112935,0.4138282428627955,1.0,0.6738476551896211,False,,1775.239821332981,2
Mahihkan Battery 02-21,ABWI109112206504W400,4,2023-12-01,6,False,harmonic,164.8233674776735,0.4180043548704332,1.0,0.7330757990735556,False,,558.9820840647727,3
Mahihkan Battery 02-21,ABWI109112206504W400,6,2025-10-01,9,False,exponential,130.36942612475488,0.0827873826428309,0.0,0.6689654468632251,False,,861.9411349929665,4
Mahihkan Battery 02-21,ABWI109113506504W400,4,2024-10-01,6,False,exponential,179.83067195489042,0.199142946988081,0.0,0.9275965828649996,False,,694.4086950160676,1
Mahihkan Battery 02-21,ABWI109120306604W400,2,2022-12-01,8,False,exponential,853.2503553246278,0.3068018212515011,0.0,0.9453032838245654,False,,2952.0591969399675,1
Mahihkan Battery 02-21,ABWI109120306604W400,5,2025-08-01,11,False,harmonic,402.06391242713687,0.1949409264425001,1.0,0.799647152101569,False,,2505.7490975530404,2
Mahihkan Battery 02-21,ABWI109121406504W400,3,2025-03-01,8,False,harmonic,43.53030325451454,0.3488613891449176,1.0,0.8344550954161605,False,,183.46622623954244,1
Mahihkan Battery 02-21,ABWI109121506504W400,2,2023-05-01,9,False,exponential,382.51674906742335,0.2165522531409027,0.0,0.8470548260022357,False,,1684.758006620633,1
Mahihkan Battery 02-21,ABWI109121506504W400,4,2025-01-01,6,False,harmonic,591.961086304376,0.2031850121814354,1.0,0.6101978032912753,False,,2492.8480457686364,2
Mahihkan Battery 02-21,ABWI109121506504W400,5,2025-07-01,12,False,exponential,682.0096752428859,0.0766571659071455,0.0,0.5905852886952071,False,,5558.612670698256,3
Mahihkan Battery 02-21,ABWI109122606504W400,3,2025-12-01,7,False,harmonic,267.1150605774906,0.5120390641025123,1.0,0.7935642380611251,False,,909.3211734059936,1
Mahihkan Battery 02-21,ABWI109122806504W400,3,2024-08-01,23,False,harmonic,137.2470001895334,0.1605333061290391,1.0,0.816645107868323,False,,1377.4181133864872,1
Mahihkan Battery 02-21,ABWI109131106504W400,3,2023-10-01,7,False,exponential,183.83651866032864,1.40286736101457,0.0,0.9683732071269512,False,,243.7664865512876,1
Mahihkan Battery 02-21,ABWI109131506504W400,2,2025-05-01,14,False,exponential,762.482390675668,0.1538267540191305,0.0,0.8162319667328868,False,,4727.064102845087,1
Mahihkan Battery 02-21,ABWI109132606504W400,1,2022-07-01,12,False,harmonic,336.0981991591592,0.5943969572799905,1.0,0.9113666293490026,False,,1348.3837999966818,1
Mahihkan Battery 02-21,ABWI109132606504W400,4,2024-10-01,18,False,exponential,462.0436820727209,0.1940187503842523,0.0,0.8449287296197416,False,,2540.202429008898,2
Mahihkan Battery 02-21,ABWI109133406504W400,5,2025-09-01,10,False,exponential,861.9590974163226,0.1350782821188166,0.0,0.5999871287034895,False,,5054.744021312624,1
Mahihkan Battery 02-21,ABWI109142806504W400,1,2023-07-01,7,False,harmonic,232.24524836476448,0.399244759436873,1.0,0.6294470195764279,False,,868.3728455300563,1
Mahihkan Battery 02-21,ABWI109150306604W400,1,2024-01-01,14,False,harmonic,393.7533558644272,0.1117973373487961,1.0,0.717513273038549,False,,3441.0605308132454,1
Mahihkan Battery 02-21,ABWI109150306604W400,3,2025-07-01,8,False,exponential,137.79476400356356,0.2553362477945425,0.0,0.9212424744156772,False,,532.1890489565681,2
Mahihkan Battery 02-21,ABWI109150406604W400,1,2023-10-01,7,False,harmonic,5128.962591985383,1.1091339893113012,1.0,0.9277000196943384,False,,12736.70281145841,1
Mahihkan Battery 02-21,ABWI109150406604W400,2,2024-05-01,7,False,exponential,1790.0868089880453,0.1574827898678993,0.0,0.9370193840151888,False,,8205.66407453052,2
Mahihkan Battery 02-21,ABWI109150406604W400,3,2024-12-01,11,False,exponential,1458.3576557980373,0.2055219206127337,0.0,0.9752846780770952,False,,7031.466595550804,3
Mahihkan Battery 02-21,ABWI109151406504W400,4,2025-04-01,6,False,exponential,354.45544068494803,0.2144920497557041,0.0,0.9177847005828776,False,,1329.1272905511696,1
Mahihkan Battery 02-21,ABWI109151506504W400,2,2023-08-01,8,False,exponential,116.83311205825171,0.3193934468759211,0.0,0.7726366261002806,False,,394.12338958148996,1
Mahihkan Battery 02-21,ABWI109152706504W400,1,2022-09-01,33,False,harmonic,815.033318679412,0.0807992049239052,1.0,0.7302071375157466,False,,13406.693306216739,1
Mahihkan Battery 02-21,ABWI109152906504W400,1,2022-08-01,7,False,harmonic,198.3532358409007,1.265646493642055,1.0,0.980818063465044,False,,466.2868682289492,1
Mahihkan Battery 02-21,ABWI109160306604W400,4,2025-01-01,9,False,exponential,172.0344979299196,0.3942194935083759,0.0,0.8204681214677588,False,,512.8482507727316,1
Mahihkan Battery 02-21,ABWI109161006504W400,1,2023-03-01,8,False,harmonic,179.02449823946677,0.1647830509138227,1.0,0.5390569622924771,False,,966.3820031678913,1
Mahihkan Battery 02-21,ABWI109161406504W400,1,2022-07-01,8,False,exponential,137.73166774162448,1.05870523548974,0.0,0.9838706633284148,False,,210.84637355158802,1
Mahihkan Battery 02-21,ABWI109161506504W400,1,2022-07-01,15,False,harmonic,199.1477237479006,0.7942767310061812,1.0,0.8745944760380527,False,,745.7420420503465,1
Mahihkan Battery 02-21,ABWI109161506504W400,4,2024-06-01,9,False,exponential,52.82103650749055,0.1920652865529547,0.0,0.6546215075412294,False,,248.6077110893636,2
Mahihkan Battery 02-21,ABWI109161506504W400,5,2025-03-01,9,False,exponential,157.12226502791077,0.2954811294463076,0.0,0.970867876388648,False,,571.1857587592779,3
Mahihkan Battery 02-21,ABWI109161506504W400,6,2025-12-01,7,False,harmonic,34.326112841580155,0.6419904256214086,1.0,0.5189277968730241,False,,106.84082677818321,4
Mahihkan Battery 02-21,ABWI109161606504W400,1,2022-09-01,15,False,exponential,265.3641042539916,0.3062638118873503,0.0,0.8942681442254882,False,,995.727636719214,1
Mahihkan Battery 02-21,ABWI109161606504W400,3,2025-04-01,15,False,exponential,557.2148897829396,0.0818846778021251,0.0,0.9155087069559604,False,,5012.136223573293,2
Mahihkan Battery 02-21,ABWI109162706504W400,1,2022-10-01,9,False,exponential,253.09890086495537,0.5022589868824565,0.0,0.9501607372114868,False,,634.0419401830777,1
Mahihkan Battery 02-21,ABWI109162706504W400,3,2024-05-01,16,False,harmonic,367.7072802146913,0.2397932192708021,1.0,0.7783982915109087,False,,2569.881423182111,2
Mahihkan Battery 02-21,ABWI109162706504W400,4,2025-09-01,10,False,harmonic,233.9180645637509,0.3764672244427421,1.0,0.8829555822400548,False,,1069.3996809845169,3
Mahihkan Battery 02-21,ABWI109163406504W400,2,2023-06-01,8,False,harmonic,92.93546147716702,1.910755586205404,1.0,0.831818671252058,False,,191.4229021573371,1
Mahihkan Battery 02-21,ABWI110010406604W400,2,2023-06-01,10,False,exponential,550.9271934249585,0.0486287637095927,0.0,0.6783611538396128,False,,4469.776114803841,1
Mahihkan Battery 02-21,ABWI110012206504W400,2,2023-05-01,8,False,exponential,421.8413507876903,0.1886704131927814,0.0,0.5799158667097052,False,,1911.0843843107991,1
Mahihkan Battery 02-21,ABWI110012206504W400,5,2025-08-01,11,False,exponential,438.5321093563557,0.1760674491911801,0.0,0.9218067895489676,False,,2324.770584601047,2
Mahihkan Battery 02-21,ABWI110012706504W400,3,2024-03-01,12,False,harmonic,299.0787712203951,0.2512741350571936,1.0,0.8855341018770186,False,,1772.7090771064397,1
Mahihkan Battery 02-21,ABWI110012706504W400,4,2025-03-01,6,False,exponential,156.08381743241517,0.5699458602854646,0.0,0.987280881099456,False,,347.5161278160776,2
Mahihkan Battery 02-21,ABWI110021506504W400,3,2025-02-01,10,False,harmonic,61.04208040701167,0.3204855083711715,1.0,0.7660160482225791,False,,298.3416631057187,1
Mahihkan Battery 02-21,ABWI110032206504W400,5,2025-10-01,9,False,exponential,76.10024768542031,0.4477287876049395,0.0,0.9352394133120686,False,,207.1001973698324,1
Mahihkan Battery 02-21,ABWI110042206504W400,3,2025-07-01,12,False,exponential,297.8734746800693,0.1184592013342527,0.0,0.7951818145851106,False,,2022.8987198868829,1
Mahihkan Battery 02-21,ABWI110042306504W400,2,2025-10-01,9,False,exponential,918.5796192012332,0.1540961793740632,0.0,0.8864332018335771,False,,4825.038880178402,1
Mahihkan Battery 02-21,ABWI110043506504W400,3,2024-10-01,9,False,exponential,362.3080170209128,0.1330352516809462,0.0,0.7739895353920088,False,,2030.1708469072166,1
Mahihkan Battery 02-21,ABWI110043506504W400,4,2025-07-01,8,False,exponential,201.2372673166501,0.3395748779721412,0.0,0.9297741377272428,False,,652.7197333336981,2
Mahihkan Battery 02-21,ABWI110050306604W400,3,2025-05-01,14,False,harmonic,287.8346715668169,0.0649522281911249,1.0,0.6984204176684295,False,,2935.7463278087544,1
Mahihkan Battery 02-21,ABWI110051006604W400,1,2024-04-01,24,False,hyperbolic,2857.654264983832,0.2538310311311634,0.5697457036626736,0.9433499211040954,False,,19106.379385148255,1
Mahihkan Battery 02-21,ABWI110052706504W400,1,2022-10-01,7,False,harmonic,216.58450580357876,1.5022858755478017,1.0,0.8175017181609776,False,,474.52882272600084,1
Mahihkan Battery 02-21,ABWI110061506504W400,1,2023-11-01,26,False,harmonic,201.271708528654,0.1038248893419235,1.0,0.7719467135659858,False,,2611.0489369095876,1
Mahihkan Battery 02-21,ABWI110061506504W400,2,2026-01-01,6,False,exponential,74.99331442790988,0.1177461013017209,0.0,0.9776825981646192,False,,342.03941452160115,2
Mahihkan Battery 02-21,ABWI110062206504W400,1,2022-07-01,6,False,exponential,297.07928553308955,0.4456533874611974,0.0,0.7479670544462607,False,,769.1623177737372,1
Mahihkan Battery 02-21,ABWI110062206504W400,4,2024-02-01,29,False,exponential,267.9533698507116,0.0372748211166455,0.0,0.759434840167714,False,,4838.815562978018,2
Mahihkan Battery 02-21,ABWI110071006504W400,3,2024-03-01,10,False,exponential,872.3753650068085,0.1370596631488339,0.0,0.7551159780112539,False,,5081.369480073335,1
Mahihkan Battery 02-21,ABWI110071506504W400,2,2023-11-01,32,False,harmonic,348.36788854016896,0.0725750766299692,1.0,0.5946654707687415,False,,5887.0993220902965,1
Mahihkan Battery 02-21,ABWI110072206504W400,2,2023-01-01,32,False,harmonic,607.9535655970805,0.1028064366527149,1.0,0.687646220188697,False,,8849.629727452391,1
Mahihkan Battery 02-21,ABWI110081506504W400,2,2024-04-01,20,False,exponential,354.41418150548293,0.1035518142476075,0.0,0.8377235835639116,False,,3148.686399784104,1
Mahihkan Battery 02-21,ABWI110082106504W400,4,2024-04-01,17,False,exponential,373.2336743396663,0.11862200838846,0.0,0.8923570076198057,False,,2892.564378271625,1
Mahihkan Battery 02-21,ABWI110082106504W400,5,2025-09-01,7,False,exponential,147.73557061442753,0.3385034314791863,0.0,0.944373968923271,False,,466.3492727631749,2
Mahihkan Battery 02-21,ABWI110082206504W400,1,2024-10-01,21,False,harmonic,302.2808510784312,0.0539930849011199,1.0,0.7110475771758665,False,,4324.651282095809,1
Mahihkan Battery 02-21,ABWI110082706504W400,1,2023-01-01,12,False,harmonic,1211.3169118582402,0.3463605668152984,1.0,0.7915079462131452,False,,6257.75963380298,1
Mahihkan Battery 02-21,ABWI110082706504W400,2,2024-01-01,11,False,harmonic,1016.602724273356,0.480900117581197,1.0,0.7466286616193614,False,,4353.797012884891,2
Mahihkan Battery 02-21,ABWI110083406504W400,1,2023-01-01,10,False,harmonic,308.3316228732631,0.2441698635806418,1.0,0.8574864859306605,False,,1675.826279180559,1
Mahihkan Battery 02-21,ABWI110091006504W400,1,2022-08-01,8,False,harmonic,112.27823446838391,1.055339279582996,1.0,0.6414150120503385,False,,298.04296372117216,1
Mahihkan Battery 02-21,ABWI110091006504W400,3,2024-06-01,23,False,exponential,283.8699451288494,0.0589794501111364,0.0,0.7266255294531632,False,,3679.8326569833507,2
Mahihkan Battery 02-21,ABWI110091506504W400,4,2024-02-01,7,False,harmonic,258.1704987976669,0.3032772745074932,1.0,0.7193744765671631,False,,1062.9533403037503,1
Mahihkan Battery 02-21,ABWI110092106504W400,1,2024-03-01,7,False,harmonic,90.66784171464428,0.1465247276410191,1.0,0.5197264622960944,False,,460.59349917900073,1
Mahihkan Battery 02-21,ABWI110092106504W400,4,2025-10-01,9,False,exponential,65.60383416060543,0.162611273573443,0.0,0.9289262166662936,False,,335.96751974115995,2
Mahihkan Battery 02-21,ABWI110092706504W400,1,2022-06-01,15,False,exponential,570.9996136450408,0.0792145926748996,0.0,0.8007027325682287,False,,5212.556929822832,1
Mahihkan Battery 02-21,ABWI110092906504W400,1,2022-09-01,6,False,exponential,321.67035411011665,0.7385544180946769,0.0,0.84500769189483,False,,608.6660382049262,1
Mahihkan Battery 02-21,ABWI110092906504W400,3,2024-01-01,30,False,hyperbolic,476.63538672037726,0.3253051112350961,1.320251755946501,0.9414696163923032,False,,4303.871975245045,2
Mahihkan Battery 02-21,ABWI110100306604W400,3,2024-05-01,8,False,exponential,684.3999566016944,0.0645210226260258,0.0,0.5653263786776981,False,,4416.327200607572,1
Mahihkan Battery 02-21,ABWI110100306604W400,4,2025-01-01,18,False,hyperbolic,661.8756205934836,0.3227476030629675,0.6036130452938334,0.960810720886821,False,,3569.6746510733374,2
Mahihkan Battery 02-21,ABWI110101506504W400,1,2022-05-01,13,False,harmonic,61.81972389235664,0.1403479609743776,1.0,0.7751445285662761,False,,477.959819441718,1
Mahihkan Battery 02-21,ABWI110102106504W400,1,2022-12-01,6,False,exponential,54.56267120847593,0.7575168890717433,0.0,0.9373244392352864,False,,101.63069692684225,1
Mahihkan Battery 02-21,ABWI110102106504W400,3,2023-10-01,15,False,harmonic,44.94233732081103,0.2646476799794688,1.0,0.7570865446817029,False,,291.176087354797,2
Mahihkan Battery 02-21,ABWI110102206504W400,3,2023-05-01,7,False,exponential,72.24289244162853,0.4420723616370725,0.0,0.8857809336682998,False,,193.03409940125698,1
Mahihkan Battery 02-21,ABWI110102206504W400,5,2024-10-01,10,False,harmonic,125.90728684947706,0.2869891979805212,1.0,0.8315441257809353,False,,643.1570861953904,2
Mahihkan Battery 02-21,ABWI110110306604W400,2,2022-10-01,18,False,exponential,738.6540751312533,0.085843536246299,0.0,0.7088561393681672,False,,7064.23382942078,1
Mahihkan Battery 02-21,ABWI110112606504W400,1,2022-07-01,6,False,exponential,19.13613345481477,0.9474201019149432,0.0,0.9754003045927432,False,,31.14870768938755,1
Mahihkan Battery 02-21,ABWI110112706504W400,1,2022-07-01,15,False,harmonic,512.3225110810458,0.1578581463262121,1.0,0.6412657827765671,False,,4127.132387329592,1
Mahihkan Battery 02-21,ABWI110113406504W400,1,2023-03-01,12,False,exponential,845.3316257260894,0.0536953228910309,0.0,0.8061417824673511,False,,7680.430785543846,1
Mahihkan Battery 02-21,ABWI110113406504W400,3,2025-08-01,11,False,harmonic,569.3936486546359,0.0538349956278691,1.0,0.5114740731488546,False,,5026.708540226656,2
Mahihkan Battery 02-21,ABWI110113506504W400,3,2023-05-01,6,False,harmonic,88.69891955561823,1.118292449677739,1.0,0.6685607532428002,False,,208.00734525422183,1
Mahihkan Battery 02-21,ABWI110113506504W400,6,2024-10-01,6,False,exponential,88.12747519906398,0.1745295865571097,0.0,0.7216380301950069,False,,357.17699294561584,2
Mahihkan Battery 02-21,ABWI110120306604W400,1,2022-06-01,10,False,harmonic,401.2039413388953,0.3014192865042433,1.0,0.892535172396687,False,,2009.9340520519356,1
Mahihkan Battery 02-21,ABWI110122606504W400,3,2024-12-01,13,False,harmonic,165.5376089326249,0.2595929555739831,1.0,0.9642873447029972,False,,1008.3352259675719,1
Mahihkan Battery 02-21,ABWI110122606504W400,4,2026-01-01,6,False,harmonic,73.42068583654967,0.232209751401989,1.0,0.6746644997369218,False,,298.4553386014868,2
Mahihkan Battery 02-21,ABWI110123506504W400,1,2024-09-01,22,False,harmonic,508.83340607761664,0.0486320307492578,1.0,0.5493364942287342,False,,7744.891210215235,1
Mahihkan Battery 02-21,ABWI110131106504W400,1,2024-01-01,11,False,exponential,257.37452390627027,0.1985655364869387,0.0,0.7386617870724953,False,,1268.2438203556464,1
Mahihkan Battery 02-21,ABWI110131406504W400,3,2024-12-01,9,False,harmonic,181.52921460942932,0.2251930166883063,1.0,0.5872482053316145,False,,956.5444055795572,1
Mahihkan Battery 02-21,ABWI110131406504W400,4,2025-09-01,10,False,harmonic,157.73804943057846,0.3448244219911355,1.0,0.7343874393088353,False,,748.131520885451,2
Mahihkan Battery 02-21,ABWI110131506504W400,3,2025-07-01,7,False,exponential,1216.4530912778837,0.2906619251076085,0.0,0.934432886658676,False,,4192.291107697169,1
Mahihkan Battery 02-21,ABWI110132606504W400,3,2025-12-01,7,False,harmonic,616.5512809346037,0.5125654774156557,1.0,0.9476434079299382,False,,2098.046060975129,1
Mahihkan Battery 02-21,ABWI110133406504W400,2,2024-03-01,12,False,harmonic,1108.1978855114453,0.1304989774952008,1.0,0.5575699502339997,False,,8350.745413441045,1
Mahihkan Battery 02-21,ABWI110133406504W400,5,2026-01-01,6,False,exponential,726.6917361200399,0.1827509164887586,0.0,0.7534011940210111,False,,2897.482766967467,2
Mahihkan Battery 02-21,ABWI110142606504W400,4,2024-03-01,9,False,harmonic,8.952428710354509,0.0678339510189575,1.0,0.9108924152293968,False,,64.62064864825936,1
Mahihkan Battery 02-21,ABWI110142806504W400,3,2023-11-01,8,False,exponential,51.65139710579618,0.3142381131124009,0.0,0.8928723146133694,False,,176.04033460250332,1
Mahihkan Battery 02-21,ABWI110142806504W400,5,2025-04-01,7,False,harmonic,51.96671582055177,1.6810140877081756,1.0,0.7399730563649634,False,,108.80366716516498,2
Mahihkan Battery 02-21,ABWI110150306604W400,4,2024-05-01,26,False,harmonic,409.8423744767424,0.1386665909680766,1.0,0.8366425311634775,False,,4678.75724222816,1
Mahihkan Battery 02-21,ABWI110151006504W400,1,2022-10-01,13,False,harmonic,201.52263557478275,0.142609615279112,1.0,0.9439879473809694,False,,1549.4697336791426,1
Mahihkan Battery 02-21,ABWI110151506504W400,4,2024-02-01,11,False,exponential,72.56569644472118,0.1790742297950891,0.0,0.6305111365763073,False,,380.8582417115505,1
Mahihkan Battery 02-21,ABWI110151506504W400,5,2025-01-01,14,False,harmonic,48.236896110402654,0.7735604889876478,1.0,0.9178752101829176,False,,179.0768745748498,2
Mahihkan Battery 02-21,ABWI110152106504W400,1,2022-07-01,6,False,harmonic,353.8021637889604,0.1195058774650674,1.0,0.5475425807358415,False,,1676.664321153618,1
Mahihkan Battery 02-21,ABWI110152106504W400,4,2024-08-01,17,False,exponential,474.8974932551931,0.1007911511217718,0.0,0.672238684860454,False,,4060.3674079238745,2
Mahihkan Battery 02-21,ABWI110152606504W400,1,2023-12-01,16,False,exponential,327.10376694697,0.0573079100514695,0.0,0.5943425921192738,False,,3525.259128398472,1
Mahihkan Battery 02-21,ABWI110152606504W400,2,2025-04-01,8,False,harmonic,251.098880936756,0.1158676746443543,1.0,0.7849151785184428,False,,1483.6493092937753,2
Mahihkan Battery 02-21,ABWI110152606504W400,3,2025-12-01,7,False,exponential,275.2498016112577,0.1522480962819265,0.0,0.6934241568012927,False,,1277.6325162233034,3
Mahihkan Battery 02-21,ABWI110152906504W400,3,2025-05-01,14,False,harmonic,121.45381526377751,0.0699982317364145,1.0,0.8155863544593432,False,,1215.8022946874732,1
Mahihkan Battery 02-21,ABWI110153406504W400,6,2025-11-01,8,False,harmonic,180.8002471197061,0.1086974324451985,1.0,0.807940926761171,False,,1083.9855518383656,1
Mahihkan Battery 02-21,ABWI110161006504W400,2,2022-12-01,7,False,exponential,113.99289385671672,0.239743797190736,0.0,0.6268853164131565,False,,434.9073423668585,1
Mahihkan Battery 02-21,ABWI110161006504W400,3,2023-07-01,10,False,exponential,94.9181408904439,0.1743686435766627,0.0,0.6618141964525638,False,,489.4568840625503,2
Mahihkan Battery 02-21,ABWI110161006504W400,5,2025-01-01,7,False,harmonic,246.25544865131184,0.6441717190774684,1.0,0.7455241274727168,False,,765.4274546078442,3
Mahihkan Battery 02-21,ABWI110161406504W400,1,2022-12-01,8,False,harmonic,395.0357963031415,0.3242654084243686,1.0,0.7262404949662298,False,,1710.8091762408603,1
Mahihkan Battery 02-21,ABWI110161406504W400,2,2023-08-01,14,False,harmonic,362.7392112246888,0.3120279863492441,1.0,0.5500668232326167,False,,2110.2520470721,2
Mahihkan Battery 02-21,ABWI110161506504W400,1,2022-07-01,12,False,exponential,162.7571899031351,0.2488877229346959,0.0,0.8462194174154982,False,,701.4176780157504,1
Mahihkan Battery 02-21,ABWI110161506504W400,3,2024-05-01,14,False,harmonic,114.92075849926246,0.676297785620905,1.0,0.772481529870424,False,,457.1833603437386,2
Mahihkan Battery 02-21,ABWI110161606504W400,1,2023-07-01,8,False,exponential,178.93708123320707,0.1176667507959117,0.0,0.7941954511101685,False,,983.1067429023608,1
Mahihkan Battery 02-21,ABWI110161606504W400,2,2024-03-01,6,False,exponential,146.31944354963812,0.299233207321459,0.0,0.7560310295461201,False,,471.8294535570523,2
Mahihkan Battery 02-21,ABWI110161606504W400,4,2025-02-01,16,False,exponential,68.66783768384462,0.282305547997185,0.0,0.8854743075753209,False,,276.13709650555893,3
Mahihkan Battery 02-21,ABWI110162706504W400,4,2025-04-01,7,False,harmonic,225.0669097060835,0.1838809642028858,1.0,0.8549287833070718,False,,1078.7266565576188,1
Mahihkan Battery 02-21,ABWI111010406604W400,1,2022-05-01,6,False,exponential,383.6150698616197,0.1822367073077322,0.0,0.918537759437412,False,,1531.1160266137376,1
Mahihkan Battery 02-21,ABWI111010406604W400,3,2023-06-01,11,False,harmonic,346.74269375961563,0.2594001810616235,1.0,0.8777319369636557,False,,1938.4843942645045,2
Mahihkan Battery 02-21,ABWI111011506504W402,3,2024-03-01,14,False,exponential,623.3044454937914,0.0900077769109308,0.0,0.6849524112228469,False,,5187.523603881394,1
Mahihkan Battery 02-21,ABWI111011506504W402,5,2025-12-01,7,False,exponential,233.67636061565275,0.1331502898022259,0.0,0.5650811030787931,False,,1136.3719733372502,2
Mahihkan Battery 02-21,ABWI111012206504W400,3,2025-09-01,10,False,harmonic,898.9748577309189,0.1079477693852698,1.0,0.5719407175332554,False,,6336.513538263383,1
Mahihkan Battery 02-21,ABWI111013406504W400,2,2023-08-01,35,False,harmonic,555.0239011977197,0.0355715002940515,1.0,0.6699038013117125,False,,12773.507573670218,1
Mahihkan Battery 02-21,ABWI111022206504W400,4,2025-10-01,9,False,harmonic,199.8176033278112,0.4790442809708012,1.0,0.6645538259955969,False,,785.1515201652243,1
Mahihkan Battery 02-21,ABWI111032806504W400,2,2024-03-01,21,False,exponential,228.98639154214823,0.0616590866515961,0.0,0.6520794638041492,False,,2780.3823698759043,1
Mahihkan Battery 02-21,ABWI111041406504W400,3,2024-08-01,11,False,exponential,483.5035049526757,0.3278398894055223,0.0,0.8666459162006075,False,,1682.7840783941758,1
Mahihkan Battery 02-21,ABWI111043506504W400,1,2022-10-01,11,False,harmonic,200.97190024322535,0.0718866891786554,1.0,0.5459777968076689,False,,1674.0631359366644,1
Mahihkan Battery 02-21,ABWI111043506504W400,2,2023-09-01,6,False,exponential,191.12102061309903,0.8531794100714272,0.0,0.9356736402950222,False,,331.0053551451561,2
Mahihkan Battery 02-21,ABWI111043506504W400,4,2024-11-01,11,False,exponential,406.0833908532522,0.3455336920421444,0.0,0.9540893810155092,False,,1358.8796250694718,3
Mahihkan Battery 02-21,ABWI111050306604W400,1,2022-10-01,6,False,exponential,360.99477062019633,0.4015535924275977,0.0,0.9511246077227484,False,,993.436648505447,1
Mahihkan Battery 02-21,ABWI111051006604W400,2,2024-10-01,21,False,harmonic,3181.8971874921244,0.3496822303005051,1.0,0.8582097736576041,False,,20794.601754488976,1
Mahihkan Battery 02-21,ABWI111052206504W400,2,2025-09-01,10,False,harmonic,123.45374814167916,0.0639806361846042,1.0,0.6786187143926907,False,,978.8099054885267,1
Mahihkan Battery 02-21,ABWI111052606504W400,1,2022-10-01,9,False,exponential,105.51748615837768,0.5219817020116704,0.0,0.8645043765315715,False,,257.11063031859146,1
Mahihkan Battery 02-21,ABWI111052606504W400,4,2024-05-01,7,False,harmonic,84.89583768098667,1.239993851618461,1.0,0.9220587684437624,False,,201.27204594412694,2
Mahihkan Battery 02-21,ABWI111052706504W400,2,2024-01-01,10,False,exponential,347.54497069970165,0.0962305553614634,0.0,0.5332015798138858,False,,2341.03181622097,1
Mahihkan Battery 02-21,ABWI111052706504W400,5,2026-01-01,6,False,exponential,152.3657766668518,0.0818721937862384,0.0,0.6000036951447099,False,,752.287228769222,2
Mahihkan Battery 02-21,ABWI111061506504W400,2,2024-08-01,12,False,exponential,290.5004104489455,0.0676034553560317,0.0,0.6405636638120249,False,,2469.509296029507,1
Mahihkan Battery 02-21,ABWI111071506504W400,2,2024-04-01,27,False,harmonic,239.5731238422657,0.0566874022872224,1.0,0.7627531042807731,False,,3997.194243846358,1
Mahihkan Battery 02-21,ABWI111072706504W400,4,2023-12-01,7,False,exponential,316.1316274449057,0.1467294964451868,0.0,0.5512166491003493,False,,1487.0647611558813,1
Mahihkan Battery 02-21,ABWI111072706504W400,5,2024-07-01,9,False,harmonic,324.519838307807,0.3622277521351101,1.0,0.5041251174249104,False,,1431.7169169271108,2
Mahihkan Battery 02-21,ABWI111081506504W400,3,2024-05-01,14,False,exponential,314.267757009689,0.0945293002958516,0.0,0.9289825355484534,False,,2556.5887323566894,1
Mahihkan Battery 02-21,ABWI111082106504W400,2,2024-01-01,17,False,harmonic,249.3628967008029,0.1644471145972078,1.0,0.7457308598170768,False,,2117.6044442528982,1
Mahihkan Battery 02-21,ABWI111082106504W400,3,2025-06-01,13,False,harmonic,159.6912978978763,0.3212037884927688,1.0,0.6888088218611708,False,,885.8131243673239,2
Mahihkan Battery 02-21,ABWI111082206504W400,2,2023-03-01,17,False,exponential,431.9379372070668,0.0463221577190782,0.0,0.7900869360199502,False,,5200.628075453466,1
Mahihkan Battery 02-21,ABWI111082206504W400,3,2024-08-01,19,False,harmonic,217.60106692910523,0.0714366913138452,1.0,0.5842019765376987,False,,2675.7590348915933,2
Mahihkan Battery 02-21,ABWI111082706504W400,4,2024-05-01,10,False,exponential,72.89585025691602,0.1192926952518866,0.0,0.513644905601021,False,,451.6076977835463,1
Mahihkan Battery 02-21,ABWI111092906504W400,1,2022-09-01,6,False,exponential,322.5696358780466,0.528947905124081,0.0,0.8728692709304612,False,,752.4072587945568,1
Mahihkan Battery 02-21,ABWI111092906504W400,3,2024-01-01,12,False,exponential,300.08652500814964,0.1664445746890443,0.0,0.9026329571144408,False,,1691.5503447200622,2
Mahihkan Battery 02-21,ABWI111092906504W400,6,2025-10-01,9,False,exponential,213.49278089753057,0.1994788679403436,0.0,0.8079004658357858,False,,984.4853180559843,3
Mahihkan Battery 02-21,ABWI111101406504W400,1,2024-06-01,9,False,harmonic,305.8293307604665,0.2137666233396374,1.0,0.5539803282698038,False,,1640.3942574449563,1
Mahihkan Battery 02-21,ABWI111101406504W400,2,2025-03-01,12,False,exponential,186.6719854001813,0.1087920071075146,0.0,0.7047984179722048,False,,1320.0732905839313,2
Mahihkan Battery 02-21,ABWI111102706504W400,4,2025-12-01,7,False,harmonic,250.7164624418523,0.175571057957696,1.0,0.6198142684265051,False,,1216.6583386129894,1
Mahihkan Battery 02-21,ABWI111102906504W400,2,2023-03-01,7,False,harmonic,471.8994871176121,1.2506149363585934,1.0,0.6393529958607714,False,,1114.8382169124643,1
Mahihkan Battery 02-21,ABWI111102906504W400,4,2025-01-01,18,False,harmonic,359.5385859912752,0.126699254482199,1.0,0.9391483067099964,False,,3499.6980366599532,2
Mahihkan Battery 02-21,ABWI111110306604W403,1,2022-08-01,6,False,harmonic,822.9032396300208,0.4251076611406522,1.0,0.9748374419316026,False,,2774.7747890875985,1
Mahihkan Battery 02-21,ABWI111110306604W403,3,2024-03-01,13,False,harmonic,783.4895199891554,0.0600237127536976,1.0,0.6345968404742184,False,,7703.1773782117325,2
Mahihkan Battery 02-21,ABWI111111406504W400,1,2022-08-01,15,False,harmonic,462.9000333271888,0.0524604446554605,1.0,0.6015510816789278,False,,5225.401466737517,1
Mahihkan Battery 02-21,ABWI111111406504W400,3,2024-12-01,19,False,exponential,448.82358818969067,0.0491315750756945,0.0,0.5797254895142868,False,,5680.720248091461,2
Mahihkan Battery 02-21,ABWI111112806504W400,1,2022-07-01,12,False,exponential,68.45896887889593,0.2759482833363185,0.0,0.926677030663934,False,,273.5357667811489,1
Mahihkan Battery 02-21,ABWI111112806504W400,4,2024-10-01,12,False,exponential,271.56254406861507,0.2167932800903834,0.0,0.8783930883610285,False,,1289.987565871586,2
Mahihkan Battery 02-21,ABWI111112806504W400,5,2025-10-01,9,False,harmonic,189.3093690525148,0.2085809544989722,1.0,0.7022767853395739,False,,1023.8192715291848,3
Mahihkan Battery 02-21,ABWI111120306604W400,2,2023-03-01,10,False,harmonic,469.8871400775433,1.1545337324049674,1.0,0.7088497228231034,False,,1286.4382668672606,1
Mahihkan Battery 02-21,ABWI111121106504W400,3,2024-03-01,8,False,exponential,280.5588674596447,0.0944130880686556,0.0,0.9574207504246096,False,,1650.8839403390011,1
Mahihkan Battery 02-21,ABWI111131406504W400,1,2023-01-01,8,False,exponential,234.56119723743268,0.1520784884334831,0.0,0.6105105292889059,False,,1170.1074234581392,1
Mahihkan Battery 02-21,ABWI111131406504W400,3,2024-03-01,6,False,harmonic,71.83420997599856,1.3478397248373706,1.0,0.6060784789495306,False,,156.63144462615276,2
Mahihkan Battery 02-21,ABWI111141406504W400,3,2024-12-01,14,False,harmonic,199.20464799004668,0.1555113826783485,1.0,0.5996004076115056,False,,1551.3521471479633,1
Mahihkan Battery 02-21,ABWI111150306604W400,3,2023-12-01,31,False,exponential,359.49293093612886,0.058065841258804,0.0,0.9211923795024702,False,,5319.269376607291,1
Mahihkan Battery 02-21,ABWI111152106504W400,1,2022-07-01,6,False,exponential,673.4980638517608,0.1499974661586498,0.0,0.5714238949395798,False,,2869.34075401104,1
Mahihkan Battery 02-21,ABWI111152106504W400,4,2024-05-01,20,False,exponential,471.1553627174456,0.0878314776697098,0.0,0.7077302533588223,False,,4636.056781686344,2
Mahihkan Battery 02-21,ABWI111152606504W400,2,2025-04-01,15,False,exponential,200.6099003243783,0.0266757783678668,0.0,0.6531226802485142,False,,2513.206421156786,1
Mahihkan Battery 02-21,ABWI111161006504W400,3,2023-04-01,7,False,exponential,103.32994120304257,0.4957714233284259,0.0,0.7446906598368677,False,,256.11697126514883,1
Mahihkan Battery 02-21,ABWI111161006504W400,4,2023-11-01,12,False,harmonic,108.2197264318818,1.8028877570848096,1.0,0.5714529474464414,False,,252.48253102687653,2
Mahihkan Battery 02-21,ABWI111162706504W400,2,2023-11-01,22,False,exponential,613.1244021898145,0.0829364409384584,0.0,0.888692183394872,False,,6461.066255171464,1
Mahihkan Battery 02-21,ABWI111162706504W400,3,2025-09-01,10,False,harmonic,163.79460201422688,0.3568662882627152,1.0,0.660750103956292,False,,765.8429109210737,2
Mahihkan Battery 02-21,ABWI111163406504W400,1,2023-04-01,19,False,exponential,177.2665761770175,0.0664331516050357,0.0,0.5734865300043319,False,,1977.3958359579135,1
Mahihkan Battery 02-21,ABWI111163406504W400,2,2024-11-01,6,False,harmonic,99.49642870372168,0.1235844706959797,1.0,0.6509897408897568,False,,468.49086189622517,2
Mahihkan Battery 02-21,ABWI112010406604W400,1,2022-05-01,7,False,exponential,429.41483952694654,0.457793325482912,0.0,0.922888162134452,False,,1121.6064140946237,1
Mahihkan Battery 02-21,ABWI112032806504W400,3,2024-05-01,18,False,exponential,585.2630219247455,0.0727852374841834,0.0,0.6283354144876911,False,,6087.91361520686,1
Mahihkan Battery 02-21,ABWI112040306604W400,2,2025-07-01,8,False,harmonic,519.8112967606614,0.1085817435497635,1.0,0.6821661006457671,False,,3117.265851959411,1
Mahihkan Battery 02-21,ABWI112051006604W400,2,2024-09-01,22,False,harmonic,1349.0932373847213,0.1037322252297942,1.0,0.846103112824072,False,,15936.49184175942,1
Mahihkan Battery 02-21,ABWI112052206504W400,4,2025-05-01,11,False,harmonic,137.39314726876773,0.7478686019420266,1.0,0.823515839624107,False,,477.5465888114581,1
Mahihkan Battery 02-21,ABWI112072706504W400,2,2024-04-01,12,False,harmonic,1121.4404136040937,0.2474124460769484,1.0,0.5620369782975306,False,,6689.260156781932,1
Mahihkan Battery 02-21,ABWI112072706504W400,3,2025-04-01,6,False,harmonic,745.8180182302831,0.6793503156692889,1.0,0.7687246751099706,False,,2121.878204534977,2
Mahihkan Battery 02-21,ABWI112081506504W400,2,2024-10-01,14,False,harmonic,658.2430810848329,0.5070101879534885,1.0,0.9644602806523496,False,,3030.7584963761483,1
Mahihkan Battery 02-21,ABWI112081506504W400,3,2025-12-01,7,False,harmonic,125.26649705536605,0.1032881847112631,1.0,0.5925321143760978,False,,686.8454863671511,2
Mahihkan Battery 02-21,ABWI112082106504W400,1,2024-03-01,11,False,exponential,86.42264865731195,0.1242738383402554,0.0,0.7230452305522399,False,,551.045887736647,1
Mahihkan Battery 02-21,ABWI112092706504W400,4,2025-12-01,7,False,exponential,159.57516745833334,0.2218027148053709,0.0,0.7853011709271068,False,,632.3651167159943,1
Mahihkan Battery 02-21,ABWI112092906504W400,1,2022-08-01,7,False,exponential,187.83599503079597,0.3564484365309101,0.0,0.9050858298716102,False,,574.7783034328627,1
Mahihkan Battery 02-21,ABWI112092906504W400,5,2025-11-01,8,False,exponential,147.7026067449754,0.1536535513034296,0.0,0.7803317241507167,False,,733.6672537099305,2
Mahihkan Battery 02-21,ABWI112101506504W400,2,2022-10-01,7,False,harmonic,68.95426225122317,0.238117683875102,1.0,0.6284736208245693,False,,306.76362766063556,1
Mahihkan Battery 02-21,ABWI112121106504W400,1,2023-02-01,7,False,exponential,79.00917535371259,0.2703996460966071,0.0,0.9451568215683496,False,,283.23862813182524,1
Mahihkan Battery 02-21,ABWI112143406504W400,4,2025-03-01,10,False,exponential,1188.9098990913296,0.1315306604263485,0.0,0.801764825619774,False,,7057.467411690928,1
Mahihkan Battery 02-21,ABWI112143406504W400,5,2026-01-01,6,False,harmonic,444.5379444488019,0.7045838920110508,1.0,0.927838241370142,False,,1247.3205141599713,2
Mahihkan Battery 02-21,ABWI112152106504W400,3,2025-05-01,8,False,harmonic,888.399165542849,1.8796378282878583,1.0,0.8646196377407236,False,,1842.2308428228644,1
Mahihkan Battery 02-21,ABWI112162706504W400,2,2022-12-01,10,False,harmonic,169.8616711811253,0.5816911538219854,1.0,0.6806357111174897,False,,640.7772744021254,1
Mahihkan Battery 02-21,ABWI112162706504W400,5,2025-10-01,9,False,harmonic,467.7248593962783,0.0943662819836928,1.0,0.6995888082793786,False,,3157.273869221552,2
Mahihkan Battery 02-21,ABWI113030306604W402,3,2024-06-01,18,False,harmonic,1715.1650955029772,0.2579416308607355,1.0,0.6894821307715202,False,,12247.301687743142,1
Mahihkan Battery 02-21,ABWI113030306604W402,4,2025-12-01,7,False,harmonic,764.9623831473606,0.1380746663104543,1.0,0.5437541710351692,False,,3941.154295877467,2
Mahihkan Battery 02-21,ABWI113050306604W400,1,2023-04-01,8,False,harmonic,578.2665969118385,0.3857658670288085,1.0,0.6880413199362281,False,,2345.5930252894314,1
Mahihkan Battery 02-21,ABWI113050306604W400,2,2023-12-01,6,False,harmonic,341.3235247805811,0.3441585131848767,1.0,0.688407017843405,False,,1234.4237092733224,2
Mahihkan Battery 02-21,ABWI113051006604W400,1,2023-08-01,8,False,harmonic,3179.9150120319746,0.6605900216139318,1.0,0.825643353259114,False,,10349.3595368465,1
Mahihkan Battery 02-21,ABWI113051006604W400,3,2024-08-01,17,False,harmonic,4130.295802634891,0.5271946423274652,1.0,0.9795636745197585,False,,20042.94010346766,2
Mahihkan Battery 02-21,ABWI113082106504W400,1,2023-06-01,9,False,harmonic,250.96595534412407,0.222776134083646,1.0,0.5242883678742534,False,,1327.3453387061493,1
Mahihkan Battery 02-21,ABWI113082106504W400,3,2025-12-01,7,False,harmonic,170.00967736063134,0.4745864901246377,1.0,0.7305147147106261,False,,595.9156360823351,2
Mahihkan Battery 02-21,ABWI113101506504W400,3,2024-03-01,10,False,harmonic,263.0417892444952,0.151781789573649,1.0,0.8636391505639865,False,,1682.3431080678004,1
Mahihkan Battery 02-21,ABWI113101506504W400,5,2025-07-01,12,False,harmonic,459.5500111237015,0.3551592501801572,1.0,0.712629040186795,False,,2347.612885770453,2
Mahihkan Battery 02-21,ABWI113102906504W400,1,2022-08-01,7,False,exponential,188.1327218210496,0.3932886902381859,0.0,0.9395542095845664,False,,541.6987705492091,1
Mahihkan Battery 02-21,ABWI113102906504W400,2,2023-03-01,13,False,exponential,271.0969581207546,0.6190466206072252,0.0,0.9074176458613946,False,,587.1837826149113,2
Mahihkan Battery 02-21,ABWI113121106504W400,2,2025-01-01,18,False,harmonic,291.26202105502443,0.3426256890007606,1.0,0.906931920876422,False,,1807.6423851290463,1
Mahihkan Battery 02-21,ABWI114082106504W400,2,2025-05-01,14,False,exponential,180.52548839668904,0.0648747883804103,0.0,0.7205786236346041,False,,1715.0644778063115,1
Mahihkan Battery 02-21,ABWI114102906504W400,1,2022-08-01,7,False,exponential,288.00048728786504,0.5198988737582954,0.0,0.9183976473339176,False,,691.7145447313371,1
Mahihkan Battery 02-21,ABWI114102906504W400,3,2024-01-01,9,False,harmonic,170.56847492779613,0.1916673515707944,1.0,0.6104572095413876,False,,948.4531762767905,2
Mahihkan Battery 02-21,ABWI114102906504W400,4,2024-10-01,21,False,harmonic,100.70911755700736,0.0339951152569571,1.0,0.8755090109143491,False,,1617.246226691995,3
Mahihkan Battery 02-21,ABWI114120306604W400,1,2023-06-01,9,False,exponential,664.5648235624371,0.1614739202661114,0.0,0.8823504300790169,False,,3414.80439425668,1
Mahihkan Battery 02-21,ABWI114120306604W400,5,2025-09-01,8,False,harmonic,354.6347454275929,0.1467043212195445,1.0,0.6999725323015221,False,,1975.977202059832,2
Mahihkan Battery 02-21,ABWI114141506504W400,1,2023-07-01,7,False,harmonic,357.12136333690466,0.7699723320701995,1.0,0.9465053145858972,False,,1032.0984756958367,1
Mahihkan Battery 02-21,ABWI117022206504W400,1,2025-06-01,13,False,harmonic,168.8996001658024,0.0765748675562774,1.0,0.8076266695500607,False,,1566.7981209831182,1
Mahihkan Battery 02-21,ABWI117050306604W400,3,2025-07-01,12,False,harmonic,416.2660409044427,0.0491746649001144,1.0,0.523424015882495,False,,4004.3134723549633,1
Mahihkan Battery 02-21,ABWI1S0021506504W400,1,2022-05-01,16,False,harmonic,245.16184861164928,0.2277480375605835,1.0,0.5901583163153021,False,,1753.5791144692978,1
Mahihkan Battery 02-21,ABWI1S0021506504W400,6,2025-03-01,10,False,harmonic,209.16443771873864,0.0669407910381763,1.0,0.5582639549744703,False,,1643.9538073366023,2
Mahihkan Battery 02-21,ABWI1S0022806604W400,1,2022-07-01,9,False,exponential,155.67815043054256,0.4417290205862915,0.0,0.8964050845058932,False,,427.7974195388245,1
Mahihkan Battery 02-21,ABWI1S0032806604W400,2,2024-01-01,16,False,exponential,61.77060196260713,0.1240488869692319,0.0,0.6558018975019566,False,,456.7216097315576,1
Mahihkan Battery 02-21,ABWI1S0041506604W400,2,2023-03-01,13,False,harmonic,280.82147465266,0.0474860708133404,1.0,0.6108123083946753,False,,2897.439643406857,1
Mahihkan Battery 02-21,ABWI1S0041506604W400,3,2024-04-01,6,False,exponential,311.0500311448389,0.1447237246473428,0.0,0.9177231291373328,False,,1339.7706585280655,2
Mahihkan Battery 02-21,ABWI1W0042806504W400,1,2023-08-01,11,False,harmonic,390.2007105256831,0.0663103906983217,1.0,0.612310588214201,False,,3307.126683406495,1
Mahihkan Battery 02-21,ABWI1W0042806504W400,2,2024-07-01,13,False,exponential,326.15643963292325,0.0507697785679733,0.0,0.5870705639913065,False,,3183.337291632197,2
Mahihkan Battery 02-21,ABWI1W0052806504W400,3,2024-08-01,9,False,harmonic,447.1220560877174,1.049959237060082,1.0,0.9920133481705804,False,,1237.1132829210424,1
Mahihkan Battery 02-21,ABWI1W0122806504W400,1,2023-07-01,7,False,harmonic,276.7018810931834,0.9470856742018366,1.0,0.8438091870325525,False,,733.8912171164419,1
Mahihkan Battery 02-21,ABWI1W0122806504W400,4,2025-05-01,14,False,harmonic,281.8718111458793,0.0543268066115575,1.0,0.5137661530729558,False,,2996.5458979576297,2
Nabiye 11-23,ABWI100010106603W400,5,2025-02-01,6,False,exponential,1252.1451442165508,0.1919565341009064,0.0,0.8362385401021667,False,,4903.082258604586,1
Nabiye 11-23,ABWI100010106603W400,6,2025-08-01,6,False,exponential,764.0230314767127,0.3592850441572732,0.0,0.9174364866130116,False,,2238.164157097913,2
Nabiye 11-23,ABWI100012506603W400,1,2023-01-01,11,False,exponential,283.63446200410795,0.0921118094730557,0.0,0.6483068678909909,False,,2053.057382968463,1
Nabiye 11-23,ABWI100012506603W400,2,2023-12-01,7,False,harmonic,210.2322115304078,1.09639797508976,1.0,0.9627047405114578,False,,524.5853367367532,2
Nabiye 11-23,ABWI100012506603W400,4,2024-11-01,6,False,harmonic,63.41862906753441,0.3450794720505169,1.0,0.6375076582067605,False,,229.1622445786739,3
Nabiye 11-23,ABWI100012606603W400,3,2024-03-01,8,False,exponential,1262.7178123078454,0.1290966019383464,0.0,0.8228093035808046,False,,6714.232495926322,1
Nabiye 11-23,ABWI100021306603W400,3,2023-02-01,8,False,exponential,178.63077989123292,0.1624821806359714,0.0,0.8936247045498505,False,,866.455588587941,1
Nabiye 11-23,ABWI100021306603W400,5,2024-03-01,8,False,harmonic,90.379359484266,0.190428735950292,1.0,0.7201657736364768,False,,467.79359678594125,2
Nabiye 11-23,ABWI100021806602W402,1,2023-01-01,10,False,exponential,757.2662195690905,0.1499021904486286,0.0,0.704620520179874,False,,4224.847993326465,1
Nabiye 11-23,ABWI100023006602W400,3,2024-03-01,8,False,exponential,747.785394760573,0.1717083033621225,0.0,0.7950285829392718,False,,3539.6144129071504,1
Nabiye 11-23,ABWI100023606603W400,1,2022-09-01,8,False,harmonic,153.16035732702758,0.3191788289283445,1.0,0.6237629862227834,False,,667.1586946873992,1
Nabiye 11-23,ABWI100023606603W400,5,2025-07-01,6,False,exponential,307.0660249266912,0.3639551397531981,0.0,0.9961905819722406,False,,893.1630638351827,2
Nabiye 11-23,ABWI100032406603W400,3,2023-04-01,8,False,exponential,192.8957951760908,0.2961461997183449,0.0,0.9796802451883166,False,,682.146869186084,1
Nabiye 11-23,ABWI100032406603W400,4,2023-12-01,9,False,exponential,165.23253607408842,0.1884769679014345,0.0,0.6901762590033711,False,,785.5095477110807,2
Nabiye 11-23,ABWI100032406603W400,5,2024-09-01,6,False,harmonic,129.33346221972158,0.678726474122275,1.0,0.9552455958020118,False,,368.08633302447726,3
Nabiye 11-23,ABWI100041306603W402,5,2024-08-01,12,False,harmonic,1204.291971978918,0.2353151452971972,1.0,0.733825265619132,False,,7330.721220868547,1
Nabiye 11-23,ABWI100041306603W402,6,2025-08-01,11,False,harmonic,344.71006617859257,0.1518353848458074,1.0,0.5478974272742942,False,,2341.3092371871885,2
Nabiye 11-23,ABWI100042406603W400,2,2023-02-01,6,False,harmonic,178.74408854667126,0.1714222485520999,1.0,0.5491809122166312,False,,784.764585400886,1
Nabiye 11-23,ABWI100042406603W400,5,2024-11-01,7,False,harmonic,182.1609523519271,1.978172244407144,1.0,0.9687484979109944,False,,357.66752377166955,2
Nabiye 11-23,ABWI100043606603W400,1,2022-09-01,9,False,harmonic,207.31933026928704,0.423913709782297,1.0,0.551414292906379,False,,857.7146122435356,1
Nabiye 11-23,ABWI100043606603W400,4,2024-05-01,8,False,harmonic,308.6354427936411,0.8935895427401261,1.0,0.6624007839142654,False,,881.1812837824616,2
Nabiye 11-23,ABWI100043606603W400,6,2025-05-01,8,False,harmonic,229.98140098351703,0.1340585711313097,1.0,0.8979481463765473,False,,1311.64809713177,3
Nabiye 11-23,ABWI100051306603W400,4,2024-08-01,12,False,exponential,1677.0491808818413,0.111470426560616,0.0,0.8942334973225335,False,,11726.019473700891,1
Nabiye 11-23,ABWI100051306603W400,5,2025-08-01,8,False,exponential,577.1434517164314,0.1702185103284339,0.0,0.8269477003949257,False,,2742.6106490224856,2
Nabiye 11-23,ABWI100052406603W400,2,2023-04-01,6,False,exponential,284.0579755748476,0.2604467324603847,0.0,0.880250742795124,False,,979.2149518612074,1
Nabiye 11-23,ABWI100052406603W400,4,2024-08-01,8,False,harmonic,283.31925579663937,0.5008366448724764,1.0,0.8964072682119903,False,,1035.6539968911668,2
Nabiye 11-23,ABWI100052406603W400,6,2026-01-01,6,False,harmonic,137.4425126564806,0.3649612463701975,1.0,0.8549744828376605,False,,487.72462956832953,3
Nabiye 11-23,ABWI100052506603W400,1,2022-08-01,11,False,exponential,375.541705611314,0.1773021032390126,0.0,0.9576274273064656,False,,1982.6591413112008,1
Nabiye 11-23,ABWI100052506603W400,4,2024-06-01,14,False,exponential,267.7473076701024,0.2465497894798855,0.0,0.9145021242226816,False,,1186.512374253446,2
Nabiye 11-23,ABWI100053606603W400,2,2023-01-01,11,False,exponential,684.0094051106545,0.2776220115013526,0.0,0.9293889511543684,False,,2688.5078795162103,1
Nabiye 11-23,ABWI100062306603W400,1,2022-07-01,12,False,harmonic,2622.644914285549,0.4413227356739275,1.0,0.7339211533232383,False,,12129.253214786047,1
Nabiye 11-23,ABWI100062306603W400,6,2025-01-01,8,False,exponential,403.55094181235,0.1699343694113052,0.0,0.726101897014674,False,,1919.1272677493914,2
Nabiye 11-23,ABWI100062606603W400,1,2022-08-01,11,False,exponential,1559.290251122012,0.2601188083058295,0.0,0.9651869900143908,False,,6418.565122496682,1
Nabiye 11-23,ABWI100062606603W400,3,2023-12-01,20,False,harmonic,804.9427557962496,0.1656738440939661,1.0,0.7543512558214926,False,,7421.680810183377,2
Nabiye 11-23,ABWI100063606603W400,2,2023-01-01,9,False,exponential,374.939185771572,0.1828852707943185,0.0,0.7781653325700048,False,,1810.7448685470274,1
Nabiye 11-23,ABWI100063606603W400,3,2023-10-01,6,False,exponential,152.93964475004083,0.2334071953017215,0.0,0.7497257500597714,False,,553.5980195609643,2
Nabiye 11-23,ABWI100070106603W400,2,2022-12-01,13,False,harmonic,1248.0093714876527,0.3114081055139717,1.0,0.7489729604034436,False,,7019.78200996189,1
Nabiye 11-23,ABWI100070106603W400,3,2024-01-01,11,False,harmonic,784.7584133797046,0.1336818338485206,1.0,0.5011579266531933,False,,5550.108901698647,2
Nabiye 11-23,ABWI100070106603W400,4,2024-12-01,6,False,harmonic,1371.8197382320325,0.5386836648384047,1.0,0.8450082756832142,False,,4254.39161320037,3
Nabiye 11-23,ABWI100070106603W400,5,2025-06-01,6,False,exponential,912.413179130006,0.2704517886919393,0.0,0.9369067165952404,False,,3090.4801517215424,4
Nabiye 11-23,ABWI100070706602W400,2,2023-01-01,9,False,exponential,825.9571752516143,0.1151231517994125,0.0,0.7852633515826062,False,,4900.337145502174,1
Nabiye 11-23,ABWI100070706602W400,4,2024-02-01,19,False,harmonic,868.3573292343226,0.1651388396219992,1.0,0.7302378083466865,False,,7807.975135032657,2
Nabiye 11-23,ABWI100070706602W400,5,2025-09-01,10,False,exponential,1833.8287661468453,0.1822475185010624,0.0,0.9348389184206088,False,,9228.031180572752,3
Nabiye 11-23,ABWI100071306603W400,2,2023-02-01,8,False,exponential,339.8597892578352,0.3528936627869326,0.0,0.9657861495287448,False,,1075.0559068355346,1
Nabiye 11-23,ABWI100071306603W400,4,2024-05-01,6,False,exponential,265.53835585440146,0.2921405675285929,0.0,0.7848106580978361,False,,866.5383380960691,2
Nabiye 11-23,ABWI100071306603W400,5,2024-11-01,20,False,exponential,138.89730244602237,0.0631536435226114,0.0,0.8155745750175676,False,,1627.747365664031,3
Nabiye 11-23,ABWI100071806602W402,5,2025-08-01,11,False,harmonic,1203.344061764932,0.3802593608565218,1.0,0.8445124285529766,False,,5728.563750405683,1
Nabiye 11-23,ABWI100072506603W400,2,2023-04-01,6,False,harmonic,244.0143316330277,0.5864268033515081,1.0,0.769451912197377,False,,733.5535191948388,1
Nabiye 11-23,ABWI100072506603W400,4,2024-06-01,22,False,harmonic,535.1552599117946,0.3472158270227982,1.0,0.8352210969296013,False,,3575.0907157750216,2
Nabiye 11-23,ABWI100072606603W400,1,2025-11-01,6,False,harmonic,1260.134749379206,0.5825779242865817,1.0,0.6572705805330064,False,,3797.434982254456,1
Nabiye 11-23,ABWI100073506603W400,1,2023-04-01,8,False,exponential,2187.484465429103,0.3391264807544188,0.0,0.8550168707332284,False,,7101.250154372614,1
Nabiye 11-23,ABWI100073606603W400,2,2023-02-01,8,False,exponential,430.1067304092039,0.2017186765828839,0.0,0.8589731245653863,False,,1885.6173153577695,1
Nabiye 11-23,ABWI100073606603W400,3,2023-10-01,6,False,exponential,149.7248915428658,0.2001737565726456,0.0,0.815560446304008,False,,577.0064973639056,2
Nabiye 11-23,ABWI100082506603W400,2,2023-01-01,6,False,harmonic,1157.0090241967594,0.7463072155121384,1.0,0.6651917428964238,False,,3175.8061851697544,1
Nabiye 11-23,ABWI100082506603W400,4,2024-02-01,7,False,harmonic,1559.504985793282,1.3091117290095755,1.0,0.8506175114808843,False,,3615.2536651240143,2
Nabiye 11-23,ABWI100082506603W400,6,2025-01-01,6,False,exponential,1188.3600560101097,0.2668206317385855,0.0,0.8845417116684312,False,,4050.802953482204,3
Nabiye 11-23,ABWI100082606603W400,1,2022-10-01,9,False,exponential,289.96774916231635,0.2123777621146735,0.0,0.9426342941931743,False,,1291.3567088238203,1
Nabiye 11-23,ABWI100082606603W400,6,2025-02-01,6,False,harmonic,105.3508192593948,0.7065164997005513,1.0,0.8754174787782241,False,,295.29352396607874,2
Nabiye 11-23,ABWI100090106603W400,2,2022-12-01,6,False,exponential,1212.266045593242,0.5023747239184265,0.0,0.9717543144527804,False,,2919.0718137984404,1
Nabiye 11-23,ABWI100090106603W400,4,2024-01-01,6,False,exponential,895.9929696024697,0.3492955593312973,0.0,0.9140156703212852,False,,2665.4250183741287,2
Nabiye 11-23,ABWI100090106603W400,6,2024-12-01,12,False,exponential,1483.9887474945451,0.2456713640979309,0.0,0.940894941953634,False,,6455.6108798362675,3
Nabiye 11-23,ABWI100091106603W400,1,2023-03-01,7,False,harmonic,721.9561129880022,1.4268011020868343,1.0,0.9831074260698172,False,,1615.427181137212,1
Nabiye 11-23,ABWI100091106603W400,4,2025-01-01,18,False,exponential,532.1504436880147,0.114851890964604,0.0,0.85477229158778,False,,4283.995756937231,2
Nabiye 11-23,ABWI100091206603W400,2,2022-11-01,6,False,harmonic,131.46088882542844,0.4187929122008402,1.0,0.7572105922965188,False,,445.5501985854186,1
Nabiye 11-23,ABWI100091306603W400,2,2023-02-01,9,False,exponential,290.57633278273585,0.2030308407716632,0.0,0.9596247562734596,False,,1327.025549597326,1
Nabiye 11-23,ABWI100091306603W400,5,2024-10-01,14,False,exponential,168.04846574783016,0.1090706189769025,0.0,0.9160082384542116,False,,1273.0720594442107,2
Nabiye 11-23,ABWI100091406603W400,2,2023-04-01,6,False,exponential,2085.172414820302,0.2931653656885944,0.0,0.8288736961471813,False,,6792.834426454074,1
Nabiye 11-23,ABWI100091406603W400,4,2024-05-01,6,False,exponential,1311.6331421550522,0.3133136795053942,0.0,0.766808749890483,False,,4132.16468373443,2
Nabiye 11-23,ABWI100091406603W400,5,2024-11-01,18,False,exponential,1796.7175015861055,0.1337469727691999,0.0,0.9166171098216008,False,,13059.750467534539,3
Nabiye 11-23,ABWI100092506603W400,1,2022-08-01,7,False,harmonic,1618.5889703969126,0.3019163201668291,1.0,0.5035595844772054,False,,6674.179358110426,1
Nabiye 11-23,ABWI100092506603W400,5,2025-01-01,6,False,exponential,1318.9559332043043,0.4775696563613008,0.0,0.7952960579018211,False,,3275.726411682863,2
Nabiye 11-23,ABWI100092606603W400,1,2022-09-01,7,False,harmonic,426.4859549740279,0.3914128143210583,1.0,0.8466560327804085,False,,1606.1945415202083,1
Nabiye 11-23,ABWI100092606603W400,4,2024-09-01,18,False,harmonic,410.9263569185963,0.4571677818178122,1.0,0.7357137684760955,False,,2195.939113386558,2
Nabiye 11-23,ABWI100100706602W400,3,2024-01-01,11,False,exponential,1481.2229446747417,0.4371377607133741,0.0,0.8710468513042697,False,,4148.724650442786,1
Nabiye 11-23,ABWI100100706602W400,5,2025-09-01,10,False,exponential,1753.525311553818,0.2331729966408387,0.0,0.9291460649821544,False,,7612.190379665887,2
Nabiye 11-23,ABWI100101206603W400,1,2023-01-01,10,False,exponential,198.2363681716194,0.3026018156971419,0.0,0.8914312673242484,False,,722.3874537110297,1
Nabiye 11-23,ABWI100101206603W400,3,2025-01-01,7,False,harmonic,79.29547885171972,0.3805692103622402,1.0,0.6206867524289033,False,,301.68664384997845,2
Nabiye 11-23,ABWI100101306603W400,4,2024-05-01,8,False,exponential,258.9708711352707,0.15522634960926,0.0,0.9078238587178497,False,,1280.8881600305178,1
Nabiye 11-23,ABWI100101306603W400,5,2025-01-01,8,False,exponential,276.28389980568693,0.1544256727563198,0.0,0.8524638634482817,False,,1369.4852496443816,2
Nabiye 11-23,ABWI100101306603W400,6,2025-09-01,10,False,harmonic,129.35270215366074,0.2929206127898156,1.0,0.7504856818080007,False,,655.4400632009774,3
Nabiye 11-23,ABWI100101806602W400,4,2024-10-01,21,False,exponential,1125.800168303804,0.0666301482030084,0.0,0.7955303297212688,False,,13155.187636333216,1
Nabiye 11-23,ABWI100103506603W400,1,2022-09-01,8,False,exponential,2484.266010424112,0.2602919324402944,0.0,0.8049078498751742,False,,9489.013094983897,1
Nabiye 11-23,ABWI100103506603W400,5,2024-09-01,7,False,exponential,759.3981310070253,0.2644137976871123,0.0,0.9193281253426004,False,,2754.962612697903,2
Nabiye 11-23,ABWI100103606603W402,1,2024-06-01,13,False,exponential,558.0742925223273,0.1044470935642711,0.0,0.8816515663333525,False,,4179.62353220268,1
Nabiye 11-23,ABWI100112306603W400,1,2022-07-01,10,False,harmonic,1382.8714431521787,0.4450711072826955,1.0,0.8532417634529414,False,,5882.030925602892,1
Nabiye 11-23,ABWI100112306603W400,4,2024-02-01,13,False,exponential,984.1979185401794,0.1123188301669377,0.0,0.8741681276358251,False,,7112.756505399186,2
Nabiye 11-23,ABWI100112306603W400,6,2026-01-01,6,False,exponential,418.26192711262007,0.151441202518713,0.0,0.8102603533179229,False,,1776.6359097720378,3
Nabiye 11-23,ABWI100112606603W400,1,2022-08-01,11,False,exponential,2064.0925038888013,0.1973048714623891,0.0,0.9524815419178024,False,,10211.693633466795,1
Nabiye 11-23,ABWI100112606603W400,4,2024-06-01,7,False,exponential,1173.1981023789758,0.1140117715774239,0.0,0.6481267693097738,False,,5986.256422804959,2
Nabiye 11-23,ABWI100113106602W400,2,2023-12-01,6,False,harmonic,1256.2852055484552,0.1369614199976114,1.0,0.7805141031941238,False,,5795.103672166821,1
Nabiye 11-23,ABWI100113106602W400,3,2024-06-01,18,False,harmonic,1256.186730930323,0.1627663025718306,1.0,0.9213262559144184,False,,11046.542698447507,2
Nabiye 11-23,ABWI100113106602W400,4,2025-12-01,7,False,harmonic,426.1612195520467,0.4571468504146034,1.0,0.9483669895404392,False,,1515.1720326206528,3
Nabiye 11-23,ABWI100121306603W400,2,2023-06-01,6,False,exponential,131.1065721841617,0.357526222378643,0.0,0.8696215011943973,False,,385.1040462702333,1
Nabiye 11-23,ABWI100121306603W400,6,2025-04-01,11,False,exponential,79.98507311127311,0.1417026884271508,0.0,0.6220239623514129,False,,478.0169418322242,2
Nabiye 11-23,ABWI100122406603W400,1,2022-06-01,11,False,harmonic,675.1910848215907,0.6936643541922719,1.0,0.7876498276746697,False,,2433.291741400114,1
Nabiye 11-23,ABWI100122406603W400,3,2024-01-01,6,False,exponential,270.9814625315151,0.1624378962182546,0.0,0.6288723349722722,False,,1125.3916762781216,2
Nabiye 11-23,ABWI100122406603W400,5,2025-01-01,6,False,harmonic,64.89492717539943,0.1590598002331673,1.0,0.5685218258394444,False,,289.8569861370114,3
Nabiye 11-23,ABWI100132506603W400,1,2022-09-01,10,False,exponential,786.0924332477691,0.2930812687232028,0.0,0.983724479478759,False,,2929.286576355837,1
Nabiye 11-23,ABWI100132506603W400,4,2025-01-01,7,False,exponential,347.02076361978067,0.6188518529420357,0.0,0.9399762676109158,False,,742.1595802537668,2
Nabiye 11-23,ABWI100133006602W400,4,2024-05-01,6,False,harmonic,965.2414434719988,0.2089000946715606,1.0,0.5001150188726812,False,,4035.824597948202,1
Nabiye 11-23,ABWI100133006602W400,5,2024-11-01,9,False,harmonic,866.2388303481448,0.2315870834026836,1.0,0.5718215989662986,False,,4520.501538689346,2
Nabiye 11-23,ABWI100133006602W400,7,2025-12-01,7,False,harmonic,792.8155680681807,0.8757445769740033,1.0,0.979637488556776,False,,2172.419361760758,3
Nabiye 11-23,ABWI100141306603W400,3,2023-05-01,10,False,exponential,307.6923273570215,0.1630969492840602,0.0,0.7403598940215683,False,,1644.3802733982516,1
Nabiye 11-23,ABWI100141306603W400,6,2024-12-01,16,False,exponential,153.93646573171458,0.1449756004640094,0.0,0.7939168635599735,False,,1028.4985678179653,2
Nabiye 11-23,ABWI100142506603W400,2,2023-01-01,9,False,exponential,269.4227281221072,0.2107541849064134,0.0,0.7321328225854649,False,,1205.0711869520728,1
Nabiye 11-23,ABWI100142606603W400,1,2022-05-01,14,False,exponential,839.1455232378855,0.0880812994205147,0.0,0.6948354657899295,False,,7052.696550071359,1
Nabiye 11-23,ABWI100142606603W402,1,2025-12-01,7,False,exponential,3061.7008496044477,0.2011437920675383,0.0,0.9291206306019488,False,,12692.919631481633,1
Nabiye 11-23,ABWI100143606603W400,1,2022-06-01,11,False,exponential,384.3971183213658,0.1092149040706175,0.0,0.9482091715646576,False,,2597.823644390574,1
Nabiye 11-23,ABWI100143606603W400,6,2025-10-01,9,False,exponential,486.8955749280858,0.131985505138126,0.0,0.5233152231343454,False,,2737.2891337817946,2
Nabiye 11-23,ABWI100150706602W400,1,2023-01-01,9,False,exponential,641.1176764994395,0.1609128903280319,0.0,0.8275670305462821,False,,3299.801859214545,1
Nabiye 11-23,ABWI100150706602W400,5,2025-08-01,11,False,harmonic,915.5046900726852,0.2886268752312566,1.0,0.8769200920007764,False,,4901.6624085965095,2
Nabiye 11-23,ABWI100151206603W400,3,2023-03-01,7,False,harmonic,143.8049262288693,1.826235692850664,1.0,0.964354002467335,False,,291.32927879088334,1
Nabiye 11-23,ABWI100151206603W400,4,2023-10-01,7,False,exponential,19.81260666726952,0.3655499165596975,0.0,0.9149643305685672,False,,59.69997003975986,2
Nabiye 11-23,ABWI100151406603W402,1,2023-01-01,11,False,exponential,1203.7766021028106,0.2723327576341238,0.0,0.954274016745725,False,,4796.926315348056,1
Nabiye 11-23,ABWI100151406603W402,4,2025-01-01,7,False,exponential,362.61129702741306,0.133319558854729,0.0,0.6077668089854964,False,,1762.6461484323897,2
Nabiye 11-23,ABWI100152406603W400,1,2022-07-01,10,False,exponential,632.1898331720122,0.375186725444837,0.0,0.9469074175529796,False,,1973.3786487410123,1
Nabiye 11-23,ABWI100152406603W400,2,2023-05-01,6,False,exponential,253.9967100822335,0.2420005309719304,0.0,0.5875484268747049,False,,905.0526768239781,2
Nabiye 11-23,ABWI100152406603W400,4,2024-03-01,7,False,harmonic,243.45190322168463,0.1631983489327786,1.0,0.7819014602118974,False,,1204.0890201265283,3
Nabiye 11-23,ABWI100152406603W400,6,2025-02-01,10,False,harmonic,210.2921350196825,0.3779710045122759,1.0,0.8827468029607297,False,,959.7683409199186,4
Nabiye 11-23,ABWI100152506603W400,2,2023-04-01,11,False,harmonic,441.80512953754754,0.578085419290518,1.0,0.8342389825383119,False,,1736.5409279297253,1
Nabiye 11-23,ABWI100152606603W400,2,2023-04-01,6,False,exponential,1311.9035368212235,0.4016920900891921,0.0,0.9990165823242289,False,,3609.566890728481,1
Nabiye 11-23,ABWI100152606603W400,4,2024-07-01,15,False,harmonic,2698.0086790811847,0.4629298586685966,1.0,0.7457573918630809,False,,13357.828556430175,2
Nabiye 11-23,ABWI100152606603W400,5,2025-10-01,9,False,harmonic,3563.1441617075284,0.3012297111021026,1.0,0.74262423050975,False,,16894.830532147378,3
Nabiye 11-23,ABWI100153506603W400,1,2022-07-01,11,False,exponential,2046.550572487214,0.113821415223311,0.0,0.8053046224971854,False,,13583.936245496297,1
Nabiye 11-23,ABWI100153506603W400,5,2024-09-01,7,False,exponential,2052.478612091436,0.2978095943514572,0.0,0.9322834403875428,False,,6978.081823974543,2
Nabiye 11-23,ABWI100161106603W400,1,2023-02-01,6,False,harmonic,770.1994614684689,1.0076999088092338,1.0,0.7960005660922517,False,,1881.3335323129158,1
Nabiye 11-23,ABWI100161106603W400,6,2026-01-01,6,False,exponential,323.36693075766635,0.1207303157247435,0.0,0.9817288650541058,False,,1465.3992546968716,2
Nabiye 11-23,ABWI100161306603W400,2,2023-03-01,12,False,harmonic,1596.0372212451682,0.3136384836752379,1.0,0.8949842725992766,False,,8613.651351309349,1
Nabiye 11-23,ABWI100161306603W400,6,2025-04-01,15,False,exponential,1001.5965085149224,0.1639360798725675,0.0,0.7441712703651553,False,,6057.67534162796,2
Nabiye 11-23,ABWI100161406603W400,4,2023-12-01,7,False,harmonic,149.0329979094273,0.2897208887507407,1.0,0.8121723952401461,False,,622.9997401413295,1
Nabiye 11-23,ABWI100161406603W400,7,2025-05-01,9,False,exponential,111.76984060883034,0.2419213050092297,0.0,0.8138675387859446,False,,461.1876476385794,2
Nabiye 11-23,ABWI100162306603W400,2,2024-03-01,11,False,harmonic,1330.1885013078745,0.3038205435647372,1.0,0.9011066097469482,False,,6972.210186560958,1
Nabiye 11-23,ABWI100162406603W400,1,2022-05-01,8,False,exponential,733.1727582053699,0.2233506711373574,0.0,0.8438241540857422,False,,3049.326097848559,1
Nabiye 11-23,ABWI100162406603W400,3,2023-12-01,13,False,exponential,268.0540114317691,0.1248690697254759,0.0,0.6566735248793509,False,,1833.083145673786,2
Nabiye 11-23,ABWI100162406603W400,4,2025-01-01,9,False,harmonic,182.90623351891523,0.8147720148507039,1.0,0.9707737010550472,False,,568.0243024751685,3
Nabiye 11-23,ABWI100162506603W400,1,2022-09-01,10,False,exponential,2154.197488469544,0.3026009603268863,0.0,0.9474580287892066,False,,7850.064753710529,1
Nabiye 11-23,ABWI100162506603W400,5,2024-10-01,8,False,exponential,1070.3729470248406,0.2179578665254943,0.0,0.8138349960693428,False,,4509.724826494332,2
Nabiye 11-23,ABWI100162506603W400,7,2026-01-01,6,False,harmonic,865.7064809090671,0.3270102933764715,1.0,0.7178495901093478,False,,3182.0909949174575,3
Nabiye 11-23,ABWI100162606603W400,1,2022-08-01,11,False,harmonic,411.41332501394,0.2816370741194517,1.0,0.9634090578120952,False,,2224.9662995953545,1
Nabiye 11-23,ABWI100162606603W400,4,2025-02-01,12,False,harmonic,312.3423379641333,1.9031828175505925,1.0,0.5828627739113443,False,,710.7020371509738,2
Nabiye 11-23,ABWI102010106603W400,2,2023-01-01,12,False,harmonic,1109.4223133180683,0.3331325686330225,1.0,0.5513220532150249,False,,5831.218254309203,1
Nabiye 11-23,ABWI102010106603W400,5,2025-02-01,12,False,exponential,1047.898337331077,0.1722169850010635,0.0,0.773151198517106,False,,5785.071785767921,2
Nabiye 11-23,ABWI102011106603W400,1,2022-09-01,14,False,harmonic,147.57551120982168,1.4012564459651091,1.0,0.698823743453139,False,,404.03109522453684,1
Nabiye 11-23,ABWI102011106603W400,5,2025-08-01,6,False,harmonic,109.26922800128152,1.1327470986934365,1.0,0.8268181140085771,False,,254.96229390550053,2
Nabiye 11-23,ABWI102011206603W400,1,2023-03-01,8,False,harmonic,847.7599374632143,0.853983540868919,1.0,0.8193763156146391,False,,2468.8620115144204,1
Nabiye 11-23,ABWI102011206603W400,4,2025-03-01,9,False,exponential,596.7902334089459,0.1686182704625281,0.0,0.8108796179073293,False,,3002.8410513017734,2
Nabiye 11-23,ABWI102011206603W400,5,2025-12-01,7,False,exponential,294.4466194997615,0.1556792730563108,0.0,0.8886365690708309,False,,1355.54880402687,3
Nabiye 11-23,ABWI102012306603W400,1,2022-05-01,8,False,exponential,244.66039885031515,0.1241290394355168,0.0,0.7790951766173198,False,,1319.4558555555866,1
Nabiye 11-23,ABWI102012306603W400,3,2023-06-01,6,False,harmonic,151.31649560888806,1.0950280386411764,1.0,0.9106773880398996,False,,357.7831454160037,2
Nabiye 11-23,ABWI102012306603W400,4,2023-12-01,10,False,harmonic,154.17283607967843,0.7584578787250458,1.0,0.7171847473473209,False,,514.2887363418951,3
Nabiye 11-23,ABWI102012406603W400,4,2024-09-01,9,False,harmonic,853.7875467034071,0.5619752979366345,1.0,0.853309170544679,False,,3130.915057307247,1
Nabiye 11-23,ABWI102021306603W400,2,2023-02-01,9,False,exponential,194.89006520550768,0.237567827343626,0.0,0.813225798876266,False,,813.0128865515491,1
Nabiye 11-23,ABWI102021306603W400,6,2025-03-01,16,False,hyperbolic,120.77451802025426,0.7063032059001647,1.9311208185117108,0.905185458971631,False,,701.0082707707365,2
Nabiye 11-23,ABWI102021806602W400,4,2024-09-01,7,False,harmonic,1335.615562354385,0.4285701358347756,1.0,0.8552135693671388,False,,4865.0711742447065,1
Nabiye 11-23,ABWI102021806602W400,6,2025-09-01,10,False,harmonic,602.5838814767676,0.2106806929680362,1.0,0.6889501171885755,False,,3456.034488197105,2
Nabiye 11-23,ABWI102023006602W400,3,2023-11-01,15,False,exponential,1025.1947938431886,0.0807075883522021,0.0,0.6501692893840243,False,,9281.707058382379,1
Nabiye 11-23,ABWI102023506603W400,2,2023-04-01,7,False,harmonic,290.2917640480602,0.2052731779615962,1.0,0.7336888732016111,False,,1349.3428460184568,1
Nabiye 11-23,ABWI102023506603W402,1,2025-08-01,8,False,harmonic,1573.58881014638,0.332488427580886,1.0,0.6867869538353634,False,,6752.171834370863,1
Nabiye 11-23,ABWI102023606603W400,3,2023-05-01,8,False,exponential,274.05690128676247,1.103955342420612,0.0,0.9980241323071376,False,,409.9330910314905,1
Nabiye 11-23,ABWI102023606603W400,6,2024-10-01,7,False,exponential,659.3254395808143,0.2567309226784142,0.0,0.8751439158843212,False,,2429.1849763731348,2
Nabiye 11-23,ABWI102031206603W400,2,2023-03-01,10,False,exponential,41.75966378535301,0.1587810581200366,0.0,0.6308499725431062,False,,226.30325077009974,1
Nabiye 11-23,ABWI102032306603W400,2,2022-12-01,15,False,exponential,738.4357035735316,0.0891267960731158,0.0,0.6849586842582174,False,,6385.327628852644,1
Nabiye 11-23,ABWI102032306603W400,4,2024-12-01,9,False,exponential,593.4065597885211,0.5669723176712574,0.0,0.8489488431730446,False,,1362.877829999548,2
Nabiye 11-23,ABWI102032406603W400,3,2023-03-01,9,False,exponential,243.50284374991892,0.2097836494130109,0.0,0.9619236708982531,False,,1091.9696249421693,1
Nabiye 11-23,ABWI102032406603W400,4,2023-12-01,8,False,exponential,167.7585333105164,0.2243406512391303,0.0,0.7316659783373215,False,,696.076781889758,2
Nabiye 11-23,ABWI102033606603W402,1,2022-08-01,11,False,exponential,269.870834321895,0.0585254549804344,0.0,0.720284108665032,False,,2253.586770426468,1
Nabiye 11-23,ABWI102033606603W402,4,2024-05-01,8,False,harmonic,324.73295078167376,0.2980642359061777,1.0,0.9639907025871104,False,,1449.9833339347233,2
Nabiye 11-23,ABWI102033606603W402,5,2025-01-01,6,False,harmonic,157.75097221713784,0.4939921234205122,1.0,0.6680647775945394,False,,504.72221012603814,3
Nabiye 11-23,ABWI102033606603W402,6,2025-07-01,12,False,harmonic,194.68632006002383,0.0863541147594389,1.0,0.6827135090541592,False,,1653.804670791899,4
Nabiye 11-23,ABWI102041306603W402,1,2023-02-01,8,False,exponential,906.1949464395204,0.1947179118245525,0.0,0.703918039785977,False,,4042.997554952158,1
Nabiye 11-23,ABWI102041306603W402,4,2025-05-01,10,False,harmonic,654.145646879617,0.1783650935941135,1.0,0.6852076385282301,False,,3972.6175980850808,2
Nabiye 11-23,ABWI102042406603W400,2,2023-03-01,9,False,exponential,223.13987782676068,0.1997440110048128,0.0,0.9399317614105832,False,,1028.2249175430836,1
Nabiye 11-23,ABWI102042406603W400,3,2023-12-01,11,False,exponential,168.0115248831166,0.1747932888826775,0.0,0.7886315990177961,False,,894.4779494859491,2
Nabiye 11-23,ABWI102043106602W400,2,2023-01-01,6,False,exponential,1275.967434049584,0.0986306786543206,0.0,0.6893786510917068,False,,6068.016619203478,1
Nabiye 11-23,ABWI102043106602W400,5,2024-05-01,8,False,harmonic,779.8042941182265,0.5146431153944088,1.0,0.6233859040387961,False,,2818.842945614332,2
Nabiye 11-23,ABWI102043106602W400,8,2026-01-01,6,False,exponential,1068.7381481257803,0.1547418809785412,0.0,0.6683478697380341,False,,4508.880703079633,3
Nabiye 11-23,ABWI102043606603W400,2,2023-02-01,9,False,harmonic,304.42228174541265,1.06209308383838,1.0,0.6513883082339904,False,,837.8922573684823,1
Nabiye 11-23,ABWI102043606603W400,4,2024-06-01,17,False,harmonic,1063.2831138783326,0.3326161908679623,1.0,0.8755183407599119,False,,6538.968546078006,2
Nabiye 11-23,ABWI102051906602W400,5,2025-03-01,16,False,harmonic,338.8757347286743,0.1364478589664803,1.0,0.5889125877270511,False,,2995.323460669278,1
Nabiye 11-23,ABWI102052406603W400,2,2023-05-01,7,False,harmonic,278.049555499159,0.6165669794563917,1.0,0.785197635093574,False,,879.6169000082065,1
Nabiye 11-23,ABWI102052406603W400,3,2023-12-01,10,False,harmonic,259.4712821102366,0.3697680066298222,1.0,0.6494623138660287,False,,1195.248303009388,2
Nabiye 11-23,ABWI102052406603W400,4,2024-10-01,10,False,harmonic,167.7516134033047,0.3283145142937972,1.0,0.6197431955073267,False,,811.8550212200214,3
Nabiye 11-23,ABWI102052506603W400,1,2022-09-01,10,False,harmonic,422.3873804556417,0.5096751677708937,1.0,0.9054245454649332,False,,1691.7484245315359,1
Nabiye 11-23,ABWI102052506603W400,4,2024-06-01,9,False,exponential,268.597072126398,0.3641360597548124,0.0,0.9800989426971608,False,,846.8522582455214,2
Nabiye 11-23,ABWI102062306603W400,1,2022-09-01,8,False,harmonic,2761.562910373929,0.5915956501261106,1.0,0.7629133817430924,False,,9419.004738029853,1
Nabiye 11-23,ABWI102062306603W400,4,2024-06-01,7,False,exponential,2375.990603347275,0.3106874522058364,0.0,0.7366670341007852,False,,7885.984481742742,2
Nabiye 11-23,ABWI102062406603W400,3,2023-10-01,6,False,exponential,110.29065700192189,0.1756840287033171,0.0,0.62166128174568,False,,445.9732373100295,1
Nabiye 11-23,ABWI102062406603W400,4,2024-04-01,8,False,exponential,82.380849073881,0.6199892461623125,0.0,0.9392246104598516,False,,177.04384336871044,2
Nabiye 11-23,ABWI102063106602W400,4,2023-10-01,6,False,exponential,603.2808693732053,0.1884110985201725,0.0,0.654423445625042,False,,2378.7447131417734,1
Nabiye 11-23,ABWI102063606603W400,2,2023-03-01,8,False,exponential,585.4933502609562,0.2573304557335457,0.0,0.8334723734469303,False,,2251.1995866370057,1
Nabiye 11-23,ABWI102063606603W400,7,2025-12-01,7,False,exponential,787.1381800579113,0.2289748882219539,0.0,0.7471078645064904,False,,3071.885293317944,2
Nabiye 11-23,ABWI102070106603W400,2,2022-12-01,9,False,exponential,1309.8127436525133,0.289200722945413,0.0,0.8974599218400241,False,,4829.218656665498,1
Nabiye 11-23,ABWI102070106603W400,4,2024-01-01,12,False,harmonic,814.2866987138549,0.1879586314338717,1.0,0.6737844376066189,False,,5407.163740526588,2
Nabiye 11-23,ABWI102070106603W400,5,2025-01-01,18,False,harmonic,1010.7943303104024,0.258115424005832,1.0,0.8220532911084515,False,,7215.343254975921,3
Nabiye 11-23,ABWI102071306603W400,4,2025-09-01,10,False,harmonic,153.56100567802144,0.2715647034334351,1.0,0.8218466717423383,False,,801.5211082622311,1
Nabiye 11-23,ABWI102071806602W400,1,2023-03-01,7,False,exponential,1759.0824959512197,0.208117223260782,0.0,0.8639482869411518,False,,7181.180221663252,1
Nabiye 11-23,ABWI102071806602W400,4,2025-05-01,14,False,exponential,1384.1410806319047,0.1525029558563757,0.0,0.7693633941458987,False,,8628.741633984579,2
Nabiye 11-23,ABWI102080106603W400,4,2025-03-01,9,False,harmonic,1236.022184547143,1.2294187004665835,1.0,0.9683310559470194,False,,3183.5450108753867,1
Nabiye 11-23,ABWI102082506603W400,2,2023-04-01,8,False,exponential,292.66685159204746,0.2415580611788785,0.0,0.8539831159134074,False,,1166.3330921182016,1
Nabiye 11-23,ABWI102082506603W400,3,2023-12-01,7,False,harmonic,163.94642161989862,0.1602620368665599,1.0,0.5004277531670871,False,,814.613637298657,2
Nabiye 11-23,ABWI102082506603W400,4,2024-07-01,6,False,harmonic,217.30711431512597,0.7911342944621074,1.0,0.6252065463299115,False,,583.2327617713846,3
Nabiye 11-23,ABWI102082606603W400,1,2022-08-01,8,False,harmonic,2402.261225819966,0.4861752937384142,1.0,0.7662122214558644,False,,8888.580685591365,1
Nabiye 11-23,ABWI102082606603W400,4,2024-07-01,6,False,harmonic,2241.7503542118225,0.4151798996605999,1.0,0.6509225277528742,False,,7620.243397886909,2
Nabiye 11-23,ABWI102090106603W400,2,2022-12-01,7,False,harmonic,978.3045771318224,1.2041902664603548,1.0,0.7811457468255716,False,,2347.7362325542035,1
Nabiye 11-23,ABWI102090106603W400,4,2024-03-01,10,False,harmonic,1015.4301379233124,0.4749488480850065,1.0,0.648900317903017,False,,4197.1180237824165,2
Nabiye 11-23,ABWI102090106603W400,6,2025-06-01,7,False,exponential,262.7796410916592,0.1203718514907944,0.0,0.702710844083221,False,,1319.3786287394296,3
Nabiye 11-23,ABWI102091206603W400,2,2023-03-01,7,False,exponential,143.17287803885358,0.3273242073883893,0.0,0.752205421858754,False,,461.01615965268616,1
Nabiye 11-23,ABWI102091206603W400,4,2024-04-01,6,False,harmonic,62.80747318070826,0.56345019017938,1.0,0.7504243393336405,False,,191.61172634088126,2
Nabiye 11-23,ABWI102091306603W400,2,2023-03-01,8,False,exponential,282.1485204363436,0.2615540006255655,0.0,0.8120384281233907,False,,1074.689421604905,1
Nabiye 11-23,ABWI102091306603W400,6,2025-03-01,16,False,harmonic,173.25935186614862,0.249925730163862,1.0,0.8122795410781593,False,,1188.309199156573,2
Nabiye 11-23,ABWI102092506603W400,1,2022-12-01,7,False,exponential,1382.8830395879522,0.4341979687352696,0.0,0.9405456743826596,False,,3738.3092928297233,1
Nabiye 11-23,ABWI102092506603W400,4,2024-05-01,9,False,harmonic,1885.172436964889,0.4645070280828129,1.0,0.9859779595832264,False,,7505.234470880364,2
Nabiye 11-23,ABWI102092606603W400,1,2022-08-01,11,False,exponential,476.8089840571403,0.1702012141748865,0.0,0.9304070583884184,False,,2578.090850255789,1
Nabiye 11-23,ABWI102092606603W400,3,2024-01-01,8,False,harmonic,206.15798386685185,0.1441032428833928,1.0,0.565015191592785,False,,1154.1129616074204,2
Nabiye 11-23,ABWI102100706602W402,2,2023-03-01,8,False,exponential,812.3775855132873,0.3595298986682232,0.0,0.8405439038277607,False,,2538.4578131211383,1
Nabiye 11-23,ABWI102100706602W402,4,2024-04-01,6,False,harmonic,311.3393912636539,0.6171423825517806,1.0,0.7625960410267638,False,,918.3595194984729,2
Nabiye 11-23,ABWI102100706602W402,6,2025-07-01,12,False,exponential,282.7116623459071,0.0732573421166433,0.0,0.9195772532648824,False,,2340.6645321500805,3
Nabiye 11-23,ABWI102101206603W400,2,2022-11-01,6,False,exponential,171.12108142442145,0.3092207882044361,0.0,0.7427153787916914,False,,542.7350393911287,1
Nabiye 11-23,ABWI102101206603W400,6,2025-01-01,7,False,harmonic,61.8785187375416,0.2526602481716216,1.0,0.937810440755037,False,,270.29121952235965,2
Nabiye 11-23,ABWI102101306603W400,2,2023-03-01,8,False,exponential,345.12927233857977,0.3066590148813834,0.0,0.8884221284593198,False,,1194.4184068448958,1
Nabiye 11-23,ABWI102101306603W400,7,2025-08-01,11,False,exponential,156.55016768417826,0.1611462514035631,0.0,0.7983381965000483,False,,873.1564088656584,2
Nabiye 11-23,ABWI102103506603W402,1,2024-02-01,9,False,harmonic,3584.041196861158,0.956901607788332,1.0,0.7296283334284248,False,,10344.787435615757,1
Nabiye 11-23,ABWI102103506603W402,4,2025-10-01,7,False,harmonic,3152.4022293421885,0.5252847375066287,1.0,0.8336820653326024,False,,10625.44303638905,2
Nabiye 11-23,ABWI102103606603W400,5,2025-04-01,9,False,exponential,448.3591506468677,0.2484199907908363,0.0,0.7878963761648632,False,,1820.3835874838335,1
Nabiye 11-23,ABWI102111106603W400,1,2023-03-01,8,False,exponential,991.639856553256,0.3090356303515096,0.0,0.9201239916088516,False,,3415.344494627315,1
Nabiye 11-23,ABWI102111106603W400,5,2025-03-01,13,False,harmonic,878.2618641168284,0.1685539213307482,1.0,0.7907056140567648,False,,6358.94526485358,2
Nabiye 11-23,ABWI102111206603W400,1,2023-02-01,11,False,harmonic,205.1963345150701,1.609591391675132,1.0,0.794939202144254,False,,493.95189262446263,1
Nabiye 11-23,ABWI102111206603W400,5,2025-11-01,8,False,harmonic,148.5970008522701,0.3567975148828218,1.0,0.8296305681911196,False,,621.0014060771064,2
Nabiye 11-23,ABWI102112306603W400,1,2022-07-01,10,False,harmonic,2494.932215672965,0.2875456658827987,1.0,0.6994387219174489,False,,12734.843477443617,1
Nabiye 11-23,ABWI102112406603W400,3,2024-01-01,14,False,harmonic,284.89132090688094,0.3157806447470159,1.0,0.8763995546818186,False,,1648.2661367221467,1
Nabiye 11-23,ABWI102112606603W400,2,2022-12-01,7,False,harmonic,570.6695473012697,0.3567944181662797,1.0,0.7015883302680198,False,,2221.729555800358,1
Nabiye 11-23,ABWI102112606603W400,4,2023-11-01,12,False,harmonic,795.2668216381547,0.1661148623597949,1.0,0.6297497933431997,False,,5523.5205699142025,2
Nabiye 11-23,ABWI102121306603W400,4,2024-02-01,6,False,harmonic,314.3673559387776,1.0472625979929526,1.0,0.9801342118183708,False,,756.403932262497,1
Nabiye 11-23,ABWI102122406603W400,4,2024-01-01,12,False,exponential,354.83762391464126,0.1043571791999027,0.0,0.6204131824755175,False,,2557.173872748151,1
Nabiye 11-23,ABWI102122506603W400,1,2022-07-01,12,False,hyperbolic,841.8310034812588,1.00476477162426,1.512884740649368,0.976409646223918,False,,3241.8069016722293,1
Nabiye 11-23,ABWI102122506603W400,3,2024-04-01,24,False,harmonic,241.78014331373544,0.139678959657129,1.0,0.6408503186869765,False,,2641.5180729824438,2
Nabiye 11-23,ABWI102132506603W400,1,2022-09-01,10,False,exponential,464.32342949989743,0.2271715807856348,0.0,0.9843523299746176,False,,2049.2260413341196,1
Nabiye 11-23,ABWI102140206603W400,1,2022-09-01,6,False,harmonic,770.6643568954157,0.7411813468701615,1.0,0.5750475396819139,False,,2120.94960206169,1
Nabiye 11-23,ABWI102140206603W400,2,2023-03-01,7,False,exponential,412.0938425631711,0.4443374922846453,0.0,0.9248773659894226,False,,1097.4762120347916,2
Nabiye 11-23,ABWI102140206603W400,7,2025-08-01,11,False,harmonic,768.3356802090238,0.149113814167541,1.0,0.8913521053740432,False,,5249.425154530804,3
Nabiye 11-23,ABWI102142506603W400,1,2022-09-01,11,False,harmonic,308.58662740418464,0.2945583702126218,1.0,0.5766933318424641,False,,1638.3902780446947,1
Nabiye 11-23,ABWI102142506603W400,4,2024-11-01,6,False,harmonic,388.9238663639927,0.2328928629222437,1.0,0.7281042294545317,False,,1579.7086311781181,2
Nabiye 11-23,ABWI102143106602W400,2,2024-02-01,10,False,harmonic,3342.0758097236558,0.6350207917393298,1.0,0.6046182743178555,False,,12109.291486697697,1
Nabiye 11-23,ABWI102143106602W400,3,2024-12-01,10,False,exponential,2187.311527298109,0.3535199131038397,0.0,0.9926809644459996,False,,7131.0630616114295,2
Nabiye 11-23,ABWI102143606603W400,3,2024-05-01,13,False,exponential,704.3465039890948,0.0941295929778564,0.0,0.6645334256539089,False,,5534.211450919354,1
Nabiye 11-23,ABWI102150706602W400,2,2023-12-01,16,False,hyperbolic,1292.1195414177807,0.5949734168160253,1.724035546227718,0.9344714392463296,False,,7540.998834791528,1
Nabiye 11-23,ABWI102150706602W400,4,2025-09-01,10,False,exponential,2172.493202249314,0.2009950876814077,0.0,0.9643748440670368,False,,10332.56113286678,2
Nabiye 11-23,ABWI102151206603W400,2,2023-02-01,6,False,exponential,189.9687914250898,0.3588196576098644,0.0,0.9702442024936176,False,,556.8991183213138,1
Nabiye 11-23,ABWI102151406603W402,1,2022-10-01,22,False,harmonic,2020.0449822768987,0.3623934325809996,1.0,0.6500934738086672,False,,13187.701770158497,1
Nabiye 11-23,ABWI102151406603W402,3,2024-12-01,6,False,exponential,758.3120918952635,0.3402727679654948,0.0,0.9676451585375178,False,,2287.852084446465,2
Nabiye 11-23,ABWI102151406603W402,4,2025-06-01,7,False,exponential,229.3221001889653,0.3328946639916269,0.0,0.7902025588817061,False,,731.1063065649522,3
Nabiye 11-23,ABWI102151906602W400,1,2022-05-01,11,False,harmonic,2334.0612394747627,0.292669240440466,1.0,0.6701959911947739,False,,12425.29861070812,1
Nabiye 11-23,ABWI102151906602W400,4,2024-04-01,11,False,harmonic,859.0795531085372,0.3365181169838023,1.0,0.5730539521678333,False,,4312.5383001409045,2
Nabiye 11-23,ABWI102151906602W400,5,2025-03-01,7,False,exponential,567.0854876124212,0.1835613672757154,0.0,0.6639068100772012,False,,2445.9860411995533,3
Nabiye 11-23,ABWI102152406603W400,2,2023-04-01,7,False,exponential,289.2439990905557,0.2430198442540076,0.0,0.801319205541253,False,,1096.0396478825578,1
Nabiye 11-23,ABWI102152406603W400,3,2023-11-01,15,False,harmonic,253.86768070653125,0.2716296635097405,1.0,0.6435725967891662,False,,1625.410774969193,2
Nabiye 11-23,ABWI102152406603W400,4,2025-02-01,10,False,harmonic,171.23508145951186,0.7409178234422507,1.0,0.8187299894468587,False,,577.4947152195059,3
Nabiye 11-23,ABWI102153506603W400,4,2024-05-01,6,False,exponential,1462.4464711241778,0.2497778413471265,0.0,0.5931082683363953,False,,5138.284073121262,1
Nabiye 11-23,ABWI102153606603W400,3,2024-05-01,16,False,exponential,745.6444904963594,0.1252112004260727,0.0,0.8151434551238597,False,,5481.14420130687,1
Nabiye 11-23,ABWI102153606603W400,4,2025-09-01,10,False,harmonic,388.662821537826,0.0748101961910751,1.0,0.6766201601437305,False,,2986.537785586143,2
Nabiye 11-23,ABWI102161106603W400,1,2023-01-01,9,False,exponential,706.4822540856998,0.5143832958497305,0.0,0.8802988182379345,False,,1739.6998132139843,1
Nabiye 11-23,ABWI102161106603W400,2,2023-10-01,7,False,exponential,117.11190440705644,0.4562732716724963,0.0,0.8393701765580768,False,,306.5542629056562,2
Nabiye 11-23,ABWI102161106603W400,4,2024-10-01,7,False,harmonic,320.57020987719386,0.3687153997662661,1.0,0.7947124673587569,False,,1233.5581183235593,3
Nabiye 11-23,ABWI102161206603W400,2,2023-01-01,16,False,exponential,202.470190088552,0.3057994968359649,0.0,0.9351723029944538,False,,762.7237945249462,1
Nabiye 11-23,ABWI102161206603W400,4,2024-11-01,6,False,harmonic,59.3924003417297,0.7590803264631788,1.0,0.7491610160257212,False,,161.96380585686626,2
Nabiye 11-23,ABWI102161306603W400,1,2022-07-01,9,False,harmonic,835.1126879116135,0.1811997913129383,1.0,0.8155848741246909,False,,4727.614823272903,1
Nabiye 11-23,ABWI102161306603W400,2,2023-04-01,8,False,exponential,507.09981322685866,0.2152406191233366,0.0,0.9024675923244398,False,,2150.603796431879,2
Nabiye 11-23,ABWI102161306603W400,3,2023-12-01,9,False,exponential,491.54699424715767,0.0967809080359717,0.0,0.656198367812339,False,,3098.529263764175,3
Nabiye 11-23,ABWI102161306603W400,5,2025-03-01,16,False,harmonic,610.3061825809044,0.2860357080649894,1.0,0.5366561877979883,False,,3931.269885765868,4
Nabiye 11-23,ABWI102161406603W400,2,2022-10-01,14,False,exponential,167.3605996479506,0.1372315151627114,0.0,0.7162325351809706,False,,1114.0372471994788,1
Nabiye 11-23,ABWI102161406603W400,4,2024-12-01,15,False,exponential,272.29392991461185,0.1467870789826351,0.0,0.8799664796908833,False,,1773.9046559760911,2
Nabiye 11-23,ABWI102162306603W400,3,2024-03-01,11,False,exponential,797.6699545922619,0.166307817797445,0.0,0.763532116438068,False,,4370.568378462078,1
Nabiye 11-23,ABWI102162406603W400,2,2023-05-01,6,False,exponential,259.7016919725977,0.2728636721341697,0.0,0.7129021918217544,False,,875.9613334585645,1
Nabiye 11-23,ABWI102162406603W400,4,2025-01-01,9,False,exponential,126.56990351296956,0.2819297317571386,0.0,0.9667457758181084,False,,474.4572303143882,2
Nabiye 11-23,ABWI103010106603W400,3,2023-04-01,9,False,harmonic,1061.855639907221,0.6690343799428989,1.0,0.7069814126115939,False,,3604.337902346767,1
Nabiye 11-23,ABWI103010106603W400,6,2025-01-01,13,False,exponential,1103.4846673441932,0.1205686026570861,0.0,0.777722469568766,False,,7688.69348416011,2
Nabiye 11-23,ABWI103011306603W400,5,2024-04-01,6,False,harmonic,66.26244011533666,1.013865916154903,1.0,0.7007183423305665,False,,161.47051172604156,1
Nabiye 11-23,ABWI103011306603W400,7,2025-05-01,10,False,harmonic,66.38412249023658,0.1022525384734535,1.0,0.6528537325439192,False,,474.4819351781542,2
Nabiye 11-23,ABWI103021306603W400,2,2023-03-01,8,False,harmonic,156.05764623131597,0.2743793819307857,1.0,0.5329374369189541,False,,717.4773265360643,1
Nabiye 11-23,ABWI103021306603W400,4,2024-08-01,23,False,harmonic,418.9130602503151,0.2864628828424442,1.0,0.9094015820019457,False,,3155.307842459508,2
Nabiye 11-23,ABWI103022506603W400,3,2023-12-01,15,False,harmonic,410.302958471424,0.1870653376560619,1.0,0.6339217954525196,False,,3088.778145463495,1
Nabiye 11-23,ABWI103022506603W400,4,2025-03-01,12,False,exponential,406.2086663056187,0.2349042110682435,0.0,0.9696916213554913,False,,1824.5145962818153,2
Nabiye 11-23,ABWI103031106603W400,2,2023-12-01,8,False,exponential,640.9233623128786,0.1173317442539027,0.0,0.8602769395784906,False,,3524.7410272473244,1
Nabiye 11-23,ABWI103031106603W400,4,2025-05-01,14,False,exponential,849.0291481553236,0.0809614163384686,0.0,0.8452376545687187,False,,7402.67957364083,2
Nabiye 11-23,ABWI103032006603W400,1,2025-01-01,18,False,harmonic,4583.551920007989,0.0331930974219207,1.0,0.554468340030178,False,,65548.46272716142,1
Nabiye 11-23,ABWI103043106602W400,2,2026-01-01,6,False,harmonic,745.8702779575018,0.8770323456076716,1.0,0.923212720032727,False,,1923.4289041299287,1
Nabiye 11-23,ABWI103052506603W400,1,2022-08-01,11,False,exponential,409.78319163174166,0.1955569256863689,0.0,0.8740225795326325,False,,2038.6025758004757,1
Nabiye 11-23,ABWI103052506603W400,4,2024-06-01,6,False,harmonic,244.84926964183,0.3625952253413032,1.0,0.6367013602137578,False,,870.7112718155839,2
Nabiye 11-23,ABWI103052506603W400,5,2024-12-01,9,False,exponential,167.33185546601098,0.2117115746404977,0.0,0.8822257478977283,False,,746.5288213365471,3
Nabiye 11-23,ABWI103061206603W400,1,2022-11-01,11,False,exponential,624.8091776764152,0.3898932057156541,0.0,0.8843089110109428,False,,1908.6152083253803,1
Nabiye 11-23,ABWI103061206603W400,5,2025-03-01,11,False,harmonic,172.0934820684544,0.3011055121902395,1.0,0.8904459483971671,False,,905.409917382447,2
Nabiye 11-23,ABWI103062406603W400,7,2025-12-01,7,False,exponential,259.27185275631257,0.3370525940219614,0.0,0.8718898868468644,False,,820.5254088969253,1
Nabiye 11-23,ABWI103063106602W402,1,2024-07-01,13,False,harmonic,2648.843777653619,0.7175234621151768,1.0,0.9640785113836516,False,,9965.720140672362,1
Nabiye 11-23,ABWI103063106602W402,2,2025-08-01,7,False,harmonic,520.5057727249157,0.7829782808319686,1.0,0.5552230127743959,False,,1493.9380079674995,2
Nabiye 11-23,ABWI103071306603W400,2,2023-05-01,6,False,exponential,524.1167340221895,0.3350789214125592,0.0,0.9313971825998698,False,,1594.2922066522463,1
Nabiye 11-23,ABWI103071306603W400,5,2024-08-01,7,False,exponential,310.45863815100006,1.1102311906949514,0.0,0.9345225324806516,False,,462.8184938384408,2
Nabiye 11-23,ABWI103071306603W400,7,2025-11-01,6,False,harmonic,122.38874849033346,0.7935792139246682,1.0,0.8152243201104129,False,,328.08933872999484,3
Nabiye 11-23,ABWI103073506603W400,1,2022-10-01,9,False,harmonic,1442.7135801391146,0.2735891729603635,1.0,0.6618312514039131,False,,7091.993819963716,1
Nabiye 11-23,ABWI103073506603W400,3,2024-10-01,6,False,exponential,2320.931159970537,0.2688229964741397,0.0,0.9615273033695132,False,,7883.739740701419,2
Nabiye 11-23,ABWI103081106603W400,2,2023-01-01,11,False,exponential,153.38767766356173,0.1650453731603597,0.0,0.7310768928196398,False,,844.0830077535161,1
Nabiye 11-23,ABWI103081106603W400,5,2025-04-01,10,False,harmonic,93.6252085985048,0.2579602954851219,1.0,0.8219972950549818,False,,498.4230084757194,2
Nabiye 11-23,ABWI103081206603W400,2,2022-12-01,9,False,harmonic,477.3039588511282,1.7390665897687878,1.0,0.6721413221721436,False,,1054.1220175687013,1
Nabiye 11-23,ABWI103081306603W400,2,2023-03-01,7,False,exponential,159.04313586009653,0.1640117057082634,0.0,0.5897228626614369,False,,717.8491772947434,1
Nabiye 11-23,ABWI103081306603W400,5,2024-10-01,7,False,harmonic,160.23444012380187,0.4794225949491082,1.0,0.821272067888151,False,,559.4806947026636,2
Nabiye 11-23,ABWI103081306603W400,6,2025-05-01,7,False,harmonic,81.9466891677049,0.335270206032761,1.0,0.6364726329161532,False,,326.05895905085254,3
Nabiye 11-23,ABWI103082506603W400,2,2023-04-01,6,False,exponential,289.6024669673507,0.2527659741311183,0.0,0.7534308062984356,False,,1012.0733918563405,1
Nabiye 11-23,ABWI103090106603W400,2,2023-02-01,8,False,exponential,556.2754262988952,0.2652628936311005,0.0,0.7936398644063722,False,,2101.519582347148,1
Nabiye 11-23,ABWI103090106603W400,4,2024-02-01,10,False,harmonic,1261.7815968366515,1.5052847405922052,1.0,0.5161840166996778,False,,3055.123807460643,2
Nabiye 11-23,ABWI103090106603W400,5,2024-12-01,11,False,exponential,904.353041747594,0.294246512456604,0.0,0.8712704306317648,False,,3408.371263100175,3
Nabiye 11-23,ABWI103091106603W400,2,2023-04-01,8,False,exponential,144.13373088215104,0.4565443809688175,0.0,0.881601105909478,False,,383.04073686397226,1
Nabiye 11-23,ABWI103091106603W400,6,2025-09-01,10,False,exponential,186.64425701718156,0.2227317231140321,0.0,0.9613939652000104,False,,833.9779994503759,2
Nabiye 11-23,ABWI103092506603W400,2,2024-03-01,8,False,exponential,1251.9791074153563,0.9126448062322268,0.0,0.9727663181492996,False,,2090.3139029726685,1
Nabiye 11-23,ABWI103092506603W400,4,2025-11-01,8,False,exponential,1905.744587596885,0.2481110013446289,0.0,0.9729078281378172,False,,7481.5810122837465,2
Nabiye 11-23,ABWI103103506603W400,5,2025-10-01,9,False,harmonic,1017.6416532738368,0.1317431120429254,1.0,0.9109087660222096,False,,6324.815208082245,1
Nabiye 11-23,ABWI103112406603W400,3,2023-05-01,9,False,harmonic,313.09046984849266,0.4089314265429487,1.0,0.7286669954950065,False,,1314.7737589494575,1
Nabiye 11-23,ABWI103112406603W400,4,2024-02-01,11,False,exponential,248.71007215146847,0.1217619070622549,0.0,0.5852323660358713,False,,1601.0530052016568,2
Nabiye 11-23,ABWI103112406603W400,6,2025-05-01,7,False,harmonic,82.89564725841059,1.3162882943978278,1.0,0.8616115138260031,False,,191.73603183302538,3
Nabiye 11-23,ABWI103112406603W400,7,2025-12-01,7,False,harmonic,134.3807304181084,0.2181284298738043,1.0,0.5127435811416428,False,,613.7348400983518,4
Nabiye 11-23,ABWI103113606603W400,1,2022-09-01,9,False,exponential,634.8954075511522,0.1758400238524713,0.0,0.7418192919797797,False,,3128.4581509614354,1
Nabiye 11-23,ABWI103113606603W400,2,2023-06-01,8,False,harmonic,232.00312970504768,0.308710178610336,1.0,0.6011144639376047,False,,1022.9303464717138,2
Nabiye 11-23,ABWI103113606603W400,5,2025-03-01,9,False,harmonic,534.4397134056593,0.5368099541217376,1.0,0.6928318563861745,False,,1999.4385274576625,3
Nabiye 11-23,ABWI103113606603W400,6,2025-12-01,7,False,exponential,350.4431972264598,0.1795044792637293,0.0,0.5303781146030488,False,,1525.6791309526943,4
Nabiye 11-23,ABWI103121206603W402,1,2022-12-01,6,False,exponential,341.28414926749247,0.5193797373656315,0.0,0.983838342935358,False,,805.10812489967,1
Nabiye 11-23,ABWI103121206603W402,6,2025-01-01,8,False,exponential,118.67586044311768,0.1185282530580317,0.0,0.5835693125020062,False,,650.4018199187027,2
Nabiye 11-23,ABWI103121206603W402,8,2026-01-01,6,False,harmonic,64.29744488462507,0.1577126080992243,1.0,0.799815301058262,False,,287.73690800096205,3
Nabiye 11-23,ABWI103121906602W400,2,2025-05-01,9,False,harmonic,1896.606261561278,0.2572261024412772,1.0,0.845216880380067,False,,9535.608434210737,1
Nabiye 11-23,ABWI103122506603W400,1,2022-07-01,12,False,exponential,540.0532756362112,0.3158576690720368,0.0,0.9063188617621484,False,,1948.9746560734147,1
Nabiye 11-23,ABWI103122506603W400,4,2024-08-01,16,False,exponential,437.53497214385953,0.1757846439439042,0.0,0.8797741518403982,False,,2551.2209718034746,2
Nabiye 11-23,ABWI103131306603W400,2,2022-09-01,10,False,exponential,210.5551856406771,0.2766875658514582,0.0,0.890147006689328,False,,816.3551886833515,1
Nabiye 11-23,ABWI103131306603W400,5,2025-01-01,8,False,harmonic,154.52056576552468,0.1835453433194722,1.0,0.6422898232157948,False,,808.60020227499,2
Nabiye 11-23,ABWI103132506603W400,1,2022-09-01,10,False,exponential,747.0551427040962,0.235159887500109,0.0,0.9560558714859324,False,,3225.507345171631,1
Nabiye 11-23,ABWI103140106603W400,6,2025-10-01,7,False,harmonic,73.3370426614614,0.9935569771378684,1.0,0.8837929374026304,False,,190.66562124810318,1
Nabiye 11-23,ABWI103143106602W400,2,2024-02-01,7,False,harmonic,2141.551213943267,0.2251894700941382,1.0,0.6385713164853883,False,,9689.016525101473,1
Nabiye 11-23,ABWI103143106602W400,4,2025-08-01,11,False,harmonic,1619.9773931425516,0.1410009570314243,1.0,0.7295815831698231,False,,11267.989339077862,2
Nabiye 11-23,ABWI103143606603W400,1,2022-07-01,10,False,exponential,571.4182653553435,0.1092147562053295,0.0,0.5958025105488944,False,,3670.0397485366652,1
Nabiye 11-23,ABWI103143606603W400,4,2024-11-01,12,False,exponential,513.8769895183983,0.1413715612279585,0.0,0.6457823084163592,False,,3183.315728045239,2
Nabiye 11-23,ABWI103143606603W400,5,2025-11-01,8,False,exponential,328.686189357049,0.1220923335602049,0.0,0.5058976743960233,False,,1782.9779556033127,3
Nabiye 11-23,ABWI103151206603W400,2,2023-01-01,14,False,harmonic,197.9846922458586,0.279686938847679,1.0,0.8231013099440028,False,,1210.4825368945467,1
Nabiye 11-23,ABWI103151206603W400,3,2024-03-01,7,False,exponential,105.74212141833073,0.3320588367559046,0.0,0.895947938919494,False,,337.6200969027358,2
Nabiye 11-23,ABWI103152406603W400,1,2022-07-01,9,False,harmonic,425.7235908553026,0.1803163409158153,1.0,0.6181102671556229,False,,2413.7533533156648,1
Nabiye 11-23,ABWI103152406603W400,3,2023-12-01,16,False,harmonic,329.47012756940177,0.1040583158183162,1.0,0.561608745722693,False,,3208.8199603012154,2
Nabiye 11-23,ABWI103152406603W400,4,2025-04-01,11,False,harmonic,194.4238282949136,0.3896060928313327,1.0,0.8767438426398267,False,,915.6959112666984,3
Nabiye 11-23,ABWI103153506603W402,3,2025-11-01,6,False,harmonic,2110.196930006677,0.3613556114071353,1.0,0.9074899085304404,False,,7512.472053158625,1
Nabiye 11-23,ABWI103160206603W400,2,2022-12-01,11,False,exponential,308.06951053851856,0.7034402944680138,0.0,0.8816101825232692,False,,609.6275953989656,1
Nabiye 11-23,ABWI103160206603W400,6,2025-03-01,7,False,harmonic,71.1344758195066,0.2158767245606034,1.0,0.5213209970302994,False,,325.8701068929213,2
Nabiye 11-23,ABWI103160206603W400,7,2025-10-01,7,False,harmonic,72.02888537942587,0.8597479254351481,1.0,0.8918933717734492,False,,198.8853775686169,3
Nabiye 11-23,ABWI103161206603W400,2,2022-11-01,12,False,exponential,179.98170201237423,0.1380016982803164,0.0,0.768332186792085,False,,1129.717264886298,1
Nabiye 11-23,ABWI103162406603W400,1,2022-05-01,11,False,harmonic,314.6108484660828,0.1595085981667222,1.0,0.7516640654826444,False,,2102.3687683663275,1
Nabiye 11-23,ABWI103162406603W400,2,2023-04-01,6,False,exponential,285.91595348152885,0.2103441582827965,0.0,0.7933208971702492,False,,1080.5893145421635,2
Nabiye 11-23,ABWI103162406603W400,4,2024-03-01,13,False,harmonic,125.29347901622592,0.2219307636489234,1.0,0.6611607333675125,False,,814.8678312360959,3
Nabiye 11-23,ABWI103162406603W400,6,2025-12-01,7,False,exponential,70.5447346586048,0.1808876112168275,0.0,0.6351332970809904,False,,306.1468484822521,4
Nabiye 11-23,ABWI104011306603W400,3,2023-03-01,13,False,exponential,155.14882409594043,0.2302066167526104,0.0,0.6869300307029209,False,,716.6625759610472,1
Nabiye 11-23,ABWI104011306603W400,5,2025-02-01,7,False,harmonic,124.75345766503548,0.2007875044386557,1.0,0.6225378130914807,False,,583.5370728299267,2
Nabiye 11-23,ABWI104021306603W400,2,2023-03-01,8,False,harmonic,197.4969392253295,0.3689902776540841,1.0,0.7027998264584427,False,,814.8900851666479,1
Nabiye 11-23,ABWI104022506603W400,1,2022-05-01,8,False,harmonic,259.632074361734,0.2431281003888509,1.0,0.7907321052733988,False,,1243.7977652329068,1
Nabiye 11-23,ABWI104022506603W400,5,2024-04-01,12,False,harmonic,157.39938142442506,0.1552870830787047,1.0,0.820869453107472,False,,1119.334723401727,2
Nabiye 11-23,ABWI104023506603W400,2,2025-05-01,10,False,exponential,2649.9579513763474,0.2940884859610722,0.0,0.9350375234837024,False,,9851.231591025971,1
Nabiye 11-23,ABWI104031106603W400,2,2023-11-01,9,False,harmonic,676.4059926617191,0.1719976426454681,1.0,0.882304313623801,False,,3891.8494795496217,1
Nabiye 11-23,ABWI104031106603W400,4,2025-03-01,10,False,exponential,1253.091788427206,0.1447581038988847,0.0,0.8166038974466484,False,,7111.767630171765,2
Nabiye 11-23,ABWI104032006603W400,1,2025-12-01,7,False,harmonic,7828.150020513331,0.0936045431104403,1.0,0.5244938917325928,False,,43732.737377420715,1
Nabiye 11-23,ABWI104033606603W400,1,2022-09-01,14,False,harmonic,246.607242385284,0.1521863493992087,1.0,0.6999644575093693,False,,1935.997156038123,1
Nabiye 11-23,ABWI104033606603W400,6,2025-08-01,7,False,exponential,807.8827362563716,0.2810113545078198,0.0,0.7872678913606117,False,,2836.508105195735,2
Nabiye 11-23,ABWI104042406603W400,1,2022-05-01,6,False,exponential,233.79686663340624,0.1889777385691937,0.0,0.924145466408326,False,,920.8402593516049,1
Nabiye 11-23,ABWI104042406603W400,4,2024-03-01,7,False,exponential,181.52914753224476,0.415800586174396,0.0,0.86719372041386,False,,504.56248480817675,2
Nabiye 11-23,ABWI104061106603W400,1,2022-09-01,18,False,exponential,882.4677430974881,0.0983843281397506,0.0,0.6893764708387493,False,,7815.329234846679,1
Nabiye 11-23,ABWI104061106603W400,5,2025-08-01,11,False,exponential,678.352498087612,0.1050597762284538,0.0,0.9356462841070028,False,,4660.344981072982,2
Nabiye 11-23,ABWI104061206603W400,7,2025-08-01,11,False,exponential,152.1596699607183,0.1402648094516993,0.0,0.9183163486385332,False,,914.1332035938038,1
Nabiye 11-23,ABWI104062406603W400,2,2023-05-01,6,False,exponential,312.7944522259107,0.3167609651450865,0.0,0.8514372823561822,False,,979.8948615962651,1
Nabiye 11-23,ABWI104063606603W400,2,2022-10-01,9,False,exponential,348.2166898285745,0.1043895535548389,0.0,0.7317252117567432,False,,2139.9730116111123,1
Nabiye 11-23,ABWI104063606603W400,3,2023-07-01,9,False,harmonic,230.23708201452263,0.3059895785531079,1.0,0.5639673742604248,False,,1085.1719081637896,2
Nabiye 11-23,ABWI104071306603W400,2,2023-05-01,6,False,exponential,198.17145788746424,0.1870682728413405,0.0,0.6293328242908955,False,,783.4562392173664,1
Nabiye 11-23,ABWI104071306603W400,4,2024-09-01,12,False,harmonic,586.1838295141965,0.4819379697243389,1.0,0.7260247449453779,False,,2600.982206426881,2
Nabiye 11-23,ABWI104071306603W400,5,2025-09-01,10,False,exponential,372.4012524892351,0.33800184733786,0.0,0.855533932333764,False,,1254.2350396705742,3
Nabiye 11-23,ABWI104073506603W400,1,2024-03-01,9,False,exponential,2317.662407558714,0.9781284008576536,0.0,0.9175188067844124,False,,3713.7289297955685,1
Nabiye 11-23,ABWI104073506603W400,2,2024-12-01,7,False,harmonic,1004.8513829055548,0.5333106254087285,1.0,0.6822889557975567,False,,3366.942971653215,2
Nabiye 11-23,ABWI104081106603W400,4,2023-11-01,9,False,harmonic,115.66246443409136,0.1345677762450432,1.0,0.883441357153014,False,,714.7231611097176,1
Nabiye 11-23,ABWI104081106603W400,6,2025-01-01,18,False,harmonic,214.9133710235708,0.1483551691677649,1.0,0.8892902450056804,False,,1964.3000514620308,2
Nabiye 11-23,ABWI104081206603W400,1,2022-11-01,13,False,exponential,889.2515709946581,0.2441343244921875,0.0,0.8999775734073111,False,,3933.3806241715597,1
Nabiye 11-23,ABWI104081206603W400,4,2025-03-01,16,False,exponential,620.2552362794265,0.1069285422705907,0.0,0.8965157902486354,False,,5011.022116315682,2
Nabiye 11-23,ABWI104081306603W400,4,2024-10-01,13,False,exponential,175.0216463162951,0.0618841839587475,0.0,0.6848619223796334,False,,1611.9783861841888,1
Nabiye 11-23,ABWI104081306603W400,5,2025-11-01,8,False,harmonic,94.65590765360992,0.1179850595537949,1.0,0.799605792816224,False,,556.921981574016,2
Nabiye 11-23,ABWI104082506603W400,1,2024-07-01,12,False,harmonic,1532.0532589489355,0.7592192308832402,1.0,0.890725050371213,False,,5450.350942544015,1
Nabiye 11-23,ABWI104082506603W400,3,2025-11-01,8,False,exponential,1662.193284701494,0.1208958052869439,0.0,0.8655744595042423,False,,9047.707072010298,2
Nabiye 11-23,ABWI104090106603W400,1,2022-08-01,6,False,harmonic,979.377576365511,0.7923300519621064,1.0,0.5579485600183364,False,,2627.029330029929,1
Nabiye 11-23,ABWI104090106603W400,2,2023-02-01,8,False,exponential,626.712813184927,0.3416102218114951,0.0,0.9561578612140018,False,,2024.9052106557806,2
Nabiye 11-23,ABWI104090106603W400,6,2025-06-01,13,False,harmonic,695.3149338591626,0.2003279559426896,1.0,0.601751811285641,False,,4711.948614861569,3
Nabiye 11-23,ABWI104092506603W400,1,2024-03-01,6,False,exponential,2365.1918796465898,0.452131689183778,0.0,0.9492276843137571,False,,6071.152544623078,1
Nabiye 11-23,ABWI104092506603W400,2,2024-09-01,6,False,exponential,1426.9977405809343,0.4113299065663327,0.0,0.8947252778243181,False,,3872.8594840957826,2
Nabiye 11-23,ABWI104092506603W400,4,2025-10-01,9,False,harmonic,1241.8052240422555,1.3957665355851772,1.0,0.9637940101130068,False,,3021.160015668132,3
Nabiye 11-23,ABWI104112406603W400,4,2024-05-01,14,False,harmonic,430.82571835540887,0.7123324562499042,1.0,0.969391756089668,False,,1668.828870605093,1
Nabiye 11-23,ABWI104112406603W400,5,2025-07-01,12,False,harmonic,275.9493591869537,0.455526941212614,1.0,0.7568063924917696,False,,1257.4172769462778,2
Nabiye 11-23,ABWI104121206603W400,1,2022-12-01,6,False,exponential,282.7180693776893,0.3081914918222858,0.0,0.8982031636260931,False,,898.2036935793981,1
Nabiye 11-23,ABWI104121206603W400,5,2025-01-01,9,False,exponential,191.45809020304984,0.2550941621319127,0.0,0.7051947794125883,False,,764.7253083354512,2
Nabiye 11-23,ABWI104122506603W400,1,2022-09-01,7,False,harmonic,673.9547695407995,0.5262697327391715,1.0,0.7303330162599074,False,,2269.963580039764,1
Nabiye 11-23,ABWI104122506603W400,4,2024-11-01,13,False,harmonic,396.2126272745844,0.4405338206971606,1.0,0.5872876167044445,False,,1896.970005867376,2
Nabiye 11-23,ABWI104132506603W400,1,2022-09-01,7,False,harmonic,469.7448065387517,0.3212677849428552,1.0,0.7267692582280789,False,,1896.716155943431,1
Nabiye 11-23,ABWI104132506603W400,2,2023-04-01,7,False,exponential,275.8617692439,0.4420828742751178,0.0,0.924368940187274,False,,737.0954477458463,2
Nabiye 11-23,ABWI104132506603W400,5,2024-11-01,6,False,exponential,426.5882686906891,0.3293622636660447,0.0,0.8326172489902747,False,,1309.482017790237,3
Nabiye 11-23,ABWI104140106603W400,1,2022-10-01,13,False,exponential,344.1430919073517,0.2742817976650998,0.0,0.931634014134275,False,,1394.0650925881384,1
Nabiye 11-23,ABWI104143606603W400,4,2024-11-01,8,False,harmonic,428.58255410891184,0.2541826083376541,1.0,0.832887437309252,False,,2022.779285288495,1
Nabiye 11-23,ABWI104143606603W400,5,2025-07-01,11,False,exponential,271.4488090580956,0.0869942692424496,0.0,0.5642320381366865,False,,2006.7073602610317,2
Nabiye 11-23,ABWI104151206603W400,4,2024-04-01,6,False,harmonic,51.87340236332564,0.7615882052908343,1.0,0.54366577359371,False,,141.28014674635605,1
Nabiye 11-23,ABWI104151206603W400,6,2025-08-01,11,False,harmonic,55.50413450523865,0.1172910870755781,1.0,0.6135638890091388,False,,408.1992170891645,2
Nabiye 11-23,ABWI104151906602W400,1,2023-04-01,7,False,exponential,1032.5726287586856,0.1510973124228246,0.0,0.6292132308599128,False,,4806.1944448492095,1
Nabiye 11-23,ABWI104151906602W400,2,2023-11-01,16,False,exponential,728.9066250562662,0.1216443436776004,0.0,0.8720790574666357,False,,5455.180025819326,2
Nabiye 11-23,ABWI104152406603W400,1,2023-04-01,9,False,exponential,273.1208366852798,0.1954787191052872,0.0,0.8242278695941555,False,,1273.3744699860772,1
Nabiye 11-23,ABWI104152406603W400,2,2024-01-01,8,False,exponential,187.67459225276076,0.1672172877099569,0.0,0.8916980587786518,False,,898.933201136186,2
Nabiye 11-23,ABWI104153606603W400,3,2024-11-01,20,False,exponential,494.4094826026293,0.0689499604150202,0.0,0.7933190178434346,False,,5551.867134696193,1
Nabiye 11-23,ABWI104160206603W400,2,2022-12-01,13,False,exponential,138.67953158349397,0.2569049675050629,0.0,0.9160484322565644,False,,590.4175706514036,1
Nabiye 11-23,ABWI104161206603W400,8,2025-09-01,10,False,harmonic,45.20564276103114,0.1321462726548841,1.0,0.559884529310644,False,,301.376549494163,1
Nabiye 11-23,ABWI104162406603W400,2,2023-04-01,7,False,exponential,270.1271695673593,0.1516033180741514,0.0,0.5535050158591701,False,,1255.7994737867587,1
Nabiye 11-23,ABWI104162406603W400,3,2023-11-01,13,False,exponential,318.2410660625823,0.099029053448671,0.0,0.744431951798453,False,,2443.7819593266427,2
Nabiye 11-23,ABWI104162406603W400,5,2025-04-01,7,False,exponential,189.7173438549108,0.2849212396609658,0.0,0.9124025865154796,False,,661.0788067362892,3
Nabiye 11-23,ABWI105023506603W400,1,2024-08-01,9,False,harmonic,4086.094164800751,1.6495244630541372,1.0,0.6428962627952393,False,,9233.764153431564,1
Nabiye 11-23,ABWI105023506603W400,2,2025-05-01,8,False,harmonic,2289.0599171024846,1.8280773276692304,1.0,0.9875719209983722,False,,4801.3966012358105,2
Nabiye 11-23,ABWI105023506603W400,3,2026-01-01,6,False,exponential,306.6598017879509,0.2100244374364333,0.0,0.9079986539279606,False,,1159.6939071236625,3
Nabiye 11-23,ABWI105033606603W400,1,2022-09-01,15,False,harmonic,433.8115497804092,0.4771169802932274,1.0,0.8428179786681214,False,,2115.290147852262,1
Nabiye 11-23,ABWI105033606603W400,4,2024-10-01,6,False,harmonic,354.23908151512927,0.7375428415153218,1.0,0.8541097351541207,False,,976.7436132688289,2
Nabiye 11-23,ABWI105033606603W400,6,2025-08-01,6,False,harmonic,1218.2682916223753,1.9263736802316456,1.0,0.959212110613689,False,,2319.85970061381,3
Nabiye 11-23,ABWI105041206603W400,1,2022-09-01,11,False,harmonic,172.1155807657431,1.127513018828105,1.0,0.9796127422294684,False,,490.4910207267274,1
Nabiye 11-23,ABWI105041206603W400,5,2025-05-01,14,False,exponential,56.212405088188326,0.0615011492033262,0.0,0.5449401081568876,False,,544.0170783598803,2
Nabiye 11-23,ABWI105051206603W400,1,2022-11-01,12,False,exponential,228.12257295177795,0.3573619346140801,0.0,0.9637407066446348,False,,748.7701035435688,1
Nabiye 11-23,ABWI105051206603W400,3,2024-08-01,10,False,harmonic,126.3532610929422,0.2729447693455534,1.0,0.5102559082339624,False,,658.214615994516,2
Nabiye 11-23,ABWI105051206603W400,4,2025-06-01,8,False,harmonic,17.9394193147828,0.1640427928843057,1.0,0.5245070288218274,False,,96.96008298938055,3
Nabiye 11-23,ABWI105061106603W400,1,2022-11-01,7,False,harmonic,727.4113120097215,1.00046222711135,1.0,0.98055702901286,False,,1885.7102505969817,1
Nabiye 11-23,ABWI105061106603W400,6,2025-08-01,11,False,harmonic,440.7634274814994,0.1136783892046085,1.0,0.8849518845442252,False,,3270.803742559346,2
Nabiye 11-23,ABWI105062406603W400,1,2022-08-01,7,False,exponential,149.02980323900528,0.2364271381775491,0.0,0.7757517181324265,False,,572.5353958963932,1
Nabiye 11-23,ABWI105062406603W400,4,2024-03-01,7,False,harmonic,197.8456175623144,0.4393412455779215,1.0,0.8783991389931278,False,,714.0175430594915,2
Nabiye 11-23,ABWI105062406603W400,5,2024-10-01,7,False,exponential,253.6986563188721,0.3101774816019961,0.0,0.8591403403456354,False,,842.8274023063138,3
Nabiye 11-23,ABWI105073506603W400,1,2025-08-01,11,False,harmonic,2568.587117007057,0.7440782976662849,1.0,0.9502676272430708,False,,8949.7013098899,1
Nabiye 11-23,ABWI105081306603W400,2,2023-05-01,6,False,exponential,247.14585280098305,0.2156579672533942,0.0,0.7185255565578788,False,,924.7009347614359,1
Nabiye 11-23,ABWI105081306603W400,4,2024-08-01,13,False,harmonic,431.67904323424494,0.9853052068060671,1.0,0.7024237960322275,False,,1383.121937114528,2
Nabiye 11-23,ABWI105081306603W400,5,2025-09-01,10,False,exponential,221.34163432599027,0.2206218594141796,0.0,0.8960620127963044,False,,994.8894933620819,3
Nabiye 11-23,ABWI105091206603W402,1,2023-05-01,6,False,exponential,729.1085487951888,0.9536105239441308,0.0,0.9446082920616676,False,,1182.3280742139798,1
Nabiye 11-23,ABWI105091206603W402,4,2025-02-01,13,False,exponential,633.0958303623016,0.1437624890549944,0.0,0.8194102235436156,False,,3998.419192049802,2
Nabiye 11-23,ABWI105110806603W400,1,2025-01-01,18,False,harmonic,8114.323514651637,0.0186174640567695,1.0,0.5859164210334258,False,,126990.38734349392,1
Nabiye 11-23,ABWI105112406603W400,1,2022-08-01,7,False,exponential,303.01045686901426,0.3188097044482949,0.0,0.845048501679655,False,,990.8288427975828,1
Nabiye 11-23,ABWI105112406603W400,4,2024-02-01,12,False,exponential,237.07371618904384,0.1667627820742079,0.0,0.8365347723909342,False,,1334.8095989480694,2
Nabiye 11-23,ABWI105112406603W400,7,2026-01-01,6,False,exponential,145.98353557258304,0.2356097134433059,0.0,0.878333333546094,False,,526.2838483925475,3
Nabiye 11-23,ABWI105122506603W400,1,2022-09-01,10,False,exponential,309.2557297786388,0.1434892456348996,0.0,0.822729021793716,False,,1762.6204495754084,1
Nabiye 11-23,ABWI105122506603W400,4,2024-07-01,16,False,harmonic,340.77089638795525,0.5228775566127802,1.0,0.9331461323193097,False,,1624.4706024170919,2
Nabiye 11-23,ABWI105130106603W400,1,2022-11-01,6,False,exponential,754.2900600330463,0.6600642547629643,0.0,0.8435330518403752,False,,1531.341558522611,1
Nabiye 11-23,ABWI105130106603W400,4,2024-08-01,6,False,harmonic,147.2450110459642,0.777840183936127,1.0,0.8494490184212132,False,,397.78379893512556,2
Nabiye 11-23,ABWI105130106603W400,5,2025-02-01,8,False,exponential,93.74610926803832,0.3254890678127071,0.0,0.8577726336273706,False,,312.46342326798185,3
Nabiye 11-23,ABWI105131306603W400,1,2022-05-01,6,False,harmonic,230.83977390383035,0.9150916992005692,1.0,0.7180720107737708,False,,585.5108011282312,1
Nabiye 11-23,ABWI105131306603W400,4,2024-03-01,6,False,harmonic,145.40057606300394,0.2994553373987743,1.0,0.5209224672446275,False,,549.2041544496449,2
Nabiye 11-23,ABWI105131306603W400,6,2025-04-01,11,False,harmonic,113.67501564745449,0.2038728230313101,1.0,0.5968273575372292,False,,696.9702814161019,3
Nabiye 11-23,ABWI105153606603W400,1,2022-10-01,8,False,harmonic,359.06254829961847,0.277764003557545,1.0,0.7881502884827833,False,,1643.7564537391818,1
Nabiye 11-23,ABWI105160106603W400,1,2022-12-01,13,False,harmonic,768.1534611508051,0.7387361245351342,1.0,0.7055794425248383,False,,2847.8162325011126,1
Nabiye 11-23,ABWI105160106603W400,2,2024-01-01,7,False,harmonic,270.7088786964512,0.0505370511506776,1.0,0.6383750632639233,False,,1658.336854462268,2
Nabiye 11-23,ABWI105160106603W400,4,2025-03-01,9,False,exponential,509.7408099406407,0.2221159170485661,0.0,0.9489952156812688,False,,2212.543714715312,3
Nabiye 11-23,ABWI105161206603W400,3,2023-04-01,6,False,exponential,193.62931436578663,0.3622142380237181,0.0,0.9460318248598169,False,,564.7004012909154,1
Nabiye 11-23,ABWI106011306603W400,1,2022-09-01,7,False,harmonic,156.20827787675833,0.922828490285712,1.0,0.5787897152226809,False,,418.80939174679827,1
Nabiye 11-23,ABWI106011306603W400,2,2023-04-01,7,False,harmonic,193.97634309120687,1.039785060390965,1.0,0.9131485292624444,False,,494.83753155879793,2
Nabiye 11-23,ABWI106011306603W400,4,2024-08-01,23,False,harmonic,386.4887909151993,0.6329800735572926,1.0,0.8736384933430758,False,,1876.2450039067096,3
Nabiye 11-23,ABWI106041206603W400,1,2022-09-01,10,False,exponential,212.85827260064875,0.3736086980506475,0.0,0.9319890219230648,False,,666.4944326596367,1
Nabiye 11-23,ABWI106042406603W400,1,2022-05-01,23,False,harmonic,222.73593266726195,0.0511269060849242,1.0,0.5347903161713043,False,,3447.923469569349,1
Nabiye 11-23,ABWI106042406603W400,3,2024-09-01,11,False,harmonic,76.73573531169092,1.3503713725367503,1.0,0.8691576879650517,False,,200.59516987705751,2
Nabiye 11-23,ABWI106042406603W400,5,2026-01-01,6,False,exponential,60.46287617170514,0.1760647500933071,0.0,0.6490467657251799,False,,244.30297394161556,3
Nabiye 11-23,ABWI106062406603W400,2,2023-04-01,8,False,exponential,273.2203539857272,0.2229534192725012,0.0,0.8506394724276323,False,,1137.4241685506395,1
Nabiye 11-23,ABWI106062406603W400,3,2023-12-01,8,False,harmonic,169.06366418402,0.2404383999721153,1.0,0.7470644232246167,False,,812.915010920023,2
Nabiye 11-23,ABWI106081306603W400,3,2023-03-01,8,False,exponential,328.50526835468884,0.1776939349340883,0.0,0.6541835265444526,False,,1530.847228573191,1
Nabiye 11-23,ABWI106112406603W400,2,2023-05-01,9,False,harmonic,302.8193677373225,0.3130830316028031,1.0,0.6123683789325927,False,,1414.7780711886028,1
Nabiye 11-23,ABWI106122506603W400,3,2024-09-01,11,False,harmonic,200.61685301865344,0.5865853584035239,1.0,0.9224355323973142,False,,783.1206296155,1
Nabiye 11-23,ABWI106130106603W400,1,2022-10-01,10,False,exponential,209.22214977642068,0.2772964459224601,0.0,0.928877024018636,False,,809.9703615770514,1
Nabiye 11-23,ABWI106130106603W400,6,2025-09-01,9,False,exponential,188.68518343033705,0.1762030983737107,0.0,0.8880334459782396,False,,928.7800500454996,2
Nabiye 11-23,ABWI106160106603W402,4,2024-03-01,10,False,harmonic,382.6659690818311,0.1555412599125104,1.0,0.6005287979509282,False,,2428.861866896177,1
Nabiye 11-23,ABWI106160106603W402,5,2025-01-01,6,False,exponential,954.11625259443,0.2610321633521292,0.0,0.8875076473349994,False,,3285.6584235748314,2
Nabiye 11-23,ABWI106160106603W402,6,2025-07-01,7,False,harmonic,580.378813303015,0.6993454787654132,1.0,0.9529048999893208,False,,1744.8028830395385,3
Nabiye 11-23,ABWI107051206603W400,2,2023-02-01,9,False,harmonic,96.64241814224958,0.5282060497798587,1.0,0.7055313505663607,False,,364.1048658970563,1
Nabiye 11-23,ABWI107051206603W400,4,2024-08-01,10,False,harmonic,140.57794014942496,0.5742876822942246,1.0,0.7473686044110879,False,,533.421574589494,2
Nabiye 11-23,ABWI107062406603W400,4,2023-12-01,8,False,exponential,551.9761582777653,0.5417444172654774,0.0,0.8949127304453308,False,,1302.3645982724515,1
Nabiye 11-23,ABWI107062406603W400,6,2025-01-01,7,False,exponential,80.94980883586533,0.1731906068152133,0.0,0.8425132188219572,False,,357.6035249512464,2
Nabiye 11-23,ABWI107062406603W400,8,2025-12-01,7,False,harmonic,120.40717212806211,0.3683580399547002,1.0,0.9372965879672126,False,,463.4886692772605,3
Nabiye 11-23,ABWI107112406603W400,3,2023-12-01,8,False,harmonic,436.0535055157768,0.1675522174831887,1.0,0.7819632884401708,False,,2342.8067667387686,1
Nabiye 11-23,ABWI107112406603W400,5,2025-01-01,7,False,exponential,78.14813206421798,0.2262830179381513,0.0,0.6044157223352233,False,,306.7317337635047,2
Nabiye 11-23,ABWI107122506603W400,1,2022-08-01,8,False,harmonic,638.3495382050588,0.6289177296035319,1.0,0.9142602700925588,False,,2121.572218233532,1
Nabiye 11-23,ABWI107122506603W400,4,2024-09-01,13,False,harmonic,257.73697378328933,0.3742902967822916,1.0,0.8516396080594708,False,,1332.827560790086,2
Nabiye 11-23,ABWI107130106603W400,1,2022-09-01,8,False,exponential,184.2859585077912,0.2001719294990043,0.0,0.8290785621946584,False,,811.038015533935,1
Nabiye 11-23,ABWI107130106603W400,2,2023-05-01,6,False,harmonic,63.02361841074224,0.2862939369738821,1.0,0.5890380791068659,False,,241.29952203010646,2
Nabiye 11-23,ABWI107130106603W400,5,2025-02-01,8,False,exponential,82.85952714667833,0.3381008446235101,0.0,0.8027664338614556,False,,269.515201694641,3
Nabiye 11-23,ABWI107130106603W400,6,2025-10-01,7,False,exponential,107.16880390924118,0.3255433227476661,0.0,0.7710044746252928,False,,346.1895713124452,4
Nabiye 11-23,ABWI108051206603W400,1,2022-11-01,11,False,exponential,237.0036624807156,0.7316185426484771,0.0,0.9338182874298552,False,,456.62246664942194,1
Nabiye 11-23,ABWI108130106603W400,1,2022-11-01,15,False,harmonic,294.62549764119854,1.482602391231057,1.0,0.9533113964264146,False,,797.7263065767614,1
Nabiye 11-23,ABWI110131706603W400,1,2025-03-01,16,False,harmonic,8814.560108592104,0.0434119714431483,1.0,0.8078411070882684,False,,108921.38624542307,1
Nabiye 11-23,ABWI112131706603W400,1,2025-08-01,11,False,exponential,7017.900578257772,0.0414389254955272,0.0,0.7029159905067671,False,,63290.531610056794,1
Nabiye 11-23,ABWI115131706603W400,1,2025-09-01,10,False,harmonic,8393.654525935945,0.0856544083757248,1.0,0.8770360606088523,False,,62609.55004823039,1
Nabiye 11-23,ABWI119120806603W400,1,2025-03-01,16,False,exponential,8158.133073549206,0.0213197944428491,0.0,0.6929392367793351,False,,111779.7418066719,1
Nabiye 11-23,ABWI1W0042406603W400,2,2023-05-01,7,False,exponential,173.92742613776733,0.2560233207101394,0.0,0.8467878303725406,False,,641.7289565119639,1
Nabiye 11-23,ABWI1W0042406603W400,3,2023-12-01,8,False,exponential,129.334369464112,0.2022529589160307,0.0,0.6209532716937493,False,,566.2587944226557,2
Nabiye 11-23,ABWI1W0042406603W400,6,2026-01-01,6,False,harmonic,61.1771833789459,0.3478689741702896,1.0,0.551254169636175,False,,220.4923043732699,3
Nabiye 11-23,ABWI1W0051306603W400,5,2025-01-01,7,False,exponential,1392.1698850804437,0.1344383698930615,0.0,0.7567506246802987,False,,6748.616623771176,1
Nabiye 11-23,ABWI1W0051306603W400,6,2025-08-01,11,False,exponential,696.7383513695497,0.163047014740833,0.0,0.9136036312392336,False,,3860.578482296365,2
